Date,Channel,Spend,Impressions,Clicks,Conversions,Revenue,CAC,ROAS,ConversionRate,CTR,Month,Week
2024-01-01,Email,95.92,78796,3582,241,15090.63,0.4,157.325,6.728,4.546,2024-01,2024-01-01/2024-01-07
2024-01-01,Paid Search,621.07,29483,1176,55,4103.03,11.29,6.606,4.677,3.989,2024-01,2024-01-01/2024-01-07
2024-01-01,SEO,191.11,215332,4980,133,8810.48,1.44,46.102,2.671,2.313,2024-01,2024-01-01/2024-01-07
2024-01-01,Paid Social,789.39,101239,1087,32,2324.51,24.67,2.945,2.944,1.074,2024-01,2024-01-01/2024-01-07
2024-01-02,Paid Search,613.19,27104,864,38,3004.5,16.14,4.9,4.398,3.188,2024-01,2024-01-01/2024-01-07
2024-01-02,Email,88.41,70753,2830,194,11633.09,0.46,131.581,6.855,4.0,2024-01,2024-01-01/2024-01-07
2024-01-02,Paid Social,821.85,101805,1188,31,2246.9,26.51,2.734,2.609,1.167,2024-01,2024-01-01/2024-01-07
2024-01-02,SEO,158.82,187680,4403,126,9377.5,1.26,59.045,2.862,2.346,2024-01,2024-01-01/2024-01-07
2024-01-03,Paid Search,577.1,24786,882,39,2698.06,14.8,4.675,4.422,3.558,2024-01,2024-01-01/2024-01-07
2024-01-03,Email,98.12,85477,3679,233,14795.47,0.42,150.79,6.333,4.304,2024-01,2024-01-01/2024-01-07
2024-01-03,SEO,155.01,179555,3431,100,7043.15,1.55,45.437,2.915,1.911,2024-01,2024-01-01/2024-01-07
2024-01-03,Paid Social,846.42,91292,1067,29,1966.81,29.19,2.324,2.718,1.169,2024-01,2024-01-01/2024-01-07
2024-01-04,SEO,180.92,209508,4031,136,9474.04,1.33,52.366,3.374,1.924,2024-01,2024-01-01/2024-01-07
2024-01-04,Paid Search,639.8,29937,893,46,3443.73,13.91,5.383,5.151,2.983,2024-01,2024-01-01/2024-01-07
2024-01-04,Email,89.52,76726,3361,193,11058.15,0.46,123.527,5.742,4.381,2024-01,2024-01-01/2024-01-07
2024-01-04,Paid Social,953.86,105678,1435,37,2536.55,25.78,2.659,2.578,1.358,2024-01,2024-01-01/2024-01-07
2024-01-05,Paid Search,616.52,25536,960,42,2812.79,14.68,4.562,4.375,3.759,2024-01,2024-01-01/2024-01-07
2024-01-05,SEO,183.13,200295,4502,148,10371.09,1.24,56.632,3.287,2.248,2024-01,2024-01-01/2024-01-07
2024-01-05,Paid Social,897.83,102723,1148,31,2077.26,28.96,2.314,2.7,1.118,2024-01,2024-01-01/2024-01-07
2024-01-05,Email,94.27,83582,3501,250,14834.56,0.38,157.362,7.141,4.189,2024-01,2024-01-01/2024-01-07
2024-01-06,Paid Social,729.73,77504,904,28,1985.9,26.06,2.721,3.097,1.166,2024-01,2024-01-01/2024-01-07
2024-01-06,Email,63.89,49211,2538,145,9015.87,0.44,141.116,5.713,5.157,2024-01,2024-01-01/2024-01-07
2024-01-06,Paid Search,493.83,23223,813,34,2612.12,14.52,5.29,4.182,3.501,2024-01,2024-01-01/2024-01-07
2024-01-06,SEO,127.15,133758,2532,82,6197.58,1.55,48.742,3.239,1.893,2024-01,2024-01-01/2024-01-07
2024-01-07,Paid Search,419.93,20240,760,29,1959.58,14.48,4.666,3.816,3.755,2024-01,2024-01-01/2024-01-07
2024-01-07,Paid Social,684.54,72926,1003,27,1943.39,25.35,2.839,2.692,1.375,2024-01,2024-01-01/2024-01-07
2024-01-07,SEO,153.59,167087,3011,84,6443.92,1.83,41.955,2.79,1.802,2024-01,2024-01-01/2024-01-07
2024-01-07,Email,69.06,57235,2946,205,11788.55,0.34,170.7,6.959,5.147,2024-01,2024-01-01/2024-01-07
2024-01-08,Email,83.76,69496,2751,170,10933.0,0.49,130.528,6.18,3.959,2024-01,2024-01-08/2024-01-14
2024-01-08,Paid Search,675.63,31116,1125,47,3781.67,14.38,5.597,4.178,3.616,2024-01,2024-01-08/2024-01-14
2024-01-08,Paid Social,800.84,87294,973,27,1846.79,29.66,2.306,2.775,1.115,2024-01,2024-01-08/2024-01-14
2024-01-08,SEO,160.56,160835,3258,102,6671.28,1.57,41.55,3.131,2.026,2024-01,2024-01-08/2024-01-14
2024-01-09,Paid Social,1022.7,114454,1514,45,2809.88,22.73,2.748,2.972,1.323,2024-01,2024-01-08/2024-01-14
2024-01-09,Paid Search,554.07,25636,889,37,2595.58,14.97,4.685,4.162,3.468,2024-01,2024-01-08/2024-01-14
2024-01-09,Email,91.48,76435,3446,227,13450.46,0.4,147.032,6.587,4.508,2024-01,2024-01-08/2024-01-14
2024-01-09,SEO,164.73,187094,4180,121,8126.91,1.36,49.335,2.895,2.234,2024-01,2024-01-08/2024-01-14
2024-01-10,Email,88.7,69843,3263,204,13650.39,0.43,153.894,6.252,4.672,2024-01,2024-01-08/2024-01-14
2024-01-10,Paid Social,1022.22,125317,1561,47,3059.68,21.75,2.993,3.011,1.246,2024-01,2024-01-08/2024-01-14
2024-01-10,Paid Search,581.4,25315,778,35,2533.34,16.61,4.357,4.499,3.073,2024-01,2024-01-08/2024-01-14
2024-01-10,SEO,168.05,196692,4035,115,7432.36,1.46,44.227,2.85,2.051,2024-01,2024-01-08/2024-01-14
2024-01-11,Paid Search,744.0,32396,1216,50,3892.51,14.88,5.232,4.112,3.754,2024-01,2024-01-08/2024-01-14
2024-01-11,Email,100.49,88160,4275,312,18691.17,0.32,186.0,7.298,4.849,2024-01,2024-01-08/2024-01-14
2024-01-11,Paid Social,876.65,94803,1167,32,2272.81,27.4,2.593,2.742,1.231,2024-01,2024-01-08/2024-01-14
2024-01-11,SEO,185.02,196206,4716,163,12094.37,1.14,65.368,3.456,2.404,2024-01,2024-01-08/2024-01-14
2024-01-12,Paid Social,921.58,103858,1364,39,2780.6,23.63,3.017,2.859,1.313,2024-01,2024-01-08/2024-01-14
2024-01-12,SEO,194.0,236341,4990,156,11090.47,1.24,57.167,3.126,2.111,2024-01,2024-01-08/2024-01-14
2024-01-12,Email,80.02,62667,2479,167,9514.18,0.48,118.898,6.737,3.956,2024-01,2024-01-08/2024-01-14
2024-01-12,Paid Search,635.55,26234,1013,44,3242.55,14.44,5.102,4.344,3.861,2024-01,2024-01-08/2024-01-14
2024-01-13,Paid Search,463.48,22652,862,44,3309.73,10.53,7.141,5.104,3.805,2024-01,2024-01-08/2024-01-14
2024-01-13,Email,70.22,59099,2420,163,10217.22,0.43,145.503,6.736,4.095,2024-01,2024-01-08/2024-01-14
2024-01-13,Paid Social,664.61,81348,1053,28,1751.42,23.74,2.635,2.659,1.294,2024-01,2024-01-08/2024-01-14
2024-01-13,SEO,126.4,151392,2966,102,7494.21,1.24,59.29,3.439,1.959,2024-01,2024-01-08/2024-01-14
2024-01-14,SEO,150.54,167770,3107,82,5854.05,1.84,38.887,2.639,1.852,2024-01,2024-01-08/2024-01-14
2024-01-14,Email,60.27,55096,2238,148,8404.57,0.41,139.449,6.613,4.062,2024-01,2024-01-08/2024-01-14
2024-01-14,Paid Social,721.09,82640,1023,28,1725.92,25.75,2.393,2.737,1.238,2024-01,2024-01-08/2024-01-14
2024-01-14,Paid Search,517.12,22325,792,32,2485.5,16.16,4.806,4.04,3.548,2024-01,2024-01-08/2024-01-14
2024-01-15,Paid Search,645.41,29272,904,36,2447.16,17.93,3.792,3.982,3.088,2024-01,2024-01-15/2024-01-21
2024-01-15,Email,81.28,73921,3611,267,14739.15,0.3,181.338,7.394,4.885,2024-01,2024-01-15/2024-01-21
2024-01-15,Paid Social,996.1,121099,1312,33,2373.37,30.18,2.383,2.515,1.083,2024-01,2024-01-15/2024-01-21
2024-01-15,SEO,192.58,194834,4666,165,11858.2,1.17,61.575,3.536,2.395,2024-01,2024-01-15/2024-01-21
2024-01-16,SEO,165.99,175633,3248,97,7043.17,1.71,42.431,2.986,1.849,2024-01,2024-01-15/2024-01-21
2024-01-16,Paid Search,557.2,23781,904,46,3155.04,12.11,5.662,5.088,3.801,2024-01,2024-01-15/2024-01-21
2024-01-16,Email,77.65,68198,3123,186,11760.06,0.42,151.45,5.956,4.579,2024-01,2024-01-15/2024-01-21
2024-01-16,Paid Social,1068.6,115396,1431,44,2880.5,24.29,2.696,3.075,1.24,2024-01,2024-01-15/2024-01-21
2024-01-17,Paid Search,726.33,34449,1366,66,5083.67,11.0,6.999,4.832,3.965,2024-01,2024-01-15/2024-01-21
2024-01-17,Email,99.85,80772,3670,253,14505.23,0.39,145.27,6.894,4.544,2024-01,2024-01-15/2024-01-21
2024-01-17,Paid Social,1100.26,127835,1351,41,2982.27,26.84,2.711,3.035,1.057,2024-01,2024-01-15/2024-01-21
2024-01-17,SEO,200.88,214583,3971,137,10050.41,1.47,50.032,3.45,1.851,2024-01,2024-01-15/2024-01-21
2024-01-18,Paid Social,847.47,101253,1159,35,2569.69,24.21,3.032,3.02,1.145,2024-01,2024-01-15/2024-01-21
2024-01-18,Email,101.5,85506,3687,265,17033.41,0.38,167.817,7.187,4.312,2024-01,2024-01-15/2024-01-21
2024-01-18,SEO,178.67,179783,3329,95,6427.35,1.88,35.973,2.854,1.852,2024-01,2024-01-15/2024-01-21
2024-01-18,Paid Search,605.04,26093,777,35,2771.75,17.29,4.581,4.505,2.978,2024-01,2024-01-15/2024-01-21
2024-01-19,SEO,195.42,213620,4162,138,10375.41,1.42,53.093,3.316,1.948,2024-01,2024-01-15/2024-01-21
2024-01-19,Email,98.82,76650,3599,212,12866.72,0.47,130.204,5.891,4.695,2024-01,2024-01-15/2024-01-21
2024-01-19,Paid Search,599.15,29686,1133,52,3880.4,11.52,6.477,4.59,3.817,2024-01,2024-01-15/2024-01-21
2024-01-19,Paid Social,894.55,101836,1196,35,2502.91,25.56,2.798,2.926,1.174,2024-01,2024-01-15/2024-01-21
2024-01-20,Email,61.95,53234,2246,129,7148.34,0.48,115.389,5.744,4.219,2024-01,2024-01-15/2024-01-21
2024-01-20,SEO,132.84,159580,2874,85,6158.33,1.56,46.359,2.958,1.801,2024-01,2024-01-15/2024-01-21
2024-01-20,Paid Search,517.33,23323,696,32,2548.47,16.17,4.926,4.598,2.984,2024-01,2024-01-15/2024-01-21
2024-01-20,Paid Social,815.25,98777,1185,29,2033.37,28.11,2.494,2.447,1.2,2024-01,2024-01-15/2024-01-21
2024-01-21,Paid Social,688.4,80019,989,24,1696.28,28.68,2.464,2.427,1.236,2024-01,2024-01-15/2024-01-21
2024-01-21,SEO,136.71,144440,2645,84,6138.81,1.63,44.904,3.176,1.831,2024-01,2024-01-15/2024-01-21
2024-01-21,Paid Search,537.37,24473,811,37,2934.14,14.52,5.46,4.562,3.314,2024-01,2024-01-15/2024-01-21
2024-01-21,Email,69.33,54533,2754,203,12395.33,0.34,178.787,7.371,5.05,2024-01,2024-01-15/2024-01-21
2024-01-22,SEO,154.93,167394,4033,143,10104.57,1.08,65.22,3.546,2.409,2024-01,2024-01-22/2024-01-28
2024-01-22,Email,98.01,77360,3210,194,12864.83,0.51,131.26,6.044,4.149,2024-01,2024-01-22/2024-01-28
2024-01-22,Paid Search,651.6,28225,897,45,3575.07,14.48,5.487,5.017,3.178,2024-01,2024-01-22/2024-01-28
2024-01-22,Paid Social,1127.78,121981,1387,41,2908.61,27.51,2.579,2.956,1.137,2024-01,2024-01-22/2024-01-28
2024-01-23,Email,88.61,75424,3019,218,12446.16,0.41,140.46,7.221,4.003,2024-01,2024-01-22/2024-01-28
2024-01-23,Paid Search,663.4,29705,1068,47,3570.62,14.11,5.382,4.401,3.595,2024-01,2024-01-22/2024-01-28
2024-01-23,SEO,180.99,185993,3591,108,7138.59,1.68,39.442,3.008,1.931,2024-01,2024-01-22/2024-01-28
2024-01-23,Paid Social,1080.39,120095,1340,33,2144.38,32.74,1.985,2.463,1.116,2024-01,2024-01-22/2024-01-28
2024-01-24,SEO,170.9,176676,3331,107,7602.34,1.6,44.484,3.212,1.885,2024-01,2024-01-22/2024-01-28
2024-01-24,Paid Search,740.7,33243,1172,45,3643.95,16.46,4.92,3.84,3.526,2024-01,2024-01-22/2024-01-28
2024-01-24,Email,102.01,88140,3457,255,16464.06,0.4,161.397,7.376,3.922,2024-01,2024-01-22/2024-01-28
2024-01-24,Paid Social,1108.95,122973,1599,49,3091.99,22.63,2.788,3.064,1.3,2024-01,2024-01-22/2024-01-28
2024-01-25,Paid Social,969.26,104276,1280,38,2515.44,25.51,2.595,2.969,1.228,2024-01,2024-01-22/2024-01-28
2024-01-25,Email,98.6,78838,3589,234,13801.21,0.42,139.972,6.52,4.552,2024-01,2024-01-22/2024-01-28
2024-01-25,Paid Search,647.94,30347,1085,53,4076.63,12.23,6.292,4.885,3.575,2024-01,2024-01-22/2024-01-28
2024-01-25,SEO,166.91,169971,3482,91,6197.78,1.83,37.132,2.613,2.049,2024-01,2024-01-22/2024-01-28
2024-01-26,Paid Social,1064.58,117573,1281,30,1911.86,35.49,1.796,2.342,1.09,2024-01,2024-01-22/2024-01-28
2024-01-26,SEO,192.33,220018,3985,134,8848.43,1.44,46.006,3.363,1.811,2024-01,2024-01-22/2024-01-28
2024-01-26,Email,100.29,76804,3625,235,12994.98,0.43,129.574,6.483,4.72,2024-01,2024-01-22/2024-01-28
2024-01-26,Paid Search,719.37,34523,1142,49,3845.09,14.68,5.345,4.291,3.308,2024-01,2024-01-22/2024-01-28
2024-01-27,Paid Social,662.5,77618,1030,32,2047.84,20.7,3.091,3.107,1.327,2024-01,2024-01-22/2024-01-28
2024-01-27,Email,75.88,66958,3177,220,14089.72,0.34,185.684,6.925,4.745,2024-01,2024-01-22/2024-01-28
2024-01-27,Paid Search,431.37,20808,724,37,2710.04,11.66,6.282,5.11,3.479,2024-01,2024-01-22/2024-01-28
2024-01-27,SEO,125.94,139943,2790,88,5906.46,1.43,46.899,3.154,1.994,2024-01,2024-01-22/2024-01-28
2024-01-28,Paid Search,507.9,24811,767,34,2292.74,14.94,4.514,4.433,3.091,2024-01,2024-01-22/2024-01-28
2024-01-28,Email,57.79,52677,2427,175,10066.19,0.33,174.186,7.211,4.607,2024-01,2024-01-22/2024-01-28
2024-01-28,Paid Social,782.57,85354,930,22,1451.71,35.57,1.855,2.366,1.09,2024-01,2024-01-22/2024-01-28
2024-01-28,SEO,132.02,152767,3365,92,5975.97,1.44,45.266,2.734,2.203,2024-01,2024-01-22/2024-01-28
2024-01-29,Email,87.25,69057,3551,252,15808.33,0.35,181.184,7.097,5.142,2024-01,2024-01-29/2024-02-04
2024-01-29,Paid Search,736.86,31526,1097,43,3371.44,17.14,4.575,3.92,3.48,2024-01,2024-01-29/2024-02-04
2024-01-29,Paid Social,1023.01,126540,1717,47,3118.14,21.77,3.048,2.737,1.357,2024-01,2024-01-29/2024-02-04
2024-01-29,SEO,199.33,241814,4791,144,10248.44,1.38,51.414,3.006,1.981,2024-01,2024-01-29/2024-02-04
2024-01-30,SEO,180.9,218689,4590,142,9934.41,1.27,54.917,3.094,2.099,2024-01,2024-01-29/2024-02-04
2024-01-30,Paid Search,740.55,32110,1237,62,4697.31,11.94,6.343,5.012,3.852,2024-01,2024-01-29/2024-02-04
2024-01-30,Email,103.76,93831,4706,294,18641.96,0.35,179.664,6.247,5.015,2024-01,2024-01-29/2024-02-04
2024-01-30,Paid Social,910.83,105590,1207,35,2144.77,26.02,2.355,2.9,1.143,2024-01,2024-01-29/2024-02-04
2024-01-31,Paid Social,956.15,102036,1269,37,2360.3,25.84,2.469,2.916,1.244,2024-01,2024-01-29/2024-02-04
2024-01-31,SEO,198.11,233239,4894,141,10653.9,1.41,53.778,2.881,2.098,2024-01,2024-01-29/2024-02-04
2024-01-31,Paid Search,683.68,30358,1047,48,3513.04,14.24,5.138,4.585,3.449,2024-01,2024-01-29/2024-02-04
2024-01-31,Email,102.53,85970,4274,244,13424.11,0.42,130.929,5.709,4.972,2024-01,2024-01-29/2024-02-04
2024-02-01,Paid Social,1065.0,121707,1486,36,2594.04,29.58,2.436,2.423,1.221,2024-02,2024-01-29/2024-02-04
2024-02-01,SEO,199.12,234713,4544,131,9010.56,1.52,45.252,2.883,1.936,2024-02,2024-01-29/2024-02-04
2024-02-01,Paid Search,714.74,34747,1148,50,3684.22,14.29,5.155,4.355,3.304,2024-02,2024-01-29/2024-02-04
2024-02-01,Email,98.93,74485,3039,223,13071.68,0.44,132.131,7.338,4.08,2024-02,2024-01-29/2024-02-04
2024-02-02,SEO,207.82,250302,5779,168,12277.33,1.24,59.077,2.907,2.309,2024-02,2024-01-29/2024-02-04
2024-02-02,Email,94.35,79656,3524,253,16083.33,0.37,170.465,7.179,4.424,2024-02,2024-01-29/2024-02-04
2024-02-02,Paid Search,596.71,28584,1047,48,3329.18,12.43,5.579,4.585,3.663,2024-02,2024-01-29/2024-02-04
2024-02-02,Paid Social,981.09,105362,1428,37,2264.48,26.52,2.308,2.591,1.355,2024-02,2024-01-29/2024-02-04
2024-02-03,Email,71.46,54236,2713,193,10832.47,0.37,151.588,7.114,5.002,2024-02,2024-01-29/2024-02-04
2024-02-03,Paid Search,469.97,22180,776,33,2226.52,14.24,4.738,4.253,3.499,2024-02,2024-01-29/2024-02-04
2024-02-03,Paid Social,721.82,82280,858,23,1664.02,31.38,2.305,2.681,1.043,2024-02,2024-01-29/2024-02-04
2024-02-03,SEO,143.59,154993,3075,83,5525.14,1.73,38.479,2.699,1.984,2024-02,2024-01-29/2024-02-04
2024-02-04,Paid Search,474.22,23465,861,35,2665.39,13.55,5.621,4.065,3.669,2024-02,2024-01-29/2024-02-04
2024-02-04,Paid Social,843.4,96333,1134,34,2205.7,24.81,2.615,2.998,1.177,2024-02,2024-01-29/2024-02-04
2024-02-04,SEO,141.06,159893,3813,124,8838.15,1.14,62.655,3.252,2.385,2024-02,2024-01-29/2024-02-04
2024-02-04,Email,70.74,53759,2428,181,11798.2,0.39,166.783,7.455,4.516,2024-02,2024-01-29/2024-02-04
2024-02-05,Paid Search,720.51,30295,1017,41,3001.75,17.57,4.166,4.031,3.357,2024-02,2024-02-05/2024-02-11
2024-02-05,Paid Social,950.66,118943,1568,43,2753.68,22.11,2.897,2.742,1.318,2024-02,2024-02-05/2024-02-11
2024-02-05,SEO,156.95,162157,2947,93,5862.3,1.69,37.351,3.156,1.817,2024-02,2024-02-05/2024-02-11
2024-02-05,Email,79.82,70239,3423,225,13450.4,0.35,168.509,6.573,4.873,2024-02,2024-02-05/2024-02-11
2024-02-06,SEO,196.86,225146,4646,158,10602.87,1.25,53.86,3.401,2.064,2024-02,2024-02-05/2024-02-11
2024-02-06,Paid Social,1218.99,130736,1489,43,2842.68,28.35,2.332,2.888,1.139,2024-02,2024-02-05/2024-02-11
2024-02-06,Paid Search,624.96,30084,1013,52,3654.44,12.02,5.847,5.133,3.367,2024-02,2024-02-05/2024-02-11
2024-02-06,Email,88.96,67521,3187,224,12515.77,0.4,140.69,7.029,4.72,2024-02,2024-02-05/2024-02-11
2024-02-07,Email,77.57,69784,3259,182,11736.01,0.43,151.296,5.585,4.67,2024-02,2024-02-05/2024-02-11
2024-02-07,Paid Search,593.39,25194,925,43,3426.98,13.8,5.775,4.649,3.672,2024-02,2024-02-05/2024-02-11
2024-02-07,SEO,195.37,196562,3724,125,7996.89,1.56,40.932,3.357,1.895,2024-02,2024-02-05/2024-02-11
2024-02-07,Paid Social,915.86,107906,1479,39,2855.81,23.48,3.118,2.637,1.371,2024-02,2024-02-05/2024-02-11
2024-02-08,SEO,172.25,181013,3814,134,9774.19,1.29,56.744,3.513,2.107,2024-02,2024-02-05/2024-02-11
2024-02-08,Email,97.42,84190,3456,257,14688.51,0.38,150.775,7.436,4.105,2024-02,2024-02-05/2024-02-11
2024-02-08,Paid Social,1164.28,127687,1739,50,3702.91,23.29,3.18,2.875,1.362,2024-02,2024-02-05/2024-02-11
2024-02-08,Paid Search,611.1,26086,891,39,2717.05,15.67,4.446,4.377,3.416,2024-02,2024-02-05/2024-02-11
2024-02-09,Email,88.2,66150,3156,181,11385.92,0.49,129.092,5.735,4.771,2024-02,2024-02-05/2024-02-11
2024-02-09,Paid Search,703.74,30665,1088,52,4012.28,13.53,5.701,4.779,3.548,2024-02,2024-02-05/2024-02-11
2024-02-09,SEO,163.82,185523,3926,127,9642.69,1.29,58.861,3.235,2.116,2024-02,2024-02-05/2024-02-11
2024-02-09,Paid Social,1173.14,130812,1410,42,2762.58,27.93,2.355,2.979,1.078,2024-02,2024-02-05/2024-02-11
2024-02-10,Email,59.72,51796,2297,137,8204.42,0.44,137.381,5.964,4.435,2024-02,2024-02-05/2024-02-11
2024-02-10,SEO,154.02,176449,3641,112,7365.84,1.38,47.824,3.076,2.063,2024-02,2024-02-05/2024-02-11
2024-02-10,Paid Social,748.58,83182,928,28,2050.6,26.74,2.739,3.017,1.116,2024-02,2024-02-05/2024-02-11
2024-02-10,Paid Search,425.81,19895,791,36,2487.47,11.83,5.842,4.551,3.976,2024-02,2024-02-05/2024-02-11
2024-02-11,Email,67.93,60626,2610,192,11356.54,0.35,167.18,7.356,4.305,2024-02,2024-02-05/2024-02-11
2024-02-11,SEO,124.12,136525,3098,109,7405.28,1.14,59.662,3.518,2.269,2024-02,2024-02-05/2024-02-11
2024-02-11,Paid Social,833.66,96049,1228,38,2345.03,21.94,2.813,3.094,1.279,2024-02,2024-02-05/2024-02-11
2024-02-11,Paid Search,495.62,20368,714,30,2020.41,16.52,4.077,4.202,3.505,2024-02,2024-02-05/2024-02-11
2024-02-12,Paid Social,967.85,114413,1577,39,2712.29,24.82,2.802,2.473,1.378,2024-02,2024-02-12/2024-02-18
2024-02-12,Paid Search,611.27,26841,913,40,3205.66,15.28,5.244,4.381,3.402,2024-02,2024-02-12/2024-02-18
2024-02-12,Email,93.0,85213,3329,238,13666.99,0.39,146.957,7.149,3.907,2024-02,2024-02-12/2024-02-18
2024-02-12,SEO,185.96,191415,4448,157,10624.29,1.18,57.132,3.53,2.324,2024-02,2024-02-12/2024-02-18
2024-02-13,Paid Search,703.5,34398,1289,59,4121.65,11.92,5.859,4.577,3.747,2024-02,2024-02-12/2024-02-18
2024-02-13,SEO,196.13,220788,4240,133,9685.7,1.47,49.384,3.137,1.92,2024-02,2024-02-12/2024-02-18
2024-02-13,Paid Social,1233.78,138764,1759,48,3243.2,25.7,2.629,2.729,1.268,2024-02,2024-02-12/2024-02-18
2024-02-13,Email,99.62,91112,4619,306,19413.8,0.33,194.879,6.625,5.07,2024-02,2024-02-12/2024-02-18
2024-02-14,SEO,176.74,195719,4464,141,9235.08,1.25,52.252,3.159,2.281,2024-02,2024-02-12/2024-02-18
2024-02-14,Paid Search,736.0,34970,1256,53,3929.57,13.89,5.339,4.22,3.592,2024-02,2024-02-12/2024-02-18
2024-02-14,Paid Social,991.29,119979,1511,39,2704.25,25.42,2.728,2.581,1.259,2024-02,2024-02-12/2024-02-18
2024-02-14,Email,87.11,78799,3628,223,13674.52,0.39,156.98,6.147,4.604,2024-02,2024-02-12/2024-02-18
2024-02-15,Paid Social,1092.17,133426,1745,52,3788.07,21.0,3.468,2.98,1.308,2024-02,2024-02-12/2024-02-18
2024-02-15,Email,84.96,64903,3204,224,13365.89,0.38,157.32,6.991,4.937,2024-02,2024-02-12/2024-02-18
2024-02-15,Paid Search,726.79,34649,1195,58,4417.01,12.53,6.077,4.854,3.449,2024-02,2024-02-12/2024-02-18
2024-02-15,SEO,179.99,198094,3759,100,6307.75,1.8,35.045,2.66,1.898,2024-02,2024-02-12/2024-02-18
2024-02-16,Paid Search,665.82,28806,928,47,3576.24,14.17,5.371,5.065,3.222,2024-02,2024-02-12/2024-02-18
2024-02-16,Paid Social,1103.7,134024,1409,37,2533.01,29.83,2.295,2.626,1.051,2024-02,2024-02-12/2024-02-18
2024-02-16,SEO,188.97,219382,4852,131,9411.59,1.44,49.805,2.7,2.212,2024-02,2024-02-12/2024-02-18
2024-02-16,Email,84.2,76705,3553,239,14045.69,0.35,166.813,6.727,4.632,2024-02,2024-02-12/2024-02-18
2024-02-17,Paid Search,476.91,22502,716,35,2548.97,13.63,5.345,4.888,3.182,2024-02,2024-02-12/2024-02-18
2024-02-17,Paid Social,816.64,92099,1074,26,1653.51,31.41,2.025,2.421,1.166,2024-02,2024-02-12/2024-02-18
2024-02-17,Email,78.01,61504,2533,183,12103.2,0.43,155.149,7.225,4.118,2024-02,2024-02-12/2024-02-18
2024-02-17,SEO,148.08,168414,3828,120,7811.49,1.23,52.752,3.135,2.273,2024-02,2024-02-12/2024-02-18
2024-02-18,Paid Social,789.35,92578,1256,33,2398.42,23.92,3.038,2.627,1.357,2024-02,2024-02-12/2024-02-18
2024-02-18,Paid Search,516.68,21900,658,30,2077.68,17.22,4.021,4.559,3.005,2024-02,2024-02-12/2024-02-18
2024-02-18,SEO,153.36,154826,3246,103,7339.35,1.49,47.857,3.173,2.097,2024-02,2024-02-12/2024-02-18
2024-02-18,Email,64.76,50875,2360,165,10727.22,0.39,165.646,6.992,4.639,2024-02,2024-02-12/2024-02-18
2024-02-19,Paid Social,1188.53,139798,1664,52,3234.93,22.86,2.722,3.125,1.19,2024-02,2024-02-19/2024-02-25
2024-02-19,Paid Search,633.26,30683,1040,41,2965.6,15.45,4.683,3.942,3.389,2024-02,2024-02-19/2024-02-25
2024-02-19,SEO,180.8,207932,4220,130,8636.25,1.39,47.767,3.081,2.03,2024-02,2024-02-19/2024-02-25
2024-02-19,Email,101.95,78882,3189,207,12074.23,0.49,118.433,6.491,4.043,2024-02,2024-02-19/2024-02-25
2024-02-20,Email,94.94,86503,3369,192,12796.07,0.49,134.781,5.699,3.895,2024-02,2024-02-19/2024-02-25
2024-02-20,Paid Social,1075.02,137323,1817,48,3059.31,22.4,2.846,2.642,1.323,2024-02,2024-02-19/2024-02-25
2024-02-20,SEO,173.67,186386,4309,136,10296.36,1.28,59.287,3.156,2.312,2024-02,2024-02-19/2024-02-25
2024-02-20,Paid Search,634.03,29403,937,45,3291.21,14.09,5.191,4.803,3.187,2024-02,2024-02-19/2024-02-25
2024-02-21,Paid Search,695.12,31770,1248,54,3833.73,12.87,5.515,4.327,3.928,2024-02,2024-02-19/2024-02-25
2024-02-21,Paid Social,1251.9,154513,1790,43,3150.42,29.11,2.517,2.402,1.158,2024-02,2024-02-19/2024-02-25
2024-02-21,Email,100.4,81820,3248,221,12313.28,0.45,122.642,6.804,3.97,2024-02,2024-02-19/2024-02-25
2024-02-21,SEO,187.04,221991,4985,159,10214.95,1.18,54.614,3.19,2.246,2024-02,2024-02-19/2024-02-25
2024-02-22,Paid Social,1001.28,106934,1453,35,2580.29,28.61,2.577,2.409,1.359,2024-02,2024-02-19/2024-02-25
2024-02-22,Paid Search,619.62,29514,1089,44,3459.71,14.08,5.584,4.04,3.69,2024-02,2024-02-19/2024-02-25
2024-02-22,Email,91.57,70608,3212,235,14529.85,0.39,158.675,7.316,4.549,2024-02,2024-02-19/2024-02-25
2024-02-22,SEO,208.38,234246,5091,170,12287.57,1.23,58.967,3.339,2.173,2024-02,2024-02-19/2024-02-25
2024-02-23,Paid Social,1265.48,148690,1520,44,3083.79,28.76,2.437,2.895,1.022,2024-02,2024-02-19/2024-02-25
2024-02-23,Email,92.84,84282,3567,244,14546.86,0.38,156.687,6.84,4.232,2024-02,2024-02-19/2024-02-25
2024-02-23,Paid Search,710.15,30077,1195,53,4271.87,13.4,6.015,4.435,3.973,2024-02,2024-02-19/2024-02-25
2024-02-23,SEO,188.9,219392,3949,112,7374.35,1.69,39.038,2.836,1.8,2024-02,2024-02-19/2024-02-25
2024-02-24,Paid Search,556.03,26621,854,39,3094.85,14.26,5.566,4.567,3.208,2024-02,2024-02-19/2024-02-25
2024-02-24,SEO,118.47,121755,2429,65,4871.59,1.82,41.121,2.676,1.995,2024-02,2024-02-19/2024-02-25
2024-02-24,Email,65.71,52024,2061,141,9330.13,0.47,141.989,6.841,3.962,2024-02,2024-02-19/2024-02-25
2024-02-24,Paid Social,745.17,95370,1300,40,2520.53,18.63,3.382,3.077,1.363,2024-02,2024-02-19/2024-02-25
2024-02-25,Paid Social,856.38,104504,1369,37,2756.92,23.15,3.219,2.703,1.31,2024-02,2024-02-19/2024-02-25
2024-02-25,SEO,148.1,159387,3531,114,8026.13,1.3,54.194,3.229,2.215,2024-02,2024-02-19/2024-02-25
2024-02-25,Paid Search,432.96,18911,679,27,1854.81,16.04,4.284,3.976,3.591,2024-02,2024-02-19/2024-02-25
2024-02-25,Email,65.48,49925,2540,188,12445.44,0.35,190.065,7.402,5.088,2024-02,2024-02-19/2024-02-25
2024-02-26,Email,102.2,91202,4051,275,16418.12,0.37,160.647,6.788,4.442,2024-02,2024-02-26/2024-03-03
2024-02-26,SEO,192.17,225333,4255,132,8633.14,1.46,44.924,3.102,1.888,2024-02,2024-02-26/2024-03-03
2024-02-26,Paid Social,1244.95,142371,1817,56,3785.6,22.23,3.041,3.082,1.276,2024-02,2024-02-26/2024-03-03
2024-02-26,Paid Search,669.55,27950,861,35,2780.65,19.13,4.153,4.065,3.081,2024-02,2024-02-26/2024-03-03
2024-02-27,Email,95.79,84467,3867,229,12697.21,0.42,132.553,5.922,4.578,2024-02,2024-02-26/2024-03-03
2024-02-27,SEO,205.62,215451,4970,134,10186.49,1.53,49.54,2.696,2.307,2024-02,2024-02-26/2024-03-03
2024-02-27,Paid Social,1260.23,152775,1855,48,3075.97,26.25,2.441,2.588,1.214,2024-02,2024-02-26/2024-03-03
2024-02-27,Paid Search,681.13,33558,1173,54,3730.65,12.61,5.477,4.604,3.495,2024-02,2024-02-26/2024-03-03
2024-02-28,Paid Social,1338.27,169082,2299,71,4706.12,18.85,3.517,3.088,1.36,2024-02,2024-02-26/2024-03-03
2024-02-28,Email,94.3,77848,3923,284,17033.48,0.33,180.631,7.239,5.039,2024-02,2024-02-26/2024-03-03
2024-02-28,Paid Search,703.42,31181,1252,51,4079.3,13.79,5.799,4.073,4.015,2024-02,2024-02-26/2024-03-03
2024-02-28,SEO,202.13,206107,4162,127,9391.29,1.59,46.462,3.051,2.019,2024-02,2024-02-26/2024-03-03
2024-02-29,SEO,161.42,189026,4509,128,8697.38,1.26,53.88,2.839,2.385,2024-02,2024-02-26/2024-03-03
2024-02-29,Paid Social,1080.54,133788,1776,54,3614.72,20.01,3.345,3.041,1.327,2024-02,2024-02-26/2024-03-03
2024-02-29,Email,93.21,74966,3075,208,11438.4,0.45,122.716,6.764,4.102,2024-02,2024-02-26/2024-03-03
2024-02-29,Paid Search,742.71,31207,1046,53,3749.17,14.01,5.048,5.067,3.352,2024-02,2024-02-26/2024-03-03
2024-03-01,SEO,193.38,210061,4581,162,12030.43,1.19,62.211,3.536,2.181,2024-03,2024-02-26/2024-03-03
2024-03-01,Paid Search,650.72,28416,1063,49,3469.85,13.28,5.332,4.61,3.741,2024-03,2024-02-26/2024-03-03
2024-03-01,Paid Social,1311.77,162649,2088,49,3581.21,26.77,2.73,2.347,1.284,2024-03,2024-02-26/2024-03-03
2024-03-01,Email,95.07,85319,4273,281,17607.03,0.34,185.201,6.576,5.008,2024-03,2024-02-26/2024-03-03
2024-03-02,SEO,123.88,139739,2835,95,6635.52,1.3,53.564,3.351,2.029,2024-03,2024-02-26/2024-03-03
2024-03-02,Email,66.84,51628,2201,141,8595.66,0.47,128.601,6.406,4.263,2024-03,2024-02-26/2024-03-03
2024-03-02,Paid Social,972.1,116194,1534,38,2665.05,25.58,2.742,2.477,1.32,2024-03,2024-02-26/2024-03-03
2024-03-02,Paid Search,502.36,24097,942,44,3015.67,11.42,6.003,4.671,3.909,2024-03,2024-02-26/2024-03-03
2024-03-03,Paid Search,553.42,26726,952,48,3352.1,11.53,6.057,5.042,3.562,2024-03,2024-02-26/2024-03-03
2024-03-03,Email,61.09,52491,2688,172,10483.11,0.36,171.601,6.399,5.121,2024-03,2024-02-26/2024-03-03
2024-03-03,SEO,128.46,150086,3526,118,8324.48,1.09,64.802,3.347,2.349,2024-03,2024-02-26/2024-03-03
2024-03-03,Paid Social,786.81,89058,1092,31,2203.44,25.38,2.8,2.839,1.226,2024-03,2024-02-26/2024-03-03
2024-03-04,Paid Search,568.04,25651,847,40,2709.83,14.2,4.77,4.723,3.302,2024-03,2024-03-04/2024-03-10
2024-03-04,SEO,157.65,175568,3302,88,5845.01,1.79,37.076,2.665,1.881,2024-03,2024-03-04/2024-03-10
2024-03-04,Email,97.39,73569,2997,165,10529.98,0.59,108.122,5.506,4.074,2024-03,2024-03-04/2024-03-10
2024-03-04,Paid Social,1287.24,165684,2070,64,4332.05,20.11,3.365,3.092,1.249,2024-03,2024-03-04/2024-03-10
2024-03-05,Paid Search,668.64,30017,999,42,2979.37,15.92,4.456,4.204,3.328,2024-03,2024-03-04/2024-03-10
2024-03-05,SEO,210.48,213636,4317,141,9982.91,1.49,47.429,3.266,2.021,2024-03,2024-03-04/2024-03-10
2024-03-05,Email,87.58,75493,3011,167,9663.77,0.52,110.342,5.546,3.988,2024-03,2024-03-04/2024-03-10
2024-03-05,Paid Social,1301.61,165816,1692,52,3341.84,25.03,2.567,3.073,1.02,2024-03,2024-03-04/2024-03-10
2024-03-06,Paid Social,1358.24,170062,1803,55,3397.24,24.7,2.501,3.05,1.06,2024-03,2024-03-04/2024-03-10
2024-03-06,SEO,172.32,206426,4586,154,10638.2,1.12,61.735,3.358,2.222,2024-03,2024-03-04/2024-03-10
2024-03-06,Email,101.51,86747,3440,223,13052.44,0.46,128.583,6.483,3.966,2024-03,2024-03-04/2024-03-10
2024-03-06,Paid Search,733.33,33715,1091,55,4096.23,13.33,5.586,5.041,3.236,2024-03,2024-03-04/2024-03-10
2024-03-07,Paid Search,743.25,30476,927,39,3122.05,19.06,4.201,4.207,3.042,2024-03,2024-03-04/2024-03-10
2024-03-07,SEO,176.16,212128,4656,163,11986.74,1.08,68.045,3.501,2.195,2024-03,2024-03-04/2024-03-10
2024-03-07,Paid Social,1239.88,154639,1813,43,2649.96,28.83,2.137,2.372,1.172,2024-03,2024-03-04/2024-03-10
2024-03-07,Email,98.56,77687,3521,253,14604.81,0.39,148.182,7.185,4.532,2024-03,2024-03-04/2024-03-10
2024-03-08,Paid Search,637.56,28686,1153,54,4059.47,11.81,6.367,4.683,4.019,2024-03,2024-03-04/2024-03-10
2024-03-08,Paid Social,1314.04,146861,1979,51,3583.96,25.77,2.727,2.577,1.348,2024-03,2024-03-04/2024-03-10
2024-03-08,SEO,176.85,192373,4523,151,10536.18,1.17,59.577,3.338,2.351,2024-03,2024-03-04/2024-03-10
2024-03-08,Email,103.26,81279,3721,245,14030.88,0.42,135.879,6.584,4.578,2024-03,2024-03-04/2024-03-10
2024-03-09,Paid Search,448.39,19910,698,35,2740.96,12.81,6.113,5.014,3.506,2024-03,2024-03-04/2024-03-10
2024-03-09,Paid Social,988.44,110074,1152,36,2438.43,27.46,2.467,3.125,1.047,2024-03,2024-03-04/2024-03-10
2024-03-09,Email,74.48,64388,2660,156,8783.38,0.48,117.929,5.865,4.131,2024-03,2024-03-04/2024-03-10
2024-03-09,SEO,141.09,168822,3852,115,8453.89,1.23,59.918,2.985,2.282,2024-03,2024-03-04/2024-03-10
2024-03-10,Paid Search,568.46,24760,845,36,2886.04,15.79,5.077,4.26,3.413,2024-03,2024-03-04/2024-03-10
2024-03-10,Paid Social,867.57,99265,1109,34,2285.72,25.52,2.635,3.066,1.117,2024-03,2024-03-04/2024-03-10
2024-03-10,Email,69.08,61491,2553,170,11215.76,0.41,162.359,6.659,4.152,2024-03,2024-03-04/2024-03-10
2024-03-10,SEO,121.55,127104,2764,88,6682.21,1.38,54.975,3.184,2.175,2024-03,2024-03-04/2024-03-10
2024-03-11,Paid Search,658.83,30161,984,47,3355.47,14.02,5.093,4.776,3.262,2024-03,2024-03-11/2024-03-17
2024-03-11,Paid Social,1109.55,139009,1656,49,3165.24,22.64,2.853,2.959,1.191,2024-03,2024-03-11/2024-03-17
2024-03-11,Email,103.56,86331,3861,222,13474.61,0.47,130.114,5.75,4.472,2024-03,2024-03-11/2024-03-17
2024-03-11,SEO,200.65,227707,4222,119,8139.14,1.69,40.564,2.819,1.854,2024-03,2024-03-11/2024-03-17
2024-03-12,Paid Social,1190.22,148835,1630,47,2944.32,25.32,2.474,2.883,1.095,2024-03,2024-03-11/2024-03-17
2024-03-12,SEO,207.51,235554,4667,126,8199.7,1.65,39.515,2.7,1.981,2024-03,2024-03-11/2024-03-17
2024-03-12,Email,78.08,66644,3007,173,11029.14,0.45,141.254,5.753,4.512,2024-03,2024-03-11/2024-03-17
2024-03-12,Paid Search,714.0,34140,1323,53,3698.26,13.47,5.18,4.006,3.875,2024-03,2024-03-11/2024-03-17
2024-03-13,SEO,159.02,190518,4550,126,9011.51,1.26,56.669,2.769,2.388,2024-03,2024-03-11/2024-03-17
2024-03-13,Paid Search,603.12,27466,1089,43,3336.13,14.03,5.531,3.949,3.965,2024-03,2024-03-11/2024-03-17
2024-03-13,Paid Social,1373.24,159049,1770,52,3738.45,26.41,2.722,2.938,1.113,2024-03,2024-03-11/2024-03-17
2024-03-13,Email,85.64,75355,3241,208,13794.49,0.41,161.075,6.418,4.301,2024-03,2024-03-11/2024-03-17
2024-03-14,Paid Search,564.8,23502,912,44,2945.59,12.84,5.215,4.825,3.881,2024-03,2024-03-11/2024-03-17
2024-03-14,Email,81.28,63100,2600,154,9236.16,0.53,113.634,5.923,4.12,2024-03,2024-03-11/2024-03-17
2024-03-14,Paid Social,1359.05,158528,1680,49,3573.36,27.74,2.629,2.917,1.06,2024-03,2024-03-11/2024-03-17
2024-03-14,SEO,172.01,190850,3925,124,7975.49,1.39,46.366,3.159,2.057,2024-03,2024-03-11/2024-03-17
2024-03-15,Paid Social,1228.06,152443,1796,49,3161.08,25.06,2.574,2.728,1.178,2024-03,2024-03-11/2024-03-17
2024-03-15,Paid Search,584.3,25677,998,44,3322.49,13.28,5.686,4.409,3.887,2024-03,2024-03-11/2024-03-17
2024-03-15,Email,96.86,77116,3215,237,15272.52,0.41,157.676,7.372,4.169,2024-03,2024-03-11/2024-03-17
2024-03-15,SEO,209.46,234219,5556,184,12381.57,1.14,59.112,3.312,2.372,2024-03,2024-03-11/2024-03-17
2024-03-16,Paid Search,469.64,21261,735,32,2425.56,14.68,5.165,4.354,3.457,2024-03,2024-03-11/2024-03-17
2024-03-16,Email,66.37,54153,2621,189,12583.76,0.35,189.6,7.211,4.84,2024-03,2024-03-11/2024-03-17
2024-03-16,SEO,150.78,173689,3377,120,8775.03,1.26,58.198,3.553,1.944,2024-03,2024-03-11/2024-03-17
2024-03-16,Paid Social,924.87,109392,1390,38,2462.57,24.34,2.663,2.734,1.271,2024-03,2024-03-11/2024-03-17
2024-03-17,Paid Search,534.56,23439,882,42,2972.33,12.73,5.56,4.762,3.763,2024-03,2024-03-11/2024-03-17
2024-03-17,SEO,144.21,161557,3668,122,8462.44,1.18,58.681,3.326,2.27,2024-03,2024-03-11/2024-03-17
2024-03-17,Email,67.15,53737,2233,156,10166.33,0.43,151.397,6.986,4.155,2024-03,2024-03-11/2024-03-17
2024-03-17,Paid Social,1217.67,101787,1235,32,2180.53,38.05,1.791,2.591,1.213,2024-03,2024-03-11/2024-03-17
2024-03-18,SEO,186.97,188579,3444,93,6587.7,2.01,35.234,2.7,1.826,2024-03,2024-03-18/2024-03-24
2024-03-18,Paid Search,599.55,25358,1000,42,2900.09,14.27,4.837,4.2,3.944,2024-03,2024-03-18/2024-03-24
2024-03-18,Email,87.35,79234,3991,222,13285.27,0.39,152.092,5.563,5.037,2024-03,2024-03-18/2024-03-24
2024-03-18,Paid Social,1209.17,130560,1774,47,3506.54,25.73,2.9,2.649,1.359,2024-03,2024-03-18/2024-03-24
2024-03-19,Paid Social,1213.84,131175,1608,44,3139.45,27.59,2.586,2.736,1.226,2024-03,2024-03-18/2024-03-24
2024-03-19,SEO,159.14,173344,3726,118,8784.37,1.35,55.199,3.167,2.149,2024-03,2024-03-18/2024-03-24
2024-03-19,Email,102.12,86327,3665,217,12054.03,0.47,118.038,5.921,4.245,2024-03,2024-03-18/2024-03-24
2024-03-19,Paid Search,658.55,32760,1178,54,3906.86,12.2,5.933,4.584,3.596,2024-03,2024-03-18/2024-03-24
2024-03-20,Email,87.64,71004,3477,231,14021.68,0.38,159.992,6.644,4.897,2024-03,2024-03-18/2024-03-24
2024-03-20,SEO,170.59,190917,3726,103,7212.42,1.66,42.279,2.764,1.952,2024-03,2024-03-18/2024-03-24
2024-03-20,Paid Search,616.7,29351,1121,51,3869.45,12.09,6.274,4.55,3.819,2024-03,2024-03-18/2024-03-24
2024-03-20,Paid Social,1371.04,168535,2319,59,3683.75,23.24,2.687,2.544,1.376,2024-03,2024-03-18/2024-03-24
2024-03-21,SEO,187.93,226459,5175,182,13688.34,1.03,72.837,3.517,2.285,2024-03,2024-03-18/2024-03-24
2024-03-21,Paid Search,590.78,34642,1389,56,3841.09,10.55,6.502,4.032,4.01,2024-03,2024-03-18/2024-03-24
2024-03-21,Email,86.14,65923,2737,182,11806.28,0.47,137.059,6.65,4.152,2024-03,2024-03-18/2024-03-24
2024-03-21,Paid Social,1322.7,157841,1757,55,3520.13,24.05,2.661,3.13,1.113,2024-03,2024-03-18/2024-03-24
2024-03-22,Paid Social,1306.66,151542,1662,45,3244.31,29.04,2.483,2.708,1.097,2024-03,2024-03-18/2024-03-24
2024-03-22,SEO,203.06,213045,3833,104,6787.48,1.95,33.426,2.713,1.799,2024-03,2024-03-18/2024-03-24
2024-03-22,Paid Search,711.93,29310,1140,53,4062.4,13.43,5.706,4.649,3.889,2024-03,2024-03-18/2024-03-24
2024-03-22,Email,91.12,73287,2828,200,13327.05,0.46,146.258,7.072,3.859,2024-03,2024-03-18/2024-03-24
2024-03-23,Paid Social,986.98,116083,1218,34,2230.16,29.03,2.26,2.791,1.049,2024-03,2024-03-18/2024-03-24
2024-03-23,SEO,154.63,156667,2888,96,6429.76,1.61,41.582,3.324,1.843,2024-03,2024-03-18/2024-03-24
2024-03-23,Paid Search,466.7,20313,679,33,2502.65,14.14,5.362,4.86,3.343,2024-03,2024-03-18/2024-03-24
2024-03-23,Email,78.12,62925,2598,160,10470.06,0.49,134.025,6.159,4.129,2024-03,2024-03-18/2024-03-24
2024-03-24,SEO,141.12,160798,3366,112,7773.77,1.26,55.086,3.327,2.093,2024-03,2024-03-18/2024-03-24
2024-03-24,Paid Social,896.67,108400,1443,44,2891.95,20.38,3.225,3.049,1.331,2024-03,2024-03-18/2024-03-24
2024-03-24,Paid Search,491.27,22708,732,37,2633.25,13.28,5.36,5.055,3.224,2024-03,2024-03-18/2024-03-24
2024-03-24,Email,67.12,50369,1953,140,9030.24,0.48,134.539,7.168,3.877,2024-03,2024-03-18/2024-03-24
2024-03-25,Paid Social,1291.31,146014,1841,56,3658.46,23.06,2.833,3.042,1.261,2024-03,2024-03-25/2024-03-31
2024-03-25,Paid Search,661.01,27883,959,43,2866.09,15.37,4.336,4.484,3.439,2024-03,2024-03-25/2024-03-31
2024-03-25,SEO,172.27,200492,4239,115,8675.27,1.5,50.359,2.713,2.114,2024-03,2024-03-25/2024-03-31
2024-03-25,Email,100.99,81622,3904,282,17092.05,0.36,169.245,7.223,4.783,2024-03,2024-03-25/2024-03-31
2024-03-26,Paid Search,594.29,29700,1016,41,2815.66,14.49,4.738,4.035,3.421,2024-03,2024-03-25/2024-03-31
2024-03-26,Email,79.5,69453,3233,223,13788.35,0.36,173.438,6.898,4.655,2024-03,2024-03-25/2024-03-31
2024-03-26,SEO,156.97,180121,4259,115,7825.83,1.36,49.856,2.7,2.365,2024-03,2024-03-25/2024-03-31
2024-03-26,Paid Social,1117.3,140622,1868,56,3895.5,19.95,3.487,2.998,1.328,2024-03,2024-03-25/2024-03-31
2024-03-27,SEO,175.6,211625,4114,124,8247.08,1.42,46.965,3.014,1.944,2024-03,2024-03-25/2024-03-31
2024-03-27,Paid Search,655.68,32157,1246,53,4007.58,12.37,6.112,4.254,3.875,2024-03,2024-03-25/2024-03-31
2024-03-27,Email,102.41,81748,4165,301,18036.25,0.34,176.118,7.227,5.095,2024-03,2024-03-25/2024-03-31
2024-03-27,Paid Social,1399.66,156044,1952,59,3924.24,23.72,2.804,3.023,1.251,2024-03,2024-03-25/2024-03-31
2024-03-28,SEO,192.92,228442,5046,173,12103.63,1.12,62.739,3.428,2.209,2024-03,2024-03-25/2024-03-31
2024-03-28,Paid Social,1113.45,131580,1448,37,2656.3,30.09,2.386,2.555,1.1,2024-03,2024-03-25/2024-03-31
2024-03-28,Email,86.71,70179,3188,215,13270.99,0.4,153.05,6.744,4.543,2024-03,2024-03-25/2024-03-31
2024-03-28,Paid Search,755.49,31791,1151,56,4037.3,13.49,5.344,4.865,3.621,2024-03,2024-03-25/2024-03-31
2024-03-29,Paid Social,1466.69,174555,2343,69,4264.69,21.26,2.908,2.945,1.342,2024-03,2024-03-25/2024-03-31
2024-03-29,Paid Search,690.02,32918,1095,44,3185.35,15.68,4.616,4.018,3.326,2024-03,2024-03-25/2024-03-31
2024-03-29,SEO,163.21,165100,3066,88,5953.87,1.85,36.48,2.87,1.857,2024-03,2024-03-25/2024-03-31
2024-03-29,Email,103.54,85031,4389,303,18649.54,0.34,180.119,6.904,5.162,2024-03,2024-03-25/2024-03-31
2024-03-30,Paid Search,460.87,20626,672,29,2314.07,15.89,5.021,4.315,3.258,2024-03,2024-03-25/2024-03-31
2024-03-30,Paid Social,876.35,107842,1194,34,2409.31,25.78,2.749,2.848,1.107,2024-03,2024-03-25/2024-03-31
2024-03-30,Email,60.11,50365,2089,142,7998.2,0.42,133.059,6.798,4.148,2024-03,2024-03-25/2024-03-31
2024-03-30,SEO,132.96,159776,3318,97,6688.73,1.37,50.306,2.923,2.077,2024-03,2024-03-25/2024-03-31
2024-03-31,SEO,152.34,183887,4371,154,11161.5,0.99,73.267,3.523,2.377,2024-03,2024-03-25/2024-03-31
2024-03-31,Email,78.68,61376,2464,170,10435.71,0.46,132.635,6.899,4.015,2024-03,2024-03-25/2024-03-31
2024-03-31,Paid Search,536.88,23686,774,33,2411.53,16.27,4.492,4.264,3.268,2024-03,2024-03-25/2024-03-31
2024-03-31,Paid Social,856.98,96459,1312,39,2443.1,21.97,2.851,2.973,1.36,2024-03,2024-03-25/2024-03-31
2024-04-01,Email,98.17,77462,3303,197,12744.91,0.5,129.825,5.964,4.264,2024-04,2024-04-01/2024-04-07
2024-04-01,SEO,181.13,183200,3914,118,8730.41,1.54,48.2,3.015,2.136,2024-04,2024-04-01/2024-04-07
2024-04-01,Paid Search,648.71,30095,907,45,3407.2,14.42,5.252,4.961,3.014,2024-04,2024-04-01/2024-04-07
2024-04-01,Paid Social,1337.66,149865,1579,46,2846.01,29.08,2.128,2.913,1.054,2024-04,2024-04-01/2024-04-07
2024-04-02,Email,86.47,76392,3729,235,13912.1,0.37,160.889,6.302,4.881,2024-04,2024-04-01/2024-04-07
2024-04-02,Paid Social,1377.04,173436,1987,52,3661.63,26.48,2.659,2.617,1.146,2024-04,2024-04-01/2024-04-07
2024-04-02,Paid Search,581.8,29014,898,46,3096.44,12.65,5.322,5.122,3.095,2024-04,2024-04-01/2024-04-07
2024-04-02,SEO,203.49,220323,4741,145,10101.79,1.4,49.643,3.058,2.152,2024-04,2024-04-01/2024-04-07
2024-04-03,Paid Social,1305.73,142800,1665,39,2589.07,33.48,1.983,2.342,1.166,2024-04,2024-04-01/2024-04-07
2024-04-03,Email,85.38,75165,3031,171,10040.45,0.5,117.597,5.642,4.032,2024-04,2024-04-01/2024-04-07
2024-04-03,SEO,160.43,163428,3287,98,6781.92,1.64,42.273,2.981,2.011,2024-04,2024-04-01/2024-04-07
2024-04-03,Paid Search,695.77,30832,1190,59,4683.22,11.79,6.731,4.958,3.86,2024-04,2024-04-01/2024-04-07
2024-04-04,Email,96.39,86834,3594,212,13735.41,0.45,142.498,5.899,4.139,2024-04,2024-04-01/2024-04-07
2024-04-04,Paid Social,1206.0,145114,1566,41,2543.11,29.41,2.109,2.618,1.079,2024-04,2024-04-01/2024-04-07
2024-04-04,SEO,199.63,232999,4291,117,7877.13,1.71,39.459,2.727,1.842,2024-04,2024-04-01/2024-04-07
2024-04-04,Paid Search,573.55,25409,1010,38,2810.16,15.09,4.9,3.762,3.975,2024-04,2024-04-01/2024-04-07
2024-04-05,Paid Social,1284.77,140059,1699,47,2937.11,27.34,2.286,2.766,1.213,2024-04,2024-04-01/2024-04-07
2024-04-05,Email,84.85,66079,3085,226,13128.03,0.38,154.72,7.326,4.669,2024-04,2024-04-01/2024-04-07
2024-04-05,SEO,198.09,199102,4645,162,10958.5,1.22,55.321,3.488,2.333,2024-04,2024-04-01/2024-04-07
2024-04-05,Paid Search,654.28,27153,1054,40,2799.7,16.36,4.279,3.795,3.882,2024-04,2024-04-01/2024-04-07
2024-04-06,Paid Search,432.83,19616,590,22,1755.15,19.67,4.055,3.729,3.008,2024-04,2024-04-01/2024-04-07
2024-04-06,SEO,131.0,149245,3530,119,8231.73,1.1,62.838,3.371,2.365,2024-04,2024-04-01/2024-04-07
2024-04-06,Paid Social,1019.59,112129,1306,39,2593.34,26.14,2.544,2.986,1.165,2024-04,2024-04-01/2024-04-07
2024-04-06,Email,68.26,51259,2270,126,8115.44,0.54,118.89,5.551,4.428,2024-04,2024-04-01/2024-04-07
2024-04-07,Paid Search,542.43,22471,688,35,2761.67,15.5,5.091,5.087,3.062,2024-04,2024-04-01/2024-04-07
2024-04-07,SEO,127.45,143831,3264,91,6356.53,1.4,49.875,2.788,2.269,2024-04,2024-04-01/2024-04-07
2024-04-07,Paid Social,894.42,101825,1052,26,1647.55,34.4,1.842,2.471,1.033,2024-04,2024-04-01/2024-04-07
2024-04-07,Email,78.15,65098,3351,200,11895.55,0.39,152.214,5.968,5.148,2024-04,2024-04-01/2024-04-07
2024-04-08,Paid Social,1181.71,151095,1901,58,4310.63,20.37,3.648,3.051,1.258,2024-04,2024-04-08/2024-04-14
2024-04-08,Paid Search,573.94,26002,952,47,3388.32,12.21,5.904,4.937,3.661,2024-04,2024-04-08/2024-04-14
2024-04-08,Email,87.83,79885,3579,200,12675.0,0.44,144.313,5.588,4.48,2024-04,2024-04-08/2024-04-14
2024-04-08,SEO,158.42,181194,3806,101,7359.18,1.57,46.454,2.654,2.101,2024-04,2024-04-08/2024-04-14
2024-04-09,Email,93.33,75504,3843,267,15902.43,0.35,170.389,6.948,5.09,2024-04,2024-04-08/2024-04-14
2024-04-09,Paid Search,762.44,34728,1219,60,4657.65,12.71,6.109,4.922,3.51,2024-04,2024-04-08/2024-04-14
2024-04-09,SEO,203.31,217366,4697,147,10429.24,1.38,51.297,3.13,2.161,2024-04,2024-04-08/2024-04-14
2024-04-09,Paid Social,1154.08,140302,1700,49,3155.58,23.55,2.734,2.882,1.212,2024-04,2024-04-08/2024-04-14
2024-04-10,Paid Search,661.26,27220,1089,50,3573.6,13.23,5.404,4.591,4.001,2024-04,2024-04-08/2024-04-14
2024-04-10,SEO,206.05,224015,5326,177,12684.47,1.16,61.56,3.323,2.378,2024-04,2024-04-08/2024-04-14
2024-04-10,Paid Social,1190.12,134954,1626,38,2354.58,31.32,1.978,2.337,1.205,2024-04,2024-04-08/2024-04-14
2024-04-10,Email,84.04,67419,3258,229,13000.98,0.37,154.7,7.029,4.832,2024-04,2024-04-08/2024-04-14
2024-04-11,Paid Search,712.41,34759,1301,58,3938.53,12.28,5.528,4.458,3.743,2024-04,2024-04-08/2024-04-14
2024-04-11,SEO,201.63,227846,4571,148,9969.12,1.36,49.443,3.238,2.006,2024-04,2024-04-08/2024-04-14
2024-04-11,Paid Social,1547.26,181284,2236,53,3830.12,29.19,2.475,2.37,1.233,2024-04,2024-04-08/2024-04-14
2024-04-11,Email,102.56,90039,3807,231,12724.06,0.44,124.065,6.068,4.228,2024-04,2024-04-08/2024-04-14
2024-04-12,Paid Search,612.94,26155,966,38,2617.79,16.13,4.271,3.934,3.693,2024-04,2024-04-08/2024-04-14
2024-04-12,SEO,160.48,182115,3831,129,8496.41,1.24,52.944,3.367,2.104,2024-04,2024-04-08/2024-04-14
2024-04-12,Email,97.32,89046,4079,254,15259.69,0.38,156.799,6.227,4.581,2024-04,2024-04-08/2024-04-14
2024-04-12,Paid Social,1366.84,171272,1992,52,3309.26,26.29,2.421,2.61,1.163,2024-04,2024-04-08/2024-04-14
2024-04-13,SEO,125.06,134531,2639,81,5709.19,1.54,45.652,3.069,1.962,2024-04,2024-04-08/2024-04-14
2024-04-13,Paid Social,907.47,96276,1261,35,2353.58,25.93,2.594,2.776,1.31,2024-04,2024-04-08/2024-04-14
2024-04-13,Email,72.73,64899,2776,170,10082.56,0.43,138.63,6.124,4.277,2024-04,2024-04-08/2024-04-14
2024-04-13,Paid Search,485.13,22207,753,31,2370.59,15.65,4.887,4.117,3.391,2024-04,2024-04-08/2024-04-14
2024-04-14,Email,68.96,58618,2331,156,9690.01,0.44,140.516,6.692,3.977,2024-04,2024-04-08/2024-04-14
2024-04-14,Paid Social,1180.86,139022,1771,52,3254.75,22.71,2.756,2.936,1.274,2024-04,2024-04-08/2024-04-14
2024-04-14,Paid Search,507.84,23691,832,41,3280.6,12.39,6.46,4.928,3.512,2024-04,2024-04-08/2024-04-14
2024-04-14,SEO,144.49,145011,3442,105,7598.11,1.38,52.586,3.051,2.374,2024-04,2024-04-08/2024-04-14
2024-04-15,Paid Social,1177.08,129539,1404,42,2894.41,28.03,2.459,2.991,1.084,2024-04,2024-04-15/2024-04-21
2024-04-15,Paid Search,689.07,34036,1120,53,4215.56,13.0,6.118,4.732,3.291,2024-04,2024-04-15/2024-04-21
2024-04-15,Email,91.83,83250,3330,237,14091.5,0.39,153.452,7.117,4.0,2024-04,2024-04-15/2024-04-21
2024-04-15,SEO,193.68,233822,4326,120,7788.75,1.61,40.215,2.774,1.85,2024-04,2024-04-15/2024-04-21
2024-04-16,Email,100.86,85083,3917,262,16442.5,0.38,163.023,6.689,4.604,2024-04,2024-04-15/2024-04-21
2024-04-16,Paid Search,700.13,33570,1039,41,2883.86,17.08,4.119,3.946,3.095,2024-04,2024-04-15/2024-04-21
2024-04-16,Paid Social,1590.61,190746,2110,59,3832.14,26.96,2.409,2.796,1.106,2024-04,2024-04-15/2024-04-21
2024-04-16,SEO,179.37,210235,4067,137,10251.8,1.31,57.154,3.369,1.935,2024-04,2024-04-15/2024-04-21
2024-04-17,Email,84.0,73680,3151,217,14112.68,0.39,168.008,6.887,4.277,2024-04,2024-04-15/2024-04-21
2024-04-17,Paid Search,764.1,32233,1246,59,4227.59,12.95,5.533,4.735,3.866,2024-04,2024-04-15/2024-04-21
2024-04-17,Paid Social,1600.98,177885,2278,64,4074.75,25.02,2.545,2.809,1.281,2024-04,2024-04-15/2024-04-21
2024-04-17,SEO,165.84,202212,4344,128,9581.45,1.3,57.775,2.947,2.148,2024-04,2024-04-15/2024-04-21
2024-04-18,Email,87.15,77076,3941,270,17267.95,0.32,198.141,6.851,5.113,2024-04,2024-04-15/2024-04-21
2024-04-18,Paid Search,713.87,32362,1072,52,4201.07,13.73,5.885,4.851,3.313,2024-04,2024-04-15/2024-04-21
2024-04-18,Paid Social,1194.99,142031,1583,47,3116.95,25.43,2.608,2.969,1.115,2024-04,2024-04-15/2024-04-21
2024-04-18,SEO,199.44,243409,5291,177,11803.36,1.13,59.183,3.345,2.174,2024-04,2024-04-15/2024-04-21
2024-04-19,SEO,208.34,219288,3976,116,8446.82,1.8,40.543,2.918,1.813,2024-04,2024-04-15/2024-04-21
2024-04-19,Paid Search,708.61,29761,1133,53,4268.74,13.37,6.024,4.678,3.807,2024-04,2024-04-15/2024-04-21
2024-04-19,Paid Social,1450.01,164109,1961,50,3441.08,29.0,2.373,2.55,1.195,2024-04,2024-04-15/2024-04-21
2024-04-19,Email,94.99,71982,3479,218,12720.83,0.44,133.918,6.266,4.833,2024-04,2024-04-15/2024-04-21
2024-04-20,SEO,119.3,126899,3040,107,7939.85,1.11,66.554,3.52,2.396,2024-04,2024-04-15/2024-04-21
2024-04-20,Email,66.47,59273,2827,191,12033.29,0.35,181.033,6.756,4.769,2024-04,2024-04-15/2024-04-21
2024-04-20,Paid Social,953.27,108250,1383,36,2392.46,26.48,2.51,2.603,1.278,2024-04,2024-04-15/2024-04-21
2024-04-20,Paid Search,678.56,20582,690,28,2218.39,24.23,3.269,4.058,3.352,2024-04,2024-04-15/2024-04-21
2024-04-21,Email,73.42,59264,2371,156,10347.8,0.47,140.94,6.58,4.001,2024-04,2024-04-15/2024-04-21
2024-04-21,SEO,155.77,156955,3103,96,6158.95,1.62,39.539,3.094,1.977,2024-04,2024-04-15/2024-04-21
2024-04-21,Paid Search,470.28,21459,812,39,2726.22,12.06,5.797,4.803,3.784,2024-04,2024-04-15/2024-04-21
2024-04-21,Paid Social,1042.91,116449,1475,43,3139.37,24.25,3.01,2.915,1.267,2024-04,2024-04-15/2024-04-21
2024-04-22,Paid Social,1271.21,155204,1587,42,3008.14,30.27,2.366,2.647,1.023,2024-04,2024-04-22/2024-04-28
2024-04-22,SEO,174.42,197241,3992,140,10574.31,1.25,60.626,3.507,2.024,2024-04,2024-04-22/2024-04-28
2024-04-22,Paid Search,734.23,32467,1268,56,4308.22,13.11,5.868,4.416,3.906,2024-04,2024-04-22/2024-04-28
2024-04-22,Email,102.66,77094,3072,196,11945.61,0.52,116.361,6.38,3.985,2024-04,2024-04-22/2024-04-28
2024-04-23,Paid Search,680.3,28990,1045,46,3442.12,14.79,5.06,4.402,3.605,2024-04,2024-04-22/2024-04-28
2024-04-23,Paid Social,1519.52,174257,2262,54,3850.31,28.14,2.534,2.387,1.298,2024-04,2024-04-22/2024-04-28
2024-04-23,SEO,193.3,222479,5008,148,10571.85,1.31,54.691,2.955,2.251,2024-04,2024-04-22/2024-04-28
2024-04-23,Email,98.63,86097,4378,277,18248.72,0.36,185.022,6.327,5.085,2024-04,2024-04-22/2024-04-28
2024-04-24,SEO,186.55,213027,4375,125,8383.08,1.49,44.937,2.857,2.054,2024-04,2024-04-22/2024-04-28
2024-04-24,Email,102.25,93021,4389,285,18533.72,0.36,181.259,6.494,4.718,2024-04,2024-04-22/2024-04-28
2024-04-24,Paid Search,750.92,33704,1050,45,3632.33,16.69,4.837,4.286,3.115,2024-04,2024-04-22/2024-04-28
2024-04-24,Paid Social,1351.4,155631,2101,58,4072.14,23.3,3.013,2.761,1.35,2024-04,2024-04-22/2024-04-28
2024-04-25,Paid Search,693.01,29171,1058,54,4366.27,12.83,6.3,5.104,3.627,2024-04,2024-04-22/2024-04-28
2024-04-25,Paid Social,1493.9,175998,2317,58,3918.92,25.76,2.623,2.503,1.316,2024-04,2024-04-22/2024-04-28
2024-04-25,Email,102.81,79678,3759,240,15320.0,0.43,149.013,6.385,4.718,2024-04,2024-04-22/2024-04-28
2024-04-25,SEO,186.45,219514,4333,126,8739.7,1.48,46.874,2.908,1.974,2024-04,2024-04-22/2024-04-28
2024-04-26,Email,84.64,74548,3209,216,12225.17,0.39,144.437,6.731,4.305,2024-04,2024-04-22/2024-04-28
2024-04-26,Paid Social,1479.26,160927,2021,63,4607.77,23.48,3.115,3.117,1.256,2024-04,2024-04-22/2024-04-28
2024-04-26,Paid Search,591.04,29139,933,41,2999.1,14.42,5.074,4.394,3.202,2024-04,2024-04-22/2024-04-28
2024-04-26,SEO,187.48,192595,4240,144,9726.94,1.3,51.883,3.396,2.202,2024-04,2024-04-22/2024-04-28
2024-04-27,Paid Social,1129.4,122103,1264,40,2637.01,28.24,2.335,3.165,1.035,2024-04,2024-04-22/2024-04-28
2024-04-27,Paid Search,499.5,21116,738,29,2285.02,17.22,4.575,3.93,3.495,2024-04,2024-04-22/2024-04-28
2024-04-27,Email,69.72,62494,2622,183,10807.31,0.38,155.01,6.979,4.196,2024-04,2024-04-22/2024-04-28
2024-04-27,SEO,139.19,162738,3327,108,7173.66,1.29,51.539,3.246,2.044,2024-04,2024-04-22/2024-04-28
2024-04-28,Paid Search,502.37,21858,794,32,2376.9,15.7,4.731,4.03,3.633,2024-04,2024-04-22/2024-04-28
2024-04-28,SEO,124.54,135598,2430,67,4877.58,1.86,39.165,2.757,1.792,2024-04,2024-04-22/2024-04-28
2024-04-28,Email,75.08,64275,3084,198,11549.82,0.38,153.834,6.42,4.798,2024-04,2024-04-22/2024-04-28
2024-04-28,Paid Social,1194.65,129230,1663,41,2629.27,29.14,2.201,2.465,1.287,2024-04,2024-04-22/2024-04-28
2024-04-29,Paid Social,1519.22,164816,2080,63,4269.2,24.11,2.81,3.029,1.262,2024-04,2024-04-29/2024-05-05
2024-04-29,Email,100.2,86950,4017,290,16182.93,0.35,161.506,7.219,4.62,2024-04,2024-04-29/2024-05-05
2024-04-29,SEO,174.42,204350,3762,112,8468.87,1.56,48.554,2.977,1.841,2024-04,2024-04-29/2024-05-05
2024-04-29,Paid Search,734.24,32770,1107,51,3413.28,14.4,4.649,4.607,3.378,2024-04,2024-04-29/2024-05-05
2024-04-30,SEO,169.63,194429,3664,125,9042.95,1.36,53.31,3.412,1.884,2024-04,2024-04-29/2024-05-05
2024-04-30,Email,88.95,80191,3979,245,16222.28,0.36,182.375,6.157,4.962,2024-04,2024-04-29/2024-05-05
2024-04-30,Paid Social,1548.94,173529,1855,51,3224.5,30.37,2.082,2.749,1.069,2024-04,2024-04-29/2024-05-05
2024-04-30,Paid Search,702.28,30345,1140,44,3277.22,15.96,4.667,3.86,3.757,2024-04,2024-04-29/2024-05-05
2024-05-01,Paid Social,1597.21,196977,2033,52,3764.28,30.72,2.357,2.558,1.032,2024-05,2024-04-29/2024-05-05
2024-05-01,Paid Search,642.73,27326,1068,46,3457.08,13.97,5.379,4.307,3.908,2024-05,2024-04-29/2024-05-05
2024-05-01,Email,90.04,78272,3374,204,11329.63,0.44,125.829,6.046,4.311,2024-05,2024-04-29/2024-05-05
2024-05-01,SEO,193.75,208077,4922,130,8854.26,1.49,45.699,2.641,2.365,2024-05,2024-04-29/2024-05-05
2024-05-02,Paid Social,1614.85,177729,2395,65,4727.42,24.84,2.927,2.714,1.348,2024-05,2024-04-29/2024-05-05
2024-05-02,Email,86.2,68550,3072,222,13755.34,0.39,159.575,7.227,4.481,2024-05,2024-04-29/2024-05-05
2024-05-02,SEO,160.61,164170,2930,100,6665.36,1.61,41.5,3.413,1.785,2024-05,2024-04-29/2024-05-05
2024-05-02,Paid Search,685.47,30903,1212,53,3537.14,12.93,5.16,4.373,3.922,2024-05,2024-04-29/2024-05-05
2024-05-03,SEO,171.73,191521,3943,107,7547.26,1.6,43.948,2.714,2.059,2024-05,2024-04-29/2024-05-05
2024-05-03,Email,80.48,67291,3287,209,11699.55,0.39,145.372,6.358,4.885,2024-05,2024-04-29/2024-05-05
2024-05-03,Paid Search,712.41,30370,1028,52,3755.8,13.7,5.272,5.058,3.385,2024-05,2024-04-29/2024-05-05
2024-05-03,Paid Social,1671.87,207570,2416,71,4425.86,23.55,2.647,2.939,1.164,2024-05,2024-04-29/2024-05-05
2024-05-04,Paid Search,501.29,23596,751,35,2587.8,14.32,5.162,4.66,3.183,2024-05,2024-04-29/2024-05-05
2024-05-04,SEO,140.05,164689,3365,109,7121.87,1.28,50.852,3.239,2.043,2024-05,2024-04-29/2024-05-05
2024-05-04,Paid Social,982.47,105595,1201,37,2279.32,26.55,2.32,3.081,1.137,2024-05,2024-04-29/2024-05-05
2024-05-04,Email,64.66,57167,2814,163,9001.14,0.4,139.207,5.792,4.922,2024-05,2024-04-29/2024-05-05
2024-05-05,SEO,146.59,163847,3749,123,8719.55,1.19,59.483,3.281,2.288,2024-05,2024-04-29/2024-05-05
2024-05-05,Email,67.55,51047,2489,174,11564.32,0.39,171.196,6.991,4.876,2024-05,2024-04-29/2024-05-05
2024-05-05,Paid Social,1059.17,131475,1506,47,3133.54,22.54,2.958,3.121,1.145,2024-05,2024-04-29/2024-05-05
2024-05-05,Paid Search,483.4,21696,679,30,2434.44,16.11,5.036,4.418,3.13,2024-05,2024-04-29/2024-05-05
2024-05-06,Paid Search,589.51,29236,1132,49,3826.24,12.03,6.491,4.329,3.872,2024-05,2024-05-06/2024-05-12
2024-05-06,Email,105.36,95337,3720,277,17474.38,0.38,165.854,7.446,3.902,2024-05,2024-05-06/2024-05-12
2024-05-06,Paid Social,1493.31,166364,1738,45,3328.72,33.18,2.229,2.589,1.045,2024-05,2024-05-06/2024-05-12
2024-05-06,SEO,201.71,231776,4863,152,10065.97,1.33,49.903,3.126,2.098,2024-05,2024-05-06/2024-05-12
2024-05-07,Email,100.44,82117,4236,280,17332.33,0.36,172.564,6.61,5.158,2024-05,2024-05-06/2024-05-12
2024-05-07,Paid Social,1414.93,170850,1767,52,3249.08,27.21,2.296,2.943,1.034,2024-05,2024-05-06/2024-05-12
2024-05-07,Paid Search,736.9,33479,1328,66,4675.15,11.17,6.344,4.97,3.967,2024-05,2024-05-06/2024-05-12
2024-05-07,SEO,170.16,175091,3466,106,7989.33,1.61,46.952,3.058,1.98,2024-05,2024-05-06/2024-05-12
2024-05-08,Email,87.61,80119,3710,269,15113.37,0.33,172.507,7.251,4.631,2024-05,2024-05-06/2024-05-12
2024-05-08,Paid Search,715.98,31016,1086,42,3234.56,17.05,4.518,3.867,3.501,2024-05,2024-05-06/2024-05-12
2024-05-08,Paid Social,1371.33,176951,2127,65,4519.45,21.1,3.296,3.056,1.202,2024-05,2024-05-06/2024-05-12
2024-05-08,SEO,169.85,176895,3263,108,7130.48,1.57,41.981,3.31,1.845,2024-05,2024-05-06/2024-05-12
2024-05-09,SEO,212.78,252630,5914,166,11974.14,1.28,56.275,2.807,2.341,2024-05,2024-05-06/2024-05-12
2024-05-09,Paid Social,1507.87,163800,1906,45,2923.4,33.51,1.939,2.361,1.164,2024-05,2024-05-06/2024-05-12
2024-05-09,Paid Search,621.29,30872,1059,44,3532.5,14.12,5.686,4.155,3.43,2024-05,2024-05-06/2024-05-12
2024-05-09,Email,104.56,89862,4442,310,20435.53,0.34,195.443,6.979,4.943,2024-05,2024-05-06/2024-05-12
2024-05-10,SEO,161.58,171599,3497,109,7719.49,1.48,47.775,3.117,2.038,2024-05,2024-05-06/2024-05-12
2024-05-10,Email,94.89,81680,3899,246,14794.77,0.39,155.915,6.309,4.774,2024-05,2024-05-06/2024-05-12
2024-05-10,Paid Social,1697.65,205938,2652,83,6092.82,20.45,3.589,3.13,1.288,2024-05,2024-05-06/2024-05-12
2024-05-10,Paid Search,754.76,35435,1063,54,3789.61,13.98,5.021,5.08,3.0,2024-05,2024-05-06/2024-05-12
2024-05-11,Email,75.47,62096,3047,181,11695.93,0.42,154.975,5.94,4.907,2024-05,2024-05-06/2024-05-12
2024-05-11,Paid Social,1188.34,134388,1730,50,3249.39,23.77,2.734,2.89,1.287,2024-05,2024-05-06/2024-05-12
2024-05-11,Paid Search,500.1,23495,825,34,2672.54,14.71,5.344,4.121,3.511,2024-05,2024-05-06/2024-05-12
2024-05-11,SEO,126.29,140585,3155,83,6385.33,1.52,50.561,2.631,2.244,2024-05,2024-05-06/2024-05-12
2024-05-12,SEO,148.99,156659,3707,99,6638.99,1.5,44.56,2.671,2.366,2024-05,2024-05-06/2024-05-12
2024-05-12,Email,79.12,70541,2889,160,9364.52,0.49,118.358,5.538,4.095,2024-05,2024-05-06/2024-05-12
2024-05-12,Paid Social,1283.12,136137,1535,49,3250.11,26.19,2.533,3.192,1.128,2024-05,2024-05-06/2024-05-12
2024-05-12,Paid Search,537.52,22332,687,30,2315.18,17.92,4.307,4.367,3.076,2024-05,2024-05-06/2024-05-12
2024-05-13,SEO,181.42,207991,4254,128,8086.66,1.42,44.574,3.009,2.045,2024-05,2024-05-13/2024-05-19
2024-05-13,Paid Social,1306.86,149413,1848,44,2989.52,29.7,2.288,2.381,1.237,2024-05,2024-05-13/2024-05-19
2024-05-13,Paid Search,643.05,29881,1093,48,3839.12,13.4,5.97,4.392,3.658,2024-05,2024-05-13/2024-05-19
2024-05-13,Email,100.86,91921,3564,202,13186.57,0.5,130.741,5.668,3.877,2024-05,2024-05-13/2024-05-19
2024-05-14,Paid Search,648.64,31707,1017,43,3199.77,15.08,4.933,4.228,3.207,2024-05,2024-05-13/2024-05-19
2024-05-14,Email,82.77,71501,2987,176,10515.77,0.47,127.048,5.892,4.178,2024-05,2024-05-13/2024-05-19
2024-05-14,SEO,169.77,171468,3926,135,9263.98,1.26,54.568,3.439,2.29,2024-05,2024-05-13/2024-05-19
2024-05-14,Paid Social,1507.0,191259,2197,66,4291.78,22.83,2.848,3.004,1.149,2024-05,2024-05-13/2024-05-19
2024-05-15,Paid Search,645.64,27266,999,39,2953.4,16.55,4.574,3.904,3.664,2024-05,2024-05-13/2024-05-19
2024-05-15,Email,85.03,72019,3115,210,11780.44,0.4,138.545,6.742,4.325,2024-05,2024-05-13/2024-05-19
2024-05-15,Paid Social,1392.92,154450,2103,59,3829.63,23.61,2.749,2.806,1.362,2024-05,2024-05-13/2024-05-19
2024-05-15,SEO,164.3,182121,3935,115,7440.96,1.43,45.289,2.922,2.161,2024-05,2024-05-13/2024-05-19
2024-05-16,SEO,188.72,219981,4547,155,11032.29,1.22,58.459,3.409,2.067,2024-05,2024-05-13/2024-05-19
2024-05-16,Paid Search,589.27,24635,763,36,2402.89,16.37,4.078,4.718,3.097,2024-05,2024-05-13/2024-05-19
2024-05-16,Paid Social,1747.56,224358,2943,71,4604.58,24.61,2.635,2.413,1.312,2024-05,2024-05-13/2024-05-19
2024-05-16,Email,91.64,71217,3464,230,13172.76,0.4,143.745,6.64,4.864,2024-05,2024-05-13/2024-05-19
2024-05-17,SEO,170.93,202462,3821,111,8004.03,1.54,46.826,2.905,1.887,2024-05,2024-05-13/2024-05-19
2024-05-17,Paid Search,722.36,30347,1052,51,3923.12,14.16,5.431,4.848,3.467,2024-05,2024-05-13/2024-05-19
2024-05-17,Paid Social,1319.19,144396,1580,47,2887.15,28.07,2.189,2.975,1.094,2024-05,2024-05-13/2024-05-19
2024-05-17,Email,85.9,75766,3838,223,12982.34,0.39,151.133,5.81,5.066,2024-05,2024-05-13/2024-05-19
2024-05-18,Paid Search,493.86,24130,762,30,2240.31,16.46,4.536,3.937,3.158,2024-05,2024-05-13/2024-05-19
2024-05-18,SEO,120.88,128648,2517,84,5880.49,1.44,48.647,3.337,1.957,2024-05,2024-05-13/2024-05-19
2024-05-18,Paid Social,1112.37,130613,1675,45,3017.79,24.72,2.713,2.687,1.282,2024-05,2024-05-13/2024-05-19
2024-05-18,Email,71.85,61999,3094,206,11837.66,0.35,164.755,6.658,4.99,2024-05,2024-05-13/2024-05-19
2024-05-19,SEO,148.23,176001,3685,115,8456.14,1.29,57.047,3.121,2.094,2024-05,2024-05-13/2024-05-19
2024-05-19,Paid Social,996.98,105919,1277,33,2175.11,30.21,2.182,2.584,1.206,2024-05,2024-05-13/2024-05-19
2024-05-19,Paid Search,485.04,20673,727,30,2251.78,16.17,4.642,4.127,3.517,2024-05,2024-05-13/2024-05-19
2024-05-19,Email,64.12,50822,2366,175,10221.44,0.37,159.411,7.396,4.655,2024-05,2024-05-13/2024-05-19
2024-05-20,Paid Social,1329.78,141824,1476,40,2764.47,33.24,2.079,2.71,1.041,2024-05,2024-05-20/2024-05-26
2024-05-20,SEO,160.02,177806,3185,112,7733.33,1.43,48.327,3.516,1.791,2024-05,2024-05-20/2024-05-26
2024-05-20,Email,95.67,74298,3300,239,14109.82,0.4,147.484,7.242,4.442,2024-05,2024-05-20/2024-05-26
2024-05-20,Paid Search,768.58,32657,1172,45,3106.36,17.08,4.042,3.84,3.589,2024-05,2024-05-20/2024-05-26
2024-05-21,Email,101.49,91485,4054,224,14750.98,0.45,145.344,5.525,4.431,2024-05,2024-05-20/2024-05-26
2024-05-21,Paid Social,1438.31,179250,1975,55,4029.33,26.15,2.801,2.785,1.102,2024-05,2024-05-20/2024-05-26
2024-05-21,Paid Search,632.45,27359,1040,42,2878.39,15.06,4.551,4.038,3.801,2024-05,2024-05-20/2024-05-26
2024-05-21,SEO,167.86,186512,3789,103,7166.98,1.63,42.696,2.718,2.032,2024-05,2024-05-20/2024-05-26
2024-05-22,Paid Social,1331.22,151294,1972,52,3224.29,25.6,2.422,2.637,1.303,2024-05,2024-05-20/2024-05-26
2024-05-22,Email,87.05,67532,3065,175,11603.83,0.5,133.301,5.71,4.539,2024-05,2024-05-20/2024-05-26
2024-05-22,Paid Search,705.81,34012,1192,48,3321.06,14.7,4.705,4.027,3.505,2024-05,2024-05-20/2024-05-26
2024-05-22,SEO,167.18,175541,4057,127,9000.41,1.32,53.837,3.13,2.311,2024-05,2024-05-20/2024-05-26
2024-05-23,Email,91.9,72529,2973,220,13593.45,0.42,147.916,7.4,4.099,2024-05,2024-05-20/2024-05-26
2024-05-23,SEO,197.81,208154,4163,127,8298.05,1.56,41.95,3.051,2.0,2024-05,2024-05-20/2024-05-26
2024-05-23,Paid Social,1679.0,192937,2183,58,3944.55,28.95,2.349,2.657,1.131,2024-05,2024-05-20/2024-05-26
2024-05-23,Paid Search,602.33,27800,867,37,2477.05,16.28,4.112,4.268,3.119,2024-05,2024-05-20/2024-05-26
2024-05-24,SEO,191.25,233270,5479,191,14625.62,1.0,76.474,3.486,2.349,2024-05,2024-05-20/2024-05-26
2024-05-24,Paid Search,579.77,23747,931,38,2544.97,15.26,4.39,4.082,3.92,2024-05,2024-05-20/2024-05-26
2024-05-24,Paid Social,1696.82,180739,1874,50,3655.84,33.94,2.155,2.668,1.037,2024-05,2024-05-20/2024-05-26
2024-05-24,Email,99.34,76470,2939,182,10223.48,0.55,102.914,6.193,3.843,2024-05,2024-05-20/2024-05-26
2024-05-25,Paid Search,460.84,19000,683,30,2111.93,15.36,4.583,4.392,3.595,2024-05,2024-05-20/2024-05-26
2024-05-25,SEO,122.04,141885,2567,85,5767.89,1.44,47.262,3.311,1.809,2024-05,2024-05-20/2024-05-26
2024-05-25,Paid Social,1076.01,133728,1789,43,2693.06,25.02,2.503,2.404,1.338,2024-05,2024-05-20/2024-05-26
2024-05-25,Email,65.49,59395,2386,173,11112.49,0.38,169.682,7.251,4.017,2024-05,2024-05-20/2024-05-26
2024-05-26,Paid Social,1259.31,152068,1680,44,3187.73,28.62,2.531,2.619,1.105,2024-05,2024-05-20/2024-05-26
2024-05-26,SEO,147.99,168359,3268,94,6188.73,1.57,41.819,2.876,1.941,2024-05,2024-05-20/2024-05-26
2024-05-26,Email,68.3,55666,2640,190,11732.78,0.36,171.783,7.197,4.743,2024-05,2024-05-20/2024-05-26
2024-05-26,Paid Search,489.83,23801,853,39,3001.1,12.56,6.127,4.572,3.584,2024-05,2024-05-20/2024-05-26
2024-05-27,SEO,207.03,210351,4964,175,12633.39,1.18,61.022,3.525,2.36,2024-05,2024-05-27/2024-06-02
2024-05-27,Email,104.08,91995,4365,287,17289.52,0.36,166.118,6.575,4.745,2024-05,2024-05-27/2024-06-02
2024-05-27,Paid Search,733.32,35345,1392,58,4653.28,12.64,6.345,4.167,3.938,2024-05,2024-05-27/2024-06-02
2024-05-27,Paid Social,1798.53,207975,2630,67,4384.4,26.84,2.438,2.548,1.265,2024-05,2024-05-27/2024-06-02
2024-05-28,SEO,197.38,221525,4969,134,9056.28,1.47,45.882,2.697,2.243,2024-05,2024-05-27/2024-06-02
2024-05-28,Email,86.4,71353,3584,251,16119.99,0.34,186.574,7.003,5.023,2024-05,2024-05-27/2024-06-02
2024-05-28,Paid Social,1711.64,184893,2240,58,3885.84,29.51,2.27,2.589,1.212,2024-05,2024-05-27/2024-06-02
2024-05-28,Paid Search,659.76,28900,1114,47,3173.32,14.04,4.81,4.219,3.855,2024-05,2024-05-27/2024-06-02
2024-05-29,Paid Search,667.34,28496,861,44,3318.25,15.17,4.972,5.11,3.021,2024-05,2024-05-27/2024-06-02
2024-05-29,SEO,203.28,215427,4466,133,9268.02,1.53,45.592,2.978,2.073,2024-05,2024-05-27/2024-06-02
2024-05-29,Paid Social,1401.74,171950,1998,56,3942.53,25.03,2.813,2.803,1.162,2024-05,2024-05-27/2024-06-02
2024-05-29,Email,83.58,64124,2648,149,8791.35,0.56,105.185,5.627,4.129,2024-05,2024-05-27/2024-06-02
2024-05-30,Paid Search,620.46,30863,1139,53,3533.49,11.71,5.695,4.653,3.691,2024-05,2024-05-27/2024-06-02
2024-05-30,SEO,202.03,206600,4428,138,10173.57,1.46,50.357,3.117,2.143,2024-05,2024-05-27/2024-06-02
2024-05-30,Paid Social,1538.4,170039,2142,51,3437.97,30.16,2.235,2.381,1.26,2024-05,2024-05-27/2024-06-02
2024-05-30,Email,91.26,81279,3761,242,13760.9,0.38,150.788,6.434,4.627,2024-05,2024-05-27/2024-06-02
2024-05-31,Email,96.51,81202,3164,200,13086.27,0.48,135.595,6.321,3.896,2024-05,2024-05-27/2024-06-02
2024-05-31,Paid Social,1567.29,167174,2144,65,4009.85,24.11,2.558,3.032,1.282,2024-05,2024-05-27/2024-06-02
2024-05-31,Paid Search,579.87,26636,923,41,2897.8,14.14,4.997,4.442,3.465,2024-05,2024-05-27/2024-06-02
2024-05-31,SEO,209.59,224851,4975,149,9454.4,1.41,45.109,2.995,2.213,2024-05,2024-05-27/2024-06-02
2024-06-01,Paid Social,1315.88,161825,2006,62,4482.72,21.22,3.407,3.091,1.24,2024-06,2024-05-27/2024-06-02
2024-06-01,SEO,131.63,159682,3436,105,6743.35,1.25,51.23,3.056,2.152,2024-06,2024-05-27/2024-06-02
2024-06-01,Email,74.65,67969,2799,204,12379.98,0.37,165.84,7.288,4.118,2024-06,2024-05-27/2024-06-02
2024-06-01,Paid Search,496.3,21520,829,36,2578.25,13.79,5.195,4.343,3.852,2024-06,2024-05-27/2024-06-02
2024-06-02,Email,76.83,59479,2720,177,10361.21,0.43,134.859,6.507,4.573,2024-06,2024-05-27/2024-06-02
2024-06-02,Paid Search,570.79,28361,865,41,3292.15,13.92,5.768,4.74,3.05,2024-06,2024-05-27/2024-06-02
2024-06-02,Paid Social,1238.57,142655,1477,47,3024.57,26.35,2.442,3.182,1.035,2024-06,2024-05-27/2024-06-02
2024-06-02,SEO,124.81,133904,2897,80,5378.25,1.56,43.091,2.761,2.163,2024-06,2024-05-27/2024-06-02
2024-06-03,Paid Social,1736.73,215606,2562,68,5036.34,25.54,2.9,2.654,1.188,2024-06,2024-06-03/2024-06-09
2024-06-03,Email,97.94,84840,4157,287,15973.82,0.34,163.098,6.904,4.9,2024-06,2024-06-03/2024-06-09
2024-06-03,SEO,178.64,199027,3952,125,9423.89,1.43,52.754,3.163,1.986,2024-06,2024-06-03/2024-06-09
2024-06-03,Paid Search,656.9,31718,1103,56,4372.09,11.73,6.656,5.077,3.478,2024-06,2024-06-03/2024-06-09
2024-06-04,Paid Search,621.34,28343,899,37,2728.24,16.79,4.391,4.116,3.172,2024-06,2024-06-03/2024-06-09
2024-06-04,Paid Social,1459.31,183485,2319,60,4451.16,24.32,3.05,2.587,1.264,2024-06,2024-06-03/2024-06-09
2024-06-04,SEO,193.45,199549,4741,149,10970.54,1.3,56.71,3.143,2.376,2024-06,2024-06-03/2024-06-09
2024-06-04,Email,99.82,86481,3749,253,14006.53,0.39,140.318,6.748,4.335,2024-06,2024-06-03/2024-06-09
2024-06-05,Paid Search,643.6,28119,880,35,2343.1,18.39,3.641,3.977,3.13,2024-06,2024-06-03/2024-06-09
2024-06-05,Email,81.48,71267,3096,198,13227.48,0.41,162.34,6.395,4.344,2024-06,2024-06-03/2024-06-09
2024-06-05,Paid Social,1663.2,191902,2291,59,4230.65,28.19,2.544,2.575,1.194,2024-06,2024-06-03/2024-06-09
2024-06-05,SEO,193.49,221590,5077,143,9967.17,1.35,51.513,2.817,2.291,2024-06,2024-06-03/2024-06-09
2024-06-06,Paid Social,1409.71,177064,2397,58,4119.68,24.31,2.922,2.42,1.354,2024-06,2024-06-03/2024-06-09
2024-06-06,SEO,186.44,214079,4342,126,8171.04,1.48,43.827,2.902,2.028,2024-06,2024-06-03/2024-06-09
2024-06-06,Email,104.43,86314,3475,259,16013.39,0.4,153.341,7.453,4.026,2024-06,2024-06-03/2024-06-09
2024-06-06,Paid Search,766.5,35071,1248,59,4145.59,12.99,5.408,4.728,3.558,2024-06,2024-06-03/2024-06-09
2024-06-07,Paid Search,693.81,30134,930,45,3319.54,15.42,4.785,4.839,3.086,2024-06,2024-06-03/2024-06-09
2024-06-07,Paid Social,1398.42,172430,2123,56,3438.32,24.97,2.459,2.638,1.231,2024-06,2024-06-03/2024-06-09
2024-06-07,SEO,203.21,237664,5366,159,11687.16,1.28,57.513,2.963,2.258,2024-06,2024-06-03/2024-06-09
2024-06-07,Email,79.26,68204,3290,225,14922.1,0.35,188.268,6.839,4.824,2024-06,2024-06-03/2024-06-09
2024-06-08,Paid Search,573.46,27076,852,42,3233.68,13.65,5.639,4.93,3.147,2024-06,2024-06-03/2024-06-09
2024-06-08,SEO,124.8,129369,2843,91,6745.39,1.37,54.05,3.201,2.198,2024-06,2024-06-03/2024-06-09
2024-06-08,Paid Social,1308.05,160753,2000,56,4063.51,23.36,3.107,2.8,1.244,2024-06,2024-06-03/2024-06-09
2024-06-08,Email,62.76,52338,2487,155,8801.53,0.4,140.241,6.232,4.752,2024-06,2024-06-03/2024-06-09
2024-06-09,Paid Search,447.16,20071,699,33,2199.33,13.55,4.918,4.721,3.483,2024-06,2024-06-03/2024-06-09
2024-06-09,Paid Social,1170.09,138810,1484,37,2394.19,31.62,2.046,2.493,1.069,2024-06,2024-06-03/2024-06-09
2024-06-09,Email,67.2,54921,2739,173,9976.69,0.39,148.463,6.316,4.987,2024-06,2024-06-03/2024-06-09
2024-06-09,SEO,130.59,145177,2817,75,4901.95,1.74,37.537,2.662,1.94,2024-06,2024-06-03/2024-06-09
2024-06-10,SEO,172.17,181058,3967,108,7637.58,1.59,44.361,2.722,2.191,2024-06,2024-06-10/2024-06-16
2024-06-10,Paid Social,1831.3,201293,2609,72,5328.23,25.43,2.91,2.76,1.296,2024-06,2024-06-10/2024-06-16
2024-06-10,Email,107.16,80758,3404,192,10738.93,0.56,100.214,5.64,4.215,2024-06,2024-06-10/2024-06-16
2024-06-10,Paid Search,687.96,29703,1024,46,3686.69,14.96,5.359,4.492,3.447,2024-06,2024-06-10/2024-06-16
2024-06-11,Email,100.62,87776,4457,262,14581.46,0.38,144.916,5.878,5.078,2024-06,2024-06-10/2024-06-16
2024-06-11,Paid Social,1444.51,157002,1814,51,3733.31,28.32,2.584,2.811,1.155,2024-06,2024-06-10/2024-06-16
2024-06-11,SEO,190.82,228229,4780,166,12305.08,1.15,64.485,3.473,2.094,2024-06,2024-06-10/2024-06-16
2024-06-11,Paid Search,724.78,35814,1354,63,4999.31,11.5,6.898,4.653,3.781,2024-06,2024-06-10/2024-06-16
2024-06-12,Email,85.6,76546,3894,219,13951.68,0.39,162.987,5.624,5.087,2024-06,2024-06-10/2024-06-16
2024-06-12,Paid Search,704.88,30274,945,45,3662.25,15.66,5.196,4.762,3.121,2024-06,2024-06-10/2024-06-16
2024-06-12,SEO,198.48,223135,4746,162,10349.36,1.23,52.143,3.413,2.127,2024-06,2024-06-10/2024-06-16
2024-06-12,Paid Social,1616.16,197395,2279,62,4238.26,26.07,2.622,2.72,1.155,2024-06,2024-06-10/2024-06-16
2024-06-13,SEO,208.86,210063,4615,152,11536.62,1.37,55.236,3.294,2.197,2024-06,2024-06-10/2024-06-16
2024-06-13,Email,97.03,81420,3691,227,13019.76,0.43,134.183,6.15,4.533,2024-06,2024-06-10/2024-06-16
2024-06-13,Paid Social,1430.23,151652,2086,53,3519.05,26.99,2.46,2.541,1.376,2024-06,2024-06-10/2024-06-16
2024-06-13,Paid Search,763.15,37460,1360,69,5220.67,11.06,6.841,5.074,3.631,2024-06,2024-06-10/2024-06-16
2024-06-14,Email,89.59,67974,3225,184,10858.15,0.49,121.198,5.705,4.744,2024-06,2024-06-10/2024-06-16
2024-06-14,SEO,187.64,189303,4134,146,9932.49,1.29,52.934,3.532,2.184,2024-06,2024-06-10/2024-06-16
2024-06-14,Paid Social,1600.53,191278,2089,57,3969.16,28.08,2.48,2.729,1.092,2024-06,2024-06-10/2024-06-16
2024-06-14,Paid Search,603.37,26216,795,33,2535.57,18.28,4.202,4.151,3.032,2024-06,2024-06-10/2024-06-16
2024-06-15,Email,69.91,56304,2720,177,9783.39,0.39,139.943,6.507,4.831,2024-06,2024-06-10/2024-06-16
2024-06-15,Paid Search,440.69,21353,713,30,2028.25,14.69,4.602,4.208,3.339,2024-06,2024-06-10/2024-06-16
2024-06-15,Paid Social,1256.5,149970,1586,38,2326.88,33.07,1.852,2.396,1.058,2024-06,2024-06-10/2024-06-16
2024-06-15,SEO,160.05,161145,3405,108,8155.62,1.48,50.957,3.172,2.113,2024-06,2024-06-10/2024-06-16
2024-06-16,Paid Search,535.63,22606,790,34,2595.47,15.75,4.846,4.304,3.495,2024-06,2024-06-10/2024-06-16
2024-06-16,SEO,130.91,135499,3011,105,7517.13,1.25,57.422,3.487,2.222,2024-06,2024-06-10/2024-06-16
2024-06-16,Paid Social,1184.07,134769,1456,43,2674.98,27.54,2.259,2.953,1.08,2024-06,2024-06-10/2024-06-16
2024-06-16,Email,70.42,55453,2817,155,9619.58,0.45,136.603,5.502,5.08,2024-06,2024-06-10/2024-06-16
2024-06-17,Paid Search,685.77,28474,1113,43,3484.25,15.95,5.081,3.863,3.909,2024-06,2024-06-17/2024-06-23
2024-06-17,Paid Social,1431.93,180765,2152,60,4202.14,23.87,2.935,2.788,1.19,2024-06,2024-06-17/2024-06-23
2024-06-17,SEO,162.98,195257,3791,128,8920.38,1.27,54.733,3.376,1.942,2024-06,2024-06-17/2024-06-23
2024-06-17,Email,93.67,84385,3283,244,13533.19,0.38,144.477,7.432,3.891,2024-06,2024-06-17/2024-06-23
2024-06-18,Email,81.06,62182,2588,180,11384.71,0.45,140.448,6.955,4.162,2024-06,2024-06-17/2024-06-23
2024-06-18,SEO,204.31,223602,4127,126,9587.15,1.62,46.925,3.053,1.846,2024-06,2024-06-17/2024-06-23
2024-06-18,Paid Social,1896.23,221161,2893,73,5076.87,25.98,2.677,2.523,1.308,2024-06,2024-06-17/2024-06-23
2024-06-18,Paid Search,759.44,33096,1299,54,3716.7,14.06,4.894,4.157,3.925,2024-06,2024-06-17/2024-06-23
2024-06-19,Email,87.11,74322,3138,174,9641.48,0.5,110.682,5.545,4.222,2024-06,2024-06-17/2024-06-23
2024-06-19,Paid Social,1823.46,223754,2465,65,4698.73,28.05,2.577,2.637,1.102,2024-06,2024-06-17/2024-06-23
2024-06-19,Paid Search,761.75,33489,1261,50,3455.4,15.24,4.536,3.965,3.765,2024-06,2024-06-17/2024-06-23
2024-06-19,SEO,177.4,203539,3676,112,8084.22,1.58,45.571,3.047,1.806,2024-06,2024-06-17/2024-06-23
2024-06-20,Paid Search,717.12,35449,1352,65,4339.59,11.03,6.051,4.808,3.814,2024-06,2024-06-17/2024-06-23
2024-06-20,SEO,174.84,209362,4127,119,8742.73,1.47,50.004,2.883,1.971,2024-06,2024-06-17/2024-06-23
2024-06-20,Email,86.14,74881,3692,267,17848.6,0.32,207.205,7.232,4.93,2024-06,2024-06-17/2024-06-23
2024-06-20,Paid Social,1826.09,200156,2446,64,4678.97,28.53,2.562,2.617,1.222,2024-06,2024-06-17/2024-06-23
2024-06-21,Paid Search,637.88,30325,1132,57,4463.55,11.19,6.997,5.035,3.733,2024-06,2024-06-17/2024-06-23
2024-06-21,SEO,209.64,256209,4963,132,10121.29,1.59,48.279,2.66,1.937,2024-06,2024-06-17/2024-06-23
2024-06-21,Paid Social,1529.74,181185,2473,74,5457.48,20.67,3.568,2.992,1.365,2024-06,2024-06-17/2024-06-23
2024-06-21,Email,78.6,68392,3464,242,15012.95,0.32,191.004,6.986,5.065,2024-06,2024-06-17/2024-06-23
2024-06-22,Email,63.93,52547,2215,159,9791.16,0.4,153.154,7.178,4.215,2024-06,2024-06-17/2024-06-23
2024-06-22,Paid Social,1300.45,142962,1598,38,2789.28,34.22,2.145,2.378,1.118,2024-06,2024-06-17/2024-06-23
2024-06-22,SEO,180.56,162062,3244,114,7205.35,1.58,39.906,3.514,2.002,2024-06,2024-06-17/2024-06-23
2024-06-22,Paid Search,492.55,23614,949,42,3387.8,11.73,6.878,4.426,4.019,2024-06,2024-06-17/2024-06-23
2024-06-23,Email,61.65,53145,2374,135,7689.29,0.46,124.725,5.687,4.467,2024-06,2024-06-17/2024-06-23
2024-06-23,Paid Social,1303.11,150412,1750,44,2960.39,29.62,2.272,2.514,1.163,2024-06,2024-06-17/2024-06-23
2024-06-23,Paid Search,447.57,20809,767,37,2739.94,12.1,6.122,4.824,3.686,2024-06,2024-06-17/2024-06-23
2024-06-23,SEO,136.19,157065,3472,102,7772.37,1.34,57.07,2.938,2.211,2024-06,2024-06-17/2024-06-23
2024-06-24,Email,91.71,79519,3306,237,13199.98,0.39,143.932,7.169,4.157,2024-06,2024-06-24/2024-06-30
2024-06-24,Paid Search,604.76,27933,1019,41,3147.88,14.75,5.205,4.024,3.648,2024-06,2024-06-24/2024-06-30
2024-06-24,SEO,202.41,205757,4572,129,9315.22,1.57,46.022,2.822,2.222,2024-06,2024-06-24/2024-06-30
2024-06-24,Paid Social,1600.99,173811,2336,56,4018.13,28.59,2.51,2.397,1.344,2024-06,2024-06-24/2024-06-30
2024-06-25,SEO,182.86,220149,4324,128,9532.03,1.43,52.127,2.96,1.964,2024-06,2024-06-24/2024-06-30
2024-06-25,Email,91.86,80826,3340,245,14189.4,0.37,154.468,7.335,4.132,2024-06,2024-06-24/2024-06-30
2024-06-25,Paid Search,603.98,25969,912,40,2828.96,15.1,4.684,4.386,3.512,2024-06,2024-06-24/2024-06-30
2024-06-25,Paid Social,1599.07,189476,2465,63,4622.06,25.38,2.89,2.556,1.301,2024-06,2024-06-24/2024-06-30
2024-06-26,Paid Social,1789.44,223504,2709,71,4838.17,25.2,2.704,2.621,1.212,2024-06,2024-06-24/2024-06-30
2024-06-26,SEO,178.29,190302,4581,135,9170.07,1.32,51.433,2.947,2.407,2024-06,2024-06-24/2024-06-30
2024-06-26,Email,107.07,89215,4269,304,20177.92,0.35,188.455,7.121,4.785,2024-06,2024-06-24/2024-06-30
2024-06-26,Paid Search,739.35,33137,1165,54,4142.54,13.69,5.603,4.635,3.516,2024-06,2024-06-24/2024-06-30
2024-06-27,Paid Social,1794.15,208875,2787,84,5708.44,21.36,3.182,3.014,1.334,2024-06,2024-06-24/2024-06-30
2024-06-27,Email,94.76,76466,3257,196,12490.48,0.48,131.812,6.018,4.259,2024-06,2024-06-24/2024-06-30
2024-06-27,Paid Search,707.21,32339,972,48,3529.17,14.73,4.99,4.938,3.006,2024-06,2024-06-24/2024-06-30
2024-06-27,SEO,207.36,250881,5892,165,11849.64,1.26,57.145,2.8,2.349,2024-06,2024-06-24/2024-06-30
2024-06-28,Paid Social,1939.57,239867,3276,99,6798.8,19.59,3.505,3.022,1.366,2024-06,2024-06-24/2024-06-30
2024-06-28,SEO,212.87,236810,5484,189,13186.62,1.13,61.947,3.446,2.316,2024-06,2024-06-24/2024-06-30
2024-06-28,Paid Search,689.91,28914,1110,44,3468.77,15.68,5.028,3.964,3.839,2024-06,2024-06-24/2024-06-30
2024-06-28,Email,80.89,71739,2973,209,13566.49,0.39,167.715,7.03,4.144,2024-06,2024-06-24/2024-06-30
2024-06-29,Paid Social,1287.15,154805,1783,43,3107.13,29.93,2.414,2.412,1.152,2024-06,2024-06-24/2024-06-30
2024-06-29,SEO,125.93,132360,2757,94,6470.59,1.34,51.382,3.41,2.083,2024-06,2024-06-24/2024-06-30
2024-06-29,Email,74.91,68659,2781,187,10563.93,0.4,141.022,6.724,4.05,2024-06,2024-06-24/2024-06-30
2024-06-29,Paid Search,476.56,23299,855,39,2850.78,12.22,5.982,4.561,3.67,2024-06,2024-06-24/2024-06-30
2024-06-30,Paid Social,1317.77,160154,1682,48,3266.85,27.45,2.479,2.854,1.05,2024-06,2024-06-24/2024-06-30
2024-06-30,SEO,132.84,141978,2721,77,4935.72,1.73,37.155,2.83,1.916,2024-06,2024-06-24/2024-06-30
2024-06-30,Paid Search,546.89,25889,902,39,3007.54,14.02,5.499,4.324,3.484,2024-06,2024-06-24/2024-06-30
2024-06-30,Email,79.66,60728,2723,188,10374.06,0.42,130.229,6.904,4.484,2024-06,2024-06-24/2024-06-30
2024-07-01,Paid Social,1874.99,224499,2633,68,4377.11,27.57,2.334,2.583,1.173,2024-07,2024-07-01/2024-07-07
2024-07-01,Email,96.61,84065,4151,292,18359.48,0.33,190.037,7.034,4.938,2024-07,2024-07-01/2024-07-07
2024-07-01,Paid Search,605.59,29281,1068,41,3233.23,14.77,5.339,3.839,3.647,2024-07,2024-07-01/2024-07-07
2024-07-01,SEO,192.39,222301,4458,158,10066.03,1.22,52.321,3.544,2.005,2024-07,2024-07-01/2024-07-07
2024-07-02,Paid Social,1865.33,210453,2348,71,4796.55,26.27,2.571,3.024,1.116,2024-07,2024-07-01/2024-07-07
2024-07-02,Paid Search,652.31,28918,951,48,3828.7,13.59,5.869,5.047,3.289,2024-07,2024-07-01/2024-07-07
2024-07-02,Email,104.04,92755,4410,322,18542.81,0.32,178.228,7.302,4.754,2024-07,2024-07-01/2024-07-07
2024-07-02,SEO,170.07,203996,3922,125,9307.45,1.36,54.727,3.187,1.923,2024-07,2024-07-01/2024-07-07
2024-07-03,Paid Social,1574.54,248080,3254,79,5431.43,19.93,3.45,2.428,1.312,2024-07,2024-07-01/2024-07-07
2024-07-03,Paid Search,647.89,27592,1009,47,3456.77,13.78,5.335,4.658,3.657,2024-07,2024-07-01/2024-07-07
2024-07-03,Email,97.04,86375,4181,257,16134.09,0.38,166.262,6.147,4.841,2024-07,2024-07-01/2024-07-07
2024-07-03,SEO,189.68,206704,4574,161,11719.47,1.18,61.785,3.52,2.213,2024-07,2024-07-01/2024-07-07
2024-07-04,Paid Search,601.69,25603,918,40,2958.18,15.04,4.916,4.357,3.586,2024-07,2024-07-01/2024-07-07
2024-07-04,Paid Social,1657.58,183753,2366,71,4839.01,23.35,2.919,3.001,1.288,2024-07,2024-07-01/2024-07-07
2024-07-04,Email,96.03,75871,3032,212,12693.98,0.45,132.188,6.992,3.996,2024-07,2024-07-01/2024-07-07
2024-07-04,SEO,201.03,225540,5347,153,11030.17,1.31,54.868,2.861,2.371,2024-07,2024-07-01/2024-07-07
2024-07-05,SEO,179.5,217660,5053,156,10348.33,1.15,57.651,3.087,2.322,2024-07,2024-07-01/2024-07-07
2024-07-05,Paid Social,1574.3,170926,1998,51,3704.79,30.87,2.353,2.553,1.169,2024-07,2024-07-01/2024-07-07
2024-07-05,Email,81.69,63962,2996,175,11218.45,0.47,137.33,5.841,4.684,2024-07,2024-07-01/2024-07-07
2024-07-05,Paid Search,775.68,34233,1327,62,4575.41,12.51,5.899,4.672,3.876,2024-07,2024-07-01/2024-07-07
2024-07-06,Email,79.38,70781,3050,226,14215.59,0.35,179.083,7.41,4.309,2024-07,2024-07-01/2024-07-07
2024-07-06,SEO,125.76,129915,3121,107,6896.59,1.18,54.839,3.428,2.402,2024-07,2024-07-01/2024-07-07
2024-07-06,Paid Search,493.06,20314,627,31,2128.46,15.91,4.317,4.944,3.087,2024-07,2024-07-01/2024-07-07
2024-07-06,Paid Social,1157.24,149422,1871,48,3220.5,24.11,2.783,2.565,1.252,2024-07,2024-07-01/2024-07-07
2024-07-07,Email,66.08,50292,2256,127,7254.99,0.52,109.791,5.629,4.486,2024-07,2024-07-01/2024-07-07
2024-07-07,Paid Social,1227.92,144140,1596,42,2686.77,29.24,2.188,2.632,1.107,2024-07,2024-07-01/2024-07-07
2024-07-07,SEO,155.42,186823,3534,100,7248.0,1.55,46.635,2.83,1.892,2024-07,2024-07-01/2024-07-07
2024-07-07,Paid Search,569.67,24895,865,43,3371.02,13.25,5.917,4.971,3.475,2024-07,2024-07-01/2024-07-07
2024-07-08,SEO,169.35,202103,4495,126,7970.96,1.34,47.068,2.803,2.224,2024-07,2024-07-08/2024-07-14
2024-07-08,Paid Search,701.01,32993,1282,52,4199.13,13.48,5.99,4.056,3.886,2024-07,2024-07-08/2024-07-14
2024-07-08,Paid Social,1707.92,188709,2093,65,4842.7,26.28,2.835,3.106,1.109,2024-07,2024-07-08/2024-07-14
2024-07-08,Email,103.45,78920,3540,233,15084.12,0.44,145.811,6.582,4.486,2024-07,2024-07-08/2024-07-14
2024-07-09,Email,94.41,74858,2900,192,10610.48,0.49,112.387,6.621,3.874,2024-07,2024-07-08/2024-07-14
2024-07-09,SEO,217.77,250939,5695,177,13068.38,1.23,60.01,3.108,2.269,2024-07,2024-07-08/2024-07-14
2024-07-09,Paid Search,648.59,31696,1214,52,3694.74,12.47,5.697,4.283,3.83,2024-07,2024-07-08/2024-07-14
2024-07-09,Paid Social,1925.3,208627,2743,80,5600.91,24.07,2.909,2.917,1.315,2024-07,2024-07-08/2024-07-14
2024-07-10,Paid Social,1787.58,189781,2154,67,4968.06,26.68,2.779,3.11,1.135,2024-07,2024-07-08/2024-07-14
2024-07-10,SEO,174.48,208802,4908,152,11397.06,1.15,65.32,3.097,2.351,2024-07,2024-07-08/2024-07-14
2024-07-10,Paid Search,680.95,31676,1099,50,3570.14,13.62,5.243,4.55,3.47,2024-07,2024-07-08/2024-07-14
2024-07-10,Email,106.57,88012,3541,236,15319.36,0.45,143.749,6.665,4.023,2024-07,2024-07-08/2024-07-14
2024-07-11,SEO,211.29,244643,5849,164,11842.24,1.29,56.047,2.804,2.391,2024-07,2024-07-08/2024-07-14
2024-07-11,Email,84.3,73341,3579,256,17142.04,0.33,203.346,7.153,4.88,2024-07,2024-07-08/2024-07-14
2024-07-11,Paid Social,1566.34,172515,1908,49,3530.21,31.97,2.254,2.568,1.106,2024-07,2024-07-08/2024-07-14
2024-07-11,Paid Search,640.08,30756,1201,54,3605.55,11.85,5.633,4.496,3.905,2024-07,2024-07-08/2024-07-14
2024-07-12,SEO,211.9,249187,4917,164,12500.72,1.29,58.993,3.335,1.973,2024-07,2024-07-08/2024-07-14
2024-07-12,Paid Social,1699.87,211845,2653,79,5617.82,21.52,3.305,2.978,1.252,2024-07,2024-07-08/2024-07-14
2024-07-12,Email,80.95,62354,3201,227,13739.41,0.36,169.727,7.092,5.134,2024-07,2024-07-08/2024-07-14
2024-07-12,Paid Search,668.96,28518,1082,53,3902.23,12.62,5.833,4.898,3.794,2024-07,2024-07-08/2024-07-14
2024-07-13,Email,62.65,57282,2693,178,11629.9,0.35,185.633,6.61,4.701,2024-07,2024-07-08/2024-07-14
2024-07-13,Paid Search,516.24,25462,868,38,2663.14,13.59,5.159,4.378,3.409,2024-07,2024-07-08/2024-07-14
2024-07-13,Paid Social,1418.85,164820,2239,66,4711.77,21.5,3.321,2.948,1.358,2024-07,2024-07-08/2024-07-14
2024-07-13,SEO,123.25,144206,3142,87,6465.86,1.42,52.461,2.769,2.179,2024-07,2024-07-08/2024-07-14
2024-07-14,Paid Social,1263.72,149764,1921,45,2796.64,28.08,2.213,2.343,1.283,2024-07,2024-07-08/2024-07-14
2024-07-14,Email,67.74,56617,2637,157,9803.39,0.43,144.721,5.954,4.658,2024-07,2024-07-08/2024-07-14
2024-07-14,Paid Search,570.89,26034,962,38,3014.58,15.02,5.28,3.95,3.695,2024-07,2024-07-08/2024-07-14
2024-07-14,SEO,129.82,138959,2576,85,6275.14,1.53,48.337,3.3,1.854,2024-07,2024-07-08/2024-07-14
2024-07-15,SEO,200.2,243902,4832,146,10559.99,1.37,52.747,3.022,1.981,2024-07,2024-07-15/2024-07-21
2024-07-15,Paid Social,2030.29,215571,2949,77,5444.76,26.37,2.682,2.611,1.368,2024-07,2024-07-15/2024-07-21
2024-07-15,Paid Search,662.55,31768,1226,59,4151.25,11.23,6.266,4.812,3.859,2024-07,2024-07-15/2024-07-21
2024-07-15,Email,81.37,68423,2655,147,9689.72,0.55,119.082,5.537,3.88,2024-07,2024-07-15/2024-07-21
2024-07-16,SEO,198.99,237718,5561,171,12581.28,1.16,63.226,3.075,2.339,2024-07,2024-07-15/2024-07-21
2024-07-16,Paid Social,1667.3,178452,2080,58,3557.46,28.75,2.134,2.788,1.166,2024-07,2024-07-15/2024-07-21
2024-07-16,Email,105.2,91881,4199,284,17898.78,0.37,170.14,6.764,4.57,2024-07,2024-07-15/2024-07-21
2024-07-16,Paid Search,722.28,34820,1180,52,3547.99,13.89,4.912,4.407,3.389,2024-07,2024-07-15/2024-07-21
2024-07-17,SEO,214.47,226567,5097,148,9978.07,1.45,46.524,2.904,2.25,2024-07,2024-07-15/2024-07-21
2024-07-17,Paid Social,1788.57,206794,2283,59,4270.4,30.31,2.388,2.584,1.104,2024-07,2024-07-15/2024-07-21
2024-07-17,Email,106.44,80311,3338,206,11889.93,0.52,111.705,6.171,4.156,2024-07,2024-07-15/2024-07-21
2024-07-17,Paid Search,594.66,26406,920,46,3516.2,12.93,5.913,5.0,3.484,2024-07,2024-07-15/2024-07-21
2024-07-18,Email,83.21,70884,2927,207,11780.15,0.4,141.571,7.072,4.129,2024-07,2024-07-15/2024-07-21
2024-07-18,SEO,191.35,222427,5175,146,11170.92,1.31,58.38,2.821,2.327,2024-07,2024-07-15/2024-07-21
2024-07-18,Paid Search,655.59,30094,1010,43,3312.01,15.25,5.052,4.257,3.356,2024-07,2024-07-15/2024-07-21
2024-07-18,Paid Social,2077.05,246595,2622,74,4637.25,28.07,2.233,2.822,1.063,2024-07,2024-07-15/2024-07-21
2024-07-19,Email,107.23,83695,3305,207,12810.98,0.52,119.472,6.263,3.949,2024-07,2024-07-15/2024-07-21
2024-07-19,Paid Search,585.53,27103,1018,44,3448.39,13.31,5.889,4.322,3.756,2024-07,2024-07-15/2024-07-21
2024-07-19,SEO,208.56,252951,4941,171,12535.6,1.22,60.105,3.461,1.953,2024-07,2024-07-15/2024-07-21
2024-07-19,Paid Social,1707.29,204834,2395,67,4258.97,25.48,2.495,2.797,1.169,2024-07,2024-07-15/2024-07-21
2024-07-20,Paid Social,1192.04,126617,1444,44,2935.11,27.09,2.462,3.047,1.14,2024-07,2024-07-15/2024-07-21
2024-07-20,Email,77.08,66482,2999,213,13518.08,0.36,175.377,7.102,4.511,2024-07,2024-07-15/2024-07-21
2024-07-20,Paid Search,442.13,21837,749,29,2016.64,15.25,4.561,3.872,3.43,2024-07,2024-07-15/2024-07-21
2024-07-20,SEO,188.05,163300,3200,87,6386.72,2.16,33.963,2.719,1.96,2024-07,2024-07-15/2024-07-21
2024-07-21,Paid Search,530.52,25255,861,41,3086.63,12.94,5.818,4.762,3.409,2024-07,2024-07-15/2024-07-21
2024-07-21,Paid Social,1424.62,166673,1908,52,3339.46,27.4,2.344,2.725,1.145,2024-07,2024-07-15/2024-07-21
2024-07-21,SEO,128.5,151875,2882,102,7044.05,1.26,54.818,3.539,1.898,2024-07,2024-07-15/2024-07-21
2024-07-21,Email,71.25,63026,2980,190,11769.34,0.38,165.184,6.376,4.728,2024-07,2024-07-15/2024-07-21
2024-07-22,Email,100.44,81805,4027,250,15901.31,0.4,158.317,6.208,4.923,2024-07,2024-07-22/2024-07-28
2024-07-22,Paid Search,640.12,27857,1066,41,3194.77,15.61,4.991,3.846,3.827,2024-07,2024-07-22/2024-07-28
2024-07-22,Paid Social,1666.34,206989,2750,82,5698.05,20.32,3.42,2.982,1.329,2024-07,2024-07-22/2024-07-28
2024-07-22,SEO,174.49,205469,4004,106,7010.69,1.65,40.178,2.647,1.949,2024-07,2024-07-22/2024-07-28
2024-07-23,Email,96.05,81761,3723,277,15750.7,0.35,163.984,7.44,4.554,2024-07,2024-07-22/2024-07-28
2024-07-23,Paid Search,690.02,29890,987,46,3070.7,15.0,4.45,4.661,3.302,2024-07,2024-07-22/2024-07-28
2024-07-23,Paid Social,2037.52,234309,2723,66,4835.57,30.87,2.373,2.424,1.162,2024-07,2024-07-22/2024-07-28
2024-07-23,SEO,210.95,244645,5281,145,9859.26,1.45,46.737,2.746,2.159,2024-07,2024-07-22/2024-07-28
2024-07-24,SEO,184.14,187871,3413,107,7134.26,1.72,38.744,3.135,1.817,2024-07,2024-07-22/2024-07-28
2024-07-24,Paid Social,1886.75,217687,2918,92,5893.37,20.51,3.124,3.153,1.34,2024-07,2024-07-22/2024-07-28
2024-07-24,Email,101.84,83365,4284,286,16653.64,0.36,163.527,6.676,5.139,2024-07,2024-07-22/2024-07-28
2024-07-24,Paid Search,594.46,25726,971,43,3499.54,13.82,5.887,4.428,3.774,2024-07,2024-07-22/2024-07-28
2024-07-25,Paid Search,632.22,28482,859,37,2843.2,17.09,4.497,4.307,3.016,2024-07,2024-07-22/2024-07-28
2024-07-25,Paid Social,1865.01,211798,2814,80,5308.74,23.31,2.846,2.843,1.329,2024-07,2024-07-22/2024-07-28
2024-07-25,Email,96.2,76025,3816,276,18202.26,0.35,189.213,7.233,5.019,2024-07,2024-07-22/2024-07-28
2024-07-25,SEO,209.87,219419,4902,153,10447.97,1.37,49.783,3.121,2.234,2024-07,2024-07-22/2024-07-28
2024-07-26,SEO,175.67,199821,4494,136,9311.8,1.29,53.007,3.026,2.249,2024-07,2024-07-22/2024-07-28
2024-07-26,Paid Social,1614.05,180048,2314,57,3662.28,28.32,2.269,2.463,1.285,2024-07,2024-07-22/2024-07-28
2024-07-26,Paid Search,635.11,25995,891,38,2599.32,16.71,4.093,4.265,3.428,2024-07,2024-07-22/2024-07-28
2024-07-26,Email,105.29,91703,4288,245,14102.64,0.43,133.941,5.714,4.676,2024-07,2024-07-22/2024-07-28
2024-07-27,Paid Social,1242.57,139691,1870,53,3381.0,23.44,2.721,2.834,1.339,2024-07,2024-07-22/2024-07-28
2024-07-27,Email,69.18,53819,2297,156,10009.14,0.44,144.683,6.791,4.268,2024-07,2024-07-22/2024-07-28
2024-07-27,SEO,159.54,173888,3198,84,6387.66,1.9,40.038,2.627,1.839,2024-07,2024-07-22/2024-07-28
2024-07-27,Paid Search,471.8,20322,668,30,2291.95,15.73,4.858,4.491,3.287,2024-07,2024-07-22/2024-07-28
2024-07-28,Paid Search,459.58,19637,714,35,2535.97,13.13,5.518,4.902,3.636,2024-07,2024-07-22/2024-07-28
2024-07-28,Paid Social,1414.27,171105,1761,55,3656.89,25.71,2.586,3.123,1.029,2024-07,2024-07-22/2024-07-28
2024-07-28,Email,80.13,63376,2809,208,13502.51,0.39,168.508,7.405,4.432,2024-07,2024-07-22/2024-07-28
2024-07-28,SEO,145.91,153770,2949,104,7623.79,1.4,52.25,3.527,1.918,2024-07,2024-07-22/2024-07-28
2024-07-29,Paid Social,1962.6,226795,2440,75,5460.09,26.17,2.782,3.074,1.076,2024-07,2024-07-29/2024-08-04
2024-07-29,Paid Search,740.89,34607,1267,60,4759.57,12.35,6.424,4.736,3.661,2024-07,2024-07-29/2024-08-04
2024-07-29,Email,84.46,73801,3414,199,13100.69,0.42,155.111,5.829,4.626,2024-07,2024-07-29/2024-08-04
2024-07-29,SEO,196.25,208182,3834,119,8940.15,1.65,45.555,3.104,1.842,2024-07,2024-07-29/2024-08-04
2024-07-30,SEO,190.3,193449,4104,115,7821.18,1.65,41.099,2.802,2.121,2024-07,2024-07-29/2024-08-04
2024-07-30,Paid Search,587.31,27387,1006,44,3188.94,13.35,5.43,4.374,3.673,2024-07,2024-07-29/2024-08-04
2024-07-30,Paid Social,1701.07,205558,2709,78,5615.34,21.81,3.301,2.879,1.318,2024-07,2024-07-29/2024-08-04
2024-07-30,Email,88.08,68919,3316,201,12295.64,0.44,139.596,6.062,4.811,2024-07,2024-07-29/2024-08-04
2024-07-31,Paid Social,1910.13,223163,2619,76,4834.26,25.13,2.531,2.902,1.174,2024-07,2024-07-29/2024-08-04
2024-07-31,Email,91.5,70428,3590,240,14416.48,0.38,157.557,6.685,5.097,2024-07,2024-07-29/2024-08-04
2024-07-31,Paid Search,579.69,28681,913,36,2795.89,16.1,4.823,3.943,3.183,2024-07,2024-07-29/2024-08-04
2024-07-31,SEO,204.92,244560,5059,161,12256.27,1.27,59.81,3.182,2.069,2024-07,2024-07-29/2024-08-04
2024-08-01,Paid Search,738.47,31761,1132,45,3325.23,16.41,4.503,3.975,3.564,2024-08,2024-07-29/2024-08-04
2024-08-01,Paid Social,1817.4,208897,2153,65,4225.49,27.96,2.325,3.019,1.031,2024-08,2024-07-29/2024-08-04
2024-08-01,SEO,167.05,179281,3413,110,8154.78,1.52,48.816,3.223,1.904,2024-08,2024-07-29/2024-08-04
2024-08-01,Email,94.42,75364,3379,198,12740.59,0.48,134.935,5.86,4.484,2024-08,2024-07-29/2024-08-04
2024-08-02,Paid Search,709.93,32680,1192,59,4243.6,12.03,5.977,4.95,3.647,2024-08,2024-07-29/2024-08-04
2024-08-02,Email,102.56,88830,3801,234,14377.97,0.44,140.191,6.156,4.279,2024-08,2024-07-29/2024-08-04
2024-08-02,Paid Social,1649.96,186453,1905,56,4148.57,29.46,2.514,2.94,1.022,2024-08,2024-07-29/2024-08-04
2024-08-02,SEO,192.04,215618,4459,135,8613.01,1.42,44.85,3.028,2.068,2024-08,2024-07-29/2024-08-04
2024-08-03,Email,71.57,63848,2479,160,9827.51,0.45,137.313,6.454,3.883,2024-08,2024-07-29/2024-08-04
2024-08-03,Paid Search,522.04,22530,683,30,2380.92,17.4,4.561,4.392,3.032,2024-08,2024-07-29/2024-08-04
2024-08-03,Paid Social,1297.75,149180,1542,42,2573.72,30.9,1.983,2.724,1.034,2024-08,2024-07-29/2024-08-04
2024-08-03,SEO,163.65,165617,3116,110,8116.51,1.49,49.597,3.53,1.881,2024-08,2024-07-29/2024-08-04
2024-08-04,Paid Social,1603.8,206851,2289,55,3918.28,29.16,2.443,2.403,1.107,2024-08,2024-07-29/2024-08-04
2024-08-04,SEO,151.33,180316,3431,118,8377.97,1.28,55.362,3.439,1.903,2024-08,2024-07-29/2024-08-04
2024-08-04,Paid Search,511.65,21623,839,41,3017.42,12.48,5.897,4.887,3.88,2024-08,2024-07-29/2024-08-04
2024-08-04,Email,78.29,67793,2700,159,9253.25,0.49,118.192,5.889,3.983,2024-08,2024-07-29/2024-08-04
2024-08-05,Paid Search,711.05,32910,1174,49,3399.47,14.51,4.781,4.174,3.567,2024-08,2024-08-05/2024-08-11
2024-08-05,Email,83.86,68391,3154,180,10902.71,0.47,130.011,5.707,4.612,2024-08,2024-08-05/2024-08-11
2024-08-05,SEO,167.32,179849,3865,104,6640.75,1.61,39.689,2.691,2.149,2024-08,2024-08-05/2024-08-11
2024-08-05,Paid Social,2021.36,258336,2795,67,4663.3,30.17,2.307,2.397,1.082,2024-08,2024-08-05/2024-08-11
2024-08-06,Paid Search,775.79,36017,1441,59,4399.21,13.15,5.671,4.094,4.001,2024-08,2024-08-05/2024-08-11
2024-08-06,Email,95.79,84299,4145,232,13734.15,0.41,143.378,5.597,4.917,2024-08,2024-08-05/2024-08-11
2024-08-06,SEO,205.8,244028,4766,135,9690.25,1.52,47.086,2.833,1.953,2024-08,2024-08-05/2024-08-11
2024-08-06,Paid Social,1861.36,197501,2525,65,4572.75,28.64,2.457,2.574,1.278,2024-08,2024-08-05/2024-08-11
2024-08-07,Paid Search,675.23,32203,1137,43,2932.55,15.7,4.343,3.782,3.531,2024-08,2024-08-05/2024-08-11
2024-08-07,Paid Social,1992.27,242572,3203,82,5365.06,24.3,2.693,2.56,1.32,2024-08,2024-08-05/2024-08-11
2024-08-07,SEO,192.67,207998,4640,123,9189.63,1.57,47.696,2.651,2.231,2024-08,2024-08-05/2024-08-11
2024-08-07,Email,90.72,76783,3374,234,13800.43,0.39,152.121,6.935,4.394,2024-08,2024-08-05/2024-08-11
2024-08-08,Paid Search,627.6,25857,878,35,2463.61,17.93,3.925,3.986,3.396,2024-08,2024-08-05/2024-08-11
2024-08-08,Email,92.62,83354,3760,256,15356.07,0.36,165.796,6.809,4.511,2024-08,2024-08-05/2024-08-11
2024-08-08,Paid Social,1977.34,254456,3049,78,5387.22,25.35,2.724,2.558,1.198,2024-08,2024-08-05/2024-08-11
2024-08-08,SEO,179.18,202537,4560,145,10481.11,1.24,58.495,3.18,2.251,2024-08,2024-08-05/2024-08-11
2024-08-09,Paid Social,2150.26,264773,2811,75,5343.27,28.67,2.485,2.668,1.062,2024-08,2024-08-05/2024-08-11
2024-08-09,Paid Search,661.17,32694,1252,50,3863.82,13.22,5.844,3.994,3.829,2024-08,2024-08-05/2024-08-11
2024-08-09,Email,103.9,88288,3923,245,15114.05,0.42,145.467,6.245,4.443,2024-08,2024-08-05/2024-08-11
2024-08-09,SEO,191.56,191880,4617,125,9305.23,1.53,48.576,2.707,2.406,2024-08,2024-08-05/2024-08-11
2024-08-10,SEO,124.93,125360,2438,68,4444.53,1.84,35.576,2.789,1.945,2024-08,2024-08-05/2024-08-11
2024-08-10,Paid Social,1403.02,156517,2111,55,3531.74,25.51,2.517,2.605,1.349,2024-08,2024-08-05/2024-08-11
2024-08-10,Paid Search,507.65,23069,733,36,2586.88,14.1,5.096,4.911,3.177,2024-08,2024-08-05/2024-08-11
2024-08-10,Email,79.65,70282,2784,164,10554.84,0.49,132.515,5.891,3.961,2024-08,2024-08-05/2024-08-11
2024-08-11,SEO,155.99,181105,4254,151,10872.11,1.03,69.697,3.55,2.349,2024-08,2024-08-05/2024-08-11
2024-08-11,Paid Search,493.41,22357,725,28,2153.17,17.62,4.364,3.862,3.243,2024-08,2024-08-05/2024-08-11
2024-08-11,Email,64.46,51634,2305,156,9814.0,0.41,152.249,6.768,4.464,2024-08,2024-08-05/2024-08-11
2024-08-11,Paid Social,1506.06,170336,2337,74,4877.97,20.35,3.239,3.166,1.372,2024-08,2024-08-05/2024-08-11
2024-08-12,SEO,185.29,219115,4918,154,9755.34,1.2,52.649,3.131,2.244,2024-08,2024-08-12/2024-08-18
2024-08-12,Paid Search,713.6,33288,1204,61,4676.63,11.7,6.554,5.066,3.617,2024-08,2024-08-12/2024-08-18
2024-08-12,Email,92.99,74546,3122,200,13378.67,0.46,143.872,6.406,4.188,2024-08,2024-08-12/2024-08-18
2024-08-12,Paid Social,2153.98,228100,2584,61,3812.46,35.31,1.77,2.361,1.133,2024-08,2024-08-12/2024-08-18
2024-08-13,Paid Social,1853.6,202742,2449,66,4631.6,28.08,2.499,2.695,1.208,2024-08,2024-08-12/2024-08-18
2024-08-13,Paid Search,772.63,34803,1389,54,3731.24,14.31,4.829,3.888,3.991,2024-08,2024-08-12/2024-08-18
2024-08-13,Email,97.43,80687,4004,229,15340.4,0.43,157.45,5.719,4.962,2024-08,2024-08-12/2024-08-18
2024-08-13,SEO,183.96,212846,5106,180,12110.98,1.02,65.835,3.525,2.399,2024-08,2024-08-12/2024-08-18
2024-08-14,Paid Search,710.92,33038,1032,50,3628.2,14.22,5.104,4.845,3.124,2024-08,2024-08-12/2024-08-18
2024-08-14,Email,98.59,89243,3765,226,12890.19,0.44,130.745,6.003,4.219,2024-08,2024-08-12/2024-08-18
2024-08-14,Paid Social,2001.05,249944,3398,80,5670.47,25.01,2.834,2.354,1.36,2024-08,2024-08-12/2024-08-18
2024-08-14,SEO,195.56,221149,4879,168,12452.77,1.16,63.677,3.443,2.206,2024-08,2024-08-12/2024-08-18
2024-08-15,Paid Social,2230.59,244344,3193,91,6217.65,24.51,2.787,2.85,1.307,2024-08,2024-08-12/2024-08-18
2024-08-15,Email,105.94,95093,4873,272,16009.9,0.39,151.122,5.582,5.124,2024-08,2024-08-12/2024-08-18
2024-08-15,Paid Search,726.02,33189,1064,52,4068.19,13.96,5.603,4.887,3.206,2024-08,2024-08-12/2024-08-18
2024-08-15,SEO,167.48,181519,4246,141,8941.08,1.19,53.386,3.321,2.339,2024-08,2024-08-12/2024-08-18
2024-08-16,SEO,177.12,199485,4496,135,10372.4,1.31,58.561,3.003,2.254,2024-08,2024-08-12/2024-08-18
2024-08-16,Email,102.0,82254,3489,195,10802.07,0.52,105.903,5.589,4.242,2024-08,2024-08-12/2024-08-18
2024-08-16,Paid Search,686.68,33314,1044,53,3619.83,12.96,5.271,5.077,3.134,2024-08,2024-08-12/2024-08-18
2024-08-16,Paid Social,1886.49,237175,3138,87,6489.16,21.68,3.44,2.772,1.323,2024-08,2024-08-12/2024-08-18
2024-08-17,SEO,160.35,162270,3135,111,7647.34,1.44,47.692,3.541,1.932,2024-08,2024-08-12/2024-08-18
2024-08-17,Paid Search,488.45,23893,878,37,2628.21,13.2,5.381,4.214,3.675,2024-08,2024-08-12/2024-08-18
2024-08-17,Paid Social,1382.85,155453,1885,60,4229.3,23.05,3.058,3.183,1.213,2024-08,2024-08-12/2024-08-18
2024-08-17,Email,71.91,59464,2941,203,13232.75,0.35,184.018,6.902,4.946,2024-08,2024-08-12/2024-08-18
2024-08-18,SEO,138.97,160339,3681,127,8186.89,1.09,58.911,3.45,2.296,2024-08,2024-08-12/2024-08-18
2024-08-18,Paid Search,455.53,19073,766,36,2909.2,12.65,6.386,4.7,4.016,2024-08,2024-08-12/2024-08-18
2024-08-18,Paid Social,1687.4,179179,2206,61,3744.03,27.66,2.219,2.765,1.231,2024-08,2024-08-12/2024-08-18
2024-08-18,Email,75.88,64412,3204,225,13760.09,0.34,181.34,7.022,4.974,2024-08,2024-08-12/2024-08-18
2024-08-19,Paid Social,1702.41,205797,2513,66,4781.63,25.79,2.809,2.626,1.221,2024-08,2024-08-19/2024-08-25
2024-08-19,Email,82.68,72826,3289,214,14121.61,0.39,170.798,6.507,4.516,2024-08,2024-08-19/2024-08-25
2024-08-19,SEO,205.13,219034,4534,138,9391.82,1.49,45.785,3.044,2.07,2024-08,2024-08-19/2024-08-25
2024-08-19,Paid Search,769.09,35700,1115,43,3339.38,17.89,4.342,3.857,3.123,2024-08,2024-08-19/2024-08-25
2024-08-20,Paid Social,2103.59,262421,3029,84,5455.77,25.04,2.594,2.773,1.154,2024-08,2024-08-19/2024-08-25
2024-08-20,SEO,170.22,204310,4394,148,10414.9,1.15,61.185,3.368,2.151,2024-08,2024-08-19/2024-08-25
2024-08-20,Email,87.9,78761,3218,186,10634.59,0.47,120.985,5.78,4.086,2024-08,2024-08-19/2024-08-25
2024-08-20,Paid Search,708.58,30970,1081,51,3982.38,13.89,5.62,4.718,3.49,2024-08,2024-08-19/2024-08-25
2024-08-21,SEO,196.06,233030,5406,181,12188.66,1.08,62.168,3.348,2.32,2024-08,2024-08-19/2024-08-25
2024-08-21,Email,90.51,79215,3729,272,17175.73,0.33,189.766,7.294,4.707,2024-08,2024-08-19/2024-08-25
2024-08-21,Paid Search,759.93,36064,1443,64,4860.85,11.87,6.396,4.435,4.001,2024-08,2024-08-19/2024-08-25
2024-08-21,Paid Social,2235.38,271713,2839,84,5566.71,26.61,2.49,2.959,1.045,2024-08,2024-08-19/2024-08-25
2024-08-22,Email,90.97,82667,3774,230,13935.97,0.4,153.193,6.094,4.565,2024-08,2024-08-19/2024-08-25
2024-08-22,SEO,176.93,189162,3736,109,7004.73,1.62,39.59,2.918,1.975,2024-08,2024-08-19/2024-08-25
2024-08-22,Paid Search,638.77,26807,955,38,2639.77,16.81,4.133,3.979,3.563,2024-08,2024-08-19/2024-08-25
2024-08-22,Paid Social,2174.88,264742,3310,88,5386.49,24.71,2.477,2.659,1.25,2024-08,2024-08-19/2024-08-25
2024-08-23,Paid Search,714.72,32928,1182,58,3953.81,12.32,5.532,4.907,3.59,2024-08,2024-08-19/2024-08-25
2024-08-23,SEO,195.6,234290,5086,150,11022.68,1.3,56.353,2.949,2.171,2024-08,2024-08-19/2024-08-25
2024-08-23,Email,91.53,72662,2861,182,10556.72,0.5,115.336,6.361,3.937,2024-08,2024-08-19/2024-08-25
2024-08-23,Paid Social,2047.01,219551,2590,70,4608.32,29.24,2.251,2.703,1.18,2024-08,2024-08-19/2024-08-25
2024-08-24,Paid Social,1476.35,171076,2291,54,3818.42,27.34,2.586,2.357,1.339,2024-08,2024-08-19/2024-08-25
2024-08-24,SEO,126.29,152287,3167,94,5940.88,1.34,47.042,2.968,2.08,2024-08,2024-08-19/2024-08-25
2024-08-24,Paid Search,523.58,24963,967,39,3153.63,13.43,6.023,4.033,3.874,2024-08,2024-08-19/2024-08-25
2024-08-24,Email,79.49,60608,2491,183,11460.36,0.43,144.174,7.346,4.11,2024-08,2024-08-19/2024-08-25
2024-08-25,Paid Social,1357.42,144511,1846,45,3251.79,30.16,2.396,2.438,1.277,2024-08,2024-08-19/2024-08-25
2024-08-25,Paid Search,553.21,25558,999,48,3718.33,11.53,6.721,4.805,3.909,2024-08,2024-08-19/2024-08-25
2024-08-25,Email,67.4,52667,2666,159,9554.01,0.42,141.751,5.964,5.062,2024-08,2024-08-19/2024-08-25
2024-08-25,SEO,127.88,132892,2810,88,6419.51,1.45,50.199,3.132,2.114,2024-08,2024-08-19/2024-08-25
2024-08-26,Paid Social,1849.24,238661,2550,62,4106.03,29.83,2.22,2.431,1.068,2024-08,2024-08-26/2024-09-01
2024-08-26,Paid Search,584.31,24590,790,34,2333.25,17.19,3.993,4.304,3.213,2024-08,2024-08-26/2024-09-01
2024-08-26,Email,107.47,86007,3504,220,14329.85,0.49,133.338,6.279,4.074,2024-08,2024-08-26/2024-09-01
2024-08-26,SEO,195.72,229130,5494,185,13415.52,1.06,68.544,3.367,2.398,2024-08,2024-08-26/2024-09-01
2024-08-27,Paid Social,2095.69,228657,2702,75,5140.58,27.94,2.453,2.776,1.182,2024-08,2024-08-26/2024-09-01
2024-08-27,Email,85.77,70860,3295,207,13056.08,0.41,152.222,6.282,4.65,2024-08,2024-08-26/2024-09-01
2024-08-27,Paid Search,663.86,27962,1104,44,2987.26,15.09,4.5,3.986,3.948,2024-08,2024-08-26/2024-09-01
2024-08-27,SEO,197.35,220215,4200,138,10404.38,1.43,52.72,3.286,1.907,2024-08,2024-08-26/2024-09-01
2024-08-28,SEO,167.51,181386,3842,132,8894.94,1.27,53.101,3.436,2.118,2024-08,2024-08-26/2024-09-01
2024-08-28,Paid Search,616.75,25872,806,31,2173.03,19.9,3.523,3.846,3.115,2024-08,2024-08-26/2024-09-01
2024-08-28,Paid Social,2247.32,266693,2838,70,4323.7,32.1,1.924,2.467,1.064,2024-08,2024-08-26/2024-09-01
2024-08-28,Email,89.4,70171,3214,193,12384.98,0.46,138.534,6.005,4.58,2024-08,2024-08-26/2024-09-01
2024-08-29,Paid Search,583.72,25520,883,44,3535.73,13.27,6.057,4.983,3.46,2024-08,2024-08-26/2024-09-01
2024-08-29,SEO,192.26,227439,4129,125,9239.57,1.54,48.058,3.027,1.815,2024-08,2024-08-26/2024-09-01
2024-08-29,Paid Social,2112.23,255525,3476,100,6458.95,21.12,3.058,2.877,1.36,2024-08,2024-08-26/2024-09-01
2024-08-29,Email,97.77,82337,3157,213,13727.07,0.46,140.402,6.747,3.834,2024-08,2024-08-26/2024-09-01
2024-08-30,Paid Search,745.7,36425,1315,56,4110.47,13.32,5.512,4.259,3.61,2024-08,2024-08-26/2024-09-01
2024-08-30,SEO,178.09,205179,4444,153,11374.19,1.16,63.868,3.443,2.166,2024-08,2024-08-26/2024-09-01
2024-08-30,Paid Social,2251.01,270429,3061,91,6768.58,24.74,3.007,2.973,1.132,2024-08,2024-08-26/2024-09-01
2024-08-30,Email,93.85,78812,3765,225,13602.64,0.42,144.94,5.976,4.777,2024-08,2024-08-26/2024-09-01
2024-08-31,Paid Search,486.48,23884,859,41,3002.11,11.87,6.171,4.773,3.597,2024-08,2024-08-26/2024-09-01
2024-08-31,SEO,155.86,187765,4225,134,9242.94,1.16,59.303,3.172,2.25,2024-08,2024-08-26/2024-09-01
2024-08-31,Paid Social,1463.85,185932,2048,56,4170.16,26.14,2.849,2.734,1.101,2024-08,2024-08-26/2024-09-01
2024-08-31,Email,60.52,53315,2317,132,7811.65,0.46,129.076,5.697,4.346,2024-08,2024-08-26/2024-09-01
2024-09-01,Paid Social,1462.01,186196,2182,52,3782.59,28.12,2.587,2.383,1.172,2024-09,2024-08-26/2024-09-01
2024-09-01,SEO,125.99,150460,3065,96,7265.32,1.31,57.666,3.132,2.037,2024-09,2024-08-26/2024-09-01
2024-09-01,Email,64.75,58842,2398,150,8827.79,0.43,136.337,6.255,4.075,2024-09,2024-08-26/2024-09-01
2024-09-01,Paid Search,588.33,25711,1008,51,4093.01,11.54,6.957,5.06,3.921,2024-09,2024-08-26/2024-09-01
2024-09-02,Paid Social,2308.86,277768,3051,83,6176.16,27.82,2.675,2.72,1.098,2024-09,2024-09-02/2024-09-08
2024-09-02,SEO,214.18,257108,4830,150,10396.55,1.43,48.541,3.106,1.879,2024-09,2024-09-02/2024-09-08
2024-09-02,Email,105.67,96001,4789,325,20188.44,0.33,191.052,6.786,4.988,2024-09,2024-09-02/2024-09-08
2024-09-02,Paid Search,682.58,33465,1234,55,3876.91,12.41,5.68,4.457,3.687,2024-09,2024-09-02/2024-09-08
2024-09-03,SEO,167.56,204124,4796,127,8029.19,1.32,47.918,2.648,2.35,2024-09,2024-09-02/2024-09-08
2024-09-03,Paid Social,1999.29,256931,2708,64,4353.09,31.24,2.177,2.363,1.054,2024-09,2024-09-02/2024-09-08
2024-09-03,Paid Search,668.49,32612,1138,45,3285.09,14.86,4.914,3.954,3.49,2024-09,2024-09-02/2024-09-08
2024-09-03,Email,86.0,67508,3259,211,11706.04,0.41,136.117,6.474,4.828,2024-09,2024-09-02/2024-09-08
2024-09-04,SEO,182.77,200576,4211,125,9400.8,1.46,51.435,2.968,2.099,2024-09,2024-09-02/2024-09-08
2024-09-04,Email,95.9,86159,3702,258,14909.68,0.37,155.471,6.969,4.297,2024-09,2024-09-02/2024-09-08
2024-09-04,Paid Social,2005.07,238209,2793,86,6015.52,23.31,3.0,3.079,1.172,2024-09,2024-09-02/2024-09-08
2024-09-04,Paid Search,685.46,28480,863,44,3221.74,15.58,4.7,5.098,3.03,2024-09,2024-09-02/2024-09-08
2024-09-05,Paid Social,2234.27,261662,2681,66,4593.11,33.85,2.056,2.462,1.025,2024-09,2024-09-02/2024-09-08
2024-09-05,Email,108.07,92767,3964,245,15689.02,0.44,145.175,6.181,4.273,2024-09,2024-09-02/2024-09-08
2024-09-05,SEO,211.52,248971,5292,146,10531.16,1.45,49.788,2.759,2.126,2024-09,2024-09-02/2024-09-08
2024-09-05,Paid Search,688.76,33354,1260,65,4950.31,10.6,7.187,5.159,3.778,2024-09,2024-09-02/2024-09-08
2024-09-06,SEO,211.08,253601,5234,139,9211.84,1.52,43.641,2.656,2.064,2024-09,2024-09-02/2024-09-08
2024-09-06,Paid Social,2065.68,266051,3015,81,5105.83,25.5,2.472,2.687,1.133,2024-09,2024-09-02/2024-09-08
2024-09-06,Email,99.58,89118,3992,220,13689.66,0.45,137.474,5.511,4.479,2024-09,2024-09-02/2024-09-08
2024-09-06,Paid Search,632.25,30164,1170,59,4175.85,10.72,6.605,5.043,3.879,2024-09,2024-09-02/2024-09-08
2024-09-07,Paid Social,1724.69,186037,2497,68,4762.17,25.36,2.761,2.723,1.342,2024-09,2024-09-02/2024-09-08
2024-09-07,Paid Search,537.21,23804,721,33,2219.82,16.28,4.132,4.577,3.029,2024-09,2024-09-02/2024-09-08
2024-09-07,Email,77.58,67450,3319,198,10880.11,0.39,140.244,5.966,4.921,2024-09,2024-09-02/2024-09-08
2024-09-07,SEO,161.89,179355,3236,102,7587.52,1.59,46.868,3.152,1.804,2024-09,2024-09-02/2024-09-08
2024-09-08,Paid Search,482.48,19887,618,30,2341.3,16.08,4.853,4.854,3.108,2024-09,2024-09-02/2024-09-08
2024-09-08,SEO,123.84,129015,2733,85,6288.35,1.46,50.778,3.11,2.118,2024-09,2024-09-02/2024-09-08
2024-09-08,Paid Social,1564.78,197171,2080,57,4166.72,27.45,2.663,2.74,1.055,2024-09,2024-09-02/2024-09-08
2024-09-08,Email,80.43,73290,2886,202,12918.84,0.4,160.622,6.999,3.938,2024-09,2024-09-02/2024-09-08
2024-09-09,Paid Search,703.22,31489,953,40,3004.92,17.58,4.273,4.197,3.026,2024-09,2024-09-09/2024-09-15
2024-09-09,Email,106.69,96170,4701,290,18120.51,0.37,169.843,6.169,4.888,2024-09,2024-09-09/2024-09-15
2024-09-09,SEO,167.66,193776,3511,116,8400.22,1.45,50.103,3.304,1.812,2024-09,2024-09-09/2024-09-15
2024-09-09,Paid Social,1943.61,239205,3253,103,7009.85,18.87,3.607,3.166,1.36,2024-09,2024-09-09/2024-09-15
2024-09-10,Email,99.99,79837,3693,263,15035.2,0.38,150.367,7.122,4.626,2024-09,2024-09-09/2024-09-15
2024-09-10,Paid Search,735.05,36170,1192,52,4065.99,14.14,5.532,4.362,3.296,2024-09,2024-09-09/2024-09-15
2024-09-10,Paid Social,2305.17,251593,3000,68,4223.18,33.9,1.832,2.267,1.192,2024-09,2024-09-09/2024-09-15
2024-09-10,SEO,168.42,205370,4349,133,9421.0,1.27,55.938,3.058,2.118,2024-09,2024-09-09/2024-09-15
2024-09-11,SEO,217.05,251805,4768,151,10329.77,1.44,47.592,3.167,1.894,2024-09,2024-09-09/2024-09-15
2024-09-11,Paid Search,740.43,32385,1251,60,4633.01,12.34,6.257,4.796,3.863,2024-09,2024-09-09/2024-09-15
2024-09-11,Paid Social,2163.13,262399,3044,87,5838.02,24.86,2.699,2.858,1.16,2024-09,2024-09-09/2024-09-15
2024-09-11,Email,84.24,73957,3553,265,17731.16,0.32,210.484,7.458,4.804,2024-09,2024-09-09/2024-09-15
2024-09-12,Paid Social,1775.83,199311,2509,66,4778.49,26.91,2.691,2.631,1.259,2024-09,2024-09-09/2024-09-15
2024-09-12,Paid Search,697.58,32552,1241,51,4067.67,13.68,5.831,4.11,3.812,2024-09,2024-09-09/2024-09-15
2024-09-12,SEO,181.86,208305,4692,131,9346.55,1.39,51.394,2.792,2.252,2024-09,2024-09-09/2024-09-15
2024-09-12,Email,97.6,79032,3239,194,11111.21,0.5,113.844,5.99,4.098,2024-09,2024-09-09/2024-09-15
2024-09-13,Paid Social,2287.28,287115,3123,80,5150.8,28.59,2.252,2.562,1.088,2024-09,2024-09-09/2024-09-15
2024-09-13,Paid Search,780.08,38145,1449,58,4606.75,13.45,5.905,4.003,3.799,2024-09,2024-09-09/2024-09-15
2024-09-13,SEO,193.73,229338,4253,138,9313.69,1.4,48.076,3.245,1.854,2024-09,2024-09-09/2024-09-15
2024-09-13,Email,91.69,79741,3096,184,10113.16,0.5,110.297,5.943,3.883,2024-09,2024-09-09/2024-09-15
2024-09-14,Email,72.24,56436,2558,162,10022.93,0.45,138.745,6.333,4.533,2024-09,2024-09-09/2024-09-15
2024-09-14,Paid Social,1353.64,152486,1932,50,3125.75,27.07,2.309,2.588,1.267,2024-09,2024-09-09/2024-09-15
2024-09-14,SEO,155.25,156692,3189,90,6226.15,1.72,40.104,2.822,2.035,2024-09,2024-09-09/2024-09-15
2024-09-14,Paid Search,477.84,21732,703,31,2381.49,15.41,4.984,4.41,3.235,2024-09,2024-09-09/2024-09-15
2024-09-15,Email,77.15,63280,3086,219,14269.56,0.35,184.959,7.097,4.877,2024-09,2024-09-09/2024-09-15
2024-09-15,Paid Social,1455.38,156824,1615,41,3057.61,35.5,2.101,2.539,1.03,2024-09,2024-09-09/2024-09-15
2024-09-15,SEO,143.75,156819,2809,92,6756.87,1.56,47.004,3.275,1.791,2024-09,2024-09-09/2024-09-15
2024-09-15,Paid Search,491.02,22365,757,38,2613.7,12.92,5.323,5.02,3.385,2024-09,2024-09-09/2024-09-15
2024-09-16,Paid Search,727.34,32995,1074,51,3443.83,14.26,4.735,4.749,3.255,2024-09,2024-09-16/2024-09-22
2024-09-16,Email,107.72,91286,4047,285,17704.04,0.38,164.352,7.042,4.433,2024-09,2024-09-16/2024-09-22
2024-09-16,Paid Social,1901.11,266150,3006,78,4949.44,24.37,2.603,2.595,1.129,2024-09,2024-09-16/2024-09-22
2024-09-16,SEO,213.74,217672,4209,112,7121.73,1.91,33.32,2.661,1.934,2024-09,2024-09-16/2024-09-22
2024-09-17,Paid Social,2067.07,240308,3026,71,5275.18,29.11,2.552,2.346,1.259,2024-09,2024-09-16/2024-09-22
2024-09-17,Paid Search,687.53,31209,1079,47,3626.17,14.63,5.274,4.356,3.457,2024-09,2024-09-16/2024-09-22
2024-09-17,Email,94.64,86723,4453,266,15612.56,0.36,164.968,5.974,5.135,2024-09,2024-09-16/2024-09-22
2024-09-17,SEO,221.77,250661,5079,154,10116.63,1.44,45.618,3.032,2.026,2024-09,2024-09-16/2024-09-22
2024-09-18,Email,104.67,88677,3679,206,13141.48,0.51,125.552,5.599,4.149,2024-09,2024-09-16/2024-09-22
2024-09-18,Paid Search,652.88,32466,1010,38,2621.58,17.18,4.015,3.762,3.111,2024-09,2024-09-16/2024-09-22
2024-09-18,SEO,184.6,220937,4856,149,9626.97,1.24,52.15,3.068,2.198,2024-09,2024-09-16/2024-09-22
2024-09-18,Paid Social,2342.16,270918,3549,79,5656.01,29.65,2.415,2.226,1.31,2024-09,2024-09-16/2024-09-22
2024-09-19,Email,89.59,78292,3945,230,13356.22,0.39,149.082,5.83,5.039,2024-09,2024-09-16/2024-09-22
2024-09-19,Paid Search,695.91,29460,1100,55,3865.68,12.65,5.555,5.0,3.734,2024-09,2024-09-16/2024-09-22
2024-09-19,SEO,172.68,205860,4397,139,9321.5,1.24,53.981,3.161,2.136,2024-09,2024-09-16/2024-09-22
2024-09-19,Paid Social,1958.76,228427,2494,58,4275.66,33.77,2.183,2.326,1.092,2024-09,2024-09-16/2024-09-22
2024-09-20,Paid Search,775.65,34288,1235,61,4433.37,12.72,5.716,4.939,3.602,2024-09,2024-09-16/2024-09-22
2024-09-20,SEO,214.63,237387,4238,113,7707.92,1.9,35.913,2.666,1.785,2024-09,2024-09-16/2024-09-22
2024-09-20,Paid Social,2010.19,213259,2622,75,5092.16,26.8,2.533,2.86,1.229,2024-09,2024-09-16/2024-09-22
2024-09-20,Email,105.23,85587,4065,235,13010.23,0.45,123.636,5.781,4.75,2024-09,2024-09-16/2024-09-22
2024-09-21,SEO,141.01,148334,2752,75,5690.27,1.88,40.354,2.725,1.855,2024-09,2024-09-16/2024-09-22
2024-09-21,Paid Social,1638.01,207744,2305,63,3910.11,26.0,2.387,2.733,1.11,2024-09,2024-09-16/2024-09-22
2024-09-21,Email,72.24,56917,2337,161,10474.47,0.45,144.995,6.889,4.106,2024-09,2024-09-16/2024-09-22
2024-09-21,Paid Search,458.58,22279,811,34,2571.26,13.49,5.607,4.192,3.64,2024-09,2024-09-16/2024-09-22
2024-09-22,SEO,125.26,149633,3259,97,6522.75,1.29,52.074,2.976,2.178,2024-09,2024-09-16/2024-09-22
2024-09-22,Paid Search,485.45,20096,732,33,2442.93,14.71,5.032,4.508,3.643,2024-09,2024-09-16/2024-09-22
2024-09-22,Email,71.73,59158,2306,147,8436.66,0.49,117.617,6.375,3.898,2024-09,2024-09-16/2024-09-22
2024-09-22,Paid Social,1736.35,204366,2539,62,4601.7,28.01,2.65,2.442,1.242,2024-09,2024-09-16/2024-09-22
2024-09-23,Paid Social,2380.56,270911,3326,81,5978.53,29.39,2.511,2.435,1.228,2024-09,2024-09-23/2024-09-29
2024-09-23,SEO,188.6,210879,4127,134,9270.55,1.41,49.155,3.247,1.957,2024-09,2024-09-23/2024-09-29
2024-09-23,Email,87.55,79213,3562,230,14017.95,0.38,160.114,6.457,4.497,2024-09,2024-09-23/2024-09-29
2024-09-23,Paid Search,631.09,26006,852,33,2429.4,19.12,3.85,3.873,3.276,2024-09,2024-09-23/2024-09-29
2024-09-24,Paid Social,2039.34,275845,3091,85,5451.8,23.99,2.673,2.75,1.121,2024-09,2024-09-23/2024-09-29
2024-09-24,SEO,172.84,201681,3720,129,8845.48,1.34,51.177,3.468,1.844,2024-09,2024-09-23/2024-09-29
2024-09-24,Email,95.33,74616,3688,237,13814.69,0.4,144.914,6.426,4.943,2024-09,2024-09-23/2024-09-29
2024-09-24,Paid Search,632.5,31201,1228,60,4803.32,10.54,7.594,4.886,3.936,2024-09,2024-09-23/2024-09-29
2024-09-25,Paid Social,2099.05,224171,2993,90,5988.01,23.32,2.853,3.007,1.335,2024-09,2024-09-23/2024-09-29
2024-09-25,Email,81.3,74249,3149,222,13743.85,0.37,169.051,7.05,4.241,2024-09,2024-09-23/2024-09-29
2024-09-25,Paid Search,686.95,31970,990,44,3289.63,15.61,4.789,4.444,3.097,2024-09,2024-09-23/2024-09-29
2024-09-25,SEO,203.9,209846,3756,122,8774.06,1.67,43.031,3.248,1.79,2024-09,2024-09-23/2024-09-29
2024-09-26,Email,89.54,71251,3444,195,11768.35,0.46,131.431,5.662,4.834,2024-09,2024-09-23/2024-09-29
2024-09-26,Paid Search,730.16,35840,1260,63,4676.61,11.59,6.405,5.0,3.516,2024-09,2024-09-23/2024-09-29
2024-09-26,SEO,204.14,228162,4904,165,10875.57,1.24,53.275,3.365,2.149,2024-09,2024-09-23/2024-09-29
2024-09-26,Paid Social,2409.28,292339,3144,77,5444.2,31.29,2.26,2.449,1.075,2024-09,2024-09-23/2024-09-29
2024-09-27,Paid Search,732.37,32601,1230,50,3790.84,14.65,5.176,4.065,3.773,2024-09,2024-09-23/2024-09-29
2024-09-27,SEO,188.99,202220,3758,111,8037.04,1.7,42.526,2.954,1.858,2024-09,2024-09-23/2024-09-29
2024-09-27,Paid Social,1972.79,213684,2784,79,5354.04,24.97,2.714,2.838,1.303,2024-09,2024-09-23/2024-09-29
2024-09-27,Email,100.02,85218,3582,233,13053.19,0.43,130.506,6.505,4.203,2024-09,2024-09-23/2024-09-29
2024-09-28,Email,77.87,68800,3318,198,12240.4,0.39,157.19,5.967,4.823,2024-09,2024-09-23/2024-09-29
2024-09-28,SEO,143.12,174225,3672,107,7238.06,1.34,50.573,2.914,2.108,2024-09,2024-09-23/2024-09-29
2024-09-28,Paid Search,568.52,23969,817,37,2622.16,15.37,4.612,4.529,3.409,2024-09,2024-09-23/2024-09-29
2024-09-28,Paid Social,1425.19,176281,1951,48,3009.58,29.69,2.112,2.46,1.107,2024-09,2024-09-23/2024-09-29
2024-09-29,SEO,146.54,161900,3232,107,7881.89,1.37,53.787,3.311,1.996,2024-09,2024-09-23/2024-09-29
2024-09-29,Paid Social,1386.49,161682,2130,62,3864.47,22.36,2.787,2.911,1.317,2024-09,2024-09-23/2024-09-29
2024-09-29,Email,75.04,62245,3026,211,12571.62,0.36,167.532,6.973,4.861,2024-09,2024-09-23/2024-09-29
2024-09-29,Paid Search,538.65,22394,855,42,2883.45,12.82,5.353,4.912,3.818,2024-09,2024-09-23/2024-09-29
2024-09-30,Email,106.93,97596,3754,230,14772.48,0.46,138.151,6.127,3.846,2024-09,2024-09-30/2024-10-06
2024-09-30,Paid Social,2153.77,252236,2655,69,4693.02,31.21,2.179,2.599,1.053,2024-09,2024-09-30/2024-10-06
2024-09-30,Paid Search,680.84,30155,969,45,3149.99,15.13,4.627,4.644,3.213,2024-09,2024-09-30/2024-10-06
2024-09-30,SEO,201.2,214030,4022,134,8801.67,1.5,43.746,3.332,1.879,2024-09,2024-09-30/2024-10-06
2024-10-01,Email,81.8,74969,3630,227,14696.88,0.36,179.668,6.253,4.842,2024-10,2024-09-30/2024-10-06
2024-10-01,Paid Social,2130.35,231550,2883,79,5164.93,26.97,2.424,2.74,1.245,2024-10,2024-09-30/2024-10-06
2024-10-01,Paid Search,691.92,33361,1223,57,4071.65,12.14,5.885,4.661,3.666,2024-10,2024-09-30/2024-10-06
2024-10-01,SEO,204.35,222640,5210,180,13496.76,1.14,66.047,3.455,2.34,2024-10,2024-09-30/2024-10-06
2024-10-02,SEO,178.92,189224,4043,130,8815.33,1.38,49.27,3.215,2.137,2024-10,2024-09-30/2024-10-06
2024-10-02,Email,93.19,80851,3593,250,13956.69,0.37,149.766,6.958,4.444,2024-10,2024-09-30/2024-10-06
2024-10-02,Paid Search,781.33,32910,1083,49,3742.84,15.95,4.79,4.524,3.291,2024-10,2024-09-30/2024-10-06
2024-10-02,Paid Social,2146.21,261254,2796,86,5765.52,24.96,2.686,3.076,1.07,2024-10,2024-09-30/2024-10-06
2024-10-03,Paid Social,2472.59,264310,3544,82,5503.39,30.15,2.226,2.314,1.341,2024-10,2024-09-30/2024-10-06
2024-10-03,Email,106.62,91072,3975,230,12997.91,0.46,121.909,5.786,4.365,2024-10,2024-09-30/2024-10-06
2024-10-03,Paid Search,688.45,28256,1097,43,3221.05,16.01,4.679,3.92,3.882,2024-10,2024-09-30/2024-10-06
2024-10-03,SEO,216.48,251469,5614,177,11721.22,1.22,54.145,3.153,2.232,2024-10,2024-09-30/2024-10-06
2024-10-04,SEO,208.7,229439,4207,146,11134.28,1.43,53.351,3.47,1.834,2024-10,2024-09-30/2024-10-06
2024-10-04,Paid Social,1854.22,237018,2625,74,5312.38,25.06,2.865,2.819,1.108,2024-10,2024-09-30/2024-10-06
2024-10-04,Email,99.17,85803,3911,269,15145.24,0.37,152.72,6.878,4.558,2024-10,2024-09-30/2024-10-06
2024-10-04,Paid Search,715.02,33030,1153,59,4018.57,12.12,5.62,5.117,3.491,2024-10,2024-09-30/2024-10-06
2024-10-05,Paid Social,1694.77,201520,2122,67,4480.23,25.3,2.644,3.157,1.053,2024-10,2024-09-30/2024-10-06
2024-10-05,Email,63.98,55918,2205,162,10024.59,0.39,156.683,7.347,3.943,2024-10,2024-09-30/2024-10-06
2024-10-05,Paid Search,549.1,24581,755,38,3029.96,14.45,5.518,5.033,3.071,2024-10,2024-09-30/2024-10-06
2024-10-05,SEO,134.81,149706,3289,105,7396.13,1.28,54.863,3.192,2.197,2024-10,2024-09-30/2024-10-06
2024-10-06,Email,69.76,52819,2145,119,6986.29,0.59,100.148,5.548,4.061,2024-10,2024-09-30/2024-10-06
2024-10-06,SEO,152.85,157510,3071,106,7042.05,1.44,46.072,3.452,1.95,2024-10,2024-09-30/2024-10-06
2024-10-06,Paid Social,1821.51,200681,2528,62,4458.83,29.38,2.448,2.453,1.26,2024-10,2024-09-30/2024-10-06
2024-10-06,Paid Search,500.14,21699,838,40,2822.97,12.5,5.644,4.773,3.862,2024-10,2024-09-30/2024-10-06
2024-10-07,SEO,217.46,253984,5432,190,13168.63,1.14,60.557,3.498,2.139,2024-10,2024-10-07/2024-10-13
2024-10-07,Paid Search,664.39,32908,1219,56,3775.45,11.86,5.683,4.594,3.704,2024-10,2024-10-07/2024-10-13
2024-10-07,Paid Social,2198.82,256514,2675,61,3900.1,36.05,1.774,2.28,1.043,2024-10,2024-10-07/2024-10-13
2024-10-07,Email,94.87,76182,3332,198,12752.1,0.48,134.417,5.942,4.374,2024-10,2024-10-07/2024-10-13
2024-10-08,SEO,216.54,226102,5034,144,9418.65,1.5,43.496,2.861,2.226,2024-10,2024-10-07/2024-10-13
2024-10-08,Paid Search,772.62,32447,1166,52,4043.66,14.86,5.234,4.46,3.594,2024-10,2024-10-07/2024-10-13
2024-10-08,Email,98.73,83337,3274,240,14863.87,0.41,150.551,7.33,3.929,2024-10,2024-10-07/2024-10-13
2024-10-08,Paid Social,1934.49,207168,2474,60,3874.93,32.24,2.003,2.425,1.194,2024-10,2024-10-07/2024-10-13
2024-10-09,Paid Search,606.64,28671,893,38,2531.17,15.96,4.172,4.255,3.115,2024-10,2024-10-07/2024-10-13
2024-10-09,Email,81.64,68105,3082,207,12649.66,0.39,154.944,6.716,4.525,2024-10,2024-10-07/2024-10-13
2024-10-09,Paid Social,1986.25,224043,2506,63,4690.04,31.53,2.361,2.514,1.119,2024-10,2024-10-07/2024-10-13
2024-10-09,SEO,210.11,229845,4983,147,9834.01,1.43,46.804,2.95,2.168,2024-10,2024-10-07/2024-10-13
2024-10-10,Paid Social,2038.56,233386,3206,79,5467.56,25.8,2.682,2.464,1.374,2024-10,2024-10-07/2024-10-13
2024-10-10,SEO,176.44,178730,3908,135,9452.54,1.31,53.574,3.454,2.187,2024-10,2024-10-07/2024-10-13
2024-10-10,Email,98.83,77506,3320,197,12128.88,0.5,122.725,5.934,4.284,2024-10,2024-10-07/2024-10-13
2024-10-10,Paid Search,658.81,27824,944,44,3042.34,14.97,4.618,4.661,3.393,2024-10,2024-10-07/2024-10-13
2024-10-11,Paid Search,683.68,30855,1017,43,3335.04,15.9,4.878,4.228,3.296,2024-10,2024-10-07/2024-10-13
2024-10-11,Paid Social,2047.51,230441,2877,84,6208.79,24.38,3.032,2.92,1.248,2024-10,2024-10-07/2024-10-13
2024-10-11,Email,108.66,94567,4162,250,16581.67,0.43,152.601,6.007,4.401,2024-10,2024-10-07/2024-10-13
2024-10-11,SEO,179.31,187720,3755,108,7393.86,1.66,41.235,2.876,2.0,2024-10,2024-10-07/2024-10-13
2024-10-12,Paid Search,463.86,19281,640,29,2033.86,16.0,4.385,4.531,3.319,2024-10,2024-10-07/2024-10-13
2024-10-12,Email,70.63,56597,2627,147,8123.15,0.48,115.01,5.596,4.642,2024-10,2024-10-07/2024-10-13
2024-10-12,SEO,164.82,193159,4477,154,11814.53,1.07,71.681,3.44,2.318,2024-10,2024-10-07/2024-10-13
2024-10-12,Paid Social,1821.04,201995,2275,58,3809.1,31.4,2.092,2.549,1.126,2024-10,2024-10-07/2024-10-13
2024-10-13,Paid Social,1603.41,189471,2138,51,3761.25,31.44,2.346,2.385,1.128,2024-10,2024-10-07/2024-10-13
2024-10-13,Paid Search,460.5,18867,750,38,2636.6,12.12,5.726,5.067,3.975,2024-10,2024-10-07/2024-10-13
2024-10-13,Email,82.05,74398,2903,172,9836.77,0.48,119.888,5.925,3.902,2024-10,2024-10-07/2024-10-13
2024-10-13,SEO,155.61,189366,4031,121,9221.1,1.29,59.258,3.002,2.129,2024-10,2024-10-07/2024-10-13
2024-10-14,Paid Search,790.64,37593,1391,60,4422.79,13.18,5.594,4.313,3.7,2024-10,2024-10-14/2024-10-20
2024-10-14,Paid Social,2163.85,236430,2766,69,4510.99,31.36,2.085,2.495,1.17,2024-10,2024-10-14/2024-10-20
2024-10-14,SEO,185.93,210106,3857,135,9363.9,1.38,50.363,3.5,1.836,2024-10,2024-10-14/2024-10-20
2024-10-14,Email,91.51,79568,3328,220,14403.84,0.42,157.402,6.611,4.183,2024-10,2024-10-14/2024-10-20
2024-10-15,SEO,208.5,251687,5225,151,9902.79,1.38,47.495,2.89,2.076,2024-10,2024-10-14/2024-10-20
2024-10-15,Paid Social,2139.49,268409,3097,93,5839.91,23.01,2.73,3.003,1.154,2024-10,2024-10-14/2024-10-20
2024-10-15,Paid Search,673.59,27697,1059,42,2836.13,16.04,4.21,3.966,3.824,2024-10,2024-10-14/2024-10-20
2024-10-15,Email,101.62,81623,4050,248,14518.77,0.41,142.873,6.123,4.962,2024-10,2024-10-14/2024-10-20
2024-10-16,Paid Search,634.71,28363,891,34,2598.84,18.67,4.095,3.816,3.141,2024-10,2024-10-14/2024-10-20
2024-10-16,Paid Social,2014.41,240693,2960,70,5005.52,28.78,2.485,2.365,1.23,2024-10,2024-10-14/2024-10-20
2024-10-16,SEO,216.81,238309,5049,137,9600.16,1.58,44.279,2.713,2.119,2024-10,2024-10-14/2024-10-20
2024-10-16,Email,87.74,69040,2963,187,10576.79,0.47,120.547,6.311,4.292,2024-10,2024-10-14/2024-10-20
2024-10-17,Paid Search,778.99,35054,1331,68,5097.23,11.46,6.543,5.109,3.797,2024-10,2024-10-14/2024-10-20
2024-10-17,SEO,192.16,207268,3829,128,8414.93,1.5,43.791,3.343,1.847,2024-10,2024-10-14/2024-10-20
2024-10-17,Paid Social,2015.41,255421,2735,70,5058.62,28.79,2.51,2.559,1.071,2024-10,2024-10-14/2024-10-20
2024-10-17,Email,97.79,76529,3306,194,11661.77,0.5,119.253,5.868,4.32,2024-10,2024-10-14/2024-10-20
2024-10-18,SEO,204.85,243375,5151,157,11978.16,1.3,58.473,3.048,2.116,2024-10,2024-10-14/2024-10-20
2024-10-18,Paid Search,604.54,27557,1108,49,3417.02,12.34,5.652,4.422,4.021,2024-10,2024-10-14/2024-10-20
2024-10-18,Paid Social,2441.08,303709,3775,82,5805.19,29.77,2.378,2.172,1.243,2024-10,2024-10-14/2024-10-20
2024-10-18,Email,91.05,69158,2652,179,10858.67,0.51,119.261,6.75,3.835,2024-10,2024-10-14/2024-10-20
2024-10-19,Paid Search,463.26,19539,651,29,2056.91,15.97,4.44,4.455,3.332,2024-10,2024-10-14/2024-10-20
2024-10-19,SEO,127.7,142099,3318,100,7146.72,1.28,55.965,3.014,2.335,2024-10,2024-10-14/2024-10-20
2024-10-19,Paid Social,1770.56,224995,2696,66,4518.09,26.83,2.552,2.448,1.198,2024-10,2024-10-14/2024-10-20
2024-10-19,Email,69.87,52806,2239,132,8446.01,0.53,120.882,5.895,4.24,2024-10,2024-10-14/2024-10-20
2024-10-20,Paid Social,1838.79,226509,2817,70,5038.26,26.27,2.74,2.485,1.244,2024-10,2024-10-14/2024-10-20
2024-10-20,Email,80.06,62244,2467,162,10066.36,0.49,125.735,6.567,3.963,2024-10,2024-10-14/2024-10-20
2024-10-20,SEO,166.97,188832,4366,138,10340.07,1.21,61.928,3.161,2.312,2024-10,2024-10-14/2024-10-20
2024-10-20,Paid Search,533.74,25624,965,48,3544.17,11.12,6.64,4.974,3.766,2024-10,2024-10-14/2024-10-20
2024-10-21,Paid Search,616.61,28490,934,40,3069.46,15.42,4.978,4.283,3.278,2024-10,2024-10-21/2024-10-27
2024-10-21,Email,89.0,78052,3763,210,12333.41,0.42,138.578,5.581,4.821,2024-10,2024-10-21/2024-10-27
2024-10-21,SEO,175.16,178165,4065,109,7649.67,1.61,43.672,2.681,2.282,2024-10,2024-10-21/2024-10-27
2024-10-21,Paid Social,1981.06,232825,3212,101,6955.58,19.61,3.511,3.144,1.38,2024-10,2024-10-21/2024-10-27
2024-10-22,Paid Search,637.89,26612,922,36,2793.04,17.72,4.379,3.905,3.465,2024-10,2024-10-21/2024-10-27
2024-10-22,SEO,186.07,213564,4641,147,9401.76,1.27,50.528,3.167,2.173,2024-10,2024-10-21/2024-10-27
2024-10-22,Paid Social,2282.94,294399,3926,106,7854.79,21.54,3.441,2.7,1.334,2024-10,2024-10-21/2024-10-27
2024-10-22,Email,105.88,83968,3868,257,15527.8,0.41,146.655,6.644,4.607,2024-10,2024-10-21/2024-10-27
2024-10-23,SEO,170.15,187352,3464,116,7771.31,1.47,45.673,3.349,1.849,2024-10,2024-10-21/2024-10-27
2024-10-23,Email,89.92,68035,3012,216,13859.41,0.42,154.13,7.171,4.427,2024-10,2024-10-21/2024-10-27
2024-10-23,Paid Search,779.31,38021,1311,56,4508.08,13.92,5.785,4.272,3.448,2024-10,2024-10-21/2024-10-27
2024-10-23,Paid Social,2591.1,327711,3460,82,5358.62,31.6,2.068,2.37,1.056,2024-10,2024-10-21/2024-10-27
2024-10-24,Paid Social,2102.21,267931,3512,90,5915.32,23.36,2.814,2.563,1.311,2024-10,2024-10-21/2024-10-27
2024-10-24,Email,106.62,85364,3755,227,14733.46,0.47,138.187,6.045,4.399,2024-10,2024-10-21/2024-10-27
2024-10-24,SEO,182.64,205299,4616,160,11458.27,1.14,62.737,3.466,2.248,2024-10,2024-10-21/2024-10-27
2024-10-24,Paid Search,691.04,28521,954,39,3048.88,17.72,4.412,4.088,3.345,2024-10,2024-10-21/2024-10-27
2024-10-25,SEO,185.03,190300,4242,142,10568.5,1.3,57.118,3.347,2.229,2024-10,2024-10-21/2024-10-27
2024-10-25,Email,88.52,81490,4140,296,18240.44,0.3,206.06,7.15,5.08,2024-10,2024-10-21/2024-10-27
2024-10-25,Paid Social,2385.12,302046,3493,87,5642.68,27.42,2.366,2.491,1.156,2024-10,2024-10-21/2024-10-27
2024-10-25,Paid Search,620.65,30022,1002,50,3618.91,12.41,5.831,4.99,3.338,2024-10,2024-10-21/2024-10-27
2024-10-26,Email,72.12,55034,2477,182,10313.64,0.4,143.007,7.348,4.501,2024-10,2024-10-21/2024-10-27
2024-10-26,Paid Social,1481.9,164028,2174,53,3873.61,27.96,2.614,2.438,1.325,2024-10,2024-10-21/2024-10-27
2024-10-26,SEO,160.33,193440,4291,130,9909.58,1.23,61.807,3.03,2.218,2024-10,2024-10-21/2024-10-27
2024-10-26,Paid Search,586.65,27901,924,36,2477.41,16.3,4.223,3.896,3.312,2024-10,2024-10-21/2024-10-27
2024-10-27,Paid Social,1862.62,222483,2729,69,5050.27,26.99,2.711,2.528,1.227,2024-10,2024-10-21/2024-10-27
2024-10-27,Email,62.14,52902,2169,152,9506.85,0.41,152.991,7.008,4.1,2024-10,2024-10-21/2024-10-27
2024-10-27,SEO,126.53,132339,2467,66,4762.06,1.92,37.636,2.675,1.864,2024-10,2024-10-21/2024-10-27
2024-10-27,Paid Search,461.3,21188,795,38,2582.08,12.14,5.597,4.78,3.752,2024-10,2024-10-21/2024-10-27
2024-10-28,Paid Social,2370.78,274966,3463,95,5965.26,24.96,2.516,2.743,1.259,2024-10,2024-10-28/2024-11-03
2024-10-28,SEO,188.01,193267,3664,106,6991.74,1.77,37.188,2.893,1.896,2024-10,2024-10-28/2024-11-03
2024-10-28,Paid Search,682.96,31614,1235,53,4102.02,12.89,6.006,4.291,3.906,2024-10,2024-10-28/2024-11-03
2024-10-28,Email,94.45,82636,3314,201,12414.84,0.47,131.444,6.065,4.01,2024-10,2024-10-28/2024-11-03
2024-10-29,Email,87.65,80342,3345,191,12626.27,0.46,144.053,5.71,4.163,2024-10,2024-10-28/2024-11-03
2024-10-29,Paid Search,693.82,33517,1016,45,3454.42,15.42,4.979,4.429,3.031,2024-10,2024-10-28/2024-11-03
2024-10-29,SEO,219.02,230505,5359,151,10484.2,1.45,47.869,2.818,2.325,2024-10,2024-10-28/2024-11-03
2024-10-29,Paid Social,2500.23,287520,3516,92,5830.72,27.18,2.332,2.617,1.223,2024-10,2024-10-28/2024-11-03
2024-10-30,Email,89.56,79956,3419,215,13685.84,0.42,152.812,6.288,4.276,2024-10,2024-10-28/2024-11-03
2024-10-30,Paid Search,681.35,33624,1324,59,4222.95,11.55,6.198,4.456,3.938,2024-10,2024-10-28/2024-11-03
2024-10-30,SEO,200.83,224694,4760,127,8653.05,1.58,43.086,2.668,2.118,2024-10,2024-10-28/2024-11-03
2024-10-30,Paid Social,2608.56,314185,3601,94,6674.77,27.75,2.559,2.61,1.146,2024-10,2024-10-28/2024-11-03
2024-10-31,Email,93.27,78320,3414,231,12849.91,0.4,137.771,6.766,4.359,2024-10,2024-10-28/2024-11-03
2024-10-31,Paid Search,657.56,30689,978,44,3248.17,14.94,4.94,4.499,3.187,2024-10,2024-10-28/2024-11-03
2024-10-31,SEO,193.85,210708,4580,127,8112.88,1.53,41.851,2.773,2.174,2024-10,2024-10-28/2024-11-03
2024-10-31,Paid Social,2154.82,273106,3635,107,6899.81,20.14,3.202,2.944,1.331,2024-10,2024-10-28/2024-11-03
2024-11-01,SEO,221.48,244989,5787,180,12734.34,1.23,57.497,3.11,2.362,2024-11,2024-10-28/2024-11-03
2024-11-01,Email,102.39,89540,4036,279,16018.36,0.37,156.445,6.913,4.507,2024-11,2024-10-28/2024-11-03
2024-11-01,Paid Search,711.56,34895,1164,50,3959.6,14.23,5.565,4.296,3.336,2024-11,2024-10-28/2024-11-03
2024-11-01,Paid Social,2111.42,263355,2784,68,4227.12,31.05,2.002,2.443,1.057,2024-11,2024-10-28/2024-11-03
2024-11-02,SEO,126.14,142404,3188,110,7967.7,1.15,63.166,3.45,2.239,2024-11,2024-10-28/2024-11-03
2024-11-02,Paid Social,1973.82,244856,2636,79,5722.54,24.99,2.899,2.997,1.077,2024-11,2024-10-28/2024-11-03
2024-11-02,Email,70.52,60394,2591,189,11974.09,0.37,169.797,7.294,4.29,2024-11,2024-10-28/2024-11-03
2024-11-02,Paid Search,445.45,18845,754,37,2620.14,12.04,5.882,4.907,4.001,2024-11,2024-10-28/2024-11-03
2024-11-03,SEO,131.61,156139,3758,121,7852.86,1.09,59.668,3.22,2.407,2024-11,2024-10-28/2024-11-03
2024-11-03,Paid Social,1994.19,257766,2791,77,5388.28,25.9,2.702,2.759,1.083,2024-11,2024-10-28/2024-11-03
2024-11-03,Email,73.74,62242,2537,181,11377.25,0.41,154.289,7.134,4.076,2024-11,2024-10-28/2024-11-03
2024-11-03,Paid Search,673.95,27114,967,41,2835.13,16.44,4.207,4.24,3.566,2024-11,2024-10-28/2024-11-03
2024-11-04,SEO,178.74,186125,3865,103,7288.55,1.74,40.777,2.665,2.077,2024-11,2024-11-04/2024-11-10
2024-11-04,Email,107.58,94498,3967,241,13540.94,0.45,125.869,6.075,4.198,2024-11,2024-11-04/2024-11-10
2024-11-04,Paid Search,636.55,28826,903,37,2588.89,17.2,4.067,4.097,3.133,2024-11,2024-11-04/2024-11-10
2024-11-04,Paid Social,2379.13,281683,3447,88,5457.11,27.04,2.294,2.553,1.224,2024-11,2024-11-04/2024-11-10
2024-11-05,SEO,202.02,224194,4359,152,10485.09,1.33,51.901,3.487,1.944,2024-11,2024-11-04/2024-11-10
2024-11-05,Email,83.95,66210,2966,216,12454.34,0.39,148.354,7.283,4.48,2024-11,2024-11-04/2024-11-10
2024-11-05,Paid Search,792.02,38080,1134,57,3834.35,13.9,4.841,5.026,2.978,2024-11,2024-11-04/2024-11-10
2024-11-05,Paid Social,2269.59,250324,3255,86,5870.86,26.39,2.587,2.642,1.3,2024-11,2024-11-04/2024-11-10
2024-11-06,Paid Social,2126.05,268145,2932,81,5831.34,26.25,2.743,2.763,1.093,2024-11,2024-11-04/2024-11-10
2024-11-06,SEO,192.83,206536,4620,129,8442.54,1.49,43.782,2.792,2.237,2024-11,2024-11-04/2024-11-10
2024-11-06,Paid Search,800.55,33865,1318,56,4315.76,14.3,5.391,4.249,3.892,2024-11,2024-11-04/2024-11-10
2024-11-06,Email,87.95,77106,3824,268,14725.62,0.33,167.432,7.008,4.959,2024-11,2024-11-04/2024-11-10
2024-11-07,SEO,173.16,185121,3966,126,9538.58,1.37,55.085,3.177,2.142,2024-11,2024-11-04/2024-11-10
2024-11-07,Email,107.37,98109,4610,300,16939.0,0.36,157.763,6.508,4.699,2024-11,2024-11-04/2024-11-10
2024-11-07,Paid Social,2133.49,256643,3197,90,6248.84,23.71,2.929,2.815,1.246,2024-11,2024-11-04/2024-11-10
2024-11-07,Paid Search,753.42,37318,1173,58,4271.63,12.99,5.67,4.945,3.143,2024-11,2024-11-04/2024-11-10
2024-11-08,Paid Social,2614.37,280738,3708,90,6216.52,29.05,2.378,2.427,1.321,2024-11,2024-11-04/2024-11-10
2024-11-08,SEO,178.11,207616,4493,153,10979.07,1.16,61.642,3.405,2.164,2024-11,2024-11-04/2024-11-10
2024-11-08,Paid Search,596.89,27583,1007,51,3558.14,11.7,5.961,5.065,3.651,2024-11,2024-11-04/2024-11-10
2024-11-08,Email,107.17,91644,4289,273,15562.3,0.39,145.211,6.365,4.68,2024-11,2024-11-04/2024-11-10
2024-11-09,Paid Social,1891.22,213799,2369,61,3782.57,31.0,2.0,2.575,1.108,2024-11,2024-11-04/2024-11-10
2024-11-09,SEO,157.29,164981,3797,121,9113.02,1.3,57.938,3.187,2.301,2024-11,2024-11-04/2024-11-10
2024-11-09,Paid Search,507.81,25105,897,41,3015.82,12.39,5.939,4.571,3.573,2024-11,2024-11-04/2024-11-10
2024-11-09,Email,82.13,71689,2860,184,10282.44,0.45,125.197,6.434,3.989,2024-11,2024-11-04/2024-11-10
2024-11-10,SEO,130.22,138310,2788,76,5057.88,1.71,38.841,2.726,2.016,2024-11,2024-11-04/2024-11-10
2024-11-10,Paid Search,508.89,24267,839,33,2282.59,15.42,4.485,3.933,3.457,2024-11,2024-11-04/2024-11-10
2024-11-10,Email,78.58,68796,2832,200,12088.49,0.39,153.837,7.062,4.117,2024-11,2024-11-04/2024-11-10
2024-11-10,Paid Social,1759.68,221784,2454,69,4917.31,25.5,2.794,2.812,1.106,2024-11,2024-11-04/2024-11-10
2024-11-11,Paid Social,2033.26,221178,2480,59,3754.4,34.46,1.846,2.379,1.121,2024-11,2024-11-11/2024-11-17
2024-11-11,Paid Search,633.6,30265,1109,47,3421.46,13.48,5.4,4.238,3.664,2024-11,2024-11-11/2024-11-17
2024-11-11,SEO,212.93,220823,5225,167,12788.54,1.28,60.06,3.196,2.366,2024-11,2024-11-11/2024-11-17
2024-11-11,Email,96.8,86516,4272,310,17252.04,0.31,178.224,7.257,4.938,2024-11,2024-11-11/2024-11-17
2024-11-12,SEO,186.45,196265,4305,139,9173.2,1.34,49.199,3.229,2.193,2024-11,2024-11-11/2024-11-17
2024-11-12,Email,90.68,75351,3745,243,15549.67,0.37,171.478,6.489,4.97,2024-11,2024-11-11/2024-11-17
2024-11-12,Paid Search,728.65,33250,1069,42,3115.12,17.35,4.275,3.929,3.215,2024-11,2024-11-11/2024-11-17
2024-11-12,Paid Social,2433.69,307243,3195,79,5086.68,30.81,2.09,2.473,1.04,2024-11,2024-11-11/2024-11-17
2024-11-13,Paid Search,752.92,33203,1023,50,3349.32,15.06,4.448,4.888,3.081,2024-11,2024-11-11/2024-11-17
2024-11-13,SEO,180.82,204992,4715,125,9537.04,1.45,52.743,2.651,2.3,2024-11,2024-11-11/2024-11-17
2024-11-13,Paid Social,2124.78,244239,3107,76,5558.1,27.96,2.616,2.446,1.272,2024-11,2024-11-11/2024-11-17
2024-11-13,Email,94.5,73717,3350,215,13171.7,0.44,139.383,6.418,4.544,2024-11,2024-11-11/2024-11-17
2024-11-14,SEO,219.04,257464,4875,140,10055.04,1.56,45.905,2.872,1.893,2024-11,2024-11-11/2024-11-17
2024-11-14,Email,89.46,75323,3298,193,11861.41,0.46,132.589,5.852,4.378,2024-11,2024-11-11/2024-11-17
2024-11-14,Paid Search,672.86,28413,950,44,3282.91,15.29,4.879,4.632,3.344,2024-11,2024-11-11/2024-11-17
2024-11-14,Paid Social,2595.68,293925,3307,76,5156.02,34.15,1.986,2.298,1.125,2024-11,2024-11-11/2024-11-17
2024-11-15,SEO,218.39,226212,4404,133,8578.33,1.64,39.28,3.02,1.947,2024-11,2024-11-11/2024-11-17
2024-11-15,Email,85.8,75497,3283,185,12292.56,0.46,143.27,5.635,4.349,2024-11,2024-11-11/2024-11-17
2024-11-15,Paid Search,762.51,32798,1178,59,4701.9,12.92,6.166,5.008,3.592,2024-11,2024-11-11/2024-11-17
2024-11-15,Paid Social,2696.94,307779,3914,89,6028.85,30.3,2.235,2.274,1.272,2024-11,2024-11-11/2024-11-17
2024-11-16,Email,79.03,60402,2687,169,10882.98,0.47,137.707,6.29,4.449,2024-11,2024-11-11/2024-11-17
2024-11-16,SEO,151.39,153171,3064,94,6641.86,1.61,43.873,3.068,2.0,2024-11,2024-11-11/2024-11-17
2024-11-16,Paid Social,1974.4,234227,2934,93,6515.99,21.23,3.3,3.17,1.253,2024-11,2024-11-11/2024-11-17
2024-11-16,Paid Search,547.47,27119,954,41,3085.06,13.35,5.635,4.298,3.518,2024-11,2024-11-11/2024-11-17
2024-11-17,SEO,141.78,172941,3747,119,7792.74,1.19,54.964,3.176,2.167,2024-11,2024-11-11/2024-11-17
2024-11-17,Paid Social,1667.17,185486,2340,67,4470.45,24.88,2.681,2.863,1.262,2024-11,2024-11-11/2024-11-17
2024-11-17,Paid Search,478.28,23758,811,40,2815.96,11.96,5.888,4.932,3.414,2024-11,2024-11-11/2024-11-17
2024-11-17,Email,90.97,64614,2485,182,11352.95,0.5,124.799,7.324,3.846,2024-11,2024-11-11/2024-11-17
2024-11-18,SEO,177.98,201335,3967,120,9226.79,1.48,51.842,3.025,1.97,2024-11,2024-11-18/2024-11-24
2024-11-18,Paid Social,2371.2,262950,2711,64,4174.87,37.05,1.761,2.361,1.031,2024-11,2024-11-18/2024-11-24
2024-11-18,Email,109.46,92584,4729,272,16815.7,0.4,153.624,5.752,5.108,2024-11,2024-11-18/2024-11-24
2024-11-18,Paid Search,707.52,30380,1048,50,4036.15,14.15,5.705,4.771,3.45,2024-11,2024-11-18/2024-11-24
2024-11-19,Email,86.59,77200,3659,209,11760.27,0.41,135.816,5.712,4.74,2024-11,2024-11-18/2024-11-24
2024-11-19,Paid Search,597.77,27649,1041,46,3304.72,13.0,5.528,4.419,3.765,2024-11,2024-11-18/2024-11-24
2024-11-19,SEO,198.69,226031,5260,173,13271.67,1.15,66.796,3.289,2.327,2024-11,2024-11-18/2024-11-24
2024-11-19,Paid Social,2080.32,263953,3450,95,6034.29,21.9,2.901,2.754,1.307,2024-11,2024-11-18/2024-11-24
2024-11-20,Email,95.5,86989,4347,322,18080.31,0.3,189.323,7.407,4.997,2024-11,2024-11-18/2024-11-24
2024-11-20,Paid Search,632.66,29582,992,39,3069.66,16.22,4.852,3.931,3.353,2024-11,2024-11-18/2024-11-24
2024-11-20,SEO,185.82,203540,4649,135,8559.7,1.38,46.064,2.904,2.284,2024-11,2024-11-18/2024-11-24
2024-11-20,Paid Social,2702.37,317927,3492,76,4769.02,35.56,1.765,2.176,1.098,2024-11,2024-11-18/2024-11-24
2024-11-21,Paid Search,691.1,34116,1167,56,4306.11,12.34,6.231,4.799,3.421,2024-11,2024-11-18/2024-11-24
2024-11-21,Email,93.17,71027,3336,235,14564.32,0.4,156.32,7.044,4.697,2024-11,2024-11-18/2024-11-24
2024-11-21,SEO,199.22,221641,4087,121,8219.17,1.65,41.257,2.961,1.844,2024-11,2024-11-18/2024-11-24
2024-11-21,Paid Social,2747.96,313032,3905,99,6368.68,27.76,2.318,2.535,1.247,2024-11,2024-11-18/2024-11-24
2024-11-22,Paid Social,2491.27,320070,4079,106,7512.09,23.5,3.015,2.599,1.274,2024-11,2024-11-18/2024-11-24
2024-11-22,Paid Search,681.31,28285,899,36,2399.44,18.93,3.522,4.004,3.178,2024-11,2024-11-18/2024-11-24
2024-11-22,SEO,178.52,185754,4298,130,8471.45,1.37,47.454,3.025,2.314,2024-11,2024-11-18/2024-11-24
2024-11-22,Email,109.1,93808,4775,323,19643.46,0.34,180.05,6.764,5.09,2024-11,2024-11-18/2024-11-24
2024-11-23,Paid Search,588.35,24240,786,33,2520.52,17.83,4.284,4.198,3.243,2024-11,2024-11-18/2024-11-24
2024-11-23,Paid Social,1658.79,203813,2252,54,3991.8,30.72,2.406,2.398,1.105,2024-11,2024-11-18/2024-11-24
2024-11-23,SEO,130.69,141658,2552,75,4761.13,1.74,36.431,2.939,1.802,2024-11,2024-11-18/2024-11-24
2024-11-23,Email,62.02,51500,2041,148,8436.1,0.42,136.022,7.251,3.963,2024-11,2024-11-18/2024-11-24
2024-11-24,Paid Search,459.96,22643,730,32,2249.27,14.37,4.89,4.384,3.224,2024-11,2024-11-18/2024-11-24
2024-11-24,Email,64.03,51387,2098,152,9801.79,0.42,153.081,7.245,4.083,2024-11,2024-11-18/2024-11-24
2024-11-24,SEO,134.57,157453,3644,123,9171.69,1.09,68.156,3.375,2.314,2024-11,2024-11-18/2024-11-24
2024-11-24,Paid Social,2382.97,201839,2264,54,3933.89,44.13,1.651,2.385,1.122,2024-11,2024-11-18/2024-11-24
2024-11-25,Paid Social,2683.89,285184,3321,87,5940.07,30.85,2.213,2.62,1.165,2024-11,2024-11-25/2024-12-01
2024-11-25,SEO,216.23,261476,5573,173,12993.7,1.25,60.092,3.104,2.131,2024-11,2024-11-25/2024-12-01
2024-11-25,Email,86.77,73814,3216,232,14654.25,0.37,168.886,7.214,4.357,2024-11,2024-11-25/2024-12-01
2024-11-25,Paid Search,601.7,28906,1147,52,3594.96,11.57,5.975,4.534,3.968,2024-11,2024-11-25/2024-12-01
2024-11-26,Email,100.05,77217,3481,218,12415.25,0.46,124.09,6.263,4.508,2024-11,2024-11-25/2024-12-01
2024-11-26,SEO,220.5,261956,5896,203,15439.25,1.09,70.019,3.443,2.251,2024-11,2024-11-25/2024-12-01
2024-11-26,Paid Social,2612.08,311741,3509,92,6274.31,28.39,2.402,2.622,1.126,2024-11,2024-11-25/2024-12-01
2024-11-26,Paid Search,664.61,32926,1123,54,4392.89,12.31,6.61,4.809,3.411,2024-11,2024-11-25/2024-12-01
2024-11-27,Email,109.23,88215,4333,278,15287.08,0.39,139.953,6.416,4.912,2024-11,2024-11-25/2024-12-01
2024-11-27,SEO,175.43,190646,3947,121,8408.11,1.45,47.929,3.066,2.07,2024-11,2024-11-25/2024-12-01
2024-11-27,Paid Social,2103.81,269429,2986,89,6504.96,23.64,3.092,2.981,1.108,2024-11,2024-11-25/2024-12-01
2024-11-27,Paid Search,631.94,28423,1004,48,3802.33,13.17,6.017,4.781,3.532,2024-11,2024-11-25/2024-12-01
2024-11-28,Paid Search,636.38,28304,1073,54,3889.64,11.78,6.112,5.033,3.791,2024-11,2024-11-25/2024-12-01
2024-11-28,Email,108.69,99097,4618,262,14405.03,0.41,132.533,5.673,4.66,2024-11,2024-11-25/2024-12-01
2024-11-28,SEO,221.46,232054,4981,134,9628.87,1.65,43.479,2.69,2.146,2024-11,2024-11-25/2024-12-01
2024-11-28,Paid Social,2609.37,332418,4065,104,7330.03,25.09,2.809,2.558,1.223,2024-11,2024-11-25/2024-12-01
2024-11-29,Email,100.26,75697,3637,227,12592.07,0.44,125.594,6.241,4.805,2024-11,2024-11-25/2024-12-01
2024-11-29,Paid Search,599.64,26684,1035,50,3785.11,11.99,6.312,4.831,3.879,2024-11,2024-11-25/2024-12-01
2024-11-29,Paid Social,2194.04,271414,3122,81,5086.88,27.09,2.318,2.594,1.15,2024-11,2024-11-25/2024-12-01
2024-11-29,SEO,217.78,240077,5156,144,9837.14,1.51,45.17,2.793,2.148,2024-11,2024-11-25/2024-12-01
2024-11-30,Paid Search,504.28,21394,741,35,2333.23,14.41,4.627,4.723,3.464,2024-11,2024-11-25/2024-12-01
2024-11-30,SEO,190.5,181402,3765,133,9720.18,1.43,51.025,3.533,2.076,2024-11,2024-11-25/2024-12-01
2024-11-30,Paid Social,1770.44,203851,2544,74,5007.78,23.92,2.829,2.909,1.248,2024-11,2024-11-25/2024-12-01
2024-11-30,Email,79.67,68080,3397,244,14893.9,0.33,186.945,7.183,4.99,2024-11,2024-11-25/2024-12-01
2024-12-01,Paid Search,567.77,25669,973,37,2908.64,15.35,5.123,3.803,3.791,2024-12,2024-11-25/2024-12-01
2024-12-01,SEO,158.85,170161,3487,107,7042.56,1.48,44.335,3.069,2.049,2024-12,2024-11-25/2024-12-01
2024-12-01,Paid Social,1731.75,222799,2746,84,5579.88,20.62,3.222,3.059,1.233,2024-12,2024-11-25/2024-12-01
2024-12-01,Email,63.38,56219,2897,172,10705.66,0.37,168.912,5.937,5.153,2024-12,2024-11-25/2024-12-01
2024-12-02,Paid Search,699.83,29216,967,45,3646.24,15.55,5.21,4.654,3.31,2024-12,2024-12-02/2024-12-08
2024-12-02,SEO,179.53,212558,4801,129,9740.63,1.39,54.256,2.687,2.259,2024-12,2024-12-02/2024-12-08
2024-12-02,Paid Social,2633.03,340173,4084,99,6666.39,26.6,2.532,2.424,1.201,2024-12,2024-12-02/2024-12-08
2024-12-02,Email,84.04,65520,3315,191,11042.31,0.44,131.394,5.762,5.06,2024-12,2024-12-02/2024-12-08
2024-12-03,Email,94.94,86882,4037,296,19762.38,0.32,208.157,7.332,4.647,2024-12,2024-12-02/2024-12-08
2024-12-03,SEO,189.95,228971,4432,119,9041.67,1.6,47.6,2.685,1.936,2024-12,2024-12-02/2024-12-08
2024-12-03,Paid Search,683.68,31907,1106,49,3372.48,13.95,4.933,4.43,3.466,2024-12,2024-12-02/2024-12-08
2024-12-03,Paid Social,2497.51,284165,2902,73,5143.54,34.21,2.059,2.516,1.021,2024-12,2024-12-02/2024-12-08
2024-12-04,Paid Social,2432.13,289105,3416,83,6065.8,29.3,2.494,2.43,1.182,2024-12,2024-12-02/2024-12-08
2024-12-04,SEO,198.35,216012,4334,117,7778.92,1.7,39.218,2.7,2.006,2024-12,2024-12-02/2024-12-08
2024-12-04,Email,87.75,78927,3970,255,16023.21,0.34,182.601,6.423,5.03,2024-12,2024-12-02/2024-12-08
2024-12-04,Paid Search,716.05,33301,1217,53,3629.54,13.51,5.069,4.355,3.655,2024-12,2024-12-02/2024-12-08
2024-12-05,Paid Social,2569.74,312208,3511,84,5439.73,30.59,2.117,2.392,1.125,2024-12,2024-12-02/2024-12-08
2024-12-05,Email,101.66,76604,3541,199,11555.72,0.51,113.67,5.62,4.622,2024-12,2024-12-02/2024-12-08
2024-12-05,Paid Search,726.04,33639,1107,42,3066.91,17.29,4.224,3.794,3.291,2024-12,2024-12-02/2024-12-08
2024-12-05,SEO,207.92,209694,4731,143,9722.54,1.45,46.761,3.023,2.256,2024-12,2024-12-02/2024-12-08
2024-12-06,SEO,222.13,228418,4895,131,8899.97,1.7,40.066,2.676,2.143,2024-12,2024-12-02/2024-12-08
2024-12-06,Paid Search,779.07,32809,1207,54,3984.5,14.43,5.114,4.474,3.679,2024-12,2024-12-02/2024-12-08
2024-12-06,Paid Social,2219.86,264010,3107,70,4996.08,31.71,2.251,2.253,1.177,2024-12,2024-12-02/2024-12-08
2024-12-06,Email,108.12,94997,4619,304,18454.5,0.36,170.685,6.582,4.862,2024-12,2024-12-02/2024-12-08
2024-12-07,Paid Social,2293.65,234876,2789,72,4735.25,31.86,2.065,2.582,1.187,2024-12,2024-12-02/2024-12-08
2024-12-07,Paid Search,532.32,25333,787,31,2258.46,17.17,4.243,3.939,3.107,2024-12,2024-12-02/2024-12-08
2024-12-07,Email,69.33,60504,2451,156,9027.24,0.44,130.207,6.365,4.051,2024-12,2024-12-02/2024-12-08
2024-12-07,SEO,150.94,157708,2986,96,7254.02,1.57,48.059,3.215,1.893,2024-12,2024-12-02/2024-12-08
2024-12-08,Paid Social,1600.85,191913,2638,67,4135.66,23.89,2.583,2.54,1.375,2024-12,2024-12-02/2024-12-08
2024-12-08,Paid Search,519.9,22291,684,27,1908.29,19.26,3.67,3.947,3.069,2024-12,2024-12-02/2024-12-08
2024-12-08,Email,68.81,62653,2834,171,10058.93,0.4,146.184,6.034,4.523,2024-12,2024-12-02/2024-12-08
2024-12-08,SEO,136.97,162256,3530,106,8157.69,1.29,59.558,3.003,2.176,2024-12,2024-12-02/2024-12-08
2024-12-09,SEO,203.89,224445,5006,159,10102.96,1.28,49.551,3.176,2.23,2024-12,2024-12-09/2024-12-15
2024-12-09,Paid Search,646.07,29068,951,46,3131.66,14.05,4.847,4.837,3.272,2024-12,2024-12-09/2024-12-15
2024-12-09,Paid Social,2480.05,272949,3137,85,6289.43,29.18,2.536,2.71,1.149,2024-12,2024-12-09/2024-12-15
2024-12-09,Email,108.37,86452,3811,252,14911.43,0.43,137.597,6.612,4.408,2024-12,2024-12-09/2024-12-15
2024-12-10,Paid Social,2459.28,314212,4105,117,8238.06,21.02,3.35,2.85,1.306,2024-12,2024-12-09/2024-12-15
2024-12-10,SEO,177.83,208227,4699,141,9904.24,1.26,55.695,3.001,2.257,2024-12,2024-12-09/2024-12-15
2024-12-10,Email,89.32,67755,2864,172,10142.77,0.52,113.555,6.006,4.227,2024-12,2024-12-09/2024-12-15
2024-12-10,Paid Search,727.37,30230,1052,48,3707.44,15.15,5.097,4.563,3.48,2024-12,2024-12-09/2024-12-15
2024-12-11,Paid Search,602.48,28299,934,40,3131.48,15.06,5.198,4.283,3.3,2024-12,2024-12-09/2024-12-15
2024-12-11,Paid Social,2346.6,299740,3311,82,5587.02,28.62,2.381,2.477,1.105,2024-12,2024-12-09/2024-12-15
2024-12-11,Email,96.06,73717,3412,209,12202.68,0.46,127.032,6.125,4.629,2024-12,2024-12-09/2024-12-15
2024-12-11,SEO,216.67,264599,5794,185,12382.75,1.17,57.15,3.193,2.19,2024-12,2024-12-09/2024-12-15
2024-12-12,SEO,183.6,204338,3874,106,7791.06,1.73,42.435,2.736,1.896,2024-12,2024-12-09/2024-12-15
2024-12-12,Paid Social,2841.65,334614,3662,92,5645.53,30.89,1.987,2.512,1.094,2024-12,2024-12-09/2024-12-15
2024-12-12,Email,90.75,73485,3367,237,13110.79,0.38,144.472,7.039,4.582,2024-12,2024-12-09/2024-12-15
2024-12-12,Paid Search,715.27,31962,1084,45,3020.15,15.89,4.222,4.151,3.392,2024-12,2024-12-09/2024-12-15
2024-12-13,Email,99.25,75322,3155,200,12060.44,0.5,121.516,6.339,4.189,2024-12,2024-12-09/2024-12-15
2024-12-13,Paid Search,762.64,37073,1146,53,4308.48,14.39,5.649,4.625,3.091,2024-12,2024-12-09/2024-12-15
2024-12-13,Paid Social,2571.67,278574,3527,84,5248.45,30.62,2.041,2.382,1.266,2024-12,2024-12-09/2024-12-15
2024-12-13,SEO,182.17,186638,3480,115,7956.65,1.58,43.677,3.305,1.865,2024-12,2024-12-09/2024-12-15
2024-12-14,Paid Search,593.83,28957,1131,43,3160.71,13.81,5.323,3.802,3.906,2024-12,2024-12-09/2024-12-15
2024-12-14,Email,65.44,58221,2364,151,9827.14,0.43,150.17,6.387,4.06,2024-12,2024-12-09/2024-12-15
2024-12-14,Paid Social,2126.07,228885,2580,61,3792.29,34.85,1.784,2.364,1.127,2024-12,2024-12-09/2024-12-15
2024-12-14,SEO,132.52,156914,2842,91,6992.19,1.46,52.763,3.202,1.811,2024-12,2024-12-09/2024-12-15
2024-12-15,SEO,145.19,147315,3020,84,5991.68,1.73,41.268,2.781,2.05,2024-12,2024-12-09/2024-12-15
2024-12-15,Paid Search,592.94,28665,1131,50,3383.14,11.86,5.706,4.421,3.946,2024-12,2024-12-09/2024-12-15
2024-12-15,Email,79.32,70880,3051,191,10700.02,0.42,134.897,6.26,4.304,2024-12,2024-12-09/2024-12-15
2024-12-15,Paid Social,1957.28,232102,2592,82,5635.64,23.87,2.879,3.164,1.117,2024-12,2024-12-09/2024-12-15
2024-12-16,Paid Social,2443.87,308460,3311,76,5298.48,32.16,2.168,2.295,1.073,2024-12,2024-12-16/2024-12-22
2024-12-16,Email,84.41,73457,2996,214,12884.76,0.39,152.645,7.143,4.079,2024-12,2024-12-16/2024-12-22
2024-12-16,Paid Search,806.31,38961,1233,51,3914.16,15.81,4.854,4.136,3.165,2024-12,2024-12-16/2024-12-22
2024-12-16,SEO,202.46,232535,4490,119,7624.26,1.7,37.658,2.65,1.931,2024-12,2024-12-16/2024-12-22
2024-12-17,Paid Social,2224.45,251599,3360,84,5796.22,26.48,2.606,2.5,1.335,2024-12,2024-12-16/2024-12-22
2024-12-17,SEO,174.38,182297,3463,116,8753.64,1.5,50.199,3.35,1.9,2024-12,2024-12-16/2024-12-22
2024-12-17,Paid Search,645.12,28530,875,40,2899.36,16.13,4.494,4.571,3.067,2024-12,2024-12-16/2024-12-22
2024-12-17,Email,103.45,85796,4039,261,17012.93,0.4,164.456,6.462,4.708,2024-12,2024-12-16/2024-12-22
2024-12-18,Paid Social,2219.1,243139,3132,73,4690.52,30.4,2.114,2.331,1.288,2024-12,2024-12-16/2024-12-22
2024-12-18,Email,110.5,100092,3932,217,12070.85,0.51,109.238,5.519,3.928,2024-12,2024-12-16/2024-12-22
2024-12-18,SEO,176.86,208749,4428,143,9160.71,1.24,51.796,3.229,2.121,2024-12,2024-12-16/2024-12-22
2024-12-18,Paid Search,620.44,29610,934,41,2981.55,15.13,4.806,4.39,3.154,2024-12,2024-12-16/2024-12-22
2024-12-19,Paid Social,2185.26,231407,3142,81,5057.68,26.98,2.314,2.578,1.358,2024-12,2024-12-16/2024-12-22
2024-12-19,Email,99.14,83398,3342,203,12790.95,0.49,129.019,6.074,4.007,2024-12,2024-12-16/2024-12-22
2024-12-19,Paid Search,601.74,25228,835,42,3129.71,14.33,5.201,5.03,3.31,2024-12,2024-12-16/2024-12-22
2024-12-19,SEO,195.41,236700,4883,159,11084.2,1.23,56.723,3.256,2.063,2024-12,2024-12-16/2024-12-22
2024-12-20,SEO,173.29,208529,4397,117,8121.4,1.48,46.866,2.661,2.109,2024-12,2024-12-16/2024-12-22
2024-12-20,Paid Search,623.92,29345,1082,45,3249.92,13.86,5.209,4.159,3.687,2024-12,2024-12-16/2024-12-22
2024-12-20,Email,90.13,72708,2912,215,12892.48,0.42,143.043,7.383,4.005,2024-12,2024-12-16/2024-12-22
2024-12-20,Paid Social,2375.74,265141,3226,88,6228.32,27.0,2.622,2.728,1.217,2024-12,2024-12-16/2024-12-22
2024-12-21,Paid Search,591.01,25354,755,37,2498.17,15.97,4.227,4.901,2.978,2024-12,2024-12-16/2024-12-22
2024-12-21,Email,65.98,58751,2945,164,9377.57,0.4,142.127,5.569,5.013,2024-12,2024-12-16/2024-12-22
2024-12-21,SEO,135.52,161521,3747,133,9704.8,1.02,71.612,3.55,2.32,2024-12,2024-12-16/2024-12-22
2024-12-21,Paid Social,2103.6,226312,2976,71,4530.45,29.63,2.154,2.386,1.315,2024-12,2024-12-16/2024-12-22
2024-12-22,Paid Search,525.71,21822,696,35,2398.62,15.02,4.563,5.029,3.189,2024-12,2024-12-16/2024-12-22
2024-12-22,SEO,128.31,154542,2874,86,6008.42,1.49,46.827,2.992,1.86,2024-12,2024-12-16/2024-12-22
2024-12-22,Paid Social,2019.62,231282,3156,77,5080.13,26.23,2.515,2.44,1.365,2024-12,2024-12-16/2024-12-22
2024-12-22,Email,80.64,69910,3133,186,12479.94,0.43,154.761,5.937,4.481,2024-12,2024-12-16/2024-12-22
2024-12-23,Email,95.63,81429,3260,205,11684.55,0.47,122.185,6.288,4.003,2024-12,2024-12-23/2024-12-29
2024-12-23,Paid Search,624.6,27763,921,43,3069.7,14.53,4.915,4.669,3.317,2024-12,2024-12-23/2024-12-29
2024-12-23,SEO,220.85,252857,4692,156,10263.28,1.42,46.472,3.325,1.856,2024-12,2024-12-23/2024-12-29
2024-12-23,Paid Social,2183.79,276102,3534,101,7526.88,21.62,3.447,2.858,1.28,2024-12,2024-12-23/2024-12-29
2024-12-24,Paid Search,790.49,37284,1245,55,4443.7,14.37,5.621,4.418,3.339,2024-12,2024-12-23/2024-12-29
2024-12-24,Paid Social,2717.98,306192,3216,71,5285.08,38.28,1.944,2.208,1.05,2024-12,2024-12-23/2024-12-29
2024-12-24,Email,87.03,71320,3402,239,16034.29,0.36,184.239,7.025,4.77,2024-12,2024-12-23/2024-12-29
2024-12-24,SEO,220.91,257121,5760,159,10895.81,1.39,49.322,2.76,2.24,2024-12,2024-12-23/2024-12-29
2024-12-25,Email,82.97,75538,3461,256,16907.63,0.32,203.78,7.397,4.582,2024-12,2024-12-23/2024-12-29
2024-12-25,SEO,225.21,257152,5944,174,11966.86,1.29,53.136,2.927,2.311,2024-12,2024-12-23/2024-12-29
2024-12-25,Paid Search,690.4,32749,1081,54,4135.94,12.79,5.991,4.995,3.301,2024-12,2024-12-23/2024-12-29
2024-12-25,Paid Social,2256.08,283576,3242,90,6041.76,25.07,2.678,2.776,1.143,2024-12,2024-12-23/2024-12-29
2024-12-26,Paid Search,730.46,30261,925,46,3703.34,15.88,5.07,4.973,3.057,2024-12,2024-12-23/2024-12-29
2024-12-26,Email,92.49,78893,3244,215,12176.52,0.43,131.652,6.628,4.112,2024-12,2024-12-23/2024-12-29
2024-12-26,Paid Social,2405.27,318416,4111,112,7098.53,21.48,2.951,2.724,1.291,2024-12,2024-12-23/2024-12-29
2024-12-26,SEO,210.56,237879,5402,147,11141.9,1.43,52.916,2.721,2.271,2024-12,2024-12-23/2024-12-29
2024-12-27,Paid Social,2779.57,306584,3202,85,6328.67,32.7,2.277,2.655,1.044,2024-12,2024-12-23/2024-12-29
2024-12-27,Paid Search,751.86,36523,1130,54,3965.74,13.92,5.275,4.779,3.094,2024-12,2024-12-23/2024-12-29
2024-12-27,SEO,185.9,203111,4110,117,8871.77,1.59,47.723,2.847,2.024,2024-12,2024-12-23/2024-12-29
2024-12-27,Email,109.79,95064,4135,261,16585.14,0.42,151.062,6.312,4.35,2024-12,2024-12-23/2024-12-29
2024-12-28,Paid Search,603.86,25062,980,45,3478.93,13.42,5.761,4.592,3.91,2024-12,2024-12-23/2024-12-29
2024-12-28,Email,62.88,52325,2666,180,10732.22,0.35,170.678,6.752,5.095,2024-12,2024-12-23/2024-12-29
2024-12-28,SEO,149.69,151920,3655,97,6736.39,1.54,45.002,2.654,2.406,2024-12,2024-12-23/2024-12-29
2024-12-28,Paid Social,2088.93,260373,3261,97,6964.38,21.54,3.334,2.975,1.252,2024-12,2024-12-23/2024-12-29
2024-12-29,Email,72.13,59799,3089,206,11857.5,0.35,164.391,6.669,5.166,2024-12,2024-12-23/2024-12-29
2024-12-29,Paid Social,2598.82,207255,2219,65,4450.82,39.98,1.713,2.929,1.071,2024-12,2024-12-23/2024-12-29
2024-12-29,SEO,154.11,187448,3855,116,8424.9,1.33,54.668,3.009,2.057,2024-12,2024-12-23/2024-12-29
2024-12-29,Paid Search,570.55,26970,842,35,2576.07,16.3,4.515,4.157,3.122,2024-12,2024-12-23/2024-12-29
2024-12-30,Paid Social,2665.22,340055,4152,116,8006.38,22.98,3.004,2.794,1.221,2024-12,2024-12-30/2025-01-05
2024-12-30,Email,86.12,69290,2857,167,9916.42,0.52,115.147,5.845,4.123,2024-12,2024-12-30/2025-01-05
2024-12-30,SEO,217.1,229614,4688,125,9620.62,1.74,44.314,2.666,2.042,2024-12,2024-12-30/2025-01-05
2024-12-30,Paid Search,728.94,34177,1126,55,4321.95,13.25,5.929,4.885,3.295,2024-12,2024-12-30/2025-01-05
2024-12-31,Paid Social,2622.25,323095,3353,75,4982.07,34.96,1.9,2.237,1.038,2024-12,2024-12-30/2025-01-05
2024-12-31,Email,101.67,85837,3309,227,13886.92,0.45,136.588,6.86,3.855,2024-12,2024-12-30/2025-01-05
2024-12-31,Paid Search,616.26,25709,999,49,3515.27,12.58,5.704,4.905,3.886,2024-12,2024-12-30/2025-01-05
2024-12-31,SEO,203.7,211140,4628,145,9144.06,1.4,44.89,3.133,2.192,2024-12,2024-12-30/2025-01-05
2025-01-01,Paid Social,2838.14,301432,4065,96,5894.93,29.56,2.077,2.362,1.349,2025-01,2024-12-30/2025-01-05
2025-01-01,Email,96.21,87775,3832,216,13368.87,0.45,138.955,5.637,4.366,2025-01,2024-12-30/2025-01-05
2025-01-01,Paid Search,798.22,37189,1397,59,4095.53,13.53,5.131,4.223,3.756,2025-01,2024-12-30/2025-01-05
2025-01-01,SEO,190.17,213592,5053,175,13049.59,1.09,68.621,3.463,2.366,2025-01,2024-12-30/2025-01-05
2025-01-02,SEO,187.86,226535,5448,167,11013.71,1.12,58.627,3.065,2.405,2025-01,2024-12-30/2025-01-05
2025-01-02,Paid Search,656.24,31131,1016,48,3681.84,13.67,5.611,4.724,3.264,2025-01,2024-12-30/2025-01-05
2025-01-02,Paid Social,2423.73,299408,3831,109,7732.2,22.24,3.19,2.845,1.28,2025-01,2024-12-30/2025-01-05
2025-01-02,Email,103.55,82791,4235,297,17313.32,0.35,167.198,7.013,5.115,2025-01,2024-12-30/2025-01-05
2025-01-03,Paid Search,601.28,25608,796,34,2598.51,17.68,4.322,4.271,3.108,2025-01,2024-12-30/2025-01-05
2025-01-03,Email,92.25,76832,3625,234,14853.52,0.39,161.014,6.455,4.718,2025-01,2024-12-30/2025-01-05
2025-01-03,SEO,195.45,231107,5235,164,12210.92,1.19,62.476,3.133,2.265,2025-01,2024-12-30/2025-01-05
2025-01-03,Paid Social,2505.15,275848,3675,105,6941.32,23.86,2.771,2.857,1.332,2025-01,2024-12-30/2025-01-05
2025-01-04,SEO,158.06,164606,3946,124,8989.77,1.27,56.876,3.142,2.397,2025-01,2024-12-30/2025-01-05
2025-01-04,Paid Social,1834.31,210530,2159,52,3189.22,35.28,1.739,2.409,1.026,2025-01,2024-12-30/2025-01-05
2025-01-04,Paid Search,451.57,19776,671,32,2413.69,14.11,5.345,4.769,3.393,2025-01,2024-12-30/2025-01-05
2025-01-04,Email,93.7,62449,3205,227,14766.03,0.41,157.588,7.083,5.132,2025-01,2024-12-30/2025-01-05
2025-01-05,Paid Social,2192.86,266345,2787,72,4500.85,30.46,2.053,2.583,1.046,2025-01,2024-12-30/2025-01-05
2025-01-05,SEO,130.65,154359,3000,79,6082.15,1.65,46.553,2.633,1.944,2025-01,2024-12-30/2025-01-05
2025-01-05,Paid Search,573.88,28260,941,38,2573.56,15.1,4.484,4.038,3.33,2025-01,2024-12-30/2025-01-05
2025-01-05,Email,77.4,70432,2994,222,13660.32,0.35,176.49,7.415,4.251,2025-01,2024-12-30/2025-01-05
2025-01-06,Email,93.44,81196,3747,241,13682.81,0.39,146.434,6.432,4.615,2025-01,2025-01-06/2025-01-12
2025-01-06,Paid Social,2577.5,280333,2914,82,5983.78,31.43,2.322,2.814,1.039,2025-01,2025-01-06/2025-01-12
2025-01-06,SEO,209.99,253170,6023,198,14957.63,1.06,71.23,3.287,2.379,2025-01,2025-01-06/2025-01-12
2025-01-06,Paid Search,732.07,32507,1009,44,3172.96,16.64,4.334,4.361,3.104,2025-01,2025-01-06/2025-01-12
2025-01-07,Paid Search,639.41,29923,1197,58,4164.49,11.02,6.513,4.845,4.0,2025-01,2025-01-06/2025-01-12
2025-01-07,Email,99.32,85903,3374,248,16500.34,0.4,166.133,7.35,3.928,2025-01,2025-01-06/2025-01-12
2025-01-07,SEO,170.04,194925,3802,111,7392.96,1.53,43.478,2.92,1.95,2025-01,2025-01-06/2025-01-12
2025-01-07,Paid Social,2761.58,323994,4291,89,6175.15,31.03,2.236,2.074,1.324,2025-01,2025-01-06/2025-01-12
2025-01-08,Email,100.31,83021,3209,209,13113.65,0.48,130.731,6.513,3.865,2025-01,2025-01-06/2025-01-12
2025-01-08,SEO,194.24,195646,4366,123,9223.79,1.58,47.487,2.817,2.232,2025-01,2025-01-06/2025-01-12
2025-01-08,Paid Social,2421.75,256679,2964,81,5367.73,29.9,2.216,2.733,1.155,2025-01,2025-01-06/2025-01-12
2025-01-08,Paid Search,711.6,34226,1376,56,4152.92,12.71,5.836,4.07,4.02,2025-01,2025-01-06/2025-01-12
2025-01-09,SEO,214.83,260539,5591,164,11297.71,1.31,52.589,2.933,2.146,2025-01,2025-01-06/2025-01-12
2025-01-09,Paid Search,664.42,28192,1082,47,3331.89,14.14,5.015,4.344,3.838,2025-01,2025-01-06/2025-01-12
2025-01-09,Email,102.43,85431,3925,242,14233.79,0.42,138.961,6.166,4.594,2025-01,2025-01-06/2025-01-12
2025-01-09,Paid Social,2677.72,306681,3846,83,5901.15,32.26,2.204,2.158,1.254,2025-01,2025-01-06/2025-01-12
2025-01-10,SEO,227.82,254310,5887,174,12371.28,1.31,54.303,2.956,2.315,2025-01,2025-01-06/2025-01-12
2025-01-10,Paid Social,2901.54,371266,4139,84,6024.08,34.54,2.076,2.029,1.115,2025-01,2025-01-06/2025-01-12
2025-01-10,Email,106.54,81891,3862,283,18860.47,0.38,177.027,7.328,4.716,2025-01,2025-01-06/2025-01-12
2025-01-10,Paid Search,602.27,29671,979,45,3450.24,13.38,5.729,4.597,3.3,2025-01,2025-01-06/2025-01-12
2025-01-11,SEO,191.84,177042,3605,127,9627.71,1.51,50.186,3.523,2.036,2025-01,2025-01-06/2025-01-12
2025-01-11,Email,62.21,56818,2909,160,9256.3,0.39,148.791,5.5,5.12,2025-01,2025-01-06/2025-01-12
2025-01-11,Paid Search,499.01,22945,894,34,2694.33,14.68,5.399,3.803,3.896,2025-01,2025-01-06/2025-01-12
2025-01-11,Paid Social,2028.15,259370,2787,65,4617.62,31.2,2.277,2.332,1.075,2025-01,2025-01-06/2025-01-12
2025-01-12,SEO,146.77,154071,3332,90,6113.48,1.63,41.653,2.701,2.163,2025-01,2025-01-06/2025-01-12
2025-01-12,Paid Search,481.05,23588,838,32,2488.58,15.03,5.173,3.819,3.553,2025-01,2025-01-06/2025-01-12
2025-01-12,Email,72.13,55025,2513,164,10664.85,0.44,147.856,6.526,4.567,2025-01,2025-01-06/2025-01-12
2025-01-12,Paid Social,1890.25,219366,2498,67,4793.19,28.21,2.536,2.682,1.139,2025-01,2025-01-06/2025-01-12
2025-01-13,SEO,196.9,234402,5129,173,11057.25,1.14,56.157,3.373,2.188,2025-01,2025-01-13/2025-01-19
2025-01-13,Email,96.13,81089,3740,272,16668.01,0.35,173.39,7.273,4.612,2025-01,2025-01-13/2025-01-19
2025-01-13,Paid Search,659.58,29508,899,36,2789.65,18.32,4.229,4.004,3.047,2025-01,2025-01-13/2025-01-19
2025-01-13,Paid Social,2406.81,282953,3893,89,5914.36,27.04,2.457,2.286,1.376,2025-01,2025-01-13/2025-01-19
2025-01-14,Paid Search,688.71,30669,985,50,3716.24,13.77,5.396,5.076,3.212,2025-01,2025-01-13/2025-01-19
2025-01-14,Email,90.59,77169,3555,234,14647.14,0.39,161.686,6.582,4.607,2025-01,2025-01-13/2025-01-19
2025-01-14,Paid Social,2673.53,294720,3844,95,7048.93,28.14,2.637,2.471,1.304,2025-01,2025-01-13/2025-01-19
2025-01-14,SEO,170.51,182541,3598,128,9189.45,1.33,53.894,3.558,1.971,2025-01,2025-01-13/2025-01-19
2025-01-15,Paid Search,626.93,31018,1083,55,3836.83,11.4,6.12,5.078,3.492,2025-01,2025-01-13/2025-01-19
2025-01-15,SEO,210.27,214212,4727,141,9381.61,1.49,44.617,2.983,2.207,2025-01,2025-01-13/2025-01-19
2025-01-15,Email,104.73,89665,4187,232,15484.95,0.45,147.856,5.541,4.67,2025-01,2025-01-13/2025-01-19
2025-01-15,Paid Social,2351.46,295215,3462,80,5062.68,29.39,2.153,2.311,1.173,2025-01,2025-01-13/2025-01-19
2025-01-16,Paid Search,622.83,28116,996,38,2961.75,16.39,4.755,3.815,3.542,2025-01,2025-01-13/2025-01-19
2025-01-16,Paid Social,2672.63,290416,3712,103,6366.68,25.95,2.382,2.775,1.278,2025-01,2025-01-13/2025-01-19
2025-01-16,Email,101.33,87350,4154,291,18159.32,0.35,179.21,7.005,4.756,2025-01,2025-01-13/2025-01-19
2025-01-16,SEO,210.39,243363,5283,181,11575.83,1.16,55.021,3.426,2.171,2025-01,2025-01-13/2025-01-19
2025-01-17,SEO,219.63,232760,4909,157,11000.73,1.4,50.088,3.198,2.109,2025-01,2025-01-13/2025-01-19
2025-01-17,Paid Search,715.33,35020,1163,54,3813.07,13.25,5.331,4.643,3.321,2025-01,2025-01-13/2025-01-19
2025-01-17,Email,109.05,99375,4790,317,18946.84,0.34,173.745,6.618,4.82,2025-01,2025-01-13/2025-01-19
2025-01-17,Paid Social,2553.29,317363,3968,85,5303.26,30.04,2.077,2.142,1.25,2025-01,2025-01-13/2025-01-19
2025-01-18,SEO,142.35,142922,2735,86,6065.97,1.66,42.613,3.144,1.914,2025-01,2025-01-13/2025-01-19
2025-01-18,Paid Social,2246.11,259010,3145,93,6701.15,24.15,2.983,2.957,1.214,2025-01,2025-01-13/2025-01-19
2025-01-18,Paid Search,537.05,23049,775,30,2189.27,17.9,4.076,3.871,3.362,2025-01,2025-01-13/2025-01-19
2025-01-18,Email,84.2,63189,2884,214,12769.11,0.39,151.652,7.42,4.564,2025-01,2025-01-13/2025-01-19
2025-01-19,SEO,135.24,164781,3721,109,8063.47,1.24,59.623,2.929,2.258,2025-01,2025-01-13/2025-01-19
2025-01-19,Paid Search,522.83,22757,696,32,2594.02,16.34,4.961,4.598,3.058,2025-01,2025-01-13/2025-01-19
2025-01-19,Paid Social,1724.44,193729,2467,76,5297.66,22.69,3.072,3.081,1.273,2025-01,2025-01-13/2025-01-19
2025-01-19,Email,75.97,60822,2536,177,10869.71,0.43,143.079,6.979,4.17,2025-01,2025-01-13/2025-01-19
2025-01-20,Paid Search,673.31,28225,921,36,2606.81,18.7,3.872,3.909,3.263,2025-01,2025-01-20/2025-01-26
2025-01-20,SEO,214.43,238292,4360,138,10390.74,1.55,48.457,3.165,1.83,2025-01,2025-01-20/2025-01-26
2025-01-20,Paid Social,2418.47,306656,3938,87,5892.35,27.8,2.436,2.209,1.284,2025-01,2025-01-20/2025-01-26
2025-01-20,Email,99.78,79978,3155,174,11553.83,0.57,115.793,5.515,3.945,2025-01,2025-01-20/2025-01-26
2025-01-21,Paid Search,722.76,30878,1046,47,3489.55,15.38,4.828,4.493,3.388,2025-01,2025-01-20/2025-01-26
2025-01-21,Email,112.28,95971,4829,302,19482.02,0.37,173.513,6.254,5.032,2025-01,2025-01-20/2025-01-26
2025-01-21,SEO,209.02,236248,5651,194,14394.96,1.08,68.869,3.433,2.392,2025-01,2025-01-20/2025-01-26
2025-01-21,Paid Social,2562.52,294258,3563,78,5446.31,32.85,2.125,2.189,1.211,2025-01,2025-01-20/2025-01-26
2025-01-22,Paid Social,2336.6,291948,3885,96,6651.66,24.34,2.847,2.471,1.331,2025-01,2025-01-20/2025-01-26
2025-01-22,Paid Search,813.36,38402,1456,68,4745.08,11.96,5.834,4.67,3.791,2025-01,2025-01-20/2025-01-26
2025-01-22,SEO,215.59,263210,4791,162,11009.62,1.33,51.067,3.381,1.82,2025-01,2025-01-20/2025-01-26
2025-01-22,Email,111.65,91044,4065,274,16156.11,0.41,144.703,6.74,4.465,2025-01,2025-01-20/2025-01-26
2025-01-23,Paid Search,745.53,33232,997,41,2875.15,18.18,3.857,4.112,3.0,2025-01,2025-01-20/2025-01-26
2025-01-23,Email,112.2,85160,4361,267,16153.76,0.42,143.973,6.122,5.121,2025-01,2025-01-20/2025-01-26
2025-01-23,SEO,207.58,244227,5600,154,10873.69,1.35,52.383,2.75,2.293,2025-01,2025-01-20/2025-01-26
2025-01-23,Paid Social,2793.93,329869,3839,99,6807.47,28.22,2.437,2.579,1.164,2025-01,2025-01-20/2025-01-26
2025-01-24,Paid Search,652.22,29518,928,35,2549.5,18.63,3.909,3.772,3.144,2025-01,2025-01-20/2025-01-26
2025-01-24,SEO,209.15,233891,5565,156,9860.16,1.34,47.144,2.803,2.379,2025-01,2025-01-20/2025-01-26
2025-01-24,Email,83.45,63156,3004,175,9984.54,0.48,119.647,5.826,4.756,2025-01,2025-01-20/2025-01-26
2025-01-24,Paid Social,2927.56,355326,4558,119,8324.57,24.6,2.844,2.611,1.283,2025-01,2025-01-20/2025-01-26
2025-01-25,Paid Social,2215.3,262654,3594,88,5854.04,25.17,2.643,2.449,1.368,2025-01,2025-01-20/2025-01-26
2025-01-25,Paid Search,499.4,23796,848,39,2964.38,12.81,5.936,4.599,3.564,2025-01,2025-01-20/2025-01-26
2025-01-25,Email,78.06,66091,3052,185,11989.0,0.42,153.587,6.062,4.618,2025-01,2025-01-20/2025-01-26
2025-01-25,SEO,150.19,177294,3436,97,6177.37,1.55,41.13,2.823,1.938,2025-01,2025-01-20/2025-01-26
2025-01-26,Paid Social,2134.24,244918,3343,99,6981.15,21.56,3.271,2.961,1.365,2025-01,2025-01-20/2025-01-26
2025-01-26,Paid Search,576.5,23681,905,45,3371.58,12.81,5.848,4.972,3.822,2025-01,2025-01-20/2025-01-26
2025-01-26,Email,62.79,56194,2712,197,10923.43,0.32,173.968,7.264,4.826,2025-01,2025-01-20/2025-01-26
2025-01-26,SEO,188.62,182996,3738,128,9074.39,1.47,48.109,3.424,2.043,2025-01,2025-01-20/2025-01-26
2025-01-27,Paid Search,794.5,38360,1319,55,3796.94,14.45,4.779,4.17,3.438,2025-01,2025-01-27/2025-02-02
2025-01-27,Email,88.49,80705,4165,298,18019.2,0.3,203.63,7.155,5.161,2025-01,2025-01-27/2025-02-02
2025-01-27,SEO,183.91,218283,4958,141,9183.56,1.3,49.935,2.844,2.271,2025-01,2025-01-27/2025-02-02
2025-01-27,Paid Social,2583.76,309293,3287,74,5082.9,34.92,1.967,2.251,1.063,2025-01,2025-01-27/2025-02-02
2025-01-28,Paid Search,738.21,36810,1423,59,4301.01,12.51,5.826,4.146,3.866,2025-01,2025-01-27/2025-02-02
2025-01-28,Paid Social,2618.31,331406,3728,98,6860.15,26.72,2.62,2.629,1.125,2025-01,2025-01-27/2025-02-02
2025-01-28,SEO,170.02,170344,3949,115,7614.04,1.48,44.783,2.912,2.318,2025-01,2025-01-27/2025-02-02
2025-01-28,Email,101.67,76891,3748,250,16253.69,0.41,159.867,6.67,4.874,2025-01,2025-01-27/2025-02-02
2025-01-29,Paid Social,2406.79,305966,3558,82,5858.62,29.35,2.434,2.305,1.163,2025-01,2025-01-27/2025-02-02
2025-01-29,Email,101.61,83236,3285,187,11766.52,0.54,115.801,5.693,3.947,2025-01,2025-01-27/2025-02-02
2025-01-29,Paid Search,779.81,32034,1107,46,3256.13,16.95,4.176,4.155,3.456,2025-01,2025-01-27/2025-02-02
2025-01-29,SEO,210.89,240188,5658,168,11563.86,1.26,54.834,2.969,2.356,2025-01,2025-01-27/2025-02-02
2025-01-30,SEO,199.31,211753,3947,108,7994.9,1.85,40.113,2.736,1.864,2025-01,2025-01-27/2025-02-02
2025-01-30,Paid Search,730.49,31799,970,42,3002.15,17.39,4.11,4.33,3.05,2025-01,2025-01-27/2025-02-02
2025-01-30,Paid Social,2958.09,342048,3494,88,5772.68,33.61,1.951,2.519,1.021,2025-01,2025-01-27/2025-02-02
2025-01-30,Email,89.2,72123,3400,242,14093.14,0.37,157.995,7.118,4.714,2025-01,2025-01-27/2025-02-02
2025-01-31,SEO,215.97,261005,4692,160,11213.68,1.35,51.922,3.41,1.798,2025-01,2025-01-27/2025-02-02
2025-01-31,Email,111.79,100686,4284,273,15124.86,0.41,135.297,6.373,4.255,2025-01,2025-01-27/2025-02-02
2025-01-31,Paid Search,633.05,27474,1004,47,3135.85,13.47,4.954,4.681,3.654,2025-01,2025-01-27/2025-02-02
2025-01-31,Paid Social,3015.29,319736,3602,72,5223.56,41.88,1.732,1.999,1.127,2025-01,2025-01-27/2025-02-02
2025-02-01,Paid Search,471.35,20046,626,29,2347.84,16.25,4.981,4.633,3.123,2025-02,2025-01-27/2025-02-02
2025-02-01,Email,81.29,74207,3124,173,11234.22,0.47,138.199,5.538,4.21,2025-02,2025-01-27/2025-02-02
2025-02-01,SEO,147.29,165763,3677,113,8318.6,1.3,56.478,3.073,2.218,2025-02,2025-01-27/2025-02-02
2025-02-01,Paid Social,2168.83,234841,3180,97,7226.4,22.36,3.332,3.05,1.354,2025-02,2025-01-27/2025-02-02
2025-02-02,Email,72.35,59555,2936,179,10806.02,0.4,149.358,6.097,4.93,2025-02,2025-01-27/2025-02-02
2025-02-02,Paid Search,550.83,25919,946,46,3525.59,11.97,6.401,4.863,3.65,2025-02,2025-01-27/2025-02-02
2025-02-02,Paid Social,1970.5,228452,2664,68,4491.35,28.98,2.279,2.553,1.166,2025-02,2025-01-27/2025-02-02
2025-02-02,SEO,150.39,160472,3541,94,7018.87,1.6,46.671,2.655,2.207,2025-02,2025-01-27/2025-02-02
2025-02-03,Paid Search,793.72,35036,1198,54,3694.02,14.7,4.654,4.508,3.419,2025-02,2025-02-03/2025-02-09
2025-02-03,Email,101.24,79952,3292,235,15567.5,0.43,153.768,7.139,4.117,2025-02,2025-02-03/2025-02-09
2025-02-03,Paid Social,2652.75,316823,3526,88,5413.4,30.14,2.041,2.496,1.113,2025-02,2025-02-03/2025-02-09
2025-02-03,SEO,197.65,202107,4559,136,9238.02,1.45,46.739,2.983,2.256,2025-02,2025-02-03/2025-02-09
2025-02-04,Paid Social,2555.32,285247,3674,82,5679.7,31.16,2.223,2.232,1.288,2025-02,2025-02-03/2025-02-09
2025-02-04,SEO,171.96,189714,4365,153,11310.75,1.12,65.775,3.505,2.301,2025-02,2025-02-03/2025-02-09
2025-02-04,Paid Search,675.6,33776,1014,47,3314.45,14.37,4.906,4.635,3.002,2025-02,2025-02-03/2025-02-09
2025-02-04,Email,86.58,74501,3601,267,15050.55,0.32,173.834,7.415,4.833,2025-02,2025-02-03/2025-02-09
2025-02-05,Paid Social,2552.45,290848,3903,93,6240.57,27.45,2.445,2.383,1.342,2025-02,2025-02-03/2025-02-09
2025-02-05,Paid Search,721.83,32257,1267,57,4124.3,12.66,5.714,4.499,3.928,2025-02,2025-02-03/2025-02-09
2025-02-05,SEO,228.99,255527,6079,200,15032.75,1.14,65.648,3.29,2.379,2025-02,2025-02-03/2025-02-09
2025-02-05,Email,98.37,74755,3192,218,12351.51,0.45,125.562,6.83,4.27,2025-02,2025-02-03/2025-02-09
2025-02-06,Email,100.27,86215,4143,238,13860.56,0.42,138.232,5.745,4.805,2025-02,2025-02-03/2025-02-09
2025-02-06,Paid Social,2618.58,320562,3950,104,7274.39,25.18,2.778,2.633,1.232,2025-02,2025-02-03/2025-02-09
2025-02-06,SEO,191.63,216570,3925,127,9157.4,1.51,47.787,3.236,1.812,2025-02,2025-02-03/2025-02-09
2025-02-06,Paid Search,671.49,31656,964,48,3507.43,13.99,5.223,4.979,3.045,2025-02,2025-02-03/2025-02-09
2025-02-07,SEO,194.26,216576,4484,136,9475.92,1.43,48.78,3.033,2.07,2025-02,2025-02-03/2025-02-09
2025-02-07,Paid Search,758.65,36066,1349,69,5572.93,10.99,7.346,5.115,3.74,2025-02,2025-02-03/2025-02-09
2025-02-07,Email,99.5,79288,3575,237,13809.23,0.42,138.786,6.629,4.509,2025-02,2025-02-03/2025-02-09
2025-02-07,Paid Social,2628.14,301245,3171,72,4553.85,36.5,1.733,2.271,1.053,2025-02,2025-02-03/2025-02-09
2025-02-08,SEO,128.56,139400,3147,109,7250.16,1.18,56.395,3.464,2.258,2025-02,2025-02-03/2025-02-09
2025-02-08,Paid Search,497.46,21794,751,35,2655.47,14.21,5.338,4.66,3.446,2025-02,2025-02-03/2025-02-09
2025-02-08,Email,84.09,64536,3129,183,11915.98,0.46,141.705,5.849,4.848,2025-02,2025-02-03/2025-02-09
2025-02-08,Paid Social,2141.55,235088,2564,77,5752.21,27.81,2.686,3.003,1.091,2025-02,2025-02-03/2025-02-09
2025-02-09,SEO,147.4,161303,3185,108,7217.68,1.36,48.967,3.391,1.975,2025-02,2025-02-03/2025-02-09
2025-02-09,Paid Search,513.52,21631,819,36,2885.08,14.26,5.618,4.396,3.786,2025-02,2025-02-03/2025-02-09
2025-02-09,Email,70.65,58604,2615,178,10073.61,0.4,142.585,6.807,4.462,2025-02,2025-02-03/2025-02-09
2025-02-09,Paid Social,1807.66,197884,2472,59,3818.38,30.64,2.112,2.387,1.249,2025-02,2025-02-03/2025-02-09
2025-02-10,Paid Social,2471.48,276425,3032,85,6062.07,29.08,2.453,2.803,1.097,2025-02,2025-02-10/2025-02-16
2025-02-10,Email,90.46,67913,3215,196,12071.04,0.46,133.441,6.096,4.734,2025-02,2025-02-10/2025-02-16
2025-02-10,SEO,185.54,242558,5241,164,10694.68,1.13,57.641,3.129,2.161,2025-02,2025-02-10/2025-02-16
2025-02-10,Paid Search,632.06,25893,1032,41,3251.73,15.42,5.145,3.973,3.986,2025-02,2025-02-10/2025-02-16
2025-02-11,Email,96.8,84501,4319,274,17822.77,0.35,184.12,6.344,5.111,2025-02,2025-02-10/2025-02-16
2025-02-11,SEO,204.27,221290,4358,138,9962.6,1.48,48.772,3.167,1.969,2025-02,2025-02-10/2025-02-16
2025-02-11,Paid Social,2661.41,289533,3837,98,7063.6,27.16,2.654,2.554,1.325,2025-02,2025-02-10/2025-02-16
2025-02-11,Paid Search,803.95,39684,1491,72,5483.9,11.17,6.821,4.829,3.757,2025-02,2025-02-10/2025-02-16
2025-02-12,SEO,219.85,245076,5018,134,10172.61,1.64,46.271,2.67,2.048,2025-02,2025-02-10/2025-02-16
2025-02-12,Paid Social,2751.73,352552,4579,122,8132.46,22.56,2.955,2.664,1.299,2025-02,2025-02-10/2025-02-16
2025-02-12,Paid Search,669.83,33444,1224,54,4093.29,12.4,6.111,4.412,3.66,2025-02,2025-02-10/2025-02-16
2025-02-12,Email,98.49,88342,4024,267,17873.4,0.37,181.474,6.635,4.555,2025-02,2025-02-10/2025-02-16
2025-02-13,Paid Social,3009.51,345955,4555,100,7368.91,30.1,2.449,2.195,1.317,2025-02,2025-02-10/2025-02-16
2025-02-13,Paid Search,769.69,35833,1426,71,5349.62,10.84,6.95,4.979,3.98,2025-02,2025-02-10/2025-02-16
2025-02-13,Email,100.35,83483,3840,276,16580.54,0.36,165.227,7.187,4.6,2025-02,2025-02-10/2025-02-16
2025-02-13,SEO,218.88,238406,5216,154,10021.54,1.42,45.786,2.952,2.188,2025-02,2025-02-10/2025-02-16
2025-02-14,Paid Social,2497.76,308000,3635,91,6184.2,27.45,2.476,2.503,1.18,2025-02,2025-02-10/2025-02-16
2025-02-14,Paid Search,790.81,33010,1152,53,3630.28,14.92,4.591,4.601,3.49,2025-02,2025-02-10/2025-02-16
2025-02-14,Email,93.61,74457,3050,171,11161.69,0.55,119.236,5.607,4.096,2025-02,2025-02-10/2025-02-16
2025-02-14,SEO,200.69,227496,4663,141,9405.73,1.42,46.867,3.024,2.05,2025-02,2025-02-10/2025-02-16
2025-02-15,Email,71.2,64849,2858,165,9596.43,0.43,134.781,5.773,4.407,2025-02,2025-02-10/2025-02-16
2025-02-15,Paid Social,2307.38,296177,3866,103,6719.61,22.4,2.912,2.664,1.305,2025-02,2025-02-10/2025-02-16
2025-02-15,Paid Search,557.99,24076,894,43,3386.86,12.98,6.07,4.81,3.713,2025-02,2025-02-10/2025-02-16
2025-02-15,SEO,130.87,152515,3076,81,5295.57,1.62,40.464,2.633,2.017,2025-02,2025-02-10/2025-02-16
2025-02-16,Paid Social,2336.53,279495,3305,89,6643.78,26.25,2.843,2.693,1.182,2025-02,2025-02-10/2025-02-16
2025-02-16,Paid Search,557.83,23431,709,28,1983.08,19.92,3.555,3.949,3.026,2025-02,2025-02-10/2025-02-16
2025-02-16,SEO,133.74,142511,3397,92,6209.76,1.45,46.432,2.708,2.384,2025-02,2025-02-10/2025-02-16
2025-02-16,Email,64.52,52710,2189,126,8085.31,0.51,125.315,5.756,4.153,2025-02,2025-02-10/2025-02-16
2025-02-17,Paid Social,3132.32,346248,4641,89,6169.09,35.19,1.969,1.918,1.34,2025-02,2025-02-17/2025-02-23
2025-02-17,Paid Search,680.81,30719,1136,56,4153.47,12.16,6.101,4.93,3.698,2025-02,2025-02-17/2025-02-23
2025-02-17,SEO,219.15,232451,4959,137,9773.43,1.6,44.597,2.763,2.133,2025-02,2025-02-17/2025-02-23
2025-02-17,Email,105.02,89515,4164,268,16130.26,0.39,153.592,6.436,4.652,2025-02,2025-02-17/2025-02-23
2025-02-18,SEO,225.55,263320,6140,214,15524.78,1.05,68.831,3.485,2.332,2025-02,2025-02-17/2025-02-23
2025-02-18,Paid Social,2737.93,296781,3359,90,6112.8,30.42,2.233,2.679,1.132,2025-02,2025-02-17/2025-02-23
2025-02-18,Paid Search,662.46,27137,850,36,2539.38,18.4,3.833,4.235,3.132,2025-02,2025-02-17/2025-02-23
2025-02-18,Email,94.5,80489,3932,240,14144.26,0.39,149.675,6.104,4.885,2025-02,2025-02-17/2025-02-23
2025-02-19,Email,101.75,88656,3866,246,14439.31,0.41,141.91,6.363,4.361,2025-02,2025-02-17/2025-02-23
2025-02-19,Paid Social,2866.07,369029,4318,102,6615.86,28.1,2.308,2.362,1.17,2025-02,2025-02-17/2025-02-23
2025-02-19,SEO,228.98,275831,5475,192,13639.99,1.19,59.568,3.507,1.985,2025-02,2025-02-17/2025-02-23
2025-02-19,Paid Search,750.73,30800,1031,49,3513.84,15.32,4.681,4.753,3.347,2025-02,2025-02-17/2025-02-23
2025-02-20,Paid Social,2546.66,318109,3616,100,6750.3,25.47,2.651,2.765,1.137,2025-02,2025-02-17/2025-02-23
2025-02-20,Paid Search,744.57,34503,1312,57,3905.5,13.06,5.245,4.345,3.803,2025-02,2025-02-17/2025-02-23
2025-02-20,Email,105.56,92338,4305,304,16689.79,0.35,158.107,7.062,4.662,2025-02,2025-02-17/2025-02-23
2025-02-20,SEO,180.29,192656,3559,119,7607.35,1.52,42.195,3.344,1.847,2025-02,2025-02-17/2025-02-23
2025-02-21,SEO,192.37,225843,4181,143,10640.82,1.35,55.314,3.42,1.851,2025-02,2025-02-17/2025-02-23
2025-02-21,Email,100.78,90113,4542,320,19739.91,0.31,195.871,7.045,5.04,2025-02,2025-02-17/2025-02-23
2025-02-21,Paid Social,2514.4,289532,3376,95,5857.22,26.47,2.329,2.814,1.166,2025-02,2025-02-17/2025-02-23
2025-02-21,Paid Search,616.25,28939,1018,45,3212.85,13.69,5.214,4.42,3.518,2025-02,2025-02-17/2025-02-23
2025-02-22,Paid Search,548.49,23535,792,38,2886.77,14.43,5.263,4.798,3.365,2025-02,2025-02-17/2025-02-23
2025-02-22,Email,82.57,74412,3165,179,11171.29,0.46,135.295,5.656,4.253,2025-02,2025-02-17/2025-02-23
2025-02-22,SEO,171.89,178500,3474,105,6860.25,1.64,39.911,3.022,1.946,2025-02,2025-02-17/2025-02-23
2025-02-22,Paid Social,1898.58,208449,2419,60,4142.71,31.64,2.182,2.48,1.16,2025-02,2025-02-17/2025-02-23
2025-02-23,SEO,158.23,186602,3972,131,9384.26,1.21,59.308,3.298,2.129,2025-02,2025-02-17/2025-02-23
2025-02-23,Paid Social,2130.69,230165,2588,61,4497.94,34.93,2.111,2.357,1.124,2025-02,2025-02-17/2025-02-23
2025-02-23,Email,69.06,56678,2180,160,10127.36,0.43,146.646,7.339,3.846,2025-02,2025-02-17/2025-02-23
2025-02-23,Paid Search,604.88,29914,1073,46,3396.54,13.15,5.615,4.287,3.587,2025-02,2025-02-17/2025-02-23
2025-02-24,Email,87.85,71144,3257,182,10229.0,0.48,116.437,5.588,4.578,2025-02,2025-02-24/2025-03-02
2025-02-24,SEO,184.72,212955,3983,132,9039.86,1.4,48.938,3.314,1.87,2025-02,2025-02-24/2025-03-02
2025-02-24,Paid Social,2412.21,295526,3608,103,7163.39,23.42,2.97,2.855,1.221,2025-02,2025-02-24/2025-03-02
2025-02-24,Paid Search,650.49,28678,1048,52,3912.72,12.51,6.015,4.962,3.654,2025-02,2025-02-24/2025-03-02
2025-02-25,Email,111.34,87372,3556,204,12976.13,0.55,116.545,5.737,4.07,2025-02,2025-02-24/2025-03-02
2025-02-25,Paid Social,2640.21,306348,3732,90,5937.11,29.34,2.249,2.412,1.218,2025-02,2025-02-24/2025-03-02
2025-02-25,Paid Search,640.5,30978,1070,43,3051.27,14.9,4.764,4.019,3.454,2025-02,2025-02-24/2025-03-02
2025-02-25,SEO,181.82,214616,4961,148,11284.57,1.23,62.065,2.983,2.312,2025-02,2025-02-24/2025-03-02
2025-02-26,Paid Social,2485.77,290227,3405,79,5264.08,31.47,2.118,2.32,1.173,2025-02,2025-02-24/2025-03-02
2025-02-26,Email,111.8,86028,4394,243,15511.84,0.46,138.746,5.53,5.108,2025-02,2025-02-24/2025-03-02
2025-02-26,SEO,191.66,199892,4050,134,9812.52,1.43,51.198,3.309,2.026,2025-02,2025-02-24/2025-03-02
2025-02-26,Paid Search,642.64,29425,1032,48,3338.72,13.39,5.195,4.651,3.507,2025-02,2025-02-24/2025-03-02
2025-02-27,Paid Search,725.82,34114,1058,42,3231.08,17.28,4.452,3.97,3.101,2025-02,2025-02-24/2025-03-02
2025-02-27,Paid Social,3152.89,389352,5272,114,8434.08,27.66,2.675,2.162,1.354,2025-02,2025-02-24/2025-03-02
2025-02-27,SEO,183.37,192886,4089,128,9787.51,1.43,53.376,3.13,2.12,2025-02,2025-02-24/2025-03-02
2025-02-27,Email,96.61,76948,3411,221,12343.88,0.44,127.77,6.479,4.433,2025-02,2025-02-24/2025-03-02
2025-02-28,Paid Social,2423.83,261840,3293,80,4949.47,30.3,2.042,2.429,1.258,2025-02,2025-02-24/2025-03-02
2025-02-28,Paid Search,771.37,34691,1393,69,5238.4,11.18,6.791,4.953,4.015,2025-02,2025-02-24/2025-03-02
2025-02-28,SEO,197.7,198253,3567,101,7578.11,1.96,38.331,2.832,1.799,2025-02,2025-02-24/2025-03-02
2025-02-28,Email,103.32,89445,4295,288,18470.36,0.36,178.768,6.705,4.802,2025-02,2025-02-24/2025-03-02
2025-03-01,Email,78.75,71067,2729,166,9515.67,0.47,120.834,6.083,3.84,2025-03,2025-02-24/2025-03-02
2025-03-01,Paid Social,2289.36,265041,3247,79,5537.38,28.98,2.419,2.433,1.225,2025-03,2025-02-24/2025-03-02
2025-03-01,SEO,143.77,148113,3138,93,7143.9,1.55,49.69,2.964,2.119,2025-03,2025-02-24/2025-03-02
2025-03-01,Paid Search,598.61,25788,943,41,2895.25,14.6,4.837,4.348,3.657,2025-03,2025-02-24/2025-03-02
2025-03-02,Paid Social,1960.6,243391,3232,96,6717.48,20.42,3.426,2.97,1.328,2025-03,2025-02-24/2025-03-02
2025-03-02,Email,72.17,61788,2604,155,9220.82,0.47,127.765,5.952,4.214,2025-03,2025-02-24/2025-03-02
2025-03-02,SEO,150.29,169705,3109,103,7846.13,1.46,52.207,3.313,1.832,2025-03,2025-02-24/2025-03-02
2025-03-02,Paid Search,535.25,22945,820,37,2837.73,14.47,5.302,4.512,3.574,2025-03,2025-02-24/2025-03-02
2025-03-03,Paid Search,807.73,38164,1525,76,5415.23,10.63,6.704,4.984,3.996,2025-03,2025-03-03/2025-03-09
2025-03-03,Email,93.11,78790,3745,249,14236.49,0.37,152.9,6.649,4.753,2025-03,2025-03-03/2025-03-09
2025-03-03,SEO,179.27,194601,4588,153,10522.48,1.17,58.696,3.335,2.358,2025-03,2025-03-03/2025-03-09
2025-03-03,Paid Social,3164.34,355021,4417,93,5711.82,34.03,1.805,2.106,1.244,2025-03,2025-03-03/2025-03-09
2025-03-04,Paid Search,797.24,34365,1110,56,4079.4,14.24,5.117,5.045,3.23,2025-03,2025-03-03/2025-03-09
2025-03-04,Email,107.85,91912,3964,278,17768.17,0.39,164.749,7.013,4.313,2025-03,2025-03-03/2025-03-09
2025-03-04,SEO,200.32,203894,4498,151,11361.51,1.33,56.717,3.357,2.206,2025-03,2025-03-03/2025-03-09
2025-03-04,Paid Social,3121.75,333828,3936,80,5216.26,39.02,1.671,2.033,1.179,2025-03,2025-03-03/2025-03-09
2025-03-05,Paid Search,775.78,34194,1082,47,3740.36,16.51,4.821,4.344,3.164,2025-03,2025-03-03/2025-03-09
2025-03-05,SEO,217.35,259465,5593,180,13184.43,1.21,60.66,3.218,2.156,2025-03,2025-03-03/2025-03-09
2025-03-05,Paid Social,2855.35,356401,4464,95,6468.88,30.06,2.266,2.128,1.253,2025-03,2025-03-03/2025-03-09
2025-03-05,Email,108.65,86627,3980,258,14349.68,0.42,132.073,6.482,4.594,2025-03,2025-03-03/2025-03-09
2025-03-06,SEO,229.04,244523,5498,169,11044.33,1.36,48.22,3.074,2.248,2025-03,2025-03-03/2025-03-09
2025-03-06,Paid Social,3177.74,359689,3869,75,4994.25,42.37,1.572,1.938,1.076,2025-03,2025-03-03/2025-03-09
2025-03-06,Email,92.4,83451,3439,214,13946.8,0.43,150.939,6.223,4.121,2025-03,2025-03-03/2025-03-09
2025-03-06,Paid Search,682.09,30354,1133,50,3558.7,13.64,5.217,4.413,3.733,2025-03,2025-03-03/2025-03-09
2025-03-07,Paid Social,2956.92,358107,4071,91,6659.94,32.49,2.252,2.235,1.137,2025-03,2025-03-03/2025-03-09
2025-03-07,Paid Search,801.46,39638,1369,60,4848.57,13.36,6.05,4.383,3.454,2025-03,2025-03-03/2025-03-09
2025-03-07,Email,94.58,82799,4103,256,15674.49,0.37,165.727,6.239,4.955,2025-03,2025-03-03/2025-03-09
2025-03-07,SEO,193.6,200530,4022,121,7803.01,1.6,40.305,3.008,2.006,2025-03,2025-03-03/2025-03-09
2025-03-08,Email,76.71,58911,2821,178,9971.36,0.43,129.988,6.31,4.789,2025-03,2025-03-03/2025-03-09
2025-03-08,Paid Search,473.93,20397,630,25,1892.94,18.96,3.994,3.968,3.089,2025-03,2025-03-03/2025-03-09
2025-03-08,SEO,144.89,146744,2866,90,6423.98,1.61,44.337,3.14,1.953,2025-03,2025-03-03/2025-03-09
2025-03-08,Paid Social,1944.43,213508,2228,71,4495.93,27.39,2.312,3.187,1.044,2025-03,2025-03-03/2025-03-09
2025-03-09,Paid Search,573.59,27832,958,48,3395.09,11.95,5.919,5.01,3.442,2025-03,2025-03-03/2025-03-09
2025-03-09,SEO,135.2,161564,3478,97,6473.89,1.39,47.884,2.789,2.153,2025-03,2025-03-03/2025-03-09
2025-03-09,Email,84.35,68169,2756,185,12300.1,0.46,145.822,6.713,4.043,2025-03,2025-03-03/2025-03-09
2025-03-09,Paid Social,2026.1,257742,3134,96,6679.19,21.11,3.297,3.063,1.216,2025-03,2025-03-03/2025-03-09
2025-03-10,SEO,201.57,223978,4370,144,10966.49,1.4,54.405,3.295,1.951,2025-03,2025-03-10/2025-03-16
2025-03-10,Paid Social,3191.76,383802,4926,102,7145.8,31.29,2.239,2.071,1.283,2025-03,2025-03-10/2025-03-16
2025-03-10,Paid Search,788.46,34591,1044,52,3599.25,15.16,4.565,4.981,3.018,2025-03,2025-03-10/2025-03-16
2025-03-10,Email,88.47,72124,3450,204,12609.17,0.43,142.525,5.913,4.783,2025-03,2025-03-10/2025-03-16
2025-03-11,Email,93.33,77148,3954,225,13509.44,0.41,144.749,5.69,5.125,2025-03,2025-03-10/2025-03-16
2025-03-11,Paid Social,2960.85,360768,4814,110,7514.07,26.92,2.538,2.285,1.334,2025-03,2025-03-10/2025-03-16
2025-03-11,Paid Search,675.04,32897,1063,44,2998.05,15.34,4.441,4.139,3.231,2025-03,2025-03-10/2025-03-16
2025-03-11,SEO,198.63,211459,4329,137,10249.01,1.45,51.598,3.165,2.047,2025-03,2025-03-10/2025-03-16
2025-03-12,SEO,223.42,269055,5733,165,11350.43,1.35,50.803,2.878,2.131,2025-03,2025-03-10/2025-03-16
2025-03-12,Email,105.43,94377,4492,307,19044.4,0.34,180.635,6.834,4.76,2025-03,2025-03-10/2025-03-16
2025-03-12,Paid Search,790.79,33825,1110,50,3640.98,15.82,4.604,4.505,3.282,2025-03,2025-03-10/2025-03-16
2025-03-12,Paid Social,2769.2,313914,4325,97,5961.38,28.55,2.153,2.243,1.378,2025-03,2025-03-10/2025-03-16
2025-03-13,Paid Social,3206.65,367768,4344,101,6868.86,31.75,2.142,2.325,1.181,2025-03,2025-03-10/2025-03-16
2025-03-13,SEO,189.41,200814,4818,139,10028.45,1.36,52.946,2.885,2.399,2025-03,2025-03-10/2025-03-16
2025-03-13,Paid Search,690.12,30023,1138,56,3850.9,12.32,5.58,4.921,3.79,2025-03,2025-03-10/2025-03-16
2025-03-13,Email,91.52,78637,3230,220,14456.2,0.42,157.957,6.811,4.107,2025-03,2025-03-10/2025-03-16
2025-03-14,Paid Social,3153.56,400109,5065,103,6428.43,30.62,2.038,2.034,1.266,2025-03,2025-03-10/2025-03-16
2025-03-14,Paid Search,758.64,35668,1254,64,5138.16,11.85,6.773,5.104,3.516,2025-03,2025-03-10/2025-03-16
2025-03-14,Email,109.4,90608,4342,245,14883.94,0.45,136.051,5.643,4.792,2025-03,2025-03-10/2025-03-16
2025-03-14,SEO,182.43,190310,4460,154,11158.33,1.18,61.165,3.453,2.344,2025-03,2025-03-10/2025-03-16
2025-03-15,Paid Social,1883.29,220567,2353,75,4680.44,25.11,2.485,3.187,1.067,2025-03,2025-03-10/2025-03-16
2025-03-15,Paid Search,458.32,22683,700,30,2148.07,15.28,4.687,4.286,3.086,2025-03,2025-03-10/2025-03-16
2025-03-15,SEO,161.69,169842,3038,96,6699.29,1.68,41.433,3.16,1.789,2025-03,2025-03-10/2025-03-16
2025-03-15,Email,84.49,67255,2792,201,12974.8,0.42,153.566,7.199,4.151,2025-03,2025-03-10/2025-03-16
2025-03-16,SEO,140.41,171103,3874,121,8455.5,1.16,60.22,3.123,2.264,2025-03,2025-03-10/2025-03-16
2025-03-16,Paid Social,2139.19,276447,3113,72,5123.47,29.71,2.395,2.313,1.126,2025-03,2025-03-10/2025-03-16
2025-03-16,Paid Search,572.86,27334,852,37,2854.11,15.48,4.982,4.343,3.117,2025-03,2025-03-10/2025-03-16
2025-03-16,Email,83.87,74663,2998,219,13954.88,0.38,166.387,7.305,4.015,2025-03,2025-03-10/2025-03-16
2025-03-17,Email,112.89,98479,4138,236,15740.28,0.48,139.43,5.703,4.202,2025-03,2025-03-17/2025-03-23
2025-03-17,Paid Search,670.58,30577,929,45,3607.95,14.9,5.38,4.844,3.038,2025-03,2025-03-17/2025-03-23
2025-03-17,SEO,193.08,215317,4890,142,9842.4,1.36,50.976,2.904,2.271,2025-03,2025-03-17/2025-03-23
2025-03-17,Paid Social,2913.69,357729,4734,125,8949.96,23.31,3.072,2.64,1.323,2025-03,2025-03-17/2025-03-23
2025-03-18,Email,88.57,68424,2633,192,10628.79,0.46,120.004,7.292,3.848,2025-03,2025-03-17/2025-03-23
2025-03-18,Paid Search,676.41,32098,1241,61,4556.83,11.09,6.737,4.915,3.866,2025-03,2025-03-17/2025-03-23
2025-03-18,SEO,193.51,193738,4325,124,9449.98,1.56,48.835,2.867,2.232,2025-03,2025-03-17/2025-03-23
2025-03-18,Paid Social,2571.84,295616,3959,98,6702.54,26.24,2.606,2.475,1.339,2025-03,2025-03-17/2025-03-23
2025-03-19,Email,95.46,85986,3547,207,13289.09,0.46,139.211,5.836,4.125,2025-03,2025-03-17/2025-03-23
2025-03-19,Paid Social,2546.64,282000,3613,93,6880.63,27.38,2.702,2.574,1.281,2025-03,2025-03-17/2025-03-23
2025-03-19,SEO,196.98,232843,4771,165,12308.45,1.19,62.486,3.458,2.049,2025-03,2025-03-17/2025-03-23
2025-03-19,Paid Search,697.35,30979,1211,54,3735.63,12.91,5.357,4.459,3.909,2025-03,2025-03-17/2025-03-23
2025-03-20,Paid Social,2622.93,282518,3567,93,6939.66,28.2,2.646,2.607,1.263,2025-03,2025-03-17/2025-03-23
2025-03-20,Paid Search,801.79,33528,1174,46,3111.96,17.43,3.881,3.918,3.502,2025-03,2025-03-17/2025-03-23
2025-03-20,Email,95.03,74643,3623,265,16433.5,0.36,172.93,7.314,4.854,2025-03,2025-03-17/2025-03-23
2025-03-20,SEO,201.87,237615,5456,157,10197.57,1.29,50.516,2.878,2.296,2025-03,2025-03-17/2025-03-23
2025-03-21,Paid Search,610.09,27554,860,40,3050.22,15.25,5.0,4.651,3.121,2025-03,2025-03-17/2025-03-23
2025-03-21,Email,103.6,91700,4065,237,14387.72,0.44,138.878,5.83,4.433,2025-03,2025-03-17/2025-03-23
2025-03-21,SEO,197.17,198768,4073,107,8114.41,1.84,41.154,2.627,2.049,2025-03,2025-03-17/2025-03-23
2025-03-21,Paid Social,2885.12,352991,3901,79,4992.45,36.52,1.73,2.025,1.105,2025-03,2025-03-17/2025-03-23
2025-03-22,Email,73.37,56738,2229,146,9163.54,0.5,124.895,6.55,3.929,2025-03,2025-03-17/2025-03-23
2025-03-22,Paid Search,534.57,25629,901,40,2691.13,13.36,5.034,4.44,3.516,2025-03,2025-03-17/2025-03-23
2025-03-22,Paid Social,2111.56,255117,3206,89,6589.14,23.73,3.121,2.776,1.257,2025-03,2025-03-17/2025-03-23
2025-03-22,SEO,148.13,152139,3519,111,7208.62,1.33,48.664,3.154,2.313,2025-03,2025-03-17/2025-03-23
2025-03-23,Paid Social,1888.6,239261,3110,85,5630.85,22.22,2.981,2.733,1.3,2025-03,2025-03-17/2025-03-23
2025-03-23,Email,67.89,59426,2663,187,12269.77,0.36,180.73,7.022,4.481,2025-03,2025-03-17/2025-03-23
2025-03-23,SEO,162.77,196811,3803,113,8312.88,1.44,51.071,2.971,1.932,2025-03,2025-03-17/2025-03-23
2025-03-23,Paid Search,516.91,21772,707,33,2534.79,15.66,4.904,4.668,3.247,2025-03,2025-03-17/2025-03-23
2025-03-24,Paid Social,3139.95,401583,4790,93,6485.9,33.76,2.066,1.942,1.193,2025-03,2025-03-24/2025-03-30
2025-03-24,Email,99.24,80784,3175,179,11335.4,0.55,114.222,5.638,3.93,2025-03,2025-03-24/2025-03-30
2025-03-24,SEO,173.02,178244,3635,127,9323.38,1.36,53.886,3.494,2.039,2025-03,2025-03-24/2025-03-30
2025-03-24,Paid Search,709.39,33088,1270,54,4043.42,13.14,5.7,4.252,3.838,2025-03,2025-03-24/2025-03-30
2025-03-25,SEO,178.85,196111,3832,135,8562.64,1.32,47.876,3.523,1.954,2025-03,2025-03-24/2025-03-30
2025-03-25,Email,91.28,82598,3916,227,15011.79,0.4,164.459,5.797,4.741,2025-03,2025-03-24/2025-03-30
2025-03-25,Paid Search,772.9,34278,1163,59,3996.68,13.1,5.171,5.073,3.393,2025-03,2025-03-24/2025-03-30
2025-03-25,Paid Social,3220.37,352903,4346,106,7398.08,30.38,2.297,2.439,1.231,2025-03,2025-03-24/2025-03-30
2025-03-26,SEO,204.38,228465,5265,162,11320.62,1.26,55.39,3.077,2.305,2025-03,2025-03-24/2025-03-30
2025-03-26,Paid Social,2677.77,285555,3149,87,6081.36,30.78,2.271,2.763,1.103,2025-03,2025-03-24/2025-03-30
2025-03-26,Email,93.74,71872,3305,200,12537.53,0.47,133.748,6.051,4.598,2025-03,2025-03-24/2025-03-30
2025-03-26,Paid Search,822.97,36070,1153,54,4250.21,15.24,5.164,4.683,3.197,2025-03,2025-03-24/2025-03-30
2025-03-27,Paid Social,2690.38,344256,3913,87,6186.58,30.92,2.3,2.223,1.137,2025-03,2025-03-24/2025-03-30
2025-03-27,SEO,215.81,245404,4782,156,11910.28,1.38,55.189,3.262,1.949,2025-03,2025-03-24/2025-03-30
2025-03-27,Paid Search,762.52,33616,1072,41,3046.95,18.6,3.996,3.825,3.189,2025-03,2025-03-24/2025-03-30
2025-03-27,Email,97.11,84645,4138,258,16938.66,0.38,174.428,6.235,4.889,2025-03,2025-03-24/2025-03-30
2025-03-28,Paid Search,638.89,26294,981,48,3498.86,13.31,5.476,4.893,3.731,2025-03,2025-03-24/2025-03-30
2025-03-28,Email,97.6,81585,3416,227,15128.76,0.43,155.008,6.645,4.187,2025-03,2025-03-24/2025-03-30
2025-03-28,SEO,186.83,201346,3675,107,6836.61,1.75,36.593,2.912,1.825,2025-03,2025-03-24/2025-03-30
2025-03-28,Paid Social,3192.49,351265,4811,98,7285.92,32.58,2.282,2.037,1.37,2025-03,2025-03-24/2025-03-30
2025-03-29,SEO,165.16,187381,4399,142,9389.12,1.16,56.849,3.228,2.348,2025-03,2025-03-24/2025-03-30
2025-03-29,Paid Search,617.07,28175,912,35,2818.41,17.63,4.567,3.838,3.237,2025-03,2025-03-24/2025-03-30
2025-03-29,Email,84.51,65049,3042,175,10937.47,0.48,129.422,5.753,4.676,2025-03,2025-03-24/2025-03-30
2025-03-29,Paid Social,2151.62,240712,3082,75,5352.94,28.69,2.488,2.433,1.28,2025-03,2025-03-24/2025-03-30
2025-03-30,SEO,162.96,166135,3405,106,6890.13,1.54,42.281,3.113,2.05,2025-03,2025-03-24/2025-03-30
2025-03-30,Paid Social,1907.11,216359,2211,59,3954.88,32.32,2.074,2.668,1.022,2025-03,2025-03-24/2025-03-30
2025-03-30,Email,81.72,73849,3819,219,13664.96,0.37,167.217,5.734,5.171,2025-03,2025-03-24/2025-03-30
2025-03-30,Paid Search,589.04,26206,889,34,2319.67,17.32,3.938,3.825,3.392,2025-03,2025-03-24/2025-03-30
2025-03-31,SEO,196.64,203675,4646,157,11852.86,1.25,60.277,3.379,2.281,2025-03,2025-03-31/2025-04-06
2025-03-31,Paid Social,2886.63,352776,4132,97,6732.66,29.76,2.332,2.348,1.171,2025-03,2025-03-31/2025-04-06
2025-03-31,Email,88.33,77977,3906,243,14681.21,0.36,166.209,6.221,5.009,2025-03,2025-03-31/2025-04-06
2025-03-31,Paid Search,663.74,31535,1193,59,4592.71,11.25,6.919,4.946,3.783,2025-03,2025-03-31/2025-04-06
2025-04-01,SEO,187.28,195836,4695,150,10897.24,1.25,58.187,3.195,2.397,2025-04,2025-03-31/2025-04-06
2025-04-01,Paid Social,2859.03,363771,4006,88,5706.7,32.49,1.996,2.197,1.101,2025-04,2025-03-31/2025-04-06
2025-04-01,Email,103.23,80340,3742,218,14417.14,0.47,139.66,5.826,4.658,2025-04,2025-03-31/2025-04-06
2025-04-01,Paid Search,611.04,27468,1072,53,3852.48,11.53,6.305,4.944,3.903,2025-04,2025-03-31/2025-04-06
2025-04-02,SEO,176.22,186924,4013,106,6941.89,1.66,39.393,2.641,2.147,2025-04,2025-03-31/2025-04-06
2025-04-02,Email,100.9,78372,3552,234,15351.93,0.43,152.15,6.588,4.532,2025-04,2025-03-31/2025-04-06
2025-04-02,Paid Social,2789.8,297481,3869,94,6662.43,29.68,2.388,2.43,1.301,2025-04,2025-03-31/2025-04-06
2025-04-02,Paid Search,632.84,28973,1088,45,3356.54,14.06,5.304,4.136,3.755,2025-04,2025-03-31/2025-04-06
2025-04-03,SEO,219.32,248941,5112,159,11246.22,1.38,51.278,3.11,2.053,2025-04,2025-03-31/2025-04-06
2025-04-03,Paid Search,765.86,37513,1272,55,4163.52,13.92,5.436,4.324,3.391,2025-04,2025-03-31/2025-04-06
2025-04-03,Paid Social,3075.6,332754,3553,79,5601.65,38.93,1.821,2.223,1.068,2025-04,2025-03-31/2025-04-06
2025-04-03,Email,107.37,86487,3733,274,15838.49,0.39,147.513,7.34,4.316,2025-04,2025-03-31/2025-04-06
2025-04-04,SEO,199.58,223711,5307,188,13262.42,1.06,66.452,3.542,2.372,2025-04,2025-03-31/2025-04-06
2025-04-04,Paid Search,782.72,33101,1084,44,3506.88,17.79,4.48,4.059,3.275,2025-04,2025-03-31/2025-04-06
2025-04-04,Paid Social,2986.31,354334,4830,98,6906.77,30.47,2.313,2.029,1.363,2025-04,2025-03-31/2025-04-06
2025-04-04,Email,113.6,91109,3902,249,15878.72,0.46,139.777,6.381,4.283,2025-04,2025-03-31/2025-04-06
2025-04-05,Paid Social,2914.05,221884,2962,90,6161.37,32.38,2.114,3.038,1.335,2025-04,2025-03-31/2025-04-06
2025-04-05,Email,83.33,64087,2698,176,9740.89,0.47,116.895,6.523,4.21,2025-04,2025-03-31/2025-04-06
2025-04-05,Paid Search,592.66,24275,855,37,2511.61,16.02,4.238,4.327,3.522,2025-04,2025-03-31/2025-04-06
2025-04-05,SEO,149.16,164080,3363,106,7091.69,1.41,47.544,3.152,2.05,2025-04,2025-03-31/2025-04-06
2025-04-06,Paid Social,2398.29,258800,3168,88,5712.3,27.25,2.382,2.778,1.224,2025-04,2025-03-31/2025-04-06
2025-04-06,Email,79.74,61685,3091,182,10637.39,0.44,133.401,5.888,5.011,2025-04,2025-03-31/2025-04-06
2025-04-06,Paid Search,486.44,23772,858,34,2481.21,14.31,5.101,3.963,3.609,2025-04,2025-03-31/2025-04-06
2025-04-06,SEO,151.8,169445,3085,87,6527.6,1.74,43.001,2.82,1.821,2025-04,2025-03-31/2025-04-06
2025-04-07,SEO,206.76,249741,5064,142,10186.99,1.46,49.27,2.804,2.028,2025-04,2025-04-07/2025-04-13
2025-04-07,Paid Social,3065.93,381091,5119,111,8216.65,27.62,2.68,2.168,1.343,2025-04,2025-04-07/2025-04-13
2025-04-07,Email,104.68,88740,4471,248,15494.15,0.42,148.014,5.547,5.038,2025-04,2025-04-07/2025-04-13
2025-04-07,Paid Search,743.31,36853,1197,54,4101.12,13.76,5.517,4.511,3.248,2025-04,2025-04-07/2025-04-13
2025-04-08,Email,96.51,79619,3752,225,12381.41,0.43,128.291,5.997,4.712,2025-04,2025-04-07/2025-04-13
2025-04-08,Paid Search,814.19,39090,1469,58,4318.98,14.04,5.305,3.948,3.758,2025-04,2025-04-07/2025-04-13
2025-04-08,Paid Social,3168.35,339620,4317,101,7357.24,31.37,2.322,2.34,1.271,2025-04,2025-04-07/2025-04-13
2025-04-08,SEO,182.05,185786,3417,106,7462.86,1.72,40.993,3.102,1.839,2025-04,2025-04-07/2025-04-13
2025-04-09,Email,92.87,70092,3489,199,11548.99,0.47,124.357,5.704,4.978,2025-04,2025-04-07/2025-04-13
2025-04-09,Paid Search,658.57,31860,1198,47,3823.21,14.01,5.805,3.923,3.76,2025-04,2025-04-07/2025-04-13
2025-04-09,Paid Social,2965.55,348265,3835,96,6275.14,30.89,2.116,2.503,1.101,2025-04,2025-04-07/2025-04-13
2025-04-09,SEO,195.55,229693,5081,166,12584.78,1.18,64.356,3.267,2.212,2025-04,2025-04-07/2025-04-13
2025-04-10,Paid Search,822.74,38317,1291,54,4206.45,15.24,5.113,4.183,3.369,2025-04,2025-04-07/2025-04-13
2025-04-10,Paid Social,3297.5,405085,4768,89,5636.08,37.05,1.709,1.867,1.177,2025-04,2025-04-07/2025-04-13
2025-04-10,SEO,188.89,224228,4565,139,9801.15,1.36,51.888,3.045,2.036,2025-04,2025-04-07/2025-04-13
2025-04-10,Email,94.59,76896,2961,210,13158.45,0.45,139.11,7.092,3.851,2025-04,2025-04-07/2025-04-13
2025-04-11,Paid Search,681.05,31513,1022,43,3181.57,15.84,4.672,4.207,3.243,2025-04,2025-04-07/2025-04-13
2025-04-11,SEO,195.5,197976,4773,162,12140.44,1.21,62.099,3.394,2.411,2025-04,2025-04-07/2025-04-13
2025-04-11,Email,97.4,86824,3477,247,14541.45,0.39,149.296,7.104,4.005,2025-04,2025-04-07/2025-04-13
2025-04-11,Paid Social,2710.47,334369,4132,85,5709.12,31.89,2.106,2.057,1.236,2025-04,2025-04-07/2025-04-13
2025-04-12,Email,78.12,70548,2835,207,13691.31,0.38,175.26,7.302,4.019,2025-04,2025-04-07/2025-04-13
2025-04-12,SEO,139.55,162261,3047,101,6572.53,1.38,47.098,3.315,1.878,2025-04,2025-04-07/2025-04-13
2025-04-12,Paid Search,556.18,24595,871,35,2811.43,15.89,5.055,4.018,3.541,2025-04,2025-04-07/2025-04-13
2025-04-12,Paid Social,2135.1,241969,2719,71,4437.35,30.07,2.078,2.611,1.124,2025-04,2025-04-07/2025-04-13
2025-04-13,Paid Search,459.18,20045,698,28,1974.12,16.4,4.299,4.011,3.482,2025-04,2025-04-07/2025-04-13
2025-04-13,Email,79.78,60778,2852,186,11936.86,0.43,149.622,6.522,4.692,2025-04,2025-04-07/2025-04-13
2025-04-13,SEO,154.85,179241,4047,126,9320.49,1.23,60.19,3.113,2.258,2025-04,2025-04-07/2025-04-13
2025-04-13,Paid Social,2092.87,242501,2539,74,5424.17,28.28,2.592,2.915,1.047,2025-04,2025-04-07/2025-04-13
2025-04-14,Paid Social,3077.06,372387,4170,99,6319.63,31.08,2.054,2.374,1.12,2025-04,2025-04-14/2025-04-20
2025-04-14,Email,103.57,94148,4240,238,14246.3,0.44,137.552,5.613,4.504,2025-04,2025-04-14/2025-04-20
2025-04-14,SEO,191.15,200100,3652,105,7596.52,1.82,39.741,2.875,1.825,2025-04,2025-04-14/2025-04-20
2025-04-14,Paid Search,723.66,34610,1329,63,4569.58,11.49,6.315,4.74,3.84,2025-04,2025-04-14/2025-04-20
2025-04-15,Paid Search,687.11,30366,915,43,3355.19,15.98,4.883,4.699,3.013,2025-04,2025-04-14/2025-04-20
2025-04-15,SEO,232.21,247379,4424,117,8105.34,1.98,34.905,2.645,1.788,2025-04,2025-04-14/2025-04-20
2025-04-15,Paid Social,3500.24,374484,4606,86,6101.79,40.7,1.743,1.867,1.23,2025-04,2025-04-14/2025-04-20
2025-04-15,Email,101.65,91254,4617,336,22018.41,0.3,216.61,7.277,5.06,2025-04,2025-04-14/2025-04-20
2025-04-16,Paid Social,3016.63,327399,3790,87,6346.73,34.67,2.104,2.296,1.158,2025-04,2025-04-14/2025-04-20
2025-04-16,Email,92.98,81854,3205,206,12209.79,0.45,131.316,6.427,3.916,2025-04,2025-04-14/2025-04-20
2025-04-16,Paid Search,785.12,38184,1245,54,3984.11,14.54,5.075,4.337,3.261,2025-04,2025-04-14/2025-04-20
2025-04-16,SEO,229.93,259419,5630,167,11122.5,1.38,48.373,2.966,2.17,2025-04,2025-04-14/2025-04-20
2025-04-17,Paid Social,2789.96,348830,4517,93,5829.73,30.0,2.09,2.059,1.295,2025-04,2025-04-14/2025-04-20
2025-04-17,Paid Search,798.72,39411,1522,65,4647.55,12.29,5.819,4.271,3.862,2025-04,2025-04-14/2025-04-20
2025-04-17,SEO,214.28,248060,5745,163,10420.27,1.31,48.629,2.837,2.316,2025-04,2025-04-14/2025-04-20
2025-04-17,Email,100.05,79148,3837,213,11887.69,0.47,118.817,5.551,4.848,2025-04,2025-04-14/2025-04-20
2025-04-18,Paid Social,3126.27,340641,4608,88,5414.3,35.53,1.732,1.91,1.353,2025-04,2025-04-14/2025-04-20
2025-04-18,Paid Search,773.87,36231,1110,49,3741.3,15.79,4.835,4.414,3.064,2025-04,2025-04-14/2025-04-20
2025-04-18,SEO,228.22,246974,5463,144,9616.4,1.58,42.137,2.636,2.212,2025-04,2025-04-14/2025-04-20
2025-04-18,Email,101.34,87816,4481,282,16011.96,0.36,158.002,6.293,5.103,2025-04,2025-04-14/2025-04-20
2025-04-19,Email,85.58,74579,3379,225,15078.04,0.38,176.186,6.659,4.531,2025-04,2025-04-14/2025-04-20
2025-04-19,Paid Search,620.82,27199,1008,45,3148.34,13.8,5.071,4.464,3.706,2025-04,2025-04-14/2025-04-20
2025-04-19,SEO,134.77,135969,3227,85,6324.0,1.59,46.924,2.634,2.373,2025-04,2025-04-14/2025-04-20
2025-04-19,Paid Social,2470.15,268849,3411,86,5864.43,28.72,2.374,2.521,1.269,2025-04,2025-04-14/2025-04-20
2025-04-20,SEO,136.52,155583,3742,124,8989.16,1.1,65.845,3.314,2.405,2025-04,2025-04-14/2025-04-20
2025-04-20,Email,76.29,66643,2589,191,10747.74,0.4,140.88,7.377,3.885,2025-04,2025-04-14/2025-04-20
2025-04-20,Paid Social,2328.09,262188,2736,66,4759.66,35.27,2.044,2.412,1.044,2025-04,2025-04-14/2025-04-20
2025-04-20,Paid Search,526.96,24789,872,36,2765.95,14.64,5.249,4.128,3.518,2025-04,2025-04-14/2025-04-20
2025-04-21,SEO,203.36,247498,4447,155,11353.38,1.31,55.829,3.485,1.797,2025-04,2025-04-21/2025-04-27
2025-04-21,Paid Social,3059.48,385714,4999,101,7314.37,30.29,2.391,2.02,1.296,2025-04,2025-04-21/2025-04-27
2025-04-21,Paid Search,746.83,33556,1078,48,3588.53,15.56,4.805,4.453,3.213,2025-04,2025-04-21/2025-04-27
2025-04-21,Email,97.44,75964,3002,207,11486.11,0.47,117.879,6.895,3.952,2025-04,2025-04-21/2025-04-27
2025-04-22,Paid Search,806.82,35719,1072,47,3296.45,17.17,4.086,4.384,3.001,2025-04,2025-04-21/2025-04-27
2025-04-22,SEO,184.78,212571,5096,166,11217.39,1.11,60.707,3.257,2.397,2025-04,2025-04-21/2025-04-27
2025-04-22,Email,96.15,84080,3692,228,15186.55,0.42,157.946,6.176,4.391,2025-04,2025-04-21/2025-04-27
2025-04-22,Paid Social,3001.57,319403,3588,90,5538.97,33.35,1.845,2.508,1.123,2025-04,2025-04-21/2025-04-27
2025-04-23,Paid Search,704.0,35059,1083,52,3861.61,13.54,5.485,4.801,3.089,2025-04,2025-04-21/2025-04-27
2025-04-23,Email,103.29,79811,3743,254,16194.87,0.41,156.79,6.786,4.69,2025-04,2025-04-21/2025-04-27
2025-04-23,SEO,225.99,264819,5538,175,13205.32,1.29,58.433,3.16,2.091,2025-04,2025-04-21/2025-04-27
2025-04-23,Paid Social,3348.77,382632,4560,99,6518.7,33.83,1.947,2.171,1.192,2025-04,2025-04-21/2025-04-27
2025-04-24,Email,112.29,85879,4056,225,14356.59,0.5,127.853,5.547,4.723,2025-04,2025-04-21/2025-04-27
2025-04-24,Paid Social,3536.45,402244,4646,92,6676.54,38.44,1.888,1.98,1.155,2025-04,2025-04-21/2025-04-27
2025-04-24,Paid Search,805.85,33560,1148,57,3942.49,14.14,4.892,4.965,3.421,2025-04,2025-04-21/2025-04-27
2025-04-24,SEO,213.75,223359,4403,119,8245.6,1.8,38.576,2.703,1.971,2025-04,2025-04-21/2025-04-27
2025-04-25,SEO,176.62,206621,4858,134,9605.3,1.32,54.384,2.758,2.351,2025-04,2025-04-21/2025-04-27
2025-04-25,Paid Social,2940.09,373168,4881,109,7183.72,26.97,2.443,2.233,1.308,2025-04,2025-04-21/2025-04-27
2025-04-25,Paid Search,821.54,34314,1302,60,4729.37,13.69,5.757,4.608,3.794,2025-04,2025-04-21/2025-04-27
2025-04-25,Email,112.71,88020,3431,243,13389.55,0.46,118.796,7.082,3.898,2025-04,2025-04-21/2025-04-27
2025-04-26,SEO,147.7,163329,3046,107,7423.79,1.38,50.263,3.513,1.865,2025-04,2025-04-21/2025-04-27
2025-04-26,Paid Social,2051.55,218390,2518,72,5258.84,28.49,2.563,2.859,1.153,2025-04,2025-04-21/2025-04-27
2025-04-26,Paid Search,512.91,22162,684,31,2510.63,16.55,4.895,4.532,3.086,2025-04,2025-04-21/2025-04-27
2025-04-26,Email,70.84,56502,2818,178,9834.62,0.4,138.829,6.317,4.987,2025-04,2025-04-21/2025-04-27
2025-04-27,Paid Search,468.16,22766,768,30,2062.31,15.61,4.405,3.906,3.373,2025-04,2025-04-21/2025-04-27
2025-04-27,SEO,150.84,166417,3053,101,6750.86,1.49,44.755,3.308,1.835,2025-04,2025-04-21/2025-04-27
2025-04-27,Email,79.89,71827,3271,209,12259.57,0.38,153.456,6.389,4.554,2025-04,2025-04-21/2025-04-27
2025-04-27,Paid Social,2531.35,317385,4317,94,6944.41,26.93,2.743,2.177,1.36,2025-04,2025-04-21/2025-04-27
2025-04-28,Paid Social,2888.07,356850,4603,103,7642.25,28.04,2.646,2.238,1.29,2025-04,2025-04-28/2025-05-04
2025-04-28,Paid Search,634.06,27387,1069,41,3045.78,15.46,4.804,3.835,3.903,2025-04,2025-04-28/2025-05-04
2025-04-28,SEO,178.92,183932,3773,120,8217.89,1.49,45.931,3.18,2.051,2025-04,2025-04-28/2025-05-04
2025-04-28,Email,107.23,97396,4278,281,15501.0,0.38,144.558,6.568,4.392,2025-04,2025-04-28/2025-05-04
2025-04-29,Email,102.28,93109,3798,236,15223.3,0.43,148.839,6.214,4.079,2025-04,2025-04-28/2025-05-04
2025-04-29,Paid Search,669.05,29007,1096,54,3929.23,12.39,5.873,4.927,3.778,2025-04,2025-04-28/2025-05-04
2025-04-29,Paid Social,3428.94,407342,5401,107,6812.81,32.05,1.987,1.981,1.326,2025-04,2025-04-28/2025-05-04
2025-04-29,SEO,224.98,240115,5773,193,12659.25,1.17,56.268,3.343,2.404,2025-04,2025-04-28/2025-05-04
2025-04-30,Paid Social,2976.51,296640,3859,85,5539.0,35.02,1.861,2.203,1.301,2025-04,2025-04-28/2025-05-04
2025-04-30,SEO,228.09,261441,5248,163,10818.66,1.4,47.432,3.106,2.007,2025-04,2025-04-28/2025-05-04
2025-04-30,Paid Search,747.14,30801,1231,53,3689.78,14.1,4.939,4.305,3.997,2025-04,2025-04-28/2025-05-04
2025-04-30,Email,90.53,80681,3414,206,11772.1,0.44,130.035,6.034,4.231,2025-04,2025-04-28/2025-05-04
2025-05-01,Paid Social,2838.09,347595,4346,88,5949.59,32.25,2.096,2.025,1.25,2025-05,2025-04-28/2025-05-04
2025-05-01,Paid Search,755.02,35273,1052,51,3856.88,14.8,5.108,4.848,2.982,2025-05,2025-04-28/2025-05-04
2025-05-01,Email,103.44,88122,4094,242,15038.31,0.43,145.382,5.911,4.646,2025-05,2025-04-28/2025-05-04
2025-05-01,SEO,190.98,198118,4665,125,9493.5,1.53,49.709,2.68,2.355,2025-05,2025-04-28/2025-05-04
2025-05-02,SEO,230.9,242346,5064,169,12627.38,1.37,54.688,3.337,2.09,2025-05,2025-04-28/2025-05-04
2025-05-02,Paid Search,798.48,33095,1105,43,3027.32,18.57,3.791,3.891,3.339,2025-05,2025-04-28/2025-05-04
2025-05-02,Paid Social,3505.75,415489,4747,109,7362.64,32.16,2.1,2.296,1.143,2025-05,2025-04-28/2025-05-04
2025-05-02,Email,91.26,74258,2997,199,12023.74,0.46,131.753,6.64,4.036,2025-05,2025-04-28/2025-05-04
2025-05-03,Email,65.68,59611,2963,169,10097.21,0.39,153.733,5.704,4.971,2025-05,2025-04-28/2025-05-04
2025-05-03,Paid Social,2666.86,305290,3179,79,5175.09,33.76,1.941,2.485,1.041,2025-05,2025-04-28/2025-05-04
2025-05-03,Paid Search,472.8,21542,859,36,2522.25,13.13,5.335,4.191,3.988,2025-05,2025-04-28/2025-05-04
2025-05-03,SEO,161.76,178273,3450,117,8145.6,1.38,50.356,3.391,1.935,2025-05,2025-04-28/2025-05-04
2025-05-04,Paid Social,2425.65,278992,3582,81,5030.07,29.95,2.074,2.261,1.284,2025-05,2025-04-28/2025-05-04
2025-05-04,Paid Search,590.96,28049,981,38,2682.96,15.55,4.54,3.874,3.497,2025-05,2025-04-28/2025-05-04
2025-05-04,Email,73.65,59260,2842,169,10894.24,0.44,147.919,5.947,4.796,2025-05,2025-04-28/2025-05-04
2025-05-04,SEO,131.69,140226,3045,104,6576.83,1.27,49.942,3.415,2.171,2025-05,2025-04-28/2025-05-04
2025-05-05,Paid Search,728.42,31560,1112,53,4300.31,13.74,5.904,4.766,3.523,2025-05,2025-05-05/2025-05-11
2025-05-05,Paid Social,3141.86,394897,5401,105,6904.73,29.92,2.198,1.944,1.368,2025-05,2025-05-05/2025-05-11
2025-05-05,SEO,219.65,254484,5017,155,10222.36,1.42,46.539,3.089,1.971,2025-05,2025-05-05/2025-05-11
2025-05-05,Email,91.23,69877,3336,241,14436.12,0.38,158.239,7.224,4.774,2025-05,2025-05-05/2025-05-11
2025-05-06,SEO,208.96,213836,4406,149,9696.05,1.4,46.401,3.382,2.06,2025-05,2025-05-05/2025-05-11
2025-05-06,Paid Search,794.77,37247,1460,63,4602.39,12.62,5.791,4.315,3.92,2025-05,2025-05-05/2025-05-11
2025-05-06,Paid Social,2693.44,336840,4133,89,5724.74,30.26,2.125,2.153,1.227,2025-05,2025-05-05/2025-05-11
2025-05-06,Email,111.94,102274,5021,283,17102.0,0.4,152.778,5.636,4.909,2025-05,2025-05-05/2025-05-11
2025-05-07,Paid Social,2812.65,305945,4170,110,8030.58,25.57,2.855,2.638,1.363,2025-05,2025-05-05/2025-05-11
2025-05-07,SEO,177.34,193796,4488,144,10827.05,1.23,61.052,3.209,2.316,2025-05,2025-05-05/2025-05-11
2025-05-07,Paid Search,625.74,30088,921,42,3139.21,14.9,5.017,4.56,3.061,2025-05,2025-05-05/2025-05-11
2025-05-07,Email,102.93,88561,3716,218,12555.21,0.47,121.978,5.867,4.196,2025-05,2025-05-05/2025-05-11
2025-05-08,Paid Search,753.56,32764,1009,46,3296.98,16.38,4.375,4.559,3.08,2025-05,2025-05-05/2025-05-11
2025-05-08,SEO,220.76,224289,4503,148,9443.67,1.49,42.778,3.287,2.008,2025-05,2025-05-05/2025-05-11
2025-05-08,Paid Social,3551.59,401677,5470,121,7732.45,29.35,2.177,2.212,1.362,2025-05,2025-05-05/2025-05-11
2025-05-08,Email,85.21,70287,2932,217,12720.97,0.39,149.29,7.401,4.171,2025-05,2025-05-05/2025-05-11
2025-05-09,Paid Search,816.17,34228,1309,65,5217.54,12.56,6.393,4.966,3.824,2025-05,2025-05-05/2025-05-11
2025-05-09,Paid Social,2843.08,323206,3777,88,5946.58,32.31,2.092,2.33,1.169,2025-05,2025-05-05/2025-05-11
2025-05-09,SEO,215.76,236714,4829,155,10541.11,1.39,48.856,3.21,2.04,2025-05,2025-05-05/2025-05-11
2025-05-09,Email,103.2,92275,3581,200,12746.7,0.52,123.515,5.585,3.881,2025-05,2025-05-05/2025-05-11
2025-05-10,SEO,167.08,177098,4083,109,8251.33,1.53,49.386,2.67,2.306,2025-05,2025-05-05/2025-05-11
2025-05-10,Email,64.6,51686,2524,179,11006.81,0.36,170.384,7.092,4.883,2025-05,2025-05-05/2025-05-11
2025-05-10,Paid Search,525.69,23067,690,28,1979.67,18.77,3.766,4.058,2.991,2025-05,2025-05-05/2025-05-11
2025-05-10,Paid Social,2073.17,266998,3327,85,6310.09,24.39,3.044,2.555,1.246,2025-05,2025-05-05/2025-05-11
2025-05-11,Paid Social,2362.03,286399,3864,98,6133.95,24.1,2.597,2.536,1.349,2025-05,2025-05-05/2025-05-11
2025-05-11,SEO,176.54,186297,3709,108,8243.23,1.63,46.693,2.912,1.991,2025-05,2025-05-05/2025-05-11
2025-05-11,Email,71.84,57131,2760,205,13194.6,0.35,183.666,7.428,4.831,2025-05,2025-05-05/2025-05-11
2025-05-11,Paid Search,608.31,27473,1000,48,3202.92,12.67,5.265,4.8,3.64,2025-05,2025-05-05/2025-05-11
2025-05-12,SEO,225.19,252760,5526,157,12005.44,1.43,53.312,2.841,2.186,2025-05,2025-05-12/2025-05-18
2025-05-12,Paid Social,3010.12,346726,3768,97,7027.47,31.03,2.335,2.574,1.087,2025-05,2025-05-12/2025-05-18
2025-05-12,Email,86.73,74013,3118,185,12015.96,0.47,138.544,5.933,4.213,2025-05,2025-05-12/2025-05-18
2025-05-12,Paid Search,752.11,36909,1234,57,3994.16,13.19,5.311,4.619,3.343,2025-05,2025-05-12/2025-05-18
2025-05-13,SEO,191.38,216497,4990,144,9641.3,1.33,50.378,2.886,2.305,2025-05,2025-05-12/2025-05-18
2025-05-13,Email,97.96,89239,3975,282,17066.91,0.35,174.223,7.094,4.454,2025-05,2025-05-12/2025-05-18
2025-05-13,Paid Social,2782.69,336176,3748,84,5241.11,33.13,1.883,2.241,1.115,2025-05,2025-05-12/2025-05-18
2025-05-13,Paid Search,757.58,34726,1309,55,3867.23,13.77,5.105,4.202,3.77,2025-05,2025-05-12/2025-05-18
2025-05-14,Email,101.52,92644,4702,351,22662.04,0.29,223.227,7.465,5.075,2025-05,2025-05-12/2025-05-18
2025-05-14,Paid Social,3446.1,391368,4943,108,6610.21,31.91,1.918,2.185,1.263,2025-05,2025-05-12/2025-05-18
2025-05-14,Paid Search,629.65,29740,1045,41,3095.28,15.36,4.916,3.923,3.514,2025-05,2025-05-12/2025-05-18
2025-05-14,SEO,207.64,245351,5087,178,13010.64,1.17,62.66,3.499,2.073,2025-05,2025-05-12/2025-05-18
2025-05-15,SEO,202.78,226400,4618,164,12556.04,1.24,61.92,3.551,2.04,2025-05,2025-05-12/2025-05-18
2025-05-15,Paid Search,704.69,31208,1175,48,3776.86,14.68,5.36,4.085,3.765,2025-05,2025-05-12/2025-05-18
2025-05-15,Paid Social,2912.08,391491,4781,110,6801.03,26.47,2.335,2.301,1.221,2025-05,2025-05-12/2025-05-18
2025-05-15,Email,106.15,94653,4294,249,15792.54,0.43,148.776,5.799,4.537,2025-05,2025-05-12/2025-05-18
2025-05-16,SEO,199.97,212595,4213,137,9154.82,1.46,45.781,3.252,1.982,2025-05,2025-05-12/2025-05-18
2025-05-16,Paid Social,3052.58,355320,3984,81,5798.24,37.69,1.899,2.033,1.121,2025-05,2025-05-12/2025-05-18
2025-05-16,Paid Search,832.2,37006,1288,62,4462.14,13.42,5.362,4.814,3.481,2025-05,2025-05-12/2025-05-18
2025-05-16,Email,113.12,98765,4302,261,16196.28,0.43,143.178,6.067,4.356,2025-05,2025-05-12/2025-05-18
2025-05-17,SEO,173.37,193744,4120,141,10188.74,1.23,58.769,3.422,2.127,2025-05,2025-05-12/2025-05-18
2025-05-17,Paid Social,2734.25,321142,3340,75,5316.49,36.46,1.944,2.246,1.04,2025-05,2025-05-12/2025-05-18
2025-05-17,Paid Search,565.7,27990,947,45,3377.87,12.57,5.971,4.752,3.383,2025-05,2025-05-12/2025-05-18
2025-05-17,Email,69.63,55180,2224,133,7884.72,0.52,113.237,5.98,4.03,2025-05,2025-05-12/2025-05-18
2025-05-18,Paid Social,2446.73,274616,3725,106,7531.76,23.08,3.078,2.846,1.356,2025-05,2025-05-12/2025-05-18
2025-05-18,Paid Search,619.26,29746,900,43,3234.9,14.4,5.224,4.778,3.026,2025-05,2025-05-12/2025-05-18
2025-05-18,SEO,155.17,163904,3577,124,9166.66,1.25,59.075,3.467,2.182,2025-05,2025-05-12/2025-05-18
2025-05-18,Email,74.42,58276,2813,174,10283.93,0.43,138.188,6.186,4.827,2025-05,2025-05-12/2025-05-18
2025-05-19,Paid Social,3463.14,397277,4769,98,7048.72,35.34,2.035,2.055,1.2,2025-05,2025-05-19/2025-05-25
2025-05-19,Email,92.43,75389,3225,194,12326.58,0.48,133.361,6.016,4.278,2025-05,2025-05-19/2025-05-25
2025-05-19,Paid Search,617.76,25674,1029,49,3721.34,12.61,6.024,4.762,4.008,2025-05,2025-05-19/2025-05-25
2025-05-19,SEO,205.35,212266,4542,125,9168.59,1.64,44.649,2.752,2.14,2025-05,2025-05-19/2025-05-25
2025-05-20,Paid Social,3357.08,380781,4845,115,8123.68,29.19,2.42,2.374,1.272,2025-05,2025-05-19/2025-05-25
2025-05-20,Paid Search,738.16,33937,1041,50,3929.28,14.76,5.323,4.803,3.067,2025-05,2025-05-19/2025-05-25
2025-05-20,Email,105.15,80285,3483,199,12495.56,0.53,118.836,5.713,4.338,2025-05,2025-05-19/2025-05-25
2025-05-20,SEO,235.38,245387,5612,169,11722.87,1.39,49.804,3.011,2.287,2025-05,2025-05-19/2025-05-25
2025-05-21,Paid Search,626.28,27700,917,39,3169.17,16.06,5.06,4.253,3.31,2025-05,2025-05-19/2025-05-25
2025-05-21,SEO,206.79,242528,4424,146,10485.87,1.42,50.708,3.3,1.824,2025-05,2025-05-19/2025-05-25
2025-05-21,Email,90.12,79835,3344,213,11927.32,0.42,132.349,6.37,4.189,2025-05,2025-05-19/2025-05-25
2025-05-21,Paid Social,3058.31,382211,4020,82,5249.21,37.3,1.716,2.04,1.052,2025-05,2025-05-19/2025-05-25
2025-05-22,SEO,202.17,229923,5217,144,10525.34,1.4,52.062,2.76,2.269,2025-05,2025-05-19/2025-05-25
2025-05-22,Email,114.33,94076,4602,306,18980.0,0.37,166.011,6.649,4.892,2025-05,2025-05-19/2025-05-25
2025-05-22,Paid Search,717.37,34511,1109,57,3914.17,12.59,5.456,5.14,3.213,2025-05,2025-05-19/2025-05-25
2025-05-22,Paid Social,2862.57,368493,4418,108,7066.25,26.51,2.468,2.445,1.199,2025-05,2025-05-19/2025-05-25
2025-05-23,SEO,178.78,203272,4717,127,8961.44,1.41,50.126,2.692,2.321,2025-05,2025-05-19/2025-05-25
2025-05-23,Paid Search,796.45,32802,978,46,3384.94,17.31,4.25,4.703,2.982,2025-05,2025-05-19/2025-05-25
2025-05-23,Paid Social,3122.38,390227,5194,123,7599.07,25.39,2.434,2.368,1.331,2025-05,2025-05-19/2025-05-25
2025-05-23,Email,97.39,77630,3216,230,13045.13,0.42,133.947,7.152,4.143,2025-05,2025-05-19/2025-05-25
2025-05-24,Email,75.77,60112,2754,171,9427.74,0.44,124.426,6.209,4.581,2025-05,2025-05-19/2025-05-25
2025-05-24,Paid Social,2077.1,253424,3304,85,6003.38,24.44,2.89,2.573,1.304,2025-05,2025-05-19/2025-05-25
2025-05-24,Paid Search,541.32,25050,783,35,2726.45,15.47,5.037,4.47,3.126,2025-05,2025-05-19/2025-05-25
2025-05-24,SEO,142.99,161048,3846,101,7312.49,1.42,51.14,2.626,2.388,2025-05,2025-05-19/2025-05-25
2025-05-25,Paid Social,2401.66,300008,4122,111,8065.05,21.64,3.358,2.693,1.374,2025-05,2025-05-19/2025-05-25
2025-05-25,SEO,146.81,157399,2830,95,6210.1,1.55,42.3,3.357,1.798,2025-05,2025-05-19/2025-05-25
2025-05-25,Paid Search,551.53,25851,1039,43,3058.73,12.83,5.546,4.139,4.019,2025-05,2025-05-19/2025-05-25
2025-05-25,Email,69.04,62088,2413,136,8300.25,0.51,120.224,5.636,3.886,2025-05,2025-05-19/2025-05-25
2025-05-26,Paid Social,3330.82,396459,5012,107,6906.03,31.13,2.073,2.135,1.264,2025-05,2025-05-26/2025-06-01
2025-05-26,Paid Search,748.23,35529,1308,56,4037.09,13.36,5.396,4.281,3.681,2025-05,2025-05-26/2025-06-01
2025-05-26,Email,86.97,77259,3553,205,11725.32,0.42,134.82,5.77,4.599,2025-05,2025-05-26/2025-06-01
2025-05-26,SEO,219.87,254537,5702,200,13674.9,1.1,62.195,3.508,2.24,2025-05,2025-05-26/2025-06-01
2025-05-27,SEO,224.56,268358,6075,164,11131.48,1.37,49.57,2.7,2.264,2025-05,2025-05-26/2025-06-01
2025-05-27,Paid Social,2893.65,337829,3765,77,5440.17,37.58,1.88,2.045,1.114,2025-05,2025-05-26/2025-06-01
2025-05-27,Email,97.43,77944,3124,195,10787.3,0.5,110.718,6.242,4.008,2025-05,2025-05-26/2025-06-01
2025-05-27,Paid Search,739.82,35319,1326,60,4785.13,12.33,6.468,4.525,3.754,2025-05,2025-05-26/2025-06-01
2025-05-28,Email,101.78,88047,3735,251,14988.94,0.41,147.268,6.72,4.242,2025-05,2025-05-26/2025-06-01
2025-05-28,Paid Search,620.04,27720,895,34,2295.24,18.24,3.702,3.799,3.229,2025-05,2025-05-26/2025-06-01
2025-05-28,SEO,231.63,277977,5096,134,9424.61,1.73,40.688,2.63,1.833,2025-05,2025-05-26/2025-06-01
2025-05-28,Paid Social,3607.84,416751,4729,102,6585.77,35.37,1.825,2.157,1.135,2025-05,2025-05-26/2025-06-01
2025-05-29,SEO,175.3,213657,5055,146,9779.48,1.2,55.787,2.888,2.366,2025-05,2025-05-26/2025-06-01
2025-05-29,Paid Search,795.08,35087,1390,64,4735.39,12.42,5.956,4.604,3.962,2025-05,2025-05-26/2025-06-01
2025-05-29,Paid Social,3285.27,359093,4922,101,7533.13,32.53,2.293,2.052,1.371,2025-05,2025-05-26/2025-06-01
2025-05-29,Email,92.88,71281,2864,186,10614.8,0.5,114.285,6.494,4.018,2025-05,2025-05-26/2025-06-01
2025-05-30,Paid Search,812.44,39934,1363,59,4054.16,13.77,4.99,4.329,3.413,2025-05,2025-05-26/2025-06-01
2025-05-30,SEO,219.57,245808,4781,127,9547.21,1.73,43.481,2.656,1.945,2025-05,2025-05-26/2025-06-01
2025-05-30,Email,104.63,80008,3833,214,14018.92,0.49,133.986,5.583,4.791,2025-05,2025-05-26/2025-06-01
2025-05-30,Paid Social,2815.03,324034,3593,76,5513.82,37.04,1.959,2.115,1.109,2025-05,2025-05-26/2025-06-01
2025-05-31,Paid Social,2268.81,293053,3811,113,7915.8,20.08,3.489,2.965,1.3,2025-05,2025-05-26/2025-06-01
2025-05-31,Paid Search,502.17,23829,941,36,2459.47,13.95,4.898,3.826,3.949,2025-05,2025-05-26/2025-06-01
2025-05-31,Email,95.11,51822,2011,129,8225.12,0.74,86.48,6.415,3.881,2025-05,2025-05-26/2025-06-01
2025-05-31,SEO,161.63,176432,3621,129,8298.45,1.25,51.342,3.563,2.052,2025-05,2025-05-26/2025-06-01
2025-06-01,Paid Social,2385.72,295934,4055,118,7387.55,20.22,3.097,2.91,1.37,2025-06,2025-05-26/2025-06-01
2025-06-01,Paid Search,522.03,23624,828,36,2808.24,14.5,5.379,4.348,3.505,2025-06,2025-05-26/2025-06-01
2025-06-01,Email,68.94,57039,2505,184,10578.84,0.37,153.45,7.345,4.392,2025-06,2025-05-26/2025-06-01
2025-06-01,SEO,148.08,160739,3113,82,5206.84,1.81,35.162,2.634,1.937,2025-06,2025-05-26/2025-06-01
2025-06-02,SEO,191.65,228854,5305,152,10154.63,1.26,52.985,2.865,2.318,2025-06,2025-06-02/2025-06-08
2025-06-02,Email,96.02,75665,3591,215,13515.04,0.45,140.752,5.987,4.746,2025-06,2025-06-02/2025-06-08
2025-06-02,Paid Social,3061.66,362852,4629,111,7787.08,27.58,2.543,2.398,1.276,2025-06,2025-06-02/2025-06-08
2025-06-02,Paid Search,776.95,32929,1053,42,3407.02,18.5,4.385,3.989,3.198,2025-06,2025-06-02/2025-06-08
2025-06-03,SEO,219.4,225352,4476,152,11435.62,1.44,52.122,3.396,1.986,2025-06,2025-06-02/2025-06-08
2025-06-03,Paid Social,2966.11,370414,4472,102,7622.92,29.08,2.57,2.281,1.207,2025-06,2025-06-02/2025-06-08
2025-06-03,Paid Search,755.63,37289,1457,71,4764.88,10.64,6.306,4.873,3.907,2025-06,2025-06-02/2025-06-08
2025-06-03,Email,106.4,97336,4188,239,13688.35,0.45,128.65,5.707,4.303,2025-06,2025-06-02/2025-06-08
2025-06-04,Paid Search,679.23,28981,1092,42,3126.74,16.17,4.603,3.846,3.768,2025-06,2025-06-02/2025-06-08
2025-06-04,Paid Social,3364.99,401347,5376,116,7825.27,29.01,2.325,2.158,1.339,2025-06,2025-06-02/2025-06-08
2025-06-04,Email,88.31,68732,2650,187,10849.79,0.47,122.86,7.057,3.856,2025-06,2025-06-02/2025-06-08
2025-06-04,SEO,213.2,259177,4994,148,11188.92,1.44,52.481,2.964,1.927,2025-06,2025-06-02/2025-06-08
2025-06-05,Email,89.94,68463,3439,237,14538.18,0.38,161.643,6.892,5.023,2025-06,2025-06-02/2025-06-08
2025-06-05,SEO,219.34,238621,4309,133,10030.72,1.65,45.731,3.087,1.806,2025-06,2025-06-02/2025-06-08
2025-06-05,Paid Search,764.21,37630,1201,53,3937.08,14.42,5.152,4.413,3.192,2025-06,2025-06-02/2025-06-08
2025-06-05,Paid Social,2865.48,314095,3500,82,5438.35,34.94,1.898,2.343,1.114,2025-06,2025-06-02/2025-06-08
2025-06-06,Email,114.31,88590,4067,231,14976.83,0.49,131.019,5.68,4.591,2025-06,2025-06-02/2025-06-08
2025-06-06,Paid Search,795.02,36112,1144,54,4138.94,14.72,5.206,4.72,3.168,2025-06,2025-06-02/2025-06-08
2025-06-06,Paid Social,3529.27,435548,5128,88,5874.81,40.11,1.665,1.716,1.177,2025-06,2025-06-02/2025-06-08
2025-06-06,SEO,193.83,214563,4372,133,10039.43,1.46,51.795,3.042,2.038,2025-06,2025-06-02/2025-06-08
2025-06-07,Paid Social,2592.54,278298,3028,85,6212.27,30.5,2.396,2.807,1.088,2025-06,2025-06-02/2025-06-08
2025-06-07,Paid Search,505.63,20758,645,28,2216.24,18.06,4.383,4.341,3.107,2025-06,2025-06-02/2025-06-08
2025-06-07,Email,67.31,55118,2156,130,7237.81,0.52,107.529,6.03,3.912,2025-06,2025-06-02/2025-06-08
2025-06-07,SEO,167.23,186422,4429,154,10940.23,1.09,65.42,3.477,2.376,2025-06,2025-06-02/2025-06-08
2025-06-08,Paid Search,515.76,25208,793,33,2277.56,15.63,4.416,4.161,3.146,2025-06,2025-06-02/2025-06-08
2025-06-08,Email,69.19,54386,2282,130,8359.77,0.53,120.823,5.697,4.196,2025-06,2025-06-02/2025-06-08
2025-06-08,Paid Social,2445.11,307690,3383,79,5150.51,30.95,2.106,2.335,1.099,2025-06,2025-06-02/2025-06-08
2025-06-08,SEO,138.49,154157,2943,82,5786.22,1.69,41.781,2.786,1.909,2025-06,2025-06-02/2025-06-08
2025-06-09,Paid Social,3263.57,409958,5459,127,8722.24,25.7,2.673,2.326,1.332,2025-06,2025-06-09/2025-06-15
2025-06-09,Email,108.0,84423,4012,250,14718.92,0.43,136.286,6.231,4.752,2025-06,2025-06-09/2025-06-15
2025-06-09,Paid Search,759.89,36863,1421,67,5153.26,11.34,6.782,4.715,3.855,2025-06,2025-06-09/2025-06-15
2025-06-09,SEO,228.26,244330,4579,147,10884.83,1.55,47.686,3.21,1.874,2025-06,2025-06-09/2025-06-15
2025-06-10,Paid Social,3331.47,357885,4448,80,5900.38,41.64,1.771,1.799,1.243,2025-06,2025-06-09/2025-06-15
2025-06-10,Email,86.01,66485,3037,168,10468.86,0.51,121.717,5.532,4.568,2025-06,2025-06-09/2025-06-15
2025-06-10,SEO,197.67,215687,5053,179,11281.63,1.1,57.073,3.542,2.343,2025-06,2025-06-09/2025-06-15
2025-06-10,Paid Search,829.93,35491,1346,53,3878.43,15.66,4.673,3.938,3.793,2025-06,2025-06-09/2025-06-15
2025-06-11,SEO,214.97,244025,5653,149,10237.93,1.44,47.625,2.636,2.317,2025-06,2025-06-09/2025-06-15
2025-06-11,Paid Social,3164.37,379619,3961,81,5607.88,39.07,1.772,2.045,1.043,2025-06,2025-06-09/2025-06-15
2025-06-11,Paid Search,765.18,34553,1189,57,4133.29,13.42,5.402,4.794,3.441,2025-06,2025-06-09/2025-06-15
2025-06-11,Email,109.94,93370,3719,256,15557.73,0.43,141.511,6.884,3.983,2025-06,2025-06-09/2025-06-15
2025-06-12,SEO,181.02,205836,4809,146,10103.56,1.24,55.815,3.036,2.336,2025-06,2025-06-09/2025-06-15
2025-06-12,Paid Social,3663.81,458365,5452,112,7379.0,32.71,2.014,2.054,1.189,2025-06,2025-06-09/2025-06-15
2025-06-12,Paid Search,743.27,34705,1096,53,3876.65,14.02,5.216,4.836,3.158,2025-06,2025-06-09/2025-06-15
2025-06-12,Email,92.89,84169,3442,225,14429.4,0.41,155.339,6.537,4.089,2025-06,2025-06-09/2025-06-15
2025-06-13,Email,109.96,97192,3952,294,19293.59,0.37,175.46,7.439,4.066,2025-06,2025-06-09/2025-06-15
2025-06-13,Paid Social,3312.71,360722,4320,102,7485.99,32.48,2.26,2.361,1.198,2025-06,2025-06-09/2025-06-15
2025-06-13,Paid Search,679.19,30776,1029,49,3632.79,13.86,5.349,4.762,3.344,2025-06,2025-06-09/2025-06-15
2025-06-13,SEO,221.56,260820,4826,135,8556.11,1.64,38.618,2.797,1.85,2025-06,2025-06-09/2025-06-15
2025-06-14,Paid Social,2357.4,262739,3602,97,6081.79,24.3,2.58,2.693,1.371,2025-06,2025-06-09/2025-06-15
2025-06-14,Paid Search,477.71,20696,755,29,2037.89,16.47,4.266,3.841,3.648,2025-06,2025-06-09/2025-06-15
2025-06-14,Email,67.34,54523,2491,151,9687.26,0.45,143.856,6.062,4.569,2025-06,2025-06-09/2025-06-15
2025-06-14,SEO,197.19,153582,3468,97,6679.18,2.03,33.872,2.797,2.258,2025-06,2025-06-09/2025-06-15
2025-06-15,Paid Search,523.34,23162,726,29,2095.03,18.05,4.003,3.994,3.134,2025-06,2025-06-09/2025-06-15
2025-06-15,Paid Social,2812.7,326977,4162,84,5855.06,33.48,2.082,2.018,1.273,2025-06,2025-06-09/2025-06-15
2025-06-15,SEO,162.75,173414,3441,93,7052.2,1.75,43.331,2.703,1.984,2025-06,2025-06-09/2025-06-15
2025-06-15,Email,78.94,62592,3159,191,10920.83,0.41,138.343,6.046,5.047,2025-06,2025-06-09/2025-06-15
2025-06-16,Paid Search,770.85,35747,1142,46,3358.36,16.76,4.357,4.028,3.195,2025-06,2025-06-16/2025-06-22
2025-06-16,Paid Social,3139.09,379608,4854,119,7386.72,26.38,2.353,2.452,1.279,2025-06,2025-06-16/2025-06-22
2025-06-16,Email,107.18,84923,4091,229,14761.85,0.47,137.73,5.598,4.817,2025-06,2025-06-16/2025-06-22
2025-06-16,SEO,219.04,237403,4443,138,8728.73,1.59,39.85,3.106,1.872,2025-06,2025-06-16/2025-06-22
2025-06-17,Paid Social,2863.09,320200,3928,105,6606.0,27.27,2.307,2.673,1.227,2025-06,2025-06-16/2025-06-22
2025-06-17,Email,96.32,74261,3575,225,14662.08,0.43,152.223,6.294,4.814,2025-06,2025-06-16/2025-06-22
2025-06-17,Paid Search,761.7,34999,1232,62,4408.97,12.29,5.788,5.032,3.52,2025-06,2025-06-16/2025-06-22
2025-06-17,SEO,183.82,204186,4594,139,10197.73,1.32,55.477,3.026,2.25,2025-06,2025-06-16/2025-06-22
2025-06-18,Paid Search,803.69,39401,1413,67,5305.15,12.0,6.601,4.742,3.586,2025-06,2025-06-16/2025-06-22
2025-06-18,Paid Social,3235.28,411401,4660,101,7449.06,32.03,2.302,2.167,1.133,2025-06,2025-06-16/2025-06-22
2025-06-18,Email,114.98,88284,4307,283,17532.58,0.41,152.484,6.571,4.879,2025-06,2025-06-16/2025-06-22
2025-06-18,SEO,230.65,252379,4958,131,9754.11,1.76,42.29,2.642,1.965,2025-06,2025-06-16/2025-06-22
2025-06-19,Email,102.4,90250,3647,253,15616.34,0.4,152.503,6.937,4.041,2025-06,2025-06-16/2025-06-22
2025-06-19,Paid Search,783.43,34613,1062,40,2807.77,19.59,3.584,3.766,3.068,2025-06,2025-06-16/2025-06-22
2025-06-19,Paid Social,3533.24,443649,6017,111,7246.59,31.83,2.051,1.845,1.356,2025-06,2025-06-16/2025-06-22
2025-06-19,SEO,236.66,251866,4677,141,9494.79,1.68,40.12,3.015,1.857,2025-06,2025-06-16/2025-06-22
2025-06-20,SEO,205.02,242818,4714,132,8860.3,1.55,43.217,2.8,1.941,2025-06,2025-06-16/2025-06-22
2025-06-20,Paid Search,784.63,32414,1224,47,3590.72,16.69,4.576,3.84,3.776,2025-06,2025-06-16/2025-06-22
2025-06-20,Email,91.51,83783,4278,254,15645.51,0.36,170.97,5.937,5.106,2025-06,2025-06-16/2025-06-22
2025-06-20,Paid Social,2874.95,353755,3886,92,6724.54,31.25,2.339,2.367,1.099,2025-06,2025-06-16/2025-06-22
2025-06-21,SEO,170.28,201890,3721,112,8335.72,1.52,48.953,3.01,1.843,2025-06,2025-06-16/2025-06-22
2025-06-21,Paid Social,2661.58,298594,3675,84,6145.36,31.69,2.309,2.286,1.231,2025-06,2025-06-16/2025-06-22
2025-06-21,Paid Search,478.83,20458,668,27,1949.74,17.73,4.072,4.042,3.265,2025-06,2025-06-16/2025-06-22
2025-06-21,Email,79.43,68584,2885,207,12535.87,0.38,157.823,7.175,4.207,2025-06,2025-06-16/2025-06-22
2025-06-22,Paid Social,2419.96,278550,3112,72,4509.7,33.61,1.864,2.314,1.117,2025-06,2025-06-16/2025-06-22
2025-06-22,Paid Search,535.69,23227,731,30,2087.47,17.86,3.897,4.104,3.147,2025-06,2025-06-16/2025-06-22
2025-06-22,SEO,135.98,152939,3418,107,6750.83,1.27,49.646,3.13,2.235,2025-06,2025-06-16/2025-06-22
2025-06-22,Email,71.06,60429,2352,134,7970.88,0.53,112.171,5.697,3.892,2025-06,2025-06-16/2025-06-22
2025-06-23,SEO,212.55,223319,4115,135,8646.63,1.57,40.68,3.281,1.843,2025-06,2025-06-23/2025-06-29
2025-06-23,Paid Social,2960.41,371123,4039,81,5098.92,36.55,1.722,2.005,1.088,2025-06,2025-06-23/2025-06-29
2025-06-23,Email,97.21,80508,3493,227,15138.63,0.43,155.731,6.499,4.339,2025-06,2025-06-23/2025-06-29
2025-06-23,Paid Search,821.29,35143,1055,51,3421.28,16.1,4.166,4.834,3.002,2025-06,2025-06-23/2025-06-29
2025-06-24,Email,106.83,82279,3887,244,14301.69,0.44,133.873,6.277,4.724,2025-06,2025-06-23/2025-06-29
2025-06-24,Paid Social,3262.65,362095,4475,101,6590.67,32.3,2.02,2.257,1.236,2025-06,2025-06-23/2025-06-29
2025-06-24,SEO,177.8,216668,5151,137,10328.78,1.3,58.092,2.66,2.377,2025-06,2025-06-23/2025-06-29
2025-06-24,Paid Search,623.4,30773,1159,53,3693.07,11.76,5.924,4.573,3.766,2025-06,2025-06-23/2025-06-29
2025-06-25,Paid Search,625.5,29645,1081,43,2891.54,14.55,4.623,3.978,3.646,2025-06,2025-06-23/2025-06-29
2025-06-25,SEO,178.6,247255,4753,163,11361.31,1.1,63.613,3.429,1.922,2025-06,2025-06-23/2025-06-29
2025-06-25,Email,86.23,73384,3775,252,14757.33,0.34,171.139,6.675,5.144,2025-06,2025-06-23/2025-06-29
2025-06-25,Paid Social,3643.52,445391,5999,132,9344.72,27.6,2.565,2.2,1.347,2025-06,2025-06-23/2025-06-29
2025-06-26,Paid Search,707.54,34976,1330,67,4466.31,10.56,6.312,5.038,3.803,2025-06,2025-06-23/2025-06-29
2025-06-26,Paid Social,3091.17,404734,4660,106,7465.15,29.16,2.415,2.275,1.151,2025-06,2025-06-23/2025-06-29
2025-06-26,SEO,195.51,201660,4179,148,10146.64,1.32,51.898,3.542,2.072,2025-06,2025-06-23/2025-06-29
2025-06-26,Email,90.74,69590,2771,176,10621.81,0.52,117.058,6.351,3.982,2025-06,2025-06-23/2025-06-29
2025-06-27,SEO,215.33,248296,5603,187,13808.56,1.15,64.127,3.337,2.257,2025-06,2025-06-23/2025-06-29
2025-06-27,Paid Search,806.06,37551,1474,60,4219.53,13.43,5.235,4.071,3.925,2025-06,2025-06-23/2025-06-29
2025-06-27,Email,94.16,72957,3567,212,13251.88,0.44,140.738,5.943,4.889,2025-06,2025-06-23/2025-06-29
2025-06-27,Paid Social,3432.06,391727,4207,78,5829.09,44.0,1.698,1.854,1.074,2025-06,2025-06-23/2025-06-29
2025-06-28,SEO,134.44,152721,3004,105,7368.37,1.28,54.808,3.495,1.967,2025-06,2025-06-23/2025-06-29
2025-06-28,Paid Search,468.03,21586,647,29,2146.49,16.14,4.586,4.482,2.997,2025-06,2025-06-23/2025-06-29
2025-06-28,Paid Social,2359.4,303240,3548,84,5657.1,28.09,2.398,2.368,1.17,2025-06,2025-06-23/2025-06-29
2025-06-28,Email,79.96,63218,2563,174,10754.59,0.46,134.5,6.789,4.054,2025-06,2025-06-23/2025-06-29
2025-06-29,Paid Social,2888.99,371672,4870,103,7365.04,28.05,2.549,2.115,1.31,2025-06,2025-06-23/2025-06-29
2025-06-29,SEO,137.59,155888,3368,90,5936.65,1.53,43.147,2.672,2.161,2025-06,2025-06-23/2025-06-29
2025-06-29,Paid Search,479.85,22821,892,43,2942.01,11.16,6.131,4.821,3.909,2025-06,2025-06-23/2025-06-29
2025-06-29,Email,64.86,49080,2459,162,10395.2,0.4,160.271,6.588,5.01,2025-06,2025-06-23/2025-06-29
2025-06-30,Paid Social,3327.5,417966,5603,116,8359.86,28.69,2.512,2.07,1.341,2025-06,2025-06-30/2025-07-06
2025-06-30,SEO,185.0,196962,4566,143,10091.8,1.29,54.55,3.132,2.318,2025-06,2025-06-30/2025-07-06
2025-06-30,Email,111.12,90826,4549,302,19421.69,0.37,174.781,6.639,5.008,2025-06,2025-06-30/2025-07-06
2025-06-30,Paid Search,673.05,34967,1308,54,4084.06,12.46,6.068,4.128,3.741,2025-06,2025-06-30/2025-07-06
2025-07-01,Paid Search,794.2,38079,1383,62,4588.3,12.81,5.777,4.483,3.632,2025-07,2025-06-30/2025-07-06
2025-07-01,SEO,186.73,201357,3764,126,9588.06,1.48,51.347,3.348,1.869,2025-07,2025-06-30/2025-07-06
2025-07-01,Email,113.23,97690,4989,365,22365.07,0.31,197.519,7.316,5.107,2025-07,2025-06-30/2025-07-06
2025-07-01,Paid Social,3357.7,374600,5140,112,7129.1,29.98,2.123,2.179,1.372,2025-07,2025-06-30/2025-07-06
2025-07-02,SEO,228.27,272902,5771,199,15241.14,1.15,66.768,3.448,2.115,2025-07,2025-06-30/2025-07-06
2025-07-02,Paid Social,3857.67,427615,5476,108,6685.52,35.72,1.733,1.972,1.281,2025-07,2025-06-30/2025-07-06
2025-07-02,Email,102.21,85856,4366,277,17656.07,0.37,172.743,6.344,5.085,2025-07,2025-06-30/2025-07-06
2025-07-02,Paid Search,703.64,32851,1189,51,4055.38,13.8,5.763,4.289,3.619,2025-07,2025-06-30/2025-07-06
2025-07-03,Email,101.92,87532,3442,232,13694.62,0.44,134.366,6.74,3.932,2025-07,2025-06-30/2025-07-06
2025-07-03,Paid Search,786.51,36524,1131,47,3395.64,16.73,4.317,4.156,3.097,2025-07,2025-06-30/2025-07-06
2025-07-03,Paid Social,2934.5,334827,3574,75,5058.47,39.13,1.724,2.098,1.067,2025-07,2025-06-30/2025-07-06
2025-07-03,SEO,207.13,219508,4567,141,9232.25,1.47,44.572,3.087,2.081,2025-07,2025-06-30/2025-07-06
2025-07-04,Email,91.11,70040,3469,197,11762.49,0.46,129.102,5.679,4.953,2025-07,2025-06-30/2025-07-06
2025-07-04,Paid Social,3888.17,439929,6061,120,7476.79,32.4,1.923,1.98,1.378,2025-07,2025-06-30/2025-07-06
2025-07-04,SEO,223.57,251176,5356,188,12770.89,1.19,57.123,3.51,2.132,2025-07,2025-06-30/2025-07-06
2025-07-04,Paid Search,660.11,30455,1061,49,3354.6,13.47,5.082,4.618,3.484,2025-07,2025-06-30/2025-07-06
2025-07-05,SEO,132.54,154228,3028,100,6368.03,1.33,48.046,3.303,1.963,2025-07,2025-06-30/2025-07-06
2025-07-05,Paid Search,492.48,21396,675,34,2354.86,14.48,4.782,5.037,3.155,2025-07,2025-06-30/2025-07-06
2025-07-05,Paid Social,2507.48,317873,4383,98,6695.01,25.59,2.67,2.236,1.379,2025-07,2025-06-30/2025-07-06
2025-07-05,Email,71.75,54544,2402,158,9881.47,0.45,137.721,6.578,4.404,2025-07,2025-06-30/2025-07-06
2025-07-06,Email,66.12,58467,2946,189,10699.53,0.35,161.82,6.415,5.039,2025-07,2025-06-30/2025-07-06
2025-07-06,SEO,173.8,195427,3894,138,9872.8,1.26,56.806,3.544,1.993,2025-07,2025-06-30/2025-07-06
2025-07-06,Paid Social,2514.79,268117,3110,83,5728.82,30.3,2.278,2.669,1.16,2025-07,2025-06-30/2025-07-06
2025-07-06,Paid Search,542.95,23899,788,32,2533.55,16.97,4.666,4.061,3.297,2025-07,2025-06-30/2025-07-06
2025-07-07,Paid Search,770.45,33131,1179,52,3989.04,14.82,5.178,4.411,3.559,2025-07,2025-07-07/2025-07-13
2025-07-07,Paid Social,3563.11,435601,4814,107,7726.93,33.3,2.169,2.223,1.105,2025-07,2025-07-07/2025-07-13
2025-07-07,Email,93.63,84106,3843,277,16334.3,0.34,174.456,7.208,4.569,2025-07,2025-07-07/2025-07-13
2025-07-07,SEO,202.97,224600,4461,153,10747.88,1.33,52.953,3.43,1.986,2025-07,2025-07-07/2025-07-13
2025-07-08,Paid Social,3122.57,396004,4907,111,6865.37,28.13,2.199,2.262,1.239,2025-07,2025-07-07/2025-07-13
2025-07-08,SEO,177.04,211770,4132,109,7613.08,1.62,43.002,2.638,1.951,2025-07,2025-07-07/2025-07-13
2025-07-08,Email,102.83,84891,3688,229,14767.27,0.45,143.609,6.209,4.344,2025-07,2025-07-07/2025-07-13
2025-07-08,Paid Search,688.14,29975,1091,49,3960.3,14.04,5.755,4.491,3.64,2025-07,2025-07-07/2025-07-13
2025-07-09,Paid Search,690.33,32853,1226,48,3772.02,14.38,5.464,3.915,3.732,2025-07,2025-07-07/2025-07-13
2025-07-09,SEO,184.98,197577,3611,126,9357.34,1.47,50.586,3.489,1.828,2025-07,2025-07-07/2025-07-13
2025-07-09,Email,93.97,82508,4257,265,16878.26,0.35,179.613,6.225,5.159,2025-07,2025-07-07/2025-07-13
2025-07-09,Paid Social,3069.26,372479,5103,130,8037.61,23.61,2.619,2.548,1.37,2025-07,2025-07-07/2025-07-13
2025-07-10,Paid Search,834.41,35397,1396,68,5177.22,12.27,6.205,4.871,3.944,2025-07,2025-07-07/2025-07-13
2025-07-10,SEO,238.0,264076,5334,178,12108.12,1.34,50.874,3.337,2.02,2025-07,2025-07-07/2025-07-13
2025-07-10,Email,104.91,94599,3904,230,14853.3,0.46,141.581,5.891,4.127,2025-07,2025-07-07/2025-07-13
2025-07-10,Paid Social,3337.1,382778,4724,113,7326.83,29.53,2.196,2.392,1.234,2025-07,2025-07-07/2025-07-13
2025-07-11,SEO,184.71,224214,4837,158,10758.59,1.17,58.246,3.266,2.157,2025-07,2025-07-07/2025-07-13
2025-07-11,Email,113.1,89441,3628,253,16459.44,0.45,145.53,6.974,4.056,2025-07,2025-07-07/2025-07-13
2025-07-11,Paid Social,3798.0,433980,4450,90,6236.05,42.2,1.642,2.022,1.025,2025-07,2025-07-07/2025-07-13
2025-07-11,Paid Search,777.1,37015,1315,56,4189.34,13.88,5.391,4.259,3.553,2025-07,2025-07-07/2025-07-13
2025-07-12,Email,86.53,77536,3268,239,14227.2,0.36,164.419,7.313,4.215,2025-07,2025-07-07/2025-07-13
2025-07-12,Paid Search,573.8,28183,984,39,3088.62,14.71,5.383,3.963,3.491,2025-07,2025-07-07/2025-07-13
2025-07-12,Paid Social,2253.9,261498,2954,86,6408.43,26.21,2.843,2.911,1.13,2025-07,2025-07-07/2025-07-13
2025-07-12,SEO,161.23,184683,3668,101,7165.21,1.6,44.441,2.754,1.986,2025-07,2025-07-07/2025-07-13
2025-07-13,Paid Social,2437.41,304811,3986,116,8430.32,21.01,3.459,2.91,1.308,2025-07,2025-07-07/2025-07-13
2025-07-13,Email,73.98,57492,2228,136,7811.37,0.54,105.588,6.104,3.875,2025-07,2025-07-07/2025-07-13
2025-07-13,SEO,179.03,195241,4201,132,9980.63,1.36,55.748,3.142,2.152,2025-07,2025-07-07/2025-07-13
2025-07-13,Paid Search,622.42,29872,940,46,3119.82,13.53,5.012,4.894,3.147,2025-07,2025-07-07/2025-07-13
2025-07-14,Email,86.06,64868,2487,142,9281.87,0.61,107.853,5.71,3.834,2025-07,2025-07-14/2025-07-20
2025-07-14,Paid Social,3171.73,395593,5193,113,8138.31,28.07,2.566,2.176,1.313,2025-07,2025-07-14/2025-07-20
2025-07-14,SEO,212.96,227607,4656,141,9916.64,1.51,46.566,3.028,2.046,2025-07,2025-07-14/2025-07-20
2025-07-14,Paid Search,820.95,36987,1150,48,3632.71,17.1,4.425,4.174,3.109,2025-07,2025-07-14/2025-07-20
2025-07-15,Paid Search,748.9,32821,1255,62,4278.04,12.08,5.712,4.94,3.824,2025-07,2025-07-14/2025-07-20
2025-07-15,Paid Social,3153.69,335601,4034,84,6239.42,37.54,1.978,2.082,1.202,2025-07,2025-07-14/2025-07-20
2025-07-15,Email,107.26,94671,3708,223,13762.04,0.48,128.305,6.014,3.917,2025-07,2025-07-14/2025-07-20
2025-07-15,SEO,220.74,235516,5062,162,11130.0,1.36,50.421,3.2,2.149,2025-07,2025-07-14/2025-07-20
2025-07-16,SEO,225.75,255474,4606,160,11175.26,1.41,49.503,3.474,1.803,2025-07,2025-07-14/2025-07-20
2025-07-16,Email,109.78,98313,4575,295,17259.29,0.37,157.217,6.448,4.654,2025-07,2025-07-14/2025-07-20
2025-07-16,Paid Search,772.52,35706,1130,44,3425.52,17.56,4.434,3.894,3.165,2025-07,2025-07-14/2025-07-20
2025-07-16,Paid Social,3526.35,381590,5162,118,7889.15,29.88,2.237,2.286,1.353,2025-07,2025-07-14/2025-07-20
2025-07-17,SEO,207.4,239822,4886,146,10717.54,1.42,51.676,2.988,2.037,2025-07,2025-07-14/2025-07-20
2025-07-17,Email,98.67,75614,3353,247,15812.01,0.4,160.251,7.367,4.434,2025-07,2025-07-14/2025-07-20
2025-07-17,Paid Search,651.77,32157,1229,62,4232.8,10.51,6.494,5.045,3.822,2025-07,2025-07-14/2025-07-20
2025-07-17,Paid Social,3363.29,370405,3902,71,5211.15,47.37,1.549,1.82,1.053,2025-07,2025-07-14/2025-07-20
2025-07-18,Paid Social,3969.3,441243,4896,81,6002.22,49.0,1.512,1.654,1.11,2025-07,2025-07-14/2025-07-20
2025-07-18,SEO,232.47,283558,6230,207,13697.49,1.12,58.922,3.323,2.197,2025-07,2025-07-14/2025-07-20
2025-07-18,Paid Search,801.56,36807,1384,65,4758.55,12.33,5.937,4.697,3.76,2025-07,2025-07-14/2025-07-20
2025-07-18,Email,87.58,69004,3188,192,11476.25,0.46,131.037,6.023,4.62,2025-07,2025-07-14/2025-07-20
2025-07-19,Paid Social,2835.95,306565,3860,99,7299.54,28.65,2.574,2.565,1.259,2025-07,2025-07-14/2025-07-20
2025-07-19,SEO,178.29,210049,4466,145,10358.26,1.23,58.098,3.247,2.126,2025-07,2025-07-14/2025-07-20
2025-07-19,Paid Search,612.7,29309,1177,45,3422.55,13.62,5.586,3.823,4.016,2025-07,2025-07-14/2025-07-20
2025-07-19,Email,83.64,64292,2460,160,9153.54,0.52,109.44,6.504,3.826,2025-07,2025-07-14/2025-07-20
2025-07-20,Paid Social,2630.98,326400,3843,103,7636.77,25.54,2.903,2.68,1.177,2025-07,2025-07-14/2025-07-20
2025-07-20,SEO,174.21,174907,3763,115,7290.04,1.51,41.846,3.056,2.151,2025-07,2025-07-14/2025-07-20
2025-07-20,Email,85.3,72093,3256,225,14590.07,0.38,171.044,6.91,4.516,2025-07,2025-07-14/2025-07-20
2025-07-20,Paid Search,577.01,25389,990,46,3547.46,12.54,6.148,4.646,3.899,2025-07,2025-07-14/2025-07-20
2025-07-21,Email,109.86,98833,5004,352,22807.42,0.31,207.604,7.034,5.063,2025-07,2025-07-21/2025-07-27
2025-07-21,SEO,184.42,196862,3704,102,6558.04,1.81,35.56,2.754,1.882,2025-07,2025-07-21/2025-07-27
2025-07-21,Paid Search,707.71,29929,998,50,3793.07,14.15,5.36,5.01,3.335,2025-07,2025-07-21/2025-07-27
2025-07-21,Paid Social,3351.26,367796,4298,78,4891.27,42.96,1.46,1.815,1.169,2025-07,2025-07-21/2025-07-27
2025-07-22,Paid Social,3402.63,423036,4449,83,5387.99,41.0,1.583,1.866,1.052,2025-07,2025-07-21/2025-07-27
2025-07-22,Paid Search,771.73,37158,1353,56,4520.27,13.78,5.857,4.139,3.641,2025-07,2025-07-21/2025-07-27
2025-07-22,Email,108.32,81796,4037,279,16970.72,0.39,156.672,6.911,4.935,2025-07,2025-07-21/2025-07-27
2025-07-22,SEO,187.08,207800,4075,127,8504.13,1.47,45.457,3.117,1.961,2025-07,2025-07-21/2025-07-27
2025-07-23,Paid Search,634.75,26874,934,40,3162.55,15.87,4.982,4.283,3.475,2025-07,2025-07-21/2025-07-27
2025-07-23,Paid Social,3183.81,374590,4442,102,6934.37,31.21,2.178,2.296,1.186,2025-07,2025-07-21/2025-07-27
2025-07-23,SEO,203.05,231636,4663,154,10232.7,1.32,50.395,3.303,2.013,2025-07,2025-07-21/2025-07-27
2025-07-23,Email,112.81,96308,4936,305,19803.07,0.37,175.544,6.179,5.125,2025-07,2025-07-21/2025-07-27
2025-07-24,Email,93.76,80549,3844,228,14360.57,0.41,153.163,5.931,4.772,2025-07,2025-07-21/2025-07-27
2025-07-24,Paid Search,764.12,32043,1244,55,3958.66,13.89,5.181,4.421,3.882,2025-07,2025-07-21/2025-07-27
2025-07-24,SEO,183.78,204907,4888,159,10071.86,1.16,54.804,3.253,2.385,2025-07,2025-07-21/2025-07-27
2025-07-24,Paid Social,3725.99,472364,6137,134,8448.19,27.81,2.267,2.183,1.299,2025-07,2025-07-21/2025-07-27
2025-07-25,SEO,185.05,209766,3802,116,8612.99,1.6,46.544,3.051,1.812,2025-07,2025-07-21/2025-07-27
2025-07-25,Email,115.82,93815,4738,330,19267.98,0.35,166.361,6.965,5.05,2025-07,2025-07-21/2025-07-27
2025-07-25,Paid Search,654.56,32101,1037,51,3437.03,12.83,5.251,4.918,3.23,2025-07,2025-07-21/2025-07-27
2025-07-25,Paid Social,3847.3,434722,5086,94,6220.62,40.93,1.617,1.848,1.17,2025-07,2025-07-21/2025-07-27
2025-07-26,Paid Social,2745.91,309871,3666,100,7407.04,27.46,2.697,2.728,1.183,2025-07,2025-07-21/2025-07-27
2025-07-26,Paid Search,510.91,22674,736,29,2188.74,17.62,4.284,3.94,3.246,2025-07,2025-07-21/2025-07-27
2025-07-26,SEO,138.88,154071,3048,81,5759.44,1.71,41.471,2.657,1.978,2025-07,2025-07-21/2025-07-27
2025-07-26,Email,80.19,68080,2914,195,12692.6,0.41,158.282,6.692,4.28,2025-07,2025-07-21/2025-07-27
2025-07-27,Paid Search,576.56,28706,928,42,3154.13,13.73,5.471,4.526,3.233,2025-07,2025-07-21/2025-07-27
2025-07-27,Paid Social,2956.69,381956,4812,96,5928.59,30.8,2.005,1.995,1.26,2025-07,2025-07-21/2025-07-27
2025-07-27,Email,70.63,55676,2448,144,7947.74,0.49,112.526,5.882,4.397,2025-07,2025-07-21/2025-07-27
2025-07-27,SEO,152.53,152590,2802,93,6084.82,1.64,39.893,3.319,1.836,2025-07,2025-07-21/2025-07-27
2025-07-28,Paid Search,826.97,38336,1466,62,4164.28,13.34,5.036,4.229,3.824,2025-07,2025-07-28/2025-08-03
2025-07-28,Paid Social,3987.65,513233,6481,102,7149.24,39.09,1.793,1.574,1.263,2025-07,2025-07-28/2025-08-03
2025-07-28,Email,115.87,90975,4603,265,16846.22,0.44,145.389,5.757,5.06,2025-07,2025-07-28/2025-08-03
2025-07-28,SEO,191.96,208512,4200,133,10186.15,1.44,53.064,3.167,2.014,2025-07,2025-07-28/2025-08-03
2025-07-29,Paid Social,3308.77,355614,4756,116,7423.82,28.52,2.244,2.439,1.337,2025-07,2025-07-28/2025-08-03
2025-07-29,SEO,214.64,247674,4809,130,9453.5,1.65,44.044,2.703,1.942,2025-07,2025-07-28/2025-08-03
2025-07-29,Email,113.09,90213,4139,255,14966.5,0.44,132.341,6.161,4.588,2025-07,2025-07-28/2025-08-03
2025-07-29,Paid Search,838.27,38168,1228,63,4306.18,13.31,5.137,5.13,3.217,2025-07,2025-07-28/2025-08-03
2025-07-30,Paid Search,646.17,31981,1030,47,3298.04,13.75,5.104,4.563,3.221,2025-07,2025-07-28/2025-08-03
2025-07-30,Email,102.24,93616,4041,295,18004.61,0.35,176.101,7.3,4.317,2025-07,2025-07-28/2025-08-03
2025-07-30,SEO,189.33,223294,5361,169,11722.01,1.12,61.913,3.152,2.401,2025-07,2025-07-28/2025-08-03
2025-07-30,Paid Social,3713.24,426127,5054,97,6048.82,38.28,1.629,1.919,1.186,2025-07,2025-07-28/2025-08-03
2025-07-31,Paid Search,837.38,39103,1197,60,4657.78,13.96,5.562,5.013,3.061,2025-07,2025-07-28/2025-08-03
2025-07-31,Paid Social,3817.77,436975,5443,107,6690.2,35.68,1.752,1.966,1.246,2025-07,2025-07-28/2025-08-03
2025-07-31,SEO,196.64,214796,4365,152,9584.65,1.29,48.742,3.482,2.032,2025-07,2025-07-28/2025-08-03
2025-07-31,Email,102.52,82840,3690,263,17328.55,0.39,169.026,7.127,4.454,2025-07,2025-07-28/2025-08-03
2025-08-01,SEO,191.06,215164,5105,142,9303.57,1.35,48.694,2.782,2.373,2025-08,2025-07-28/2025-08-03
2025-08-01,Paid Social,3044.76,384667,4173,88,5482.99,34.6,1.801,2.109,1.085,2025-08,2025-07-28/2025-08-03
2025-08-01,Email,88.45,73427,3322,201,11696.62,0.44,132.24,6.051,4.524,2025-08,2025-07-28/2025-08-03
2025-08-01,Paid Search,674.46,28715,896,34,2334.63,19.84,3.461,3.795,3.12,2025-08,2025-07-28/2025-08-03
2025-08-02,Paid Search,594.59,26750,849,42,3413.63,14.16,5.741,4.947,3.174,2025-08,2025-07-28/2025-08-03
2025-08-02,SEO,158.61,188560,3681,110,6997.34,1.44,44.117,2.988,1.952,2025-08,2025-07-28/2025-08-03
2025-08-02,Email,69.07,55802,2224,145,8680.78,0.48,125.681,6.52,3.986,2025-08,2025-07-28/2025-08-03
2025-08-02,Paid Social,2331.85,271929,3472,89,6202.39,26.2,2.66,2.563,1.277,2025-08,2025-07-28/2025-08-03
2025-08-03,SEO,174.45,175323,3904,122,8489.93,1.43,48.667,3.125,2.227,2025-08,2025-07-28/2025-08-03
2025-08-03,Paid Social,2929.24,346560,4579,121,7859.79,24.21,2.683,2.642,1.321,2025-08,2025-07-28/2025-08-03
2025-08-03,Email,84.04,66571,2927,172,10100.0,0.49,120.181,5.876,4.397,2025-08,2025-07-28/2025-08-03
2025-08-03,Paid Search,487.81,22555,706,32,2329.89,15.24,4.776,4.533,3.13,2025-08,2025-07-28/2025-08-03
2025-08-04,Paid Search,762.54,37010,1303,60,4452.33,12.71,5.839,4.605,3.521,2025-08,2025-08-04/2025-08-10
2025-08-04,Email,111.04,95222,4559,337,20063.83,0.33,180.69,7.392,4.788,2025-08,2025-08-04/2025-08-10
2025-08-04,Paid Social,3339.52,378249,4633,107,6939.4,31.21,2.078,2.31,1.225,2025-08,2025-08-04/2025-08-10
2025-08-04,SEO,219.59,258610,5254,165,12631.63,1.33,57.524,3.14,2.032,2025-08,2025-08-04/2025-08-10
2025-08-05,Paid Search,640.68,28202,861,34,2298.73,18.84,3.588,3.949,3.053,2025-08,2025-08-04/2025-08-10
2025-08-05,SEO,219.59,267229,5145,181,12314.91,1.21,56.081,3.518,1.925,2025-08,2025-08-04/2025-08-10
2025-08-05,Email,109.25,98172,4619,333,20953.45,0.33,191.794,7.209,4.705,2025-08,2025-08-04/2025-08-10
2025-08-05,Paid Social,3299.64,412719,4659,113,7594.4,29.2,2.302,2.425,1.129,2025-08,2025-08-04/2025-08-10
2025-08-06,Email,100.43,79101,3962,250,14422.53,0.4,143.608,6.31,5.009,2025-08,2025-08-04/2025-08-10
2025-08-06,Paid Search,767.46,37226,1450,61,4155.16,12.58,5.414,4.207,3.895,2025-08,2025-08-04/2025-08-10
2025-08-06,SEO,218.79,236263,4655,149,10326.26,1.47,47.197,3.201,1.97,2025-08,2025-08-04/2025-08-10
2025-08-06,Paid Social,3282.6,367747,3909,82,5508.09,40.03,1.678,2.098,1.063,2025-08,2025-08-04/2025-08-10
2025-08-07,Email,102.25,89778,4383,308,18082.13,0.33,176.842,7.027,4.882,2025-08,2025-08-04/2025-08-10
2025-08-07,Paid Social,3168.13,390255,4308,84,5231.96,37.72,1.651,1.95,1.104,2025-08,2025-08-04/2025-08-10
2025-08-07,SEO,213.81,252758,5978,205,14489.52,1.04,67.768,3.429,2.365,2025-08,2025-08-04/2025-08-10
2025-08-07,Paid Search,749.27,33735,1157,53,4106.17,14.14,5.48,4.581,3.43,2025-08,2025-08-04/2025-08-10
2025-08-08,SEO,194.71,200485,4629,141,10366.43,1.38,53.24,3.046,2.309,2025-08,2025-08-04/2025-08-10
2025-08-08,Paid Social,3327.53,409000,4607,95,6524.78,35.03,1.961,2.062,1.126,2025-08,2025-08-04/2025-08-10
2025-08-08,Paid Search,743.33,36593,1212,62,4951.47,11.99,6.661,5.116,3.312,2025-08,2025-08-04/2025-08-10
2025-08-08,Email,112.16,102247,4028,284,16248.67,0.39,144.87,7.051,3.939,2025-08,2025-08-04/2025-08-10
2025-08-09,Paid Search,494.37,21958,826,36,2714.08,13.73,5.49,4.358,3.762,2025-08,2025-08-04/2025-08-10
2025-08-09,Email,81.4,74420,3082,222,14268.44,0.37,175.288,7.203,4.141,2025-08,2025-08-04/2025-08-10
2025-08-09,Paid Social,2703.77,299404,3806,93,6833.43,29.07,2.527,2.444,1.271,2025-08,2025-08-04/2025-08-10
2025-08-09,SEO,177.26,200593,4177,120,7820.63,1.48,44.12,2.873,2.082,2025-08,2025-08-04/2025-08-10
2025-08-10,Paid Search,604.73,28869,1081,54,4025.01,11.2,6.656,4.995,3.745,2025-08,2025-08-04/2025-08-10
2025-08-10,Paid Social,3085.43,399256,4524,115,7787.96,26.83,2.524,2.542,1.133,2025-08,2025-08-04/2025-08-10
2025-08-10,Email,72.61,62797,2901,196,12010.36,0.37,165.409,6.756,4.62,2025-08,2025-08-04/2025-08-10
2025-08-10,SEO,144.11,153857,3311,96,6606.83,1.5,45.846,2.899,2.152,2025-08,2025-08-04/2025-08-10
2025-08-11,Paid Search,830.66,36246,1192,61,4277.12,13.62,5.149,5.117,3.289,2025-08,2025-08-11/2025-08-17
2025-08-11,SEO,186.77,219778,4502,141,9513.74,1.32,50.938,3.132,2.048,2025-08,2025-08-11/2025-08-17
2025-08-11,Paid Social,4141.19,472742,6436,123,7594.95,33.67,1.834,1.911,1.361,2025-08,2025-08-11/2025-08-17
2025-08-11,Email,105.65,91110,4666,302,18935.71,0.35,179.231,6.472,5.121,2025-08,2025-08-11/2025-08-17
2025-08-12,Paid Search,774.51,32801,1231,58,4112.94,13.35,5.31,4.712,3.753,2025-08,2025-08-11/2025-08-17
2025-08-12,Email,104.15,91648,4349,261,15976.25,0.4,153.397,6.001,4.745,2025-08,2025-08-11/2025-08-17
2025-08-12,Paid Social,3769.14,423900,4600,93,6428.9,40.53,1.706,2.022,1.085,2025-08,2025-08-11/2025-08-17
2025-08-12,SEO,228.58,233089,5016,160,10200.16,1.43,44.624,3.19,2.152,2025-08,2025-08-11/2025-08-17
2025-08-13,Paid Social,3652.55,387218,4344,88,5659.85,41.51,1.55,2.026,1.122,2025-08,2025-08-11/2025-08-17
2025-08-13,Paid Search,815.2,34196,1122,50,3367.04,16.3,4.13,4.456,3.281,2025-08,2025-08-11/2025-08-17
2025-08-13,SEO,207.86,239188,4543,143,9656.36,1.45,46.456,3.148,1.899,2025-08,2025-08-11/2025-08-17
2025-08-13,Email,102.65,86527,4181,241,15298.35,0.43,149.034,5.764,4.832,2025-08,2025-08-11/2025-08-17
2025-08-14,Paid Social,4152.38,486592,6471,111,7371.51,37.41,1.775,1.715,1.33,2025-08,2025-08-11/2025-08-17
2025-08-14,Paid Search,766.19,32277,1004,42,3289.44,18.24,4.293,4.183,3.111,2025-08,2025-08-11/2025-08-17
2025-08-14,SEO,232.36,235235,5047,162,12265.43,1.43,52.786,3.21,2.146,2025-08,2025-08-11/2025-08-17
2025-08-14,Email,87.91,79972,3107,194,11917.31,0.45,135.563,6.244,3.885,2025-08,2025-08-11/2025-08-17
2025-08-15,Paid Search,668.22,27792,910,42,2859.31,15.91,4.279,4.615,3.274,2025-08,2025-08-11/2025-08-17
2025-08-15,SEO,231.23,272721,5018,155,9783.99,1.49,42.313,3.089,1.84,2025-08,2025-08-11/2025-08-17
2025-08-15,Email,106.24,88444,4104,237,14482.98,0.45,136.323,5.775,4.64,2025-08,2025-08-11/2025-08-17
2025-08-15,Paid Social,3628.78,399316,4921,87,5425.51,41.71,1.495,1.768,1.232,2025-08,2025-08-11/2025-08-17
2025-08-16,SEO,135.51,159909,3440,97,6279.72,1.4,46.341,2.82,2.151,2025-08,2025-08-11/2025-08-17
2025-08-16,Paid Social,2386.85,282035,3809,102,7037.88,23.4,2.949,2.678,1.351,2025-08,2025-08-11/2025-08-17
2025-08-16,Email,72.03,65475,3079,187,10799.21,0.39,149.927,6.073,4.703,2025-08,2025-08-11/2025-08-17
2025-08-16,Paid Search,544.74,26202,1022,51,3979.82,10.68,7.306,4.99,3.9,2025-08,2025-08-11/2025-08-17
2025-08-17,SEO,142.05,168878,3500,116,8361.46,1.22,58.863,3.314,2.073,2025-08,2025-08-11/2025-08-17
2025-08-17,Paid Social,2946.42,317153,4041,96,5920.57,30.69,2.009,2.376,1.274,2025-08,2025-08-11/2025-08-17
2025-08-17,Paid Search,474.91,23635,756,30,2073.38,15.83,4.366,3.968,3.199,2025-08,2025-08-11/2025-08-17
2025-08-17,Email,64.99,54343,2624,160,9186.58,0.41,141.354,6.098,4.829,2025-08,2025-08-11/2025-08-17
2025-08-18,Paid Search,673.75,30592,928,43,3269.02,15.67,4.852,4.634,3.033,2025-08,2025-08-18/2025-08-24
2025-08-18,Paid Social,4137.47,452652,5340,90,6342.94,45.97,1.533,1.685,1.18,2025-08,2025-08-18/2025-08-24
2025-08-18,SEO,183.69,213230,3927,127,8432.37,1.45,45.905,3.234,1.842,2025-08,2025-08-18/2025-08-24
2025-08-18,Email,91.96,71480,3008,170,9478.94,0.54,103.077,5.652,4.208,2025-08,2025-08-18/2025-08-24
2025-08-19,Email,93.38,81345,3734,277,16877.73,0.34,180.742,7.418,4.59,2025-08,2025-08-18/2025-08-24
2025-08-19,Paid Search,712.64,29652,980,49,3973.43,14.54,5.576,5.0,3.305,2025-08,2025-08-18/2025-08-24
2025-08-19,Paid Social,3442.12,385847,4415,102,7569.02,33.75,2.199,2.31,1.144,2025-08,2025-08-18/2025-08-24
2025-08-19,SEO,212.71,216735,4561,143,9308.1,1.49,43.76,3.135,2.104,2025-08,2025-08-18/2025-08-24
2025-08-20,SEO,213.37,245116,4857,129,9391.02,1.65,44.013,2.656,1.982,2025-08,2025-08-18/2025-08-24
2025-08-20,Email,112.08,102054,5122,331,19771.9,0.34,176.409,6.462,5.019,2025-08,2025-08-18/2025-08-24
2025-08-20,Paid Social,3319.4,406599,5160,94,5779.62,35.31,1.741,1.822,1.269,2025-08,2025-08-18/2025-08-24
2025-08-20,Paid Search,725.96,31232,963,49,3725.48,14.82,5.132,5.088,3.083,2025-08,2025-08-18/2025-08-24
2025-08-21,Email,96.09,84212,4254,298,18850.69,0.32,196.177,7.005,5.052,2025-08,2025-08-18/2025-08-24
2025-08-21,Paid Social,3234.36,354789,4436,93,6248.91,34.78,1.932,2.096,1.25,2025-08,2025-08-18/2025-08-24
2025-08-21,Paid Search,745.4,33426,1080,51,3798.87,14.62,5.096,4.722,3.231,2025-08,2025-08-18/2025-08-24
2025-08-21,SEO,205.14,220560,4295,128,8280.97,1.6,40.367,2.98,1.947,2025-08,2025-08-18/2025-08-24
2025-08-22,Email,99.74,85404,3591,259,17211.36,0.39,172.562,7.212,4.205,2025-08,2025-08-18/2025-08-24
2025-08-22,Paid Social,3980.35,448122,4813,96,6954.39,41.46,1.747,1.995,1.074,2025-08,2025-08-18/2025-08-24
2025-08-22,SEO,238.13,254429,5738,187,12506.52,1.27,52.52,3.259,2.255,2025-08,2025-08-18/2025-08-24
2025-08-22,Paid Search,838.12,40479,1613,68,4605.22,12.33,5.495,4.216,3.985,2025-08,2025-08-18/2025-08-24
2025-08-23,Email,81.73,67174,2816,203,11865.28,0.4,145.177,7.209,4.192,2025-08,2025-08-18/2025-08-24
2025-08-23,Paid Social,2495.28,306892,3515,86,5656.35,29.01,2.267,2.447,1.145,2025-08,2025-08-18/2025-08-24
2025-08-23,SEO,162.06,163619,2999,106,7813.68,1.53,48.215,3.535,1.833,2025-08,2025-08-18/2025-08-24
2025-08-23,Paid Search,572.55,28233,964,37,3005.99,15.47,5.25,3.838,3.414,2025-08,2025-08-18/2025-08-24
2025-08-24,SEO,134.52,161663,3234,98,6565.88,1.37,48.81,3.03,2.0,2025-08,2025-08-18/2025-08-24
2025-08-24,Paid Social,2978.19,318210,3879,86,6126.87,34.63,2.057,2.217,1.219,2025-08,2025-08-18/2025-08-24
2025-08-24,Email,80.0,71530,3430,210,12235.3,0.38,152.941,6.122,4.795,2025-08,2025-08-18/2025-08-24
2025-08-24,Paid Search,532.5,25834,892,45,3271.31,11.83,6.143,5.045,3.453,2025-08,2025-08-18/2025-08-24
2025-08-25,SEO,190.02,228276,4395,120,9239.85,1.58,48.626,2.73,1.925,2025-08,2025-08-25/2025-08-31
2025-08-25,Email,95.04,86771,4349,269,17257.51,0.35,181.582,6.185,5.012,2025-08,2025-08-25/2025-08-31
2025-08-25,Paid Search,725.4,34668,1331,63,5034.52,11.51,6.94,4.733,3.839,2025-08,2025-08-25/2025-08-31
2025-08-25,Paid Social,3372.56,403708,4615,91,6336.44,37.06,1.879,1.972,1.143,2025-08,2025-08-25/2025-08-31
2025-08-26,SEO,216.18,238738,4996,155,9775.32,1.39,45.218,3.102,2.093,2025-08,2025-08-25/2025-08-31
2025-08-26,Email,103.13,78566,4020,273,16855.97,0.38,163.444,6.791,5.117,2025-08,2025-08-25/2025-08-31
2025-08-26,Paid Search,670.4,29386,953,37,2791.27,18.12,4.164,3.882,3.243,2025-08,2025-08-25/2025-08-31
2025-08-26,Paid Social,3188.14,370874,4260,92,5682.23,34.65,1.782,2.16,1.149,2025-08,2025-08-25/2025-08-31
2025-08-27,Paid Social,3129.38,389170,4469,86,6177.91,36.39,1.974,1.924,1.148,2025-08,2025-08-25/2025-08-31
2025-08-27,SEO,179.21,183324,4187,117,8970.02,1.53,50.053,2.794,2.284,2025-08,2025-08-25/2025-08-31
2025-08-27,Email,105.91,91838,4165,263,16252.53,0.4,153.456,6.315,4.535,2025-08,2025-08-25/2025-08-31
2025-08-27,Paid Search,695.95,30473,946,42,3077.9,16.57,4.423,4.44,3.104,2025-08,2025-08-25/2025-08-31
2025-08-28,Paid Search,760.42,33119,1320,51,3938.44,14.91,5.179,3.864,3.986,2025-08,2025-08-25/2025-08-31
2025-08-28,SEO,201.44,232964,4168,112,8224.52,1.8,40.829,2.687,1.789,2025-08,2025-08-25/2025-08-31
2025-08-28,Paid Social,3736.84,398404,4657,84,5806.79,44.49,1.554,1.804,1.169,2025-08,2025-08-25/2025-08-31
2025-08-28,Email,97.64,85452,3827,235,13052.65,0.42,133.681,6.141,4.479,2025-08,2025-08-25/2025-08-31
2025-08-29,Paid Social,4210.18,449667,5063,73,4544.33,57.67,1.079,1.442,1.126,2025-08,2025-08-25/2025-08-31
2025-08-29,Paid Search,724.94,33739,1331,59,4584.98,12.29,6.325,4.433,3.945,2025-08,2025-08-25/2025-08-31
2025-08-29,Email,111.6,96049,4938,294,16212.53,0.38,145.274,5.954,5.141,2025-08,2025-08-25/2025-08-31
2025-08-29,SEO,202.1,233452,5620,191,12281.15,1.06,60.768,3.399,2.407,2025-08,2025-08-25/2025-08-31
2025-08-30,Paid Search,588.99,24534,927,44,2968.98,13.39,5.041,4.746,3.778,2025-08,2025-08-25/2025-08-31
2025-08-30,Email,74.25,58639,2898,161,10244.83,0.46,137.978,5.556,4.942,2025-08,2025-08-25/2025-08-31
2025-08-30,SEO,167.61,192551,3492,95,6393.67,1.76,38.146,2.721,1.814,2025-08,2025-08-25/2025-08-31
2025-08-30,Paid Social,2862.13,311277,3403,78,5470.21,36.69,1.911,2.292,1.093,2025-08,2025-08-25/2025-08-31
2025-08-31,SEO,147.35,178386,3815,134,8690.21,1.1,58.977,3.512,2.139,2025-08,2025-08-25/2025-08-31
2025-08-31,Email,85.75,67406,2914,186,11391.41,0.46,132.844,6.383,4.323,2025-08,2025-08-25/2025-08-31
2025-08-31,Paid Social,2890.94,321043,4393,106,7920.02,27.27,2.74,2.413,1.368,2025-08,2025-08-25/2025-08-31
2025-08-31,Paid Search,484.19,22276,750,34,2582.86,14.24,5.334,4.533,3.367,2025-08,2025-08-25/2025-08-31
2025-09-01,SEO,183.49,185708,3792,105,6979.53,1.75,38.038,2.769,2.042,2025-09,2025-09-01/2025-09-07
2025-09-01,Email,105.05,91581,4067,265,15623.03,0.4,148.72,6.516,4.441,2025-09,2025-09-01/2025-09-07
2025-09-01,Paid Search,796.92,35790,1369,59,4046.28,13.51,5.077,4.31,3.825,2025-09,2025-09-01/2025-09-07
2025-09-01,Paid Social,3322.59,379999,4808,90,5916.29,36.92,1.781,1.872,1.265,2025-09,2025-09-01/2025-09-07
2025-09-02,SEO,206.77,244575,4704,128,8458.97,1.62,40.91,2.721,1.923,2025-09,2025-09-01/2025-09-07
2025-09-02,Paid Social,3793.28,411189,4594,91,6104.93,41.68,1.609,1.981,1.117,2025-09,2025-09-01/2025-09-07
2025-09-02,Paid Search,718.99,35839,1085,46,3690.17,15.63,5.132,4.24,3.027,2025-09,2025-09-01/2025-09-07
2025-09-02,Email,93.81,73988,3799,280,17395.28,0.34,185.431,7.37,5.135,2025-09,2025-09-01/2025-09-07
2025-09-03,Paid Search,756.64,34480,1047,46,3083.44,16.45,4.075,4.394,3.037,2025-09,2025-09-01/2025-09-07
2025-09-03,Paid Social,3157.31,343742,3610,73,5122.01,43.25,1.622,2.022,1.05,2025-09,2025-09-01/2025-09-07
2025-09-03,SEO,235.68,267758,5345,177,11905.38,1.33,50.515,3.312,1.996,2025-09,2025-09-01/2025-09-07
2025-09-03,Email,98.24,87442,3637,238,15078.37,0.41,153.485,6.544,4.159,2025-09,2025-09-01/2025-09-07
2025-09-04,SEO,226.8,260465,6154,194,12779.86,1.17,56.349,3.152,2.363,2025-09,2025-09-01/2025-09-07
2025-09-04,Paid Search,696.49,34105,1029,47,3221.95,14.82,4.626,4.568,3.017,2025-09,2025-09-01/2025-09-07
2025-09-04,Paid Social,4218.12,477411,4968,78,4940.9,54.08,1.171,1.57,1.041,2025-09,2025-09-01/2025-09-07
2025-09-04,Email,115.78,90212,4447,259,16774.91,0.45,144.886,5.824,4.929,2025-09,2025-09-01/2025-09-07
2025-09-05,Email,102.14,89709,3502,232,14350.03,0.44,140.494,6.625,3.904,2025-09,2025-09-01/2025-09-07
2025-09-05,SEO,227.82,263646,4880,152,11132.6,1.5,48.866,3.115,1.851,2025-09,2025-09-01/2025-09-07
2025-09-05,Paid Search,768.92,37922,1360,60,4691.85,12.82,6.102,4.412,3.586,2025-09,2025-09-01/2025-09-07
2025-09-05,Paid Social,3721.15,450379,6213,126,9131.86,29.53,2.454,2.028,1.38,2025-09,2025-09-01/2025-09-07
2025-09-06,SEO,148.7,167143,3269,92,6211.89,1.62,41.775,2.814,1.956,2025-09,2025-09-01/2025-09-07
2025-09-06,Paid Search,511.1,22052,820,35,2385.48,14.6,4.667,4.268,3.718,2025-09,2025-09-01/2025-09-07
2025-09-06,Email,71.14,60349,2724,200,11303.88,0.36,158.896,7.342,4.514,2025-09,2025-09-01/2025-09-07
2025-09-06,Paid Social,2956.22,341628,4308,103,7188.93,28.7,2.432,2.391,1.261,2025-09,2025-09-01/2025-09-07
2025-09-07,Email,79.59,66903,3220,232,14011.29,0.34,176.043,7.205,4.813,2025-09,2025-09-01/2025-09-07
2025-09-07,SEO,180.42,191696,4160,132,9754.67,1.37,54.066,3.173,2.17,2025-09,2025-09-01/2025-09-07
2025-09-07,Paid Search,560.24,24313,951,37,2953.75,15.14,5.272,3.891,3.911,2025-09,2025-09-01/2025-09-07
2025-09-07,Paid Social,3063.48,377875,4968,109,7382.36,28.11,2.41,2.194,1.315,2025-09,2025-09-01/2025-09-07
2025-09-08,Paid Search,823.11,41143,1515,63,4343.27,13.07,5.277,4.158,3.682,2025-09,2025-09-08/2025-09-14
2025-09-08,Paid Social,3272.99,385769,4360,87,5802.17,37.62,1.773,1.995,1.13,2025-09,2025-09-08/2025-09-14
2025-09-08,Email,114.15,88914,4126,266,17734.85,0.43,155.364,6.447,4.64,2025-09,2025-09-08/2025-09-14
2025-09-08,SEO,235.3,278828,6279,198,14177.13,1.19,60.251,3.153,2.252,2025-09,2025-09-08/2025-09-14
2025-09-09,Paid Social,4269.44,496490,6417,96,6506.23,44.47,1.524,1.496,1.292,2025-09,2025-09-08/2025-09-14
2025-09-09,SEO,221.18,221187,5321,182,12111.54,1.22,54.759,3.42,2.406,2025-09,2025-09-08/2025-09-14
2025-09-09,Email,96.65,67727,3344,228,13119.56,0.42,135.743,6.818,4.937,2025-09,2025-09-08/2025-09-14
2025-09-09,Paid Search,826.58,35214,1163,49,3817.98,16.87,4.619,4.213,3.303,2025-09,2025-09-08/2025-09-14
2025-09-10,SEO,239.4,273064,5197,137,10185.09,1.75,42.544,2.636,1.903,2025-09,2025-09-08/2025-09-14
2025-09-10,Paid Search,672.76,30075,1043,40,3108.69,16.82,4.621,3.835,3.468,2025-09,2025-09-08/2025-09-14
2025-09-10,Email,115.32,96826,3996,272,15607.14,0.42,135.338,6.807,4.127,2025-09,2025-09-08/2025-09-14
2025-09-10,Paid Social,3700.02,424054,4927,107,7325.3,34.58,1.98,2.172,1.162,2025-09,2025-09-08/2025-09-14
2025-09-11,Email,92.55,74306,2951,212,12268.05,0.44,132.556,7.184,3.971,2025-09,2025-09-08/2025-09-14
2025-09-11,Paid Social,4003.89,440886,5449,90,6440.64,44.49,1.609,1.652,1.236,2025-09,2025-09-08/2025-09-14
2025-09-11,Paid Search,692.64,30137,1029,45,3585.53,15.39,5.177,4.373,3.414,2025-09,2025-09-08/2025-09-14
2025-09-11,SEO,204.56,220404,4504,146,10047.32,1.4,49.117,3.242,2.044,2025-09,2025-09-08/2025-09-14
2025-09-12,Paid Search,809.55,36011,1145,51,3587.08,15.87,4.431,4.454,3.18,2025-09,2025-09-08/2025-09-14
2025-09-12,Email,107.17,83281,3472,194,12782.72,0.55,119.275,5.588,4.169,2025-09,2025-09-08/2025-09-14
2025-09-12,Paid Social,4017.37,459518,5904,91,6046.14,44.15,1.505,1.541,1.285,2025-09,2025-09-08/2025-09-14
2025-09-12,SEO,193.81,236307,4571,140,10168.29,1.38,52.465,3.063,1.934,2025-09,2025-09-08/2025-09-14
2025-09-13,Email,69.02,55530,2661,184,11360.43,0.38,164.596,6.915,4.792,2025-09,2025-09-08/2025-09-14
2025-09-13,Paid Social,2971.58,342520,4443,91,5582.56,32.65,1.879,2.048,1.297,2025-09,2025-09-08/2025-09-14
2025-09-13,Paid Search,477.13,20309,781,32,2171.31,14.91,4.551,4.097,3.846,2025-09,2025-09-08/2025-09-14
2025-09-13,SEO,142.69,160814,3719,123,9029.98,1.16,63.284,3.307,2.313,2025-09,2025-09-08/2025-09-14
2025-09-14,SEO,146.19,155208,3626,115,8116.16,1.27,55.518,3.172,2.336,2025-09,2025-09-08/2025-09-14
2025-09-14,Paid Social,2756.09,310884,3378,70,4504.08,39.37,1.634,2.072,1.087,2025-09,2025-09-08/2025-09-14
2025-09-14,Email,71.96,57211,2547,182,10743.74,0.4,149.302,7.146,4.452,2025-09,2025-09-08/2025-09-14
2025-09-14,Paid Search,620.95,27821,876,41,3305.82,15.15,5.324,4.68,3.149,2025-09,2025-09-08/2025-09-14
2025-09-15,SEO,210.31,227230,4613,129,9579.48,1.63,45.549,2.796,2.03,2025-09,2025-09-15/2025-09-21
2025-09-15,Paid Social,4089.07,471354,5012,93,6720.18,43.97,1.643,1.856,1.063,2025-09,2025-09-15/2025-09-21
2025-09-15,Email,114.42,94960,4273,263,15744.95,0.44,137.607,6.155,4.5,2025-09,2025-09-15/2025-09-21
2025-09-15,Paid Search,777.55,35210,1075,46,3499.3,16.9,4.5,4.279,3.053,2025-09,2025-09-15/2025-09-21
2025-09-16,SEO,196.05,223201,4627,147,9923.55,1.33,50.617,3.177,2.073,2025-09,2025-09-15/2025-09-21
2025-09-16,Paid Social,3914.87,441845,5148,86,6276.94,45.52,1.603,1.671,1.165,2025-09,2025-09-15/2025-09-21
2025-09-16,Paid Search,726.4,33626,1253,59,4031.57,12.31,5.55,4.709,3.726,2025-09,2025-09-15/2025-09-21
2025-09-16,Email,110.6,90241,4037,271,16767.68,0.41,151.607,6.713,4.474,2025-09,2025-09-15/2025-09-21
2025-09-17,Email,99.23,79875,3825,229,13943.63,0.43,140.518,5.987,4.789,2025-09,2025-09-15/2025-09-21
2025-09-17,Paid Search,715.97,33652,1222,48,3562.49,14.92,4.976,3.928,3.631,2025-09,2025-09-15/2025-09-21
2025-09-17,Paid Social,3835.95,414496,4713,83,5894.07,46.22,1.537,1.761,1.137,2025-09,2025-09-15/2025-09-21
2025-09-17,SEO,205.7,228060,4370,124,8225.26,1.66,39.987,2.838,1.916,2025-09,2025-09-15/2025-09-21
2025-09-18,Paid Social,3942.82,418938,5200,91,5996.81,43.33,1.521,1.75,1.241,2025-09,2025-09-15/2025-09-21
2025-09-18,SEO,216.62,217756,4768,154,11431.61,1.41,52.773,3.23,2.19,2025-09,2025-09-15/2025-09-21
2025-09-18,Email,103.18,86747,3620,240,13202.66,0.43,127.958,6.63,4.173,2025-09,2025-09-15/2025-09-21
2025-09-18,Paid Search,853.67,39710,1583,80,6499.26,10.67,7.613,5.054,3.986,2025-09,2025-09-15/2025-09-21
2025-09-19,Paid Search,795.35,33429,1311,61,4291.35,13.04,5.396,4.653,3.922,2025-09,2025-09-15/2025-09-21
2025-09-19,Paid Social,3792.38,467533,5742,105,7441.77,36.12,1.962,1.829,1.228,2025-09,2025-09-15/2025-09-21
2025-09-19,SEO,207.11,225874,4342,121,8702.18,1.71,42.017,2.787,1.922,2025-09,2025-09-15/2025-09-21
2025-09-19,Email,89.47,67579,2731,151,8853.83,0.59,98.959,5.529,4.041,2025-09,2025-09-15/2025-09-21
2025-09-20,Paid Social,2963.12,323208,3442,84,6277.89,35.28,2.119,2.44,1.065,2025-09,2025-09-15/2025-09-21
2025-09-20,Email,65.45,49234,1932,130,7823.61,0.5,119.536,6.729,3.924,2025-09,2025-09-15/2025-09-21
2025-09-20,Paid Search,567.35,24850,739,33,2221.92,17.19,3.916,4.465,2.974,2025-09,2025-09-15/2025-09-21
2025-09-20,SEO,140.98,160572,3036,92,6820.68,1.53,48.38,3.03,1.891,2025-09,2025-09-15/2025-09-21
2025-09-21,Paid Social,2884.95,319340,4244,100,6641.27,28.85,2.302,2.356,1.329,2025-09,2025-09-15/2025-09-21
2025-09-21,Paid Search,552.49,27195,1089,45,3326.22,12.28,6.02,4.132,4.004,2025-09,2025-09-15/2025-09-21
2025-09-21,Email,71.47,61254,3140,180,10647.43,0.4,148.978,5.732,5.126,2025-09,2025-09-15/2025-09-21
2025-09-21,SEO,168.62,176735,3961,137,9023.72,1.23,53.515,3.459,2.241,2025-09,2025-09-15/2025-09-21
2025-09-22,Email,92.35,81313,3661,225,13190.28,0.41,142.829,6.146,4.502,2025-09,2025-09-22/2025-09-28
2025-09-22,Paid Social,3725.08,395717,4336,71,4691.89,52.47,1.26,1.637,1.096,2025-09,2025-09-22/2025-09-28
2025-09-22,Paid Search,697.76,36051,1285,50,3735.25,13.96,5.353,3.891,3.564,2025-09,2025-09-22/2025-09-28
2025-09-22,SEO,228.61,248765,4881,138,10267.19,1.66,44.911,2.827,1.962,2025-09,2025-09-22/2025-09-28
2025-09-23,Email,107.32,96438,4787,321,20129.04,0.33,187.561,6.706,4.964,2025-09,2025-09-22/2025-09-28
2025-09-23,SEO,195.09,234652,5000,134,10011.41,1.46,51.317,2.68,2.131,2025-09,2025-09-22/2025-09-28
2025-09-23,Paid Social,3576.85,393134,5189,104,7597.31,34.39,2.124,2.004,1.32,2025-09,2025-09-22/2025-09-28
2025-09-23,Paid Search,797.74,39256,1263,62,4248.01,12.87,5.325,4.909,3.217,2025-09,2025-09-22/2025-09-28
2025-09-24,Paid Search,725.71,30843,1105,55,4216.97,13.19,5.811,4.977,3.583,2025-09,2025-09-22/2025-09-28
2025-09-24,Email,118.03,95610,4498,287,17442.89,0.41,147.784,6.381,4.705,2025-09,2025-09-22/2025-09-28
2025-09-24,Paid Social,3922.94,421264,5587,92,6563.37,42.64,1.673,1.647,1.326,2025-09,2025-09-22/2025-09-28
2025-09-24,SEO,192.13,219895,5032,133,8635.99,1.44,44.949,2.643,2.288,2025-09,2025-09-22/2025-09-28
2025-09-25,Paid Search,747.91,34226,1184,46,3665.39,16.26,4.901,3.885,3.459,2025-09,2025-09-22/2025-09-28
2025-09-25,Paid Social,4187.53,531441,6873,124,7973.39,33.77,1.904,1.804,1.293,2025-09,2025-09-22/2025-09-28
2025-09-25,Email,114.79,92195,3537,218,14287.43,0.53,124.466,6.163,3.836,2025-09,2025-09-22/2025-09-28
2025-09-25,SEO,215.21,249708,5869,160,11486.65,1.35,53.374,2.726,2.35,2025-09,2025-09-22/2025-09-28
2025-09-26,Paid Search,687.79,28449,1114,44,3056.96,15.63,4.445,3.95,3.916,2025-09,2025-09-22/2025-09-28
2025-09-26,SEO,183.45,214193,4009,126,8268.29,1.46,45.071,3.143,1.872,2025-09,2025-09-22/2025-09-28
2025-09-26,Email,97.98,85729,3888,216,12534.76,0.45,127.932,5.556,4.535,2025-09,2025-09-22/2025-09-28
2025-09-26,Paid Social,3887.98,497170,6703,131,8231.46,29.68,2.117,1.954,1.348,2025-09,2025-09-22/2025-09-28
2025-09-27,Paid Social,2517.42,282537,2967,66,4827.3,38.14,1.918,2.224,1.05,2025-09,2025-09-22/2025-09-28
2025-09-27,SEO,140.02,151389,3042,102,7122.73,1.37,50.869,3.353,2.009,2025-09,2025-09-22/2025-09-28
2025-09-27,Email,79.72,65705,3280,229,14855.31,0.35,186.344,6.982,4.992,2025-09,2025-09-22/2025-09-28
2025-09-27,Paid Search,510.34,23662,760,30,2241.99,17.01,4.393,3.947,3.212,2025-09,2025-09-22/2025-09-28
2025-09-28,SEO,167.54,180932,4228,144,11066.22,1.16,66.051,3.406,2.337,2025-09,2025-09-22/2025-09-28
2025-09-28,Email,101.76,50533,2228,131,7218.2,0.78,70.934,5.88,4.409,2025-09,2025-09-22/2025-09-28
2025-09-28,Paid Search,498.31,24886,948,47,3808.06,10.6,7.642,4.958,3.809,2025-09,2025-09-22/2025-09-28
2025-09-28,Paid Social,3286.44,390552,4115,78,5462.94,42.13,1.662,1.896,1.054,2025-09,2025-09-22/2025-09-28
2025-09-29,SEO,240.87,253989,5672,155,11560.19,1.55,47.993,2.733,2.233,2025-09,2025-09-29/2025-10-05
2025-09-29,Paid Social,3449.32,442007,5672,105,7446.17,32.85,2.159,1.851,1.283,2025-09,2025-09-29/2025-10-05
2025-09-29,Paid Search,809.85,40287,1568,77,5735.48,10.52,7.082,4.911,3.892,2025-09,2025-09-29/2025-10-05
2025-09-29,Email,105.88,91720,3829,219,13200.69,0.48,124.676,5.72,4.175,2025-09,2025-09-29/2025-10-05
2025-09-30,SEO,203.05,208596,3780,101,7575.77,2.01,37.31,2.672,1.812,2025-09,2025-09-29/2025-10-05
2025-09-30,Email,105.21,88582,3476,232,14844.56,0.45,141.095,6.674,3.924,2025-09,2025-09-29/2025-10-05
2025-09-30,Paid Search,738.7,31534,1081,42,3136.83,17.59,4.246,3.885,3.428,2025-09,2025-09-29/2025-10-05
2025-09-30,Paid Social,3331.58,403623,4446,90,5774.72,37.02,1.733,2.024,1.102,2025-09,2025-09-29/2025-10-05
2025-10-01,SEO,215.31,258805,5945,203,14141.54,1.06,65.68,3.415,2.297,2025-10,2025-09-29/2025-10-05
2025-10-01,Email,106.96,81481,3913,279,16928.56,0.38,158.27,7.13,4.802,2025-10,2025-09-29/2025-10-05
2025-10-01,Paid Social,4274.58,474221,5887,106,7534.03,40.33,1.763,1.801,1.241,2025-10,2025-09-29/2025-10-05
2025-10-01,Paid Search,672.09,27782,901,35,2449.97,19.2,3.645,3.885,3.243,2025-10,2025-09-29/2025-10-05
2025-10-02,Email,88.06,73113,3503,218,12974.79,0.4,147.34,6.223,4.791,2025-10,2025-09-29/2025-10-05
2025-10-02,Paid Social,4277.03,542706,5637,79,5426.26,54.14,1.269,1.401,1.039,2025-10,2025-09-29/2025-10-05
2025-10-02,SEO,222.72,231299,5050,149,10733.54,1.49,48.193,2.95,2.183,2025-10,2025-09-29/2025-10-05
2025-10-02,Paid Search,657.65,32825,1128,49,3479.66,13.42,5.291,4.344,3.436,2025-10,2025-09-29/2025-10-05
2025-10-03,Paid Search,809.82,40306,1343,61,4082.52,13.28,5.041,4.542,3.332,2025-10,2025-09-29/2025-10-05
2025-10-03,Paid Social,4229.36,456619,4841,83,5793.79,50.96,1.37,1.715,1.06,2025-10,2025-09-29/2025-10-05
2025-10-03,SEO,224.91,250032,5009,157,10611.73,1.43,47.182,3.134,2.003,2025-10,2025-09-29/2025-10-05
2025-10-03,Email,101.03,85378,3310,209,11887.96,0.48,117.668,6.314,3.877,2025-10,2025-09-29/2025-10-05
2025-10-04,Paid Social,2566.08,273163,3379,82,5269.19,31.29,2.053,2.427,1.237,2025-10,2025-09-29/2025-10-05
2025-10-04,SEO,182.09,219072,4460,118,7888.53,1.54,43.322,2.646,2.036,2025-10,2025-09-29/2025-10-05
2025-10-04,Email,71.48,61502,2813,180,10228.45,0.4,143.095,6.399,4.574,2025-10,2025-09-29/2025-10-05
2025-10-04,Paid Search,544.92,26639,852,42,2865.16,12.97,5.258,4.93,3.198,2025-10,2025-09-29/2025-10-05
2025-10-05,SEO,175.56,194179,3955,121,8188.3,1.45,46.641,3.059,2.037,2025-10,2025-09-29/2025-10-05
2025-10-05,Paid Search,545.16,26166,1050,53,3678.87,10.29,6.748,5.048,4.013,2025-10,2025-09-29/2025-10-05
2025-10-05,Paid Social,2852.55,334780,4317,104,7686.26,27.43,2.695,2.409,1.29,2025-10,2025-09-29/2025-10-05
2025-10-05,Email,77.59,58714,2433,164,9819.17,0.47,126.552,6.741,4.144,2025-10,2025-09-29/2025-10-05
2025-10-06,Paid Search,777.33,33419,1217,62,5013.47,12.54,6.45,5.094,3.642,2025-10,2025-10-06/2025-10-12
2025-10-06,Email,111.22,101278,4286,319,20827.49,0.35,187.264,7.443,4.232,2025-10,2025-10-06/2025-10-12
2025-10-06,Paid Social,3974.53,498543,5589,101,7381.76,39.35,1.857,1.807,1.121,2025-10,2025-10-06/2025-10-12
2025-10-06,SEO,232.86,264639,4744,136,10304.27,1.71,44.251,2.867,1.793,2025-10,2025-10-06/2025-10-12
2025-10-07,Paid Search,729.88,35840,1331,68,5408.86,10.73,7.411,5.109,3.714,2025-10,2025-10-06/2025-10-12
2025-10-07,SEO,222.45,269311,4829,167,11835.37,1.33,53.205,3.458,1.793,2025-10,2025-10-06/2025-10-12
2025-10-07,Paid Social,3872.43,428429,4668,99,6111.41,39.12,1.578,2.121,1.09,2025-10,2025-10-06/2025-10-12
2025-10-07,Email,106.96,84185,3619,219,13567.36,0.49,126.845,6.051,4.299,2025-10,2025-10-06/2025-10-12
2025-10-08,SEO,185.57,196961,4342,143,9396.59,1.3,50.636,3.293,2.204,2025-10,2025-10-06/2025-10-12
2025-10-08,Paid Social,3651.74,413960,5308,118,8655.34,30.95,2.37,2.223,1.282,2025-10,2025-10-06/2025-10-12
2025-10-08,Email,98.14,74592,3595,239,15197.85,0.41,154.859,6.648,4.82,2025-10,2025-10-06/2025-10-12
2025-10-08,Paid Search,683.93,31938,1252,61,4502.47,11.21,6.583,4.872,3.92,2025-10,2025-10-06/2025-10-12
2025-10-09,Paid Social,3549.24,416393,4456,79,5329.35,44.93,1.502,1.773,1.07,2025-10,2025-10-06/2025-10-12
2025-10-09,Paid Search,793.58,38345,1434,58,4472.45,13.68,5.636,4.045,3.74,2025-10,2025-10-06/2025-10-12
2025-10-09,SEO,201.52,211980,4201,141,9854.06,1.43,48.899,3.356,1.982,2025-10,2025-10-06/2025-10-12
2025-10-09,Email,94.67,82236,4169,289,16051.08,0.33,169.548,6.932,5.07,2025-10,2025-10-06/2025-10-12
2025-10-10,SEO,194.8,226640,4518,119,8690.27,1.64,44.611,2.634,1.993,2025-10,2025-10-06/2025-10-12
2025-10-10,Paid Search,652.81,29538,1066,44,3251.57,14.84,4.981,4.128,3.609,2025-10,2025-10-06/2025-10-12
2025-10-10,Paid Social,3644.21,455946,5228,89,5925.45,40.95,1.626,1.702,1.147,2025-10,2025-10-06/2025-10-12
2025-10-10,Email,96.29,78615,3096,208,12588.21,0.46,130.732,6.718,3.938,2025-10,2025-10-06/2025-10-12
2025-10-11,SEO,181.85,198464,3771,108,8099.23,1.68,44.538,2.864,1.9,2025-10,2025-10-06/2025-10-12
2025-10-11,Paid Search,634.31,28084,1082,43,3100.95,14.75,4.889,3.974,3.853,2025-10,2025-10-06/2025-10-12
2025-10-11,Email,79.49,60820,3035,200,12762.91,0.4,160.56,6.59,4.99,2025-10,2025-10-06/2025-10-12
2025-10-11,Paid Social,2707.11,320400,3468,88,6297.55,30.76,2.326,2.537,1.082,2025-10,2025-10-06/2025-10-12
2025-10-12,SEO,163.28,164880,3516,100,6703.68,1.63,41.056,2.844,2.132,2025-10,2025-10-06/2025-10-12
2025-10-12,Paid Search,549.82,25937,922,39,2954.32,14.1,5.373,4.23,3.555,2025-10,2025-10-06/2025-10-12
2025-10-12,Email,81.5,64802,3311,220,13796.24,0.37,169.279,6.645,5.109,2025-10,2025-10-06/2025-10-12
2025-10-12,Paid Social,2869.67,343858,3924,97,6316.3,29.58,2.201,2.472,1.141,2025-10,2025-10-06/2025-10-12
2025-10-13,Paid Search,793.29,38658,1240,62,4157.91,12.8,5.241,5.0,3.208,2025-10,2025-10-13/2025-10-19
2025-10-13,Paid Social,3933.25,424791,5148,85,5846.45,46.27,1.486,1.651,1.212,2025-10,2025-10-13/2025-10-19
2025-10-13,SEO,191.6,211045,4286,130,9850.07,1.47,51.41,3.033,2.031,2025-10,2025-10-13/2025-10-19
2025-10-13,Email,110.94,94009,4398,272,16061.17,0.41,144.773,6.185,4.678,2025-10,2025-10-13/2025-10-19
2025-10-14,Paid Search,712.13,32941,1020,39,2864.1,18.26,4.022,3.824,3.096,2025-10,2025-10-13/2025-10-19
2025-10-14,Paid Social,3634.7,386831,4158,79,5784.85,46.01,1.592,1.9,1.075,2025-10,2025-10-13/2025-10-19
2025-10-14,Email,97.34,78737,3689,246,16331.22,0.4,167.775,6.668,4.685,2025-10,2025-10-13/2025-10-19
2025-10-14,SEO,185.83,220965,4024,138,8856.42,1.35,47.659,3.429,1.821,2025-10,2025-10-13/2025-10-19
2025-10-15,Paid Social,3969.62,428561,5436,106,6989.37,37.45,1.761,1.95,1.268,2025-10,2025-10-13/2025-10-19
2025-10-15,Paid Search,771.26,35427,1272,49,3335.3,15.74,4.324,3.852,3.59,2025-10,2025-10-13/2025-10-19
2025-10-15,Email,107.49,96665,4313,241,15095.16,0.45,140.433,5.588,4.462,2025-10,2025-10-13/2025-10-19
2025-10-15,SEO,213.14,225926,4177,111,8010.41,1.92,37.583,2.657,1.849,2025-10,2025-10-13/2025-10-19
2025-10-16,Paid Search,830.78,40710,1301,50,3360.07,16.62,4.044,3.843,3.196,2025-10,2025-10-13/2025-10-19
2025-10-16,Paid Social,4303.28,513242,5593,95,6184.35,45.3,1.437,1.699,1.09,2025-10,2025-10-13/2025-10-19
2025-10-16,Email,107.21,88819,3560,247,14242.53,0.43,132.847,6.938,4.008,2025-10,2025-10-13/2025-10-19
2025-10-16,SEO,208.36,254574,5168,165,11176.12,1.26,53.639,3.193,2.03,2025-10,2025-10-13/2025-10-19
2025-10-17,Paid Search,656.71,30232,1153,58,4407.89,11.32,6.712,5.03,3.814,2025-10,2025-10-13/2025-10-19
2025-10-17,Email,113.95,96553,4848,342,22708.69,0.33,199.286,7.054,5.021,2025-10,2025-10-13/2025-10-19
2025-10-17,Paid Social,4280.07,488045,5737,108,6875.93,39.63,1.606,1.883,1.176,2025-10,2025-10-13/2025-10-19
2025-10-17,SEO,189.25,215392,4009,123,9169.08,1.54,48.45,3.068,1.861,2025-10,2025-10-13/2025-10-19
2025-10-18,SEO,151.31,184408,4336,149,9798.25,1.02,64.756,3.436,2.351,2025-10,2025-10-13/2025-10-19
2025-10-18,Paid Search,616.48,29776,1054,47,3243.82,13.12,5.262,4.459,3.54,2025-10,2025-10-13/2025-10-19
2025-10-18,Paid Social,2899.37,315439,3694,93,5906.23,31.18,2.037,2.518,1.171,2025-10,2025-10-13/2025-10-19
2025-10-18,Email,68.65,55498,2430,155,8650.89,0.44,126.014,6.379,4.379,2025-10,2025-10-13/2025-10-19
2025-10-19,Email,75.64,62760,2735,182,12191.55,0.42,161.179,6.654,4.358,2025-10,2025-10-13/2025-10-19
2025-10-19,Paid Search,602.26,25772,1034,50,3751.3,12.05,6.229,4.836,4.012,2025-10,2025-10-13/2025-10-19
2025-10-19,Paid Social,2944.47,321576,3655,79,5256.59,37.27,1.785,2.161,1.137,2025-10,2025-10-13/2025-10-19
2025-10-19,SEO,164.43,166185,3612,127,8253.94,1.29,50.197,3.516,2.173,2025-10,2025-10-13/2025-10-19
2025-10-20,Paid Social,3565.66,441388,5281,107,7976.52,33.32,2.237,2.026,1.196,2025-10,2025-10-20/2025-10-26
2025-10-20,SEO,182.18,221411,4225,140,10463.99,1.3,57.438,3.314,1.908,2025-10,2025-10-20/2025-10-26
2025-10-20,Email,116.99,90992,4318,255,14002.87,0.46,119.693,5.906,4.745,2025-10,2025-10-20/2025-10-26
2025-10-20,Paid Search,700.87,29642,884,44,3495.39,15.93,4.987,4.977,2.982,2025-10,2025-10-20/2025-10-26
2025-10-21,Paid Search,799.06,35899,1349,62,4979.07,12.89,6.231,4.596,3.758,2025-10,2025-10-20/2025-10-26
2025-10-21,Paid Social,3571.84,424979,4491,82,5183.45,43.56,1.451,1.826,1.057,2025-10,2025-10-20/2025-10-26
2025-10-21,SEO,190.79,204019,4105,139,9311.25,1.37,48.804,3.386,2.012,2025-10,2025-10-20/2025-10-26
2025-10-21,Email,102.1,82619,3517,203,12053.07,0.5,118.052,5.772,4.257,2025-10,2025-10-20/2025-10-26
2025-10-22,Paid Social,4425.01,480930,6307,91,5941.38,48.63,1.343,1.443,1.311,2025-10,2025-10-20/2025-10-26
2025-10-22,Email,108.83,98951,4777,299,19827.61,0.36,182.189,6.259,4.828,2025-10,2025-10-20/2025-10-26
2025-10-22,Paid Search,710.06,30706,991,44,2983.9,16.14,4.202,4.44,3.227,2025-10,2025-10-20/2025-10-26
2025-10-22,SEO,218.83,264275,4902,173,11761.39,1.26,53.747,3.529,1.855,2025-10,2025-10-20/2025-10-26
2025-10-23,Email,88.83,69623,2872,194,11198.6,0.46,126.068,6.755,4.125,2025-10,2025-10-20/2025-10-26
2025-10-23,SEO,213.91,225485,5299,172,12312.07,1.24,57.557,3.246,2.35,2025-10,2025-10-20/2025-10-26
2025-10-23,Paid Social,3359.86,405332,4535,109,6958.79,30.82,2.071,2.404,1.119,2025-10,2025-10-20/2025-10-26
2025-10-23,Paid Search,722.08,31087,1074,48,3879.0,15.04,5.372,4.469,3.455,2025-10,2025-10-20/2025-10-26
2025-10-24,Email,90.43,72198,3115,196,13017.03,0.46,143.946,6.292,4.315,2025-10,2025-10-20/2025-10-26
2025-10-24,SEO,216.46,250329,5777,183,14086.87,1.18,65.078,3.168,2.308,2025-10,2025-10-20/2025-10-26
2025-10-24,Paid Social,4510.46,520761,5774,94,5858.58,47.98,1.299,1.628,1.109,2025-10,2025-10-20/2025-10-26
2025-10-24,Paid Search,780.49,38545,1314,64,4973.53,12.2,6.372,4.871,3.409,2025-10,2025-10-20/2025-10-26
2025-10-25,Paid Social,3386.54,368219,4902,104,6819.37,32.56,2.014,2.122,1.331,2025-10,2025-10-20/2025-10-26
2025-10-25,Email,98.86,66624,2977,188,10369.05,0.53,104.886,6.315,4.468,2025-10,2025-10-20/2025-10-26
2025-10-25,SEO,146.41,176720,3556,106,8146.39,1.38,55.641,2.981,2.012,2025-10,2025-10-20/2025-10-26
2025-10-25,Paid Search,508.71,22402,895,39,2782.11,13.04,5.469,4.358,3.995,2025-10,2025-10-20/2025-10-26
2025-10-26,Paid Search,606.94,28874,907,40,3195.55,15.17,5.265,4.41,3.141,2025-10,2025-10-20/2025-10-26
2025-10-26,SEO,159.02,163149,3737,116,8318.01,1.37,52.308,3.104,2.291,2025-10,2025-10-20/2025-10-26
2025-10-26,Paid Social,2711.77,313798,4080,86,5551.84,31.53,2.047,2.108,1.3,2025-10,2025-10-20/2025-10-26
2025-10-26,Email,74.34,59317,2874,185,11065.0,0.4,148.843,6.437,4.845,2025-10,2025-10-20/2025-10-26
2025-10-27,SEO,243.05,263942,5483,168,11034.98,1.45,45.402,3.064,2.077,2025-10,2025-10-27/2025-11-02
2025-10-27,Paid Social,4030.74,433924,5868,89,6625.79,45.29,1.644,1.517,1.352,2025-10,2025-10-27/2025-11-02
2025-10-27,Paid Search,738.88,31759,1127,48,3858.14,15.39,5.222,4.259,3.549,2025-10,2025-10-27/2025-11-02
2025-10-27,Email,114.89,96040,3855,223,14708.67,0.52,128.024,5.785,4.014,2025-10,2025-10-27/2025-11-02
2025-10-28,Paid Social,3666.12,391778,4811,93,6654.71,39.42,1.815,1.933,1.228,2025-10,2025-10-27/2025-11-02
2025-10-28,Paid Search,746.44,33817,1076,46,3662.39,16.23,4.906,4.275,3.182,2025-10,2025-10-27/2025-11-02
2025-10-28,Email,115.86,95125,3703,257,16478.67,0.45,142.229,6.94,3.893,2025-10,2025-10-27/2025-11-02
2025-10-28,SEO,195.73,238108,5305,142,9334.79,1.38,47.692,2.677,2.228,2025-10,2025-10-27/2025-11-02
2025-10-29,Paid Social,4093.41,484375,5465,90,5668.49,45.48,1.385,1.647,1.128,2025-10,2025-10-27/2025-11-02
2025-10-29,SEO,227.34,254423,5380,151,11050.47,1.51,48.608,2.807,2.115,2025-10,2025-10-27/2025-11-02
2025-10-29,Email,104.26,88024,3389,205,12224.4,0.51,117.249,6.049,3.85,2025-10,2025-10-27/2025-11-02
2025-10-29,Paid Search,731.59,36041,1199,48,3397.06,15.24,4.643,4.003,3.327,2025-10,2025-10-27/2025-11-02
2025-10-30,Paid Social,4354.37,561747,6996,102,6548.17,42.69,1.504,1.458,1.245,2025-10,2025-10-27/2025-11-02
2025-10-30,SEO,231.17,234704,5171,156,10199.58,1.48,44.122,3.017,2.203,2025-10,2025-10-27/2025-11-02
2025-10-30,Paid Search,855.71,39819,1343,53,3635.03,16.15,4.248,3.946,3.373,2025-10,2025-10-27/2025-11-02
2025-10-30,Email,88.88,70618,3222,206,12156.52,0.43,136.775,6.394,4.563,2025-10,2025-10-27/2025-11-02
2025-10-31,Paid Search,671.81,28518,1031,44,3523.38,15.27,5.245,4.268,3.615,2025-10,2025-10-27/2025-11-02
2025-10-31,Email,111.98,89319,3520,210,11580.24,0.53,103.413,5.966,3.941,2025-10,2025-10-27/2025-11-02
2025-10-31,Paid Social,3704.4,448159,5368,112,7694.81,33.08,2.077,2.086,1.198,2025-10,2025-10-27/2025-11-02
2025-10-31,SEO,203.65,207183,4884,140,10075.31,1.45,49.474,2.867,2.357,2025-10,2025-10-27/2025-11-02
