Date,Channel,Spend,Impressions,Clicks,Conversions,Revenue
2024-08-26,Email,107.47,86007,3504,220,14329.85
2025-05-17,Paid Social,2734.25,321142,3340,75,5316.49
2025-10-17,Paid Search,656.71,30232,1153,58,4407.89
2024-02-02,Paid Search,596.71,28584,1047,48,3329.18
2025-06-28,SEO,134.44,152721,3004,105,7368.37
2024-01-09,Email,91.48,76435,3446,227,13450.46
2024-11-07,SEO,173.16,185121,3966,126,9538.58
2025-05-26,Paid Search,748.23,35529,1308,56,4037.09
2024-01-22,Email,98.01,77360,3210,194,12864.83
2025-08-26,Paid Social,3188.14,370874,4260,92,5682.23
2024-03-01,Paid Social,1311.77,162649,2088,49,3581.21
2024-03-31,Paid Search,536.88,23686,774,33,2411.53
2025-01-06,Paid Social,2577.5,280333,2914,82,5983.78
2024-08-08,Paid Search,627.6,25857,878,35,2463.61
2024-01-14,Paid Social,721.09,82640,1023,28,1725.92
2025-03-10,Paid Search,788.46,34591,1044,52,3599.25
2025-02-24,Paid Social,2412.21,295526,3608,103,7163.39
2025-03-02,Paid Social,1960.6,243391,3232,96,6717.48
2025-09-03,SEO,235.68,267758,5345,177,11905.38
2024-07-18,Paid Search,655.59,30094,1010,43,3312.01
2025-02-14,Paid Search,790.81,33010,1152,53,3630.28
2024-07-17,Paid Search,594.66,26406,920,46,3516.2
2024-08-24,SEO,126.29,152287,3167,94,5940.88
2024-08-29,seo,192.26,227439,4129,125,9239.57
2025-06-22,Paid Social,2419.96,278550,3112,72,4509.7
2025-01-01,SEO,190.17,213592,5053,175,13049.59
2025-10-29,Email,104.26,88024,3389,205,12224.4
2025-06-10,Paid Social,3331.47,357885,4448,80,5900.38
2024-09-20,Paid Social,2010.19,213259,2622,75,5092.16
2024-10-20,Paid Social,1838.79,226509,2817,70,5038.26
2025-02-23,Email,69.06,56678,2180,160,10127.36
2024-12-28,SEO,149.69,151920,3655,97,6736.39
2024-03-01,Paid Search,650.72,28416,1063,49,3469.85
2024-09-19,Paid Search,695.91,29460,1100,55,3865.68
2025-01-16,Email,101.33,87350,4154,291,18159.32
2024-02-22,SEO,208.38,234246,5091,170,12287.57
2025-08-25,Paid Search,725.4,34668,1331,63,5034.52
2025-04-29,Email,102.28,93109,3798,236,15223.3
2024-02-07,Paid Search,,25194,925,43,3426.98
2025-03-21,SEO,197.17,198768,4073,107,8114.41
2025-05-02,Paid Social,3505.75,415489,4747,109,7362.64
2024-01-05,Paid Search,616.52,25536,960,42,2812.79
2025-08-15,SEO,231.23,272721,5018,155,9783.99
2024-04-17,Paid Search,764.1,32233,1246,59,4227.59
2024-02-05,seo,156.95,162157,2947,93,5862.3
2025-04-04,SEO,199.58,223711,5307,188,13262.42
2024-08-18,Paid Social,1687.4,179179,2206,61,3744.03
2025-10-23,Paid Search,722.08,31087,1074,48,3879.0
2025-07-20,Paid Social,2630.98,326400,3843,103,7636.77
2025-01-25,Paid Social,2215.3,262654,3594,88,5854.04
2025-09-01,Email,105.05,91581,4067,265,15623.03
2024-09-07,SEO,161.89,179355,3236,102,7587.52
2025-06-19,Paid Search,783.43,34613,1062,40,2807.77
2025-10-24,SEO,216.46,250329,5777,183,14086.87
2024-07-03,Paid Social,,248080,3254,79,5431.43
2025-04-13,Email,79.78,60778,2852,186,11936.86
2025-02-10,Email,90.46,67913,3215,196,12071.04
2024-01-11,SEO,185.02,196206,4716,163,12094.37
2024-05-29,Paid Search,667.34,28496,861,44,3318.25
2025-02-02,Paid Search,550.83,25919,946,46,3525.59
2024-01-05,SEO,183.13,200295,4502,148,10371.09
2024-12-04,Email,87.75,78927,3970,255,16023.21
2025-02-05,Paid Search,721.83,32257,1267,57,4124.3
2024-09-16,Paid Search,727.34,32995,1074,51,3443.83
2024-09-25,SEO,203.9,209846,3756,122,8774.06
2025-03-05,Email,108.65,86627,3980,258,14349.68
2024-07-10,Paid Social,1787.58,189781,2154,67,4968.06
2024-10-04,Paid Search,715.02,33030,1153,59,4018.57
2025-01-20,Paid Search,673.31,28225,921,36,2606.81
2025-06-09,Email,108.0,84423,4012,250,14718.92
2025-06-19,Email,102.4,90250,3647,253,15616.34
2024-12-09,Email,108.37,86452,3811,252,14911.43
2024-06-05,Email,81.48,71267,3096,198,13227.48
2024-07-19,Email,107.23,83695,3305,207,12810.98
2024-07-23,Email,96.05,81761,3723,277,15750.7
2025-03-23,Paid Search,516.91,21772,707,33,2534.79
2024-01-20,Paid Social,815.25,98777,1185,29,2033.37
2024-01-29,SEO,199.33,241814,4791,144,10248.44
2025-04-28,Paid Search,634.06,27387,1069,41,3045.78
2025-04-14,Email,103.57,94148,4240,238,14246.3
2025-01-17,Email,109.05,99375,4790,317,18946.84
2025-07-27,SEO,152.53,152590,2802,93,6084.82
2025-02-21,Paid Social,2514.4,289532,3376,95,5857.22
2025-09-15,Paid Search,777.55,35210,1075,46,3499.3
2024-08-23,PAID SEARCH,714.72,32928,1182,58,3953.81
2024-10-11,SEO,179.31,187720,3755,108,7393.86
2025-02-16,Paid Social,2336.53,279495,3305,89,6643.78
2024-04-05,Paid Social,1284.77,140059,1699,47,2937.11
2024-06-28,SEO,212.87,236810,5484,189,13186.62
2024-08-06,Paid Search,775.79,36017,1441,59,4399.21
2025-04-27,Email,79.89,71827,3271,209,12259.57
2024-07-28,Email,80.13,63376,2809,208,13502.51
2025-02-01,SEO,147.29,165763,3677,113,8318.6
2024-05-26,SEO,147.99,168359,3268,94,6188.73
2024-07-20,Paid Social,1192.04,126617,1444,44,2935.11
2024-12-20,Email,90.13,72708,2912,215,12892.48
2025-03-19,SEO,196.98,232843,4771,165,12308.45
2025-09-07,Email,79.59,66903,3220,232,14011.29
2024-05-13,Email,100.86,91921,3564,202,13186.57
2025-08-15,Paid Social,3628.78,399316,4921,87,5425.51
2024-12-09,Paid Search,,29068,951,46,3131.66
2025-04-22,Paid Search,806.82,35719,1072,47,3296.45
2024-09-20,Paid Search,775.65,34288,1235,61,4433.37
2024-04-25,SEO,186.45,219514,4333,126,8739.7
2024-07-08,Email,103.45,78920,3540,233,15084.12
2024-02-04,Paid Search,474.22,23465,861,35,2665.39
2025-07-24,Paid Search,764.12,32043,1244,55,3958.66
2025-03-27,Paid Search,762.52,33616,1072,41,3046.95
2024-09-21,Paid Social,1638.01,207744,2305,63,3910.11
2024-04-21,SEO,155.77,156955,3103,96,6158.95
2025-05-09,Paid Social,2843.08,323206,3777,88,5946.58
2025-05-23,Paid Search,796.45,32802,978,46,3384.94
2024-10-06,SEO,152.85,157510,3071,106,7042.05
2025-04-15,Paid Social,3500.24,374484,4606,86,6101.79
2024-04-07,Paid Search,542.43,22471,688,35,2761.67
2025-08-30,paid search,588.99,24534,927,44,2968.98
2025-03-01,SEO,143.77,148113,3138,93,7143.9
2024-04-16,Paid Social,1590.61,190746,2110,59,3832.14
2025-08-26,Paid Search,670.4,29386,953,37,2791.27
2025-01-01,Paid Search,798.22,37189,1397,59,4095.53
2025-02-25,Paid_Social,2640.21,306348,3732,90,5937.11
2024-09-19,SEO,172.68,205860,4397,139,9321.5
2024-05-07,Email,100.44,82117,4236,280,17332.33
2024-04-22,Email,102.66,77094,3072,196,11945.61
2025-08-16,Paid Social,2386.85,282035,3809,102,7037.88
2025-01-20,Paid Social,2418.47,306656,3938,87,5892.35
2024-06-19,Paid Social,1823.46,223754,2465,65,4698.73
2025-07-23,Paid Search,634.75,26874,934,40,3162.55
2024-08-13,SEO,183.96,212846,5106,180,12110.98
2024-02-16,Email,84.2,76705,3553,239,14045.69
2024-01-17,SEO,200.88,214583,3971,137,10050.41
2024-12-27,SEO,185.9,203111,4110,117,8871.77
2024-09-05,Paid Search,688.76,33354,1260,65,4950.31
2024-12-31,Paid Search,616.26,25709,999,49,3515.27
2025-04-20,SEO,136.52,155583,3742,124,8989.16
2024-05-21,Paid_Search,632.45,27359,1040,42,2878.39
2024-06-01,SEO,131.63,159682,3436,105,6743.35
2025-07-06,Email,66.12,58467,2946,189,10699.53
2025-06-25,SEO,,247255,4753,163,11361.31
2024-12-01,Paid Search,567.77,25669,973,37,2908.64
2024-01-28,PAID SOCIAL,782.57,85354,930,22,1451.71
2024-12-17,Paid Search,645.12,28530,875,40,2899.36
2025-02-11,Paid Social,2661.41,289533,3837,98,7063.6
2025-05-07,Paid Social,2812.65,305945,4170,110,8030.58
2025-01-01,Paid Social,2838.14,301432,4065,96,5894.93
2025-06-06,Paid Search,795.02,36112,1144,54,4138.94
2024-04-26,Paid Search,591.04,29139,933,41,2999.1
2024-10-19,SEO,127.7,142099,3318,100,7146.72
2024-04-25,Paid Search,693.01,29171,1058,54,4366.27
2024-03-24,Email,67.12,50369,1953,140,9030.24
2025-01-03,SEO,195.45,231107,5235,164,12210.92
2025-01-23,seo,207.58,244227,5600,154,10873.69
2024-02-18,Email,64.76,50875,2360,165,10727.22
2025-06-22,PAID SEARCH,535.69,23227,731,30,2087.47
2024-02-06,Paid Social,1218.99,130736,1489,43,2842.68
2024-07-29,SEO,196.25,208182,3834,119,8940.15
2025-02-22,Paid Social,1898.58,208449,2419,60,4142.71
2024-01-21,Paid Search,537.37,24473,811,37,2934.14
2025-07-07,Paid Social,3563.11,435601,4814,107,7726.93
2025-07-12,Paid Search,573.8,28183,984,39,3088.62
2024-05-03,Paid Search,712.41,30370,1028,52,3755.8
2025-08-17,Paid Social,2946.42,317153,4041,96,5920.57
2025-04-21,Paid Social,3059.48,385714,4999,101,7314.37
2024-06-24,SEO,202.41,205757,4572,129,9315.22
2025-01-17,SEO,219.63,232760,4909,157,11000.73
2025-08-26,SEO,216.18,238738,4996,155,9775.32
2025-09-21,PAID SEARCH,552.49,27195,1089,45,3326.22
2025-06-18,Paid Social,3235.28,411401,4660,101,7449.06
2024-11-10,SEO,130.22,138310,2788,76,5057.88
2024-02-01,Paid Search,714.74,34747,1148,50,3684.22
2024-07-15,Paid Social,2030.29,215571,2949,77,5444.76
2024-03-28,Paid Social,1113.45,131580,1448,37,2656.3
2024-03-29,SEO,163.21,165100,3066,88,5953.87
2024-05-11,Paid Search,500.1,23495,825,34,2672.54
2025-01-09,Paid Search,664.42,28192,1082,47,3331.89
2025-01-27,Paid Search,794.5,38360,1319,55,3796.94
2025-01-05,Paid Social,2192.86,266345,2787,72,4500.85
2024-10-25,Paid Search,620.65,30022,1002,50,3618.91
2025-10-23,SEO,213.91,225485,5299,172,12312.07
2025-05-15,Paid Search,704.69,31208,1175,48,3776.86
2024-07-01,SEO,192.39,222301,4458,158,10066.03
2025-04-17,Email,100.05,79148,3837,213,11887.69
2024-09-04,Paid Search,685.46,28480,863,44,3221.74
2024-05-15,Paid Search,645.64,27266,999,39,2953.4
2024-10-25,SEO,185.03,190300,4242,142,10568.5
2025-06-18,Email,114.98,88284,4307,283,17532.58
2024-07-26,SEO,175.67,199821,4494,136,9311.8
2025-03-03,Paid Search,807.73,38164,1525,76,5415.23
2025-08-02,Paid Social,2331.85,271929,3472,89,6202.39
2024-04-20,Paid Search,,20582,690,28,2218.39
2025-07-31,Email,102.52,82840,3690,263,17328.55
2025-02-01,Paid Search,471.35,20046,626,29,2347.84
2025-05-16,Paid Social,3052.58,355320,3984,81,5798.24
2024-05-04,Paid Search,501.29,23596,751,35,2587.8
2025-02-21,Paid Search,616.25,28939,1018,45,3212.85
2025-08-18,SEO,183.69,213230,3927,127,8432.37
2025-01-02,Paid Search,656.24,31131,1016,48,3681.84
2025-07-03,SEO,207.13,219508,4567,141,9232.25
2024-04-13,seo,125.06,134531,2639,81,5709.19
2024-10-05,SEO,134.81,149706,3289,105,7396.13
2025-08-05,PAID SEARCH,640.68,28202,861,34,2298.73
2025-03-21,Paid Search,610.09,27554,860,40,3050.22
2024-06-06,Paid Search,766.5,35071,1248,59,4145.59
2025-08-23,SEO,162.06,163619,2999,106,7813.68
2025-02-15,Paid Search,557.99,24076,894,43,3386.86
2024-11-24,SEO,134.57,157453,3644,123,9171.69
2025-09-06,email,71.14,60349,2724,200,11303.88
2025-06-28,Paid Social,2359.4,303240,3548,84,5657.1
2024-10-26,Email,72.12,55034,2477,182,10313.64
2025-06-13,Paid Search,679.19,30776,1029,49,3632.79
2025-07-20,Paid Search,577.01,25389,990,46,3547.46
2025-02-07,SEO,194.26,216576,4484,136,9475.92
2024-06-20,Paid Search,717.12,35449,1352,65,4339.59
2025-06-25,Paid Search,625.5,29645,1081,43,2891.54
2024-04-14,Paid Search,507.84,23691,832,41,3280.6
2024-02-16,Paid Search,665.82,28806,928,47,3576.24
2025-10-31,Email,111.98,89319,3520,210,11580.24
2024-03-18,SEO,186.97,188579,3444,93,6587.7
2025-03-05,Paid Search,775.78,34194,1082,47,3740.36
2025-03-11,SEO,198.63,211459,4329,137,10249.01
2024-12-13,SEO,182.17,186638,3480,115,7956.65
2024-07-25,Email,96.2,76025,3816,276,18202.26
2024-08-03,SEO,163.65,165617,3116,110,8116.51
2024-09-15,Paid Search,491.02,22365,757,38,2613.7
2024-12-20,SEO,173.29,208529,4397,117,8121.4
2025-01-13,Email,96.13,81089,3740,272,16668.01
2025-02-18,Email,94.5,80489,3932,240,14144.26
2024-09-01,Paid Social,1462.01,186196,2182,52,3782.59
2025-10-04,Email,71.48,61502,2813,180,10228.45
2025-09-19,Email,89.47,67579,2731,151,8853.83
2025-09-26,SEO,183.45,214193,4009,126,8268.29
2024-01-03,Email,98.12,85477,3679,233,14795.47
2025-09-10,SEO,239.4,273064,5197,137,10185.09
2025-04-27,SEO,150.84,166417,3053,101,6750.86
2025-06-13,SEO,221.56,260820,4826,135,8556.11
2024-12-14,Paid Social,2126.07,228885,2580,61,3792.29
2025-10-10,Email,96.29,78615,3096,208,12588.21
2024-08-25,Paid Search,553.21,25558,999,48,3718.33
2024-08-20,EMAIL,87.9,78761,3218,186,10634.59
2025-10-27,SEO,243.05,263942,5483,168,11034.98
2025-06-27,SEO,215.33,248296,5603,187,13808.56
2025-01-31,Paid Search,633.05,27474,1004,47,3135.85
2024-12-12,SEO,183.6,204338,3874,106,7791.06
2025-02-14,Paid Social,2497.76,308000,3635,91,6184.2
2024-09-06,Paid Social,2065.68,266051,3015,81,5105.83
2024-02-04,SEO,141.06,159893,3813,124,8838.15
2025-05-13,SEO,191.38,216497,4990,144,9641.3
2024-06-10,Paid Social,1831.3,201293,2609,72,5328.23
2024-02-14,Email,87.11,78799,3628,223,13674.52
2025-03-09,SEO,135.2,161564,3478,97,6473.89
2024-08-14,Email,98.59,89243,3765,226,12890.19
2025-09-04,Paid Social,4218.12,477411,4968,78,4940.9
2025-10-01,SEO,215.31,258805,5945,203,14141.54
2025-06-04,Email,88.31,68732,2650,187,10849.79
2025-06-26,Email,90.74,69590,2771,176,10621.81
2025-01-16,Paid Social,2672.63,290416,3712,103,6366.68
2025-06-10,EMAIL,86.01,66485,3037,168,10468.86
2024-09-22,SEO,125.26,149633,3259,97,6522.75
2025-08-25,Paid Social,3372.56,403708,4615,91,6336.44
2025-08-03,Paid Social,2929.24,346560,4579,121,7859.79
2025-06-05,Paid Social,2865.48,314095,3500,82,5438.35
2025-05-22,Paid Social,2862.57,368493,4418,108,7066.25
2024-02-12,Email,93.0,85213,3329,238,13666.99
2025-01-25,Email,78.06,66091,3052,185,11989.0
2024-05-05,Paid Search,483.4,21696,679,30,2434.44
2024-05-18,SEO,120.88,128648,2517,84,5880.49
2024-01-16,Paid Search,557.2,23781,904,46,3155.04
2025-03-13,SEO,189.41,200814,4818,139,10028.45
2024-04-08,Paid Social,,151095,1901,58,4310.63
2024-03-27,Paid Search,655.68,32157,1246,53,4007.58
2024-10-23,Paid Search,779.31,38021,1311,56,4508.08
2025-09-04,Paid Search,696.49,34105,1029,47,3221.95
2024-01-15,Paid Search,645.41,29272,904,36,2447.16
2024-01-01,Email,95.92,78796,3582,241,15090.63
2025-08-16,SEO,135.51,159909,3440,97,6279.72
2025-07-09,SEO,184.98,197577,3611,126,9357.34
2025-08-12,SEO,228.58,233089,5016,160,10200.16
2025-08-20,SEO,213.37,245116,4857,129,9391.02
2025-04-14,SEO,191.15,200100,3652,105,7596.52
2025-09-13,SEO,142.69,160814,3719,123,9029.98
2025-07-22,Email,108.32,81796,4037,279,16970.72
2025-08-23,Email,81.73,67174,2816,203,11865.28
2025-02-12,Paid Search,669.83,33444,1224,54,4093.29
2025-02-28,Paid Search,771.37,34691,1393,69,5238.4
2024-06-19,SEO,177.4,203539,3676,112,8084.22
2024-12-18,PAID SEARCH,620.44,29610,934,41,2981.55
2025-06-07,SEO,167.23,186422,4429,154,10940.23
2024-06-14,Paid Search,603.37,26216,795,33,2535.57
2024-03-28,Email,86.71,70179,3188,215,13270.99
2025-08-01,SEO,191.06,215164,5105,142,9303.57
2024-10-19,Paid Social,1770.56,224995,2696,66,4518.09
2024-05-31,Email,96.51,81202,3164,200,13086.27
2025-06-20,Paid Social,2874.95,353755,3886,92,6724.54
2025-08-19,PAID SOCIAL,3442.12,385847,4415,102,7569.02
2025-02-17,Email,105.02,89515,4164,268,16130.26
2025-10-08,Email,98.14,74592,3595,239,15197.85
2024-06-21,Paid Social,1529.74,181185,2473,74,5457.48
2024-12-24,Paid Social,2717.98,306192,3216,71,5285.08
2025-10-20,SEO,182.18,221411,4225,140,10463.99
2025-02-20,seo,180.29,192656,3559,119,7607.35
2025-10-21,SEO,190.79,204019,4105,139,9311.25
2025-04-22,Paid Social,3001.57,319403,3588,90,5538.97
2024-08-31,Paid Social,1463.85,185932,2048,56,4170.16
2025-04-24,Email,112.29,85879,4056,225,14356.59
2024-10-06,Email,69.76,52819,2145,119,6986.29
2025-02-04,Paid_Search,675.6,33776,1014,47,3314.45
2024-09-09,SEO,167.66,193776,3511,116,8400.22
2024-05-31,Paid Search,579.87,26636,923,41,2897.8
2025-07-21,SEO,184.42,196862,3704,102,6558.04
2024-03-09,Paid Search,448.39,19910,698,35,2740.96
2025-10-31,SEO,203.65,207183,4884,140,10075.31
2025-02-27,Paid Social,3152.89,389352,5272,114,8434.08
2024-11-05,Paid Social,2269.59,250324,3255,86,5870.86
2025-09-07,SEO,180.42,191696,4160,132,9754.67
2024-03-22,Email,91.12,73287,2828,200,13327.05
2025-03-24,SEO,173.02,178244,3635,127,9323.38
2024-07-22,Email,100.44,81805,4027,250,15901.31
2024-09-13,Paid Search,780.08,38145,1449,58,4606.75
2025-05-08,Paid Social,3551.59,401677,5470,121,7732.45
2025-01-21,SEO,209.02,236248,5651,194,14394.96
2024-11-09,Paid Social,1891.22,213799,2369,61,3782.57
2024-10-09,Paid Social,1986.25,224043,2506,63,4690.04
2024-10-16,Paid Search,634.71,28363,891,34,2598.84
2025-07-04,Paid_Search,660.11,30455,1061,49,3354.6
2024-11-05,Email,83.95,66210,2966,216,12454.34
2024-02-25,SEO,148.1,159387,3531,114,8026.13
2024-12-21,Paid Search,591.01,25354,755,37,2498.17
2025-03-28,Email,97.6,81585,3416,227,15128.76
2025-07-13,Paid Search,622.42,29872,940,46,3119.82
2025-02-26,Paid Search,642.64,29425,1032,48,3338.72
2025-07-23,Email,112.81,96308,4936,305,19803.07
2025-07-03,Paid Social,2934.5,334827,3574,75,5058.47
2024-04-09,Paid Search,762.44,34728,1219,60,4657.65
2025-01-11,Paid Search,499.01,22945,894,34,2694.33
2025-05-30,Paid Search,812.44,39934,1363,59,4054.16
2025-02-21,Email,100.78,90113,4542,320,19739.91
2024-04-14,Email,68.96,58618,2331,156,9690.01
2025-08-01,Email,88.45,73427,3322,201,11696.62
2025-07-28,Paid Social,3987.65,513233,6481,102,7149.24
2025-03-25,Paid Search,772.9,34278,1163,59,3996.68
2025-06-11,Paid Social,3164.37,379619,3961,81,5607.88
2025-09-24,SEO,192.13,219895,5032,133,8635.99
2024-05-20,SEO,160.02,177806,3185,112,7733.33
2024-03-16,Email,66.37,54153,2621,189,12583.76
2024-12-11,Email,96.06,73717,3412,209,12202.68
2025-02-08,Paid Search,497.46,21794,751,35,2655.47
2025-07-18,SEO,232.47,283558,6230,207,13697.49
2025-02-02,Email,72.35,59555,2936,179,10806.02
2024-04-10,Paid Social,1190.12,134954,1626,38,2354.58
2024-06-18,Paid Social,1896.23,221161,2893,73,5076.87
2024-10-18,Paid Search,604.54,27557,1108,49,3417.02
2025-07-02,seo,228.27,272902,5771,199,15241.14
2025-10-25,Paid Search,508.71,22402,895,39,2782.11
2024-04-14,Paid Social,1180.86,139022,1771,52,3254.75
2024-07-11,Email,84.3,73341,3579,256,17142.04
2024-07-24,Paid Search,594.46,25726,971,43,3499.54
2025-01-21,Paid Search,722.76,30878,1046,47,3489.55
2024-03-19,SEO,159.14,173344,3726,118,8784.37
2024-12-07,SEO,150.94,157708,2986,96,7254.02
2024-08-02,Paid Social,1649.96,186453,1905,56,4148.57
2024-10-15,Paid Social,2139.49,268409,3097,93,5839.91
2024-10-30,SEO,200.83,224694,4760,127,8653.05
2024-11-04,Paid Search,636.55,28826,903,37,2588.89
2025-04-29,Paid Social,3428.94,407342,5401,107,6812.81
2024-10-26,Paid Search,586.65,27901,924,36,2477.41
2024-04-25,Email,102.81,79678,3759,240,15320.0
2024-10-08,Paid Social,1934.49,207168,2474,60,3874.93
2025-06-23,PAID SOCIAL,2960.41,371123,4039,81,5098.92
2025-05-31,Paid Social,2268.81,293053,3811,113,7915.8
2024-08-10,Paid Social,1403.02,156517,2111,55,3531.74
2024-11-23,Email,62.02,51500,2041,148,8436.1
2024-09-25,Email,81.3,74249,3149,222,13743.85
2025-01-03,Email,92.25,76832,3625,234,14853.52
2024-06-24,Email,91.71,79519,3306,237,13199.98
2024-10-16,Email,87.74,69040,2963,187,10576.79
2025-07-09,Paid Search,690.33,32853,1226,48,3772.02
2024-09-26,PAID SOCIAL,2409.28,292339,3144,77,5444.2
2025-06-25,Email,86.23,73384,3775,252,14757.33
2025-06-13,Email,109.96,97192,3952,294,19293.59
2025-03-14,SEO,182.43,190310,4460,154,11158.33
2024-10-12,Email,70.63,56597,2627,147,8123.15
2024-01-24,PAID SEARCH,740.7,33243,1172,45,3643.95
2025-05-29,Paid Social,3285.27,359093,4922,101,7533.13
2025-01-04,SEO,158.06,164606,3946,124,8989.77
2025-03-02,PAID SEARCH,535.25,22945,820,37,2837.73
2025-06-12,Paid_Search,743.27,34705,1096,53,3876.65
2024-12-23,Email,95.63,81429,3260,205,11684.55
2025-02-02,Paid Social,1970.5,228452,2664,68,4491.35
2024-03-17,Email,67.15,53737,2233,156,10166.33
2024-06-04,Email,99.82,86481,3749,253,14006.53
2025-08-15,Paid Search,668.22,27792,910,42,2859.31
2025-02-14,SEO,200.69,227496,4663,141,9405.73
2024-07-25,Paid Social,1865.01,211798,2814,80,5308.74
2025-04-17,SEO,214.28,248060,5745,163,10420.27
2025-04-24,Paid Search,805.85,33560,1148,57,3942.49
2024-01-02,Paid Social,821.85,101805,1188,31,2246.9
2024-06-02,Paid Search,570.79,28361,865,41,3292.15
2024-02-14,Paid Search,736.0,34970,1256,53,3929.57
2025-09-25,SEO,215.21,249708,5869,160,11486.65
2024-11-21,Email,93.17,71027,3336,235,14564.32
2025-10-11,Email,79.49,60820,3035,200,12762.91
2025-10-19,Paid Search,602.26,25772,1034,50,3751.3
2025-04-10,SEO,188.89,224228,4565,139,9801.15
2024-05-10,SEO,161.58,171599,3497,109,7719.49
2025-03-29,SEO,165.16,187381,4399,142,9389.12
2025-02-28,SEO,197.7,198253,3567,101,7578.11
2024-03-26,SEO,156.97,180121,4259,115,7825.83
2024-11-24,Paid Social,,201839,2264,54,3933.89
2024-07-12,EMAIL,80.95,62354,3201,227,13739.41
2024-08-08,Paid Social,1977.34,254456,3049,78,5387.22
2024-08-28,Paid Search,616.75,25872,806,31,2173.03
2024-12-01,SEO,158.85,170161,3487,107,7042.56
2025-08-09,Email,81.4,74420,3082,222,14268.44
2025-03-08,Paid Social,1944.43,213508,2228,71,4495.93
2025-08-11,Email,105.65,91110,4666,302,18935.71
2025-05-05,SEO,219.65,254484,5017,155,10222.36
2024-09-14,Paid Social,1353.64,152486,1932,50,3125.75
2024-07-22,SEO,174.49,205469,4004,106,7010.69
2024-06-29,Paid Search,476.56,23299,855,39,2850.78
2024-11-11,Paid Social,2033.26,221178,2480,59,3754.4
2025-07-01,Email,113.23,97690,4989,365,22365.07
2025-06-28,Paid Search,468.03,21586,647,29,2146.49
2025-01-20,SEO,214.43,238292,4360,138,10390.74
2024-03-01,Email,95.07,85319,4273,281,17607.03
2024-08-31,SEO,155.86,187765,4225,134,9242.94
2025-01-27,PAID SOCIAL,2583.76,309293,3287,74,5082.9
2024-11-06,Paid Search,800.55,33865,1318,56,4315.76
2024-11-21,Paid Social,2747.96,313032,3905,99,6368.68
2025-05-06,Paid Search,794.77,37247,1460,63,4602.39
2025-03-22,Paid Social,2111.56,255117,3206,89,6589.14
2025-10-09,Email,94.67,82236,4169,289,16051.08
2024-02-27,Paid Search,681.13,33558,1173,54,3730.65
2025-03-16,Paid Social,2139.19,276447,3113,72,5123.47
2025-07-08,Email,102.83,84891,3688,229,14767.27
2024-04-03,SEO,160.43,163428,3287,98,6781.92
2025-07-28,Email,115.87,90975,4603,265,16846.22
2024-08-15,SEO,167.48,181519,4246,141,8941.08
2025-09-09,SEO,221.18,221187,5321,182,12111.54
2025-07-01,Paid Social,3357.7,374600,5140,112,7129.1
2024-09-21,Paid Search,458.58,22279,811,34,2571.26
2025-05-13,Paid Search,757.58,34726,1309,55,3867.23
2025-01-14,Email,90.59,77169,3555,234,14647.14
2025-05-02,Email,91.26,74258,2997,199,12023.74
2024-01-21,Email,69.33,54533,2754,203,12395.33
2025-07-05,Paid Search,492.48,21396,675,34,2354.86
2025-03-02,Email,72.17,61788,2604,155,9220.82
2024-09-18,SEO,,220937,4856,149,9626.97
2025-08-22,Paid Search,838.12,40479,1613,68,4605.22
2025-02-23,SEO,158.23,186602,3972,131,9384.26
2025-09-05,Email,102.14,89709,3502,232,14350.03
2025-06-29,Email,64.86,49080,2459,162,10395.2
2024-09-28,SEO,143.12,174225,3672,107,7238.06
2024-03-17,Paid Search,534.56,23439,882,42,2972.33
2025-01-15,Paid Search,626.93,31018,1083,55,3836.83
2025-07-26,Paid Social,2745.91,309871,3666,100,7407.04
2025-03-14,Email,109.4,90608,4342,245,14883.94
2024-12-27,Paid Search,751.86,36523,1130,54,3965.74
2024-08-16,paid search,686.68,33314,1044,53,3619.83
2024-03-02,Paid Social,972.1,116194,1534,38,2665.05
2025-09-22,Email,92.35,81313,3661,225,13190.28
2024-06-22,Paid Social,1300.45,142962,1598,38,2789.28
2025-06-15,SEO,162.75,173414,3441,93,7052.2
2025-08-27,Paid Search,695.95,30473,946,42,3077.9
2024-10-18,SEO,204.85,243375,5151,157,11978.16
2025-07-12,Email,86.53,77536,3268,239,14227.2
2024-01-02,Email,88.41,70753,2830,194,11633.09
2024-01-17,Email,99.85,80772,3670,253,14505.23
2025-01-24,SEO,209.15,233891,5565,156,9860.16
2025-08-31,Paid Search,484.19,22276,750,34,2582.86
2024-05-02,Email,86.2,68550,3072,222,13755.34
2024-02-22,PAID SEARCH,619.62,29514,1089,44,3459.71
2024-07-31,SEO,204.92,244560,5059,161,12256.27
2024-08-14,Paid Social,2001.05,249944,3398,80,5670.47
2024-10-27,SEO,126.53,132339,2467,66,4762.06
2025-07-11,SEO,184.71,224214,4837,158,10758.59
2025-09-13,Paid Social,2971.58,342520,4443,91,5582.56
2024-02-02,SEO,207.82,250302,5779,168,12277.33
2025-06-15,Paid Search,523.34,23162,726,29,2095.03
2025-08-21,EMAIL,96.09,84212,4254,298,18850.69
2024-02-28,Paid Search,703.42,31181,1252,51,4079.3
2024-03-23,paid search,466.7,20313,679,33,2502.65
2025-05-18,paid search,619.26,29746,900,43,3234.9
2024-06-01,Paid Search,496.3,21520,829,36,2578.25
2024-11-15,Paid Search,762.51,32798,1178,59,4701.9
2024-05-26,Paid Social,1259.31,152068,1680,44,3187.73
2024-09-01,SEO,125.99,150460,3065,96,7265.32
2024-10-12,Paid Social,1821.04,201995,2275,58,3809.1
2024-10-23,Email,89.92,68035,3012,216,13859.41
2024-10-08,Email,98.73,83337,3274,240,14863.87
2024-12-19,Paid Social,2185.26,231407,3142,81,5057.68
2024-04-20,SEO,119.3,126899,3040,107,7939.85
2025-05-07,SEO,177.34,193796,4488,144,10827.05
2024-06-15,Paid Social,1256.5,149970,1586,38,2326.88
2024-03-04,Paid Social,1287.24,165684,2070,64,4332.05
2024-11-23,Paid Search,588.35,24240,786,33,2520.52
2024-05-13,Paid Search,643.05,29881,1093,48,3839.12
2024-02-18,SEO,153.36,154826,3246,103,7339.35
2024-12-21,Email,65.98,58751,2945,164,9377.57
2025-02-23,Paid Search,604.88,29914,1073,46,3396.54
2024-10-27,Paid Social,1862.62,222483,2729,69,5050.27
2025-02-09,Email,70.65,58604,2615,178,10073.61
2024-06-09,Paid Search,447.16,20071,699,33,2199.33
2024-08-11,Email,64.46,51634,2305,156,9814.0
2024-06-13,Paid Social,1430.23,151652,2086,53,3519.05
2024-04-07,Email,78.15,65098,3351,200,11895.55
2024-07-07,Paid Search,569.67,24895,865,43,3371.02
2025-09-22,SEO,228.61,248765,4881,138,10267.19
2024-07-26,Paid Search,635.11,25995,891,38,2599.32
2024-02-06,SEO,196.86,225146,4646,158,10602.87
2024-03-08,SEO,176.85,192373,4523,151,10536.18
2025-05-12,Email,86.73,74013,3118,185,12015.96
2024-08-05,Paid Social,2021.36,258336,2795,67,4663.3
2025-05-10,SEO,167.08,177098,4083,109,8251.33
2024-10-09,SEO,210.11,229845,4983,147,9834.01
2024-07-02,SEO,170.07,203996,3922,125,9307.45
2025-04-03,Email,107.37,86487,3733,274,15838.49
2024-06-16,Paid Social,1184.07,134769,1456,43,2674.98
2025-09-11,Email,92.55,74306,2951,212,12268.05
2024-04-12,Paid Search,612.94,26155,966,38,2617.79
2025-10-28,Paid Social,3666.12,391778,4811,93,6654.71
2025-07-17,Paid Search,651.77,32157,1229,62,4232.8
2025-01-22,Email,111.65,91044,4065,274,16156.11
2025-10-22,Email,108.83,98951,4777,299,19827.61
2025-05-27,Paid Social,2893.65,337829,3765,77,5440.17
2024-09-12,Paid Social,1775.83,199311,2509,66,4778.49
2025-02-03,PAID SEARCH,793.72,35036,1198,54,3694.02
2024-01-07,Paid Social,684.54,72926,1003,27,1943.39
2024-06-17,paid social,1431.93,180765,2152,60,4202.14
2024-02-13,SEO,196.13,220788,4240,133,9685.7
2024-10-29,Paid Search,693.82,33517,1016,45,3454.42
2024-07-16,Paid Search,722.28,34820,1180,52,3547.99
2025-10-07,paid social,3872.43,428429,4668,99,6111.41
2024-07-03,Paid Search,647.89,27592,1009,47,3456.77
2025-01-06,Paid Search,732.07,32507,1009,44,3172.96
2024-05-31,SEO,209.59,224851,4975,149,9454.4
2024-11-12,SEO,,196265,4305,139,9173.2
2024-09-05,Email,108.07,92767,3964,245,15689.02
2025-03-07,Email,94.58,82799,4103,256,15674.49
2024-03-14,Paid Search,564.8,23502,912,44,2945.59
2024-12-08,Paid Social,1600.85,191913,2638,67,4135.66
2024-01-11,Paid Search,744.0,32396,1216,50,3892.51
2024-06-08,SEO,124.8,129369,2843,91,6745.39
2025-07-20,SEO,174.21,174907,3763,115,7290.04
2024-11-04,SEO,178.74,186125,3865,103,7288.55
2025-06-21,EMAIL,79.43,68584,2885,207,12535.87
2025-01-26,Paid Search,576.5,23681,905,45,3371.58
2024-11-19,seo,198.69,226031,5260,173,13271.67
2025-03-23,Paid Social,1888.6,239261,3110,85,5630.85
2024-12-07,Paid Social,,234876,2789,72,4735.25
2025-06-05,SEO,219.34,238621,4309,133,10030.72
2024-04-09,paid social,1154.08,140302,1700,49,3155.58
2024-05-22,Paid Social,1331.22,151294,1972,52,3224.29
2025-03-24,Email,99.24,80784,3175,179,11335.4
2025-06-19,Paid Social,3533.24,443649,6017,111,7246.59
2025-08-23,Paid_Search,572.55,28233,964,37,3005.99
2024-09-22,Email,71.73,59158,2306,147,8436.66
2025-07-28,SEO,191.96,208512,4200,133,10186.15
2024-01-09,paid social,1022.7,114454,1514,45,2809.88
2025-10-05,Paid Social,2852.55,334780,4317,104,7686.26
2024-01-15,Email,81.28,73921,3611,267,14739.15
2024-02-11,seo,124.12,136525,3098,109,7405.28
2025-02-03,Paid Social,2652.75,316823,3526,88,5413.4
2024-10-01,Email,81.8,74969,3630,227,14696.88
2024-06-23,Email,61.65,53145,2374,135,7689.29
2025-03-31,SEO,196.64,203675,4646,157,11852.86
2024-08-17,Paid Social,1382.85,155453,1885,60,4229.3
2024-12-10,Paid Social,2459.28,314212,4105,117,8238.06
2024-05-09,SEO,212.78,252630,5914,166,11974.14
2024-02-22,email,91.57,70608,3212,235,14529.85
2024-08-24,Paid Social,1476.35,171076,2291,54,3818.42
2024-03-22,Paid Search,711.93,29310,1140,53,4062.4
2024-07-12,Paid Social,1699.87,211845,2653,79,5617.82
2024-01-08,Paid Search,675.63,31116,1125,47,3781.67
2024-11-21,Paid Search,691.1,34116,1167,56,4306.11
2025-09-26,Paid Social,3887.98,497170,6703,131,8231.46
2025-01-31,Email,111.79,100686,4284,273,15124.86
2025-09-14,SEO,146.19,155208,3626,115,8116.16
2025-04-14,Paid Social,3077.06,372387,4170,99,6319.63
2024-02-23,Paid Social,1265.48,148690,1520,44,3083.79
2025-07-26,Email,80.19,68080,2914,195,12692.6
2024-11-30,Paid Search,504.28,21394,741,35,2333.23
2024-05-20,Paid Search,768.58,32657,1172,45,3106.36
2025-10-02,Paid Social,4277.03,542706,5637,79,5426.26
2024-01-22,Paid Social,1127.78,121981,1387,41,2908.61
2024-06-26,Paid Search,739.35,33137,1165,54,4142.54
2024-07-28,SEO,145.91,153770,2949,104,7623.79
2025-01-07,Paid Search,639.41,29923,1197,58,4164.49
2024-01-28,SEO,132.02,152767,3365,92,5975.97
2024-07-15,SEO,200.2,243902,4832,146,10559.99
2024-01-23,Paid Search,663.4,29705,1068,47,3570.62
2025-01-26,Paid Social,2134.24,244918,3343,99,6981.15
2025-03-18,Paid Social,2571.84,295616,3959,98,6702.54
2024-02-10,Email,59.72,51796,2297,137,8204.42
2025-04-19,SEO,134.77,135969,3227,85,6324.0
2024-03-15,Paid Social,1228.06,152443,1796,49,3161.08
2024-06-07,Paid Search,693.81,30134,930,45,3319.54
2025-08-10,EMAIL,72.61,62797,2901,196,12010.36
2024-01-27,Email,75.88,66958,3177,220,14089.72
2025-03-21,SEO,197.17,198768,4073,107,8114.41
2024-09-29,Paid Social,1386.49,161682,2130,62,3864.47
2025-04-01,Paid Search,611.04,27468,1072,53,3852.48
2025-04-25,Email,112.71,88020,3431,243,13389.55
2024-08-26,Paid Social,1849.24,238661,2550,62,4106.03
2024-05-07,Paid Social,1414.93,170850,1767,52,3249.08
2025-10-21,Paid Social,3571.84,424979,4491,82,5183.45
2024-09-15,SEO,143.75,156819,2809,92,6756.87
2024-07-26,Email,105.29,91703,4288,245,14102.64
2025-05-09,seo,215.76,236714,4829,155,10541.11
2025-10-16,Email,107.21,88819,3560,247,14242.53
2024-04-15,SEO,193.68,233822,4326,120,7788.75
2024-10-02,SEO,178.92,189224,4043,130,8815.33
2024-11-06,SEO,192.83,206536,4620,129,8442.54
2025-08-04,SEO,219.59,258610,5254,165,12631.63
2025-10-09,Paid Search,793.58,38345,1434,58,4472.45
2025-08-10,Paid Search,604.73,28869,1081,54,4025.01
2024-02-14,SEO,176.74,195719,4464,141,9235.08
2024-05-29,SEO,203.28,215427,4466,133,9268.02
2025-08-07,SEO,213.81,252758,5978,205,14489.52
2025-04-28,SEO,178.92,183932,3773,120,8217.89
2024-05-08,Email,87.61,80119,3710,269,15113.37
2024-09-29,Paid_Search,538.65,22394,855,42,2883.45
2024-08-14,SEO,195.56,221149,4879,168,12452.77
2024-10-14,Paid Social,2163.85,236430,2766,69,4510.99
2025-04-20,Email,76.29,66643,2589,191,10747.74
2024-07-19,SEO,208.56,252951,4941,171,12535.6
2024-08-10,Paid_Search,507.65,23069,733,36,2586.88
2024-08-28,Paid Social,2247.32,266693,2838,70,4323.7
2024-10-17,Paid Social,2015.41,255421,2735,70,5058.62
2024-02-21,SEO,187.04,221991,4985,159,10214.95
2024-05-05,Paid Social,1059.17,131475,1506,47,3133.54
2024-09-05,Paid Social,2234.27,261662,2681,66,4593.11
2024-12-02,Paid Search,699.83,29216,967,45,3646.24
2024-01-25,Paid Search,647.94,30347,1085,53,4076.63
2025-03-12,Paid Social,2769.2,313914,4325,97,5961.38
2025-10-20,Paid_Search,700.87,29642,884,44,3495.39
2025-02-20,Paid Social,,318109,3616,100,6750.3
2025-08-02,SEO,158.61,188560,3681,110,6997.34
2024-11-27,SEO,175.43,190646,3947,121,8408.11
2025-09-25,Email,114.79,92195,3537,218,14287.43
2025-08-20,Paid Social,3319.4,406599,5160,94,5779.62
2025-06-18,Paid Search,803.69,39401,1413,67,5305.15
2024-04-24,Paid Social,1351.4,155631,2101,58,4072.14
2024-04-26,Paid_Social,1479.26,160927,2021,63,4607.77
2025-09-21,SEO,168.62,176735,3961,137,9023.72
2024-12-03,paid social,2497.51,284165,2902,73,5143.54
2024-09-12,Paid Search,697.58,32552,1241,51,4067.67
2024-12-12,PAID SOCIAL,2841.65,334614,3662,92,5645.53
2024-12-20,Paid Search,623.92,29345,1082,45,3249.92
2024-09-11,Paid Social,2163.13,262399,3044,87,5838.02
2025-09-18,Paid Social,3942.82,418938,5200,91,5996.81
2024-01-18,SEO,178.67,179783,3329,95,6427.35
2025-03-26,Paid Search,822.97,36070,1153,54,4250.21
2024-05-27,Email,104.08,91995,4365,287,17289.52
2024-08-17,SEO,160.35,162270,3135,111,7647.34
2024-04-24,SEO,186.55,213027,4375,125,8383.08
2025-10-14,Paid Search,712.13,32941,1020,39,2864.1
2024-02-09,SEO,163.82,185523,3926,127,9642.69
2024-02-19,Paid Search,633.26,30683,1040,41,2965.6
2024-02-12,Paid Social,967.85,114413,1577,39,2712.29
2025-10-01,Paid Search,672.09,27782,901,35,2449.97
2024-09-19,Email,89.59,78292,3945,230,13356.22
2025-09-26,Paid Search,687.79,28449,1114,44,3056.96
2024-09-28,Email,77.87,68800,3318,198,12240.4
2024-08-13,Paid Social,1853.6,202742,2449,66,4631.6
2024-08-29,Paid Social,2112.23,255525,3476,100,6458.95
2024-06-20,Paid Social,1826.09,200156,2446,64,4678.97
2024-05-05,SEO,146.59,163847,3749,123,8719.55
2025-01-28,Paid Search,738.21,36810,1423,59,4301.01
2025-06-30,Paid Social,3327.5,417966,5603,116,8359.86
2024-05-16,Paid Social,1747.56,224358,2943,71,4604.58
2024-05-08,Paid Search,715.98,31016,1086,42,3234.56
2025-08-22,Paid Social,3980.35,448122,4813,96,6954.39
2025-10-08,Paid Search,683.93,31938,1252,61,4502.47
2024-06-16,Paid Search,535.63,22606,790,34,2595.47
2024-11-25,SEO,216.23,261476,5573,173,12993.7
2025-02-10,Paid Social,2471.48,276425,3032,85,6062.07
2025-08-01,Paid_Social,3044.76,384667,4173,88,5482.99
2024-09-06,paid search,632.25,30164,1170,59,4175.85
2025-03-18,Email,88.57,68424,2633,192,10628.79
2024-04-11,Email,102.56,90039,3807,231,12724.06
2025-10-18,Paid Search,616.48,29776,1054,47,3243.82
2024-09-12,Email,97.6,79032,3239,194,11111.21
2025-06-11,Email,109.94,93370,3719,256,15557.73
2024-09-22,SEO,125.26,149633,3259,97,6522.75
2024-09-07,Paid Search,537.21,23804,721,33,2219.82
2024-12-16,Paid Social,2443.87,308460,3311,76,5298.48
2024-05-19,SEO,148.23,176001,3685,115,8456.14
2024-12-24,Email,87.03,71320,3402,239,16034.29
2025-05-17,SEO,173.37,193744,4120,141,10188.74
2024-09-26,Paid Search,730.16,35840,1260,63,4676.61
2024-11-26,SEO,220.5,261956,5896,203,15439.25
2024-04-30,PAID SOCIAL,1548.94,173529,1855,51,3224.5
2024-04-04,Paid Social,1206.0,145114,1566,41,2543.11
2024-08-02,Paid Search,709.93,32680,1192,59,4243.6
2024-11-02,Paid Search,445.45,18845,754,37,2620.14
2024-07-11,Paid Search,640.08,30756,1201,54,3605.55
2024-09-03,SEO,167.56,204124,4796,127,8029.19
2025-07-10,Paid Search,834.41,35397,1396,68,5177.22
2025-03-21,Email,103.6,91700,4065,237,14387.72
2024-10-27,Paid Search,461.3,21188,795,38,2582.08
2025-04-14,Paid Search,723.66,34610,1329,63,4569.58
2025-07-26,seo,138.88,154071,3048,81,5759.44
2024-12-06,SEO,222.13,228418,4895,131,8899.97
2025-04-29,Paid Search,669.05,29007,1096,54,3929.23
2024-10-14,Paid Search,790.64,37593,1391,60,4422.79
2025-02-09,SEO,147.4,161303,3185,108,7217.68
2025-04-22,Email,96.15,84080,3692,228,15186.55
2025-09-02,Paid Social,3793.28,411189,4594,91,6104.93
2024-02-17,Email,78.01,61504,2533,183,12103.2
2024-01-02,Email,88.41,70753,2830,194,11633.09
2025-01-11,Email,62.21,56818,2909,160,9256.3
2025-03-22,Email,73.37,56738,2229,146,9163.54
2024-08-19,Email,82.68,72826,3289,214,14121.61
2025-02-25,email,111.34,87372,3556,204,12976.13
2025-06-16,seo,219.04,237403,4443,138,8728.73
2025-03-10,Email,88.47,72124,3450,204,12609.17
2025-07-25,Paid Social,3847.3,434722,5086,94,6220.62
2024-07-21,PAID SEARCH,530.52,25255,861,41,3086.63
2024-03-24,SEO,141.12,160798,3366,112,7773.77
2024-09-22,Paid Social,1736.35,204366,2539,62,4601.7
2025-06-12,Email,92.89,84169,3442,225,14429.4
2024-10-30,Paid Search,681.35,33624,1324,59,4222.95
2025-07-10,Paid Social,3337.1,382778,4724,113,7326.83
2025-08-24,Paid Search,532.5,25834,892,45,3271.31
2025-05-22,SEO,202.17,229923,5217,144,10525.34
2024-11-13,SEO,180.82,204992,4715,125,9537.04
2025-03-07,SEO,193.6,200530,4022,121,7803.01
2025-09-22,Paid Search,,36051,1285,50,3735.25
2025-08-14,Paid Search,766.19,32277,1004,42,3289.44
2024-11-17,Email,,64614,2485,182,11352.95
2024-01-10,Paid Social,1022.22,125317,1561,47,3059.68
2024-05-11,SEO,126.29,140585,3155,83,6385.33
2024-04-02,Email,86.47,76392,3729,235,13912.1
2025-04-26,PAID SOCIAL,2051.55,218390,2518,72,5258.84
2024-09-09,PAID SEARCH,703.22,31489,953,40,3004.92
2025-09-20,Paid Social,2963.12,323208,3442,84,6277.89
2024-04-10,SEO,206.05,224015,5326,177,12684.47
2024-11-16,Paid Social,1974.4,234227,2934,93,6515.99
2024-01-12,SEO,194.0,236341,4990,156,11090.47
2024-02-24,Email,65.71,52024,2061,141,9330.13
2024-11-13,Paid Social,2124.78,244239,3107,76,5558.1
2025-09-12,Email,107.17,83281,3472,194,12782.72
2025-08-11,SEO,186.77,219778,4502,141,9513.74
2025-07-01,Paid Search,794.2,38079,1383,62,4588.3
2024-08-16,PAID SOCIAL,1886.49,237175,3138,87,6489.16
2025-09-16,Paid Search,726.4,33626,1253,59,4031.57
2025-04-04,Paid Search,782.72,33101,1084,44,3506.88
2024-09-04,SEO,182.77,200576,4211,125,9400.8
2024-06-24,Paid Search,,27933,1019,41,3147.88
2025-02-01,Paid Social,2168.83,234841,3180,97,7226.4
2025-05-24,SEO,142.99,161048,3846,101,7312.49
2024-07-14,Paid Search,570.89,26034,962,38,3014.58
2025-07-03,Paid Search,786.51,36524,1131,47,3395.64
2025-03-06,Paid Search,682.09,30354,1133,50,3558.7
2025-01-22,Paid Social,2336.6,291948,3885,96,6651.66
2025-06-22,Email,71.06,60429,2352,134,7970.88
2024-02-12,SEO,185.96,191415,4448,157,10624.29
2024-03-07,PAID SOCIAL,1239.88,154639,1813,43,2649.96
2025-01-29,Paid Social,2406.79,305966,3558,82,5858.62
2025-09-11,paid social,4003.89,440886,5449,90,6440.64
2024-03-03,Paid Social,786.81,89058,1092,31,2203.44
2024-06-01,Email,74.65,67969,2799,204,12379.98
2025-02-24,Paid Search,650.49,28678,1048,52,3912.72
2024-09-10,SEO,168.42,205370,4349,133,9421.0
2025-07-09,Paid Social,3069.26,372479,5103,130,8037.61
2025-07-13,SEO,179.03,195241,4201,132,9980.63
2025-08-27,Email,105.91,91838,4165,263,16252.53
2024-03-03,SEO,128.46,150086,3526,118,8324.48
2024-03-02,Paid Search,502.36,24097,942,44,3015.67
2025-07-24,Paid Social,3725.99,472364,6137,134,8448.19
2024-04-17,Paid Social,1600.98,177885,2278,64,4074.75
2025-01-14,Paid Social,2673.53,294720,3844,95,7048.93
2024-11-03,Paid Search,,27114,967,41,2835.13
2025-10-14,Email,97.34,78737,3689,246,16331.22
2025-10-05,SEO,175.56,194179,3955,121,8188.3
2024-02-02,Paid_Social,981.09,105362,1428,37,2264.48
2025-09-14,Paid Social,2756.09,310884,3378,70,4504.08
2024-06-11,Email,100.62,87776,4457,262,14581.46
2024-12-03,SEO,189.95,228971,4432,119,9041.67
2025-05-01,Email,103.44,88122,4094,242,15038.31
2025-08-09,SEO,177.26,200593,4177,120,7820.63
2024-02-13,Email,99.62,91112,4619,306,19413.8
2024-01-31,SEO,198.11,233239,4894,141,10653.9
2025-01-28,SEO,170.02,170344,3949,115,7614.04
2025-04-09,EMAIL,92.87,70092,3489,199,11548.99
2024-02-04,Email,70.74,53759,2428,181,11798.2
2025-06-21,SEO,170.28,201890,3721,112,8335.72
2024-09-21,Email,72.24,56917,2337,161,10474.47
2025-08-27,Paid Social,3129.38,389170,4469,86,6177.91
2025-10-06,Paid Search,777.33,33419,1217,62,5013.47
2024-09-24,Email,95.33,74616,3688,237,13814.69
2024-02-26,SEO,192.17,225333,4255,132,8633.14
2024-12-23,Paid Social,2183.79,276102,3534,101,7526.88
2024-06-09,Paid Social,1170.09,138810,1484,37,2394.19
2024-02-07,Email,77.57,69784,3259,182,11736.01
2024-09-10,Paid Social,2305.17,251593,3000,68,4223.18
2024-09-09,Email,106.69,96170,4701,290,18120.51
2024-07-14,Email,67.74,56617,2637,157,9803.39
2024-05-08,Paid Social,1371.33,176951,2127,65,4519.45
2024-04-13,Paid Search,485.13,22207,753,31,2370.59
2025-04-03,SEO,219.32,248941,5112,159,11246.22
2025-02-09,Paid Social,1807.66,197884,2472,59,3818.38
2024-05-01,Paid_Social,1597.21,196977,2033,52,3764.28
2025-06-03,Email,106.4,97336,4188,239,13688.35
2024-10-02,Paid Social,2146.21,261254,2796,86,5765.52
2025-09-17,SEO,205.7,228060,4370,124,8225.26
2025-06-18,SEO,230.65,252379,4958,131,9754.11
2024-11-26,Paid Social,2612.08,311741,3509,92,6274.31
2025-10-14,Paid Social,3634.7,386831,4158,79,5784.85
2024-10-01,Paid Search,691.92,33361,1223,57,4071.65
2025-01-26,Email,62.79,56194,2712,197,10923.43
2025-08-07,Email,102.25,89778,4383,308,18082.13
2024-04-17,SEO,165.84,202212,4344,128,9581.45
2025-07-08,SEO,177.04,211770,4132,109,7613.08
2024-02-17,Paid Search,476.91,22502,716,35,2548.97
2025-07-04,Email,91.11,70040,3469,197,11762.49
2024-12-09,Paid Social,2480.05,272949,3137,85,6289.43
2024-11-03,SEO,131.61,156139,3758,121,7852.86
2025-03-11,Email,93.33,77148,3954,225,13509.44
2025-01-14,SEO,170.51,182541,3598,128,9189.45
2025-01-07,Email,99.32,85903,3374,248,16500.34
2024-11-24,Paid Search,459.96,22643,730,32,2249.27
2025-07-30,SEO,189.33,223294,5361,169,11722.01
2025-08-03,Email,84.04,66571,2927,172,10100.0
2024-07-13,PAID SOCIAL,1418.85,164820,2239,66,4711.77
2025-07-08,Paid Social,3122.57,396004,4907,111,6865.37
2024-08-09,Paid Social,2150.26,264773,2811,75,5343.27
2025-06-26,Paid Social,,404734,4660,106,7465.15
2025-07-11,Paid Search,777.1,37015,1315,56,4189.34
2025-10-19,Paid Social,2944.47,321576,3655,79,5256.59
2024-12-02,Email,84.04,65520,3315,191,11042.31
2024-09-11,SEO,217.05,251805,4768,151,10329.77
2025-08-31,Paid Social,2890.94,321043,4393,106,7920.02
2024-11-04,PAID SOCIAL,2379.13,281683,3447,88,5457.11
2024-11-01,Paid Search,711.56,34895,1164,50,3959.6
2024-12-01,Paid Social,1731.75,222799,2746,84,5579.88
2024-01-02,Paid Search,613.19,27104,864,38,3004.5
2024-05-28,Paid Social,1711.64,184893,2240,58,3885.84
2025-07-11,Paid Social,3798.0,433980,4450,90,6236.05
2025-07-02,Email,102.21,85856,4366,277,17656.07
2024-05-25,Paid Search,460.84,19000,683,30,2111.93
2025-01-23,PAID SEARCH,745.53,33232,997,41,2875.15
2024-03-27,SEO,175.6,211625,4114,124,8247.08
2024-01-19,SEO,195.42,213620,4162,138,10375.41
2025-08-16,Paid Search,544.74,26202,1022,51,3979.82
2024-12-09,SEO,203.89,224445,5006,159,10102.96
2024-03-18,Paid Search,599.55,25358,1000,42,2900.09
2024-11-20,Paid Search,632.66,29582,992,39,3069.66
2024-05-17,Email,85.9,75766,3838,223,12982.34
2024-02-01,SEO,199.12,234713,4544,131,9010.56
2025-06-01,Email,68.94,57039,2505,184,10578.84
2024-03-14,Email,81.28,63100,2600,154,9236.16
2024-08-22,Email,90.97,82667,3774,230,13935.97
2024-08-20,Paid Search,708.58,30970,1081,51,3982.38
2025-10-21,paid search,799.06,35899,1349,62,4979.07
2024-02-12,Paid Search,611.27,26841,913,40,3205.66
2024-04-22,Paid Social,1271.21,155204,1587,42,3008.14
2025-07-15,Paid Social,3153.69,335601,4034,84,6239.42
2024-04-13,Paid Social,907.47,96276,1261,35,2353.58
2025-07-31,SEO,196.64,214796,4365,152,9584.65
2025-05-18,SEO,155.17,163904,3577,124,9166.66
2024-11-18,Paid Search,707.52,30380,1048,50,4036.15
2025-01-03,PAID SOCIAL,2505.15,275848,3675,105,6941.32
2025-02-19,Paid Social,2866.07,369029,4318,102,6615.86
2024-07-09,Paid Search,648.59,31696,1214,52,3694.74
2024-07-14,Paid Social,1263.72,149764,1921,45,2796.64
2024-05-10,Paid Search,754.76,35435,1063,54,3789.61
2024-04-01,Paid Social,1337.66,149865,1579,46,2846.01
2024-06-21,Paid Search,637.88,30325,1132,57,4463.55
2024-07-21,SEO,128.5,151875,2882,102,7044.05
2025-08-17,SEO,142.05,168878,3500,116,8361.46
2024-01-01,Paid Search,621.07,29483,1176,55,4103.03
2024-02-15,SEO,179.99,198094,3759,100,6307.75
2024-04-19,Paid Search,708.61,29761,1133,53,4268.74
2025-05-18,Paid Social,2446.73,274616,3725,106,7531.76
2024-06-26,Email,107.07,89215,4269,304,20177.92
2024-01-23,SEO,180.99,185993,3591,108,7138.59
2024-02-29,Paid Search,742.71,31207,1046,53,3749.17
2024-08-18,Paid Search,455.53,19073,766,36,2909.2
2025-03-06,Paid Social,3177.74,359689,3869,75,4994.25
2025-04-18,SEO,228.22,246974,5463,144,9616.4
2024-10-01,SEO,204.35,222640,5210,180,13496.76
2025-09-28,Paid Social,3286.44,390552,4115,78,5462.94
2025-06-05,Email,89.94,68463,3439,237,14538.18
2025-03-05,SEO,217.35,259465,5593,180,13184.43
2024-07-09,Paid Social,1925.3,208627,2743,80,5600.91
2024-05-24,SEO,191.25,233270,5479,191,14625.62
2024-04-04,SEO,199.63,232999,4291,117,7877.13
2024-07-05,Paid Social,1574.3,170926,1998,51,3704.79
2024-03-15,Paid Search,584.3,25677,998,44,3322.49
2024-02-20,Email,94.94,86503,3369,192,12796.07
2024-09-17,Paid Social,2067.07,240308,3026,71,5275.18
2025-06-09,Paid Social,3263.57,409958,5459,127,8722.24
2024-03-11,Paid Search,658.83,30161,984,47,3355.47
2024-02-09,Email,88.2,66150,3156,181,11385.92
2024-07-14,SEO,129.82,138959,2576,85,6275.14
2024-03-25,Paid Search,661.01,27883,959,43,2866.09
2024-07-06,Paid Social,1157.24,149422,1871,48,3220.5
2025-04-02,PAID SEARCH,632.84,28973,1088,45,3356.54
2024-06-25,SEO,182.86,220149,4324,128,9532.03
2024-02-16,Paid Social,1103.7,134024,1409,37,2533.01
2025-07-15,SEO,220.74,235516,5062,162,11130.0
2025-10-20,Email,116.99,90992,4318,255,14002.87
2025-08-10,paid social,3085.43,399256,4524,115,7787.96
2024-02-01,Email,98.93,74485,3039,223,13071.68
2024-02-24,SEO,118.47,121755,2429,65,4871.59
2024-01-27,Paid Search,431.37,20808,724,37,2710.04
2025-06-22,seo,135.98,152939,3418,107,6750.83
2025-10-19,SEO,164.43,166185,3612,127,8253.94
2024-11-09,Email,82.13,71689,2860,184,10282.44
2025-05-19,Paid Search,617.76,25674,1029,49,3721.34
2025-10-08,SEO,185.57,196961,4342,143,9396.59
2025-01-08,Paid Search,711.6,34226,1376,56,4152.92
2025-01-10,Email,106.54,81891,3862,283,18860.47
2024-02-11,Paid_Search,495.62,20368,714,30,2020.41
2025-01-30,SEO,199.31,211753,3947,108,7994.9
2024-04-29,Email,100.2,86950,4017,290,16182.93
2024-02-29,Email,93.21,74966,3075,208,11438.4
2024-12-31,Email,101.67,85837,3309,227,13886.92
2024-07-05,Paid Search,775.68,34233,1327,62,4575.41
2025-03-19,Paid Search,697.35,30979,1211,54,3735.63
2024-08-28,Email,89.4,70171,3214,193,12384.98
2024-12-17,Paid Social,2224.45,251599,3360,84,5796.22
2024-01-13,SEO,126.4,151392,2966,102,7494.21
2024-04-24,Email,102.25,93021,4389,285,18533.72
2025-06-14,Paid Social,2357.4,262739,3602,97,6081.79
2025-06-15,Email,78.94,62592,3159,191,10920.83
2024-07-29,Email,84.46,73801,3414,199,13100.69
2025-01-07,Paid Social,2761.58,323994,4291,89,6175.15
2024-10-06,Paid Search,500.14,21699,838,40,2822.97
2025-10-24,Paid Social,4510.46,520761,5774,94,5858.58
2025-02-19,Paid Search,750.73,30800,1031,49,3513.84
2024-11-20,Paid Social,2702.37,317927,3492,76,4769.02
2024-08-27,Paid Social,2095.69,228657,2702,75,5140.58
2024-03-24,Paid Search,491.27,22708,732,37,2633.25
2025-05-21,SEO,206.79,242528,4424,146,10485.87
2025-05-09,Email,103.2,92275,3581,200,12746.7
2024-05-18,Paid Search,493.86,24130,762,30,2240.31
2024-08-25,Email,67.4,52667,2666,159,9554.01
2025-02-05,Email,98.37,74755,3192,218,12351.51
2025-06-24,Paid Search,623.4,30773,1159,53,3693.07
2024-11-29,Email,100.26,75697,3637,227,12592.07
2025-02-06,Paid Search,671.49,31656,964,48,3507.43
2024-10-24,Paid Search,691.04,28521,954,39,3048.88
2025-09-08,Paid Social,3272.99,385769,4360,87,5802.17
2024-06-28,Paid Social,1939.57,239867,3276,99,6798.8
2025-03-13,Paid Social,3206.65,367768,4344,101,6868.86
2024-06-11,Paid Search,724.78,35814,1354,63,4999.31
2024-12-02,SEO,179.53,212558,4801,129,9740.63
2025-05-25,Paid Social,2401.66,300008,4122,111,8065.05
2024-12-22,Paid Social,2019.62,231282,3156,77,5080.13
2025-03-13,Paid Search,690.12,30023,1138,56,3850.9
2024-06-14,SEO,187.64,189303,4134,146,9932.49
2024-01-25,Paid Social,969.26,104276,1280,38,2515.44
2025-06-27,PAID SEARCH,806.06,37551,1474,60,4219.53
2025-05-11,Paid Social,2362.03,286399,3864,98,6133.95
2024-05-01,SEO,193.75,208077,4922,130,8854.26
2024-11-15,Email,85.8,75497,3283,185,12292.56
2025-10-31,Paid Social,3704.4,448159,5368,112,7694.81
2024-06-29,Email,74.91,68659,2781,187,10563.93
2024-12-20,Paid Social,2375.74,265141,3226,88,6228.32
2025-06-30,SEO,185.0,196962,4566,143,10091.8
2025-02-18,SEO,225.55,263320,6140,214,15524.78
2024-04-30,Paid Search,702.28,30345,1140,44,3277.22
2025-02-07,Email,99.5,79288,3575,237,13809.23
2024-02-16,SEO,188.97,219382,4852,131,9411.59
2024-10-11,Paid Social,2047.51,230441,2877,84,6208.79
2024-11-09,Paid Search,507.81,25105,897,41,3015.82
2024-02-21,email,100.4,81820,3248,221,12313.28
2025-10-10,Paid Search,652.81,29538,1066,44,3251.57
2024-02-28,Email,94.3,77848,3923,284,17033.48
2025-04-02,Paid Social,2789.8,297481,3869,94,6662.43
2024-05-23,Email,91.9,72529,2973,220,13593.45
2025-05-20,SEO,235.38,245387,5612,169,11722.87
2024-02-24,Paid Search,556.03,26621,854,39,3094.85
2024-09-24,Paid Search,632.5,31201,1228,60,4803.32
2024-06-02,SEO,124.81,133904,2897,80,5378.25
2025-05-29,Email,92.88,71281,2864,186,10614.8
2024-01-18,Paid Search,605.04,26093,777,35,2771.75
2025-10-24,Email,90.43,72198,3115,196,13017.03
2025-03-16,Paid Search,572.86,27334,852,37,2854.11
2024-06-23,PAID SOCIAL,1303.11,150412,1750,44,2960.39
2025-09-14,Email,71.96,57211,2547,182,10743.74
2025-01-30,Email,89.2,72123,3400,242,14093.14
2025-07-23,Paid Social,3183.81,374590,4442,102,6934.37
2025-10-26,Paid Social,2711.77,313798,4080,86,5551.84
2024-03-06,SEO,172.32,206426,4586,154,10638.2
2024-03-05,Email,87.58,75493,3011,167,9663.77
2024-02-07,seo,195.37,196562,3724,125,7996.89
2024-10-19,Email,69.87,52806,2239,132,8446.01
2024-02-14,Paid Social,991.29,119979,1511,39,2704.25
2024-08-19,Paid Search,769.09,35700,1115,43,3339.38
2025-03-09,Paid Social,2026.1,257742,3134,96,6679.19
2024-11-15,Paid Social,2696.94,307779,3914,89,6028.85
2024-10-27,Email,62.14,52902,2169,152,9506.85
2025-05-25,SEO,146.81,157399,2830,95,6210.1
2024-05-07,SEO,170.16,175091,3466,106,7989.33
2025-02-11,Email,96.8,84501,4319,274,17822.77
2025-10-12,PAID SEARCH,549.82,25937,922,39,2954.32
2025-09-23,Paid Search,797.74,39256,1263,62,4248.01
2025-01-12,Email,72.13,55025,2513,164,10664.85
2024-05-12,Email,79.12,70541,2889,160,9364.52
2024-12-31,Paid Social,2622.25,323095,3353,75,4982.07
2024-05-04,SEO,140.05,164689,3365,109,7121.87
2025-09-18,SEO,216.62,217756,4768,154,11431.61
2025-05-06,Paid_Social,2693.44,336840,4133,89,5724.74
2025-02-12,Email,98.49,88342,4024,267,17873.4
2024-08-10,Email,79.65,70282,2784,164,10554.84
2024-01-20,Paid Search,517.33,23323,696,32,2548.47
2024-01-05,Email,94.27,83582,3501,250,14834.56
2024-04-06,Paid Social,1019.59,112129,1306,39,2593.34
2025-04-02,SEO,176.22,186924,4013,106,6941.89
2024-04-21,Paid Social,1042.91,116449,1475,43,3139.37
2025-05-15,seo,202.78,226400,4618,164,12556.04
2025-02-10,SEO,,242558,5241,164,10694.68
2024-12-28,Email,62.88,52325,2666,180,10732.22
2025-07-07,SEO,202.97,224600,4461,153,10747.88
2024-05-27,Paid Social,1798.53,207975,2630,67,4384.4
2024-12-30,SEO,217.1,229614,4688,125,9620.62
2025-10-16,paid social,4303.28,513242,5593,95,6184.35
2025-07-17,Email,98.67,75614,3353,247,15812.01
2024-08-26,Paid Search,584.31,24590,790,34,2333.25
2025-04-05,Paid Social,,221884,2962,90,6161.37
2024-05-17,SEO,170.93,202462,3821,111,8004.03
2025-02-13,SEO,218.88,238406,5216,154,10021.54
2025-05-14,Paid_Social,3446.1,391368,4943,108,6610.21
2025-01-25,seo,150.19,177294,3436,97,6177.37
2024-08-18,SEO,138.97,160339,3681,127,8186.89
2025-09-02,SEO,206.77,244575,4704,128,8458.97
2024-03-31,paid social,856.98,96459,1312,39,2443.1
2025-01-26,SEO,,182996,3738,128,9074.39
2024-06-12,SEO,198.48,223135,4746,162,10349.36
2025-10-25,Paid Social,3386.54,368219,4902,104,6819.37
2025-06-14,Email,67.34,54523,2491,151,9687.26
2024-05-21,Email,101.49,91485,4054,224,14750.98
2024-05-03,Email,80.48,67291,3287,209,11699.55
2024-09-02,Paid Social,2308.86,277768,3051,83,6176.16
2024-09-23,SEO,188.6,210879,4127,134,9270.55
2024-10-04,Email,99.17,85803,3911,269,15145.24
2025-06-16,Paid Search,770.85,35747,1142,46,3358.36
2024-08-07,paid search,675.23,32203,1137,43,2932.55
2025-10-06,Email,111.22,101278,4286,319,20827.49
2025-08-30,SEO,167.61,192551,3492,95,6393.67
2024-09-27,Paid Search,732.37,32601,1230,50,3790.84
2025-04-26,Email,70.84,56502,2818,178,9834.62
2025-03-17,Email,112.89,98479,4138,236,15740.28
2024-04-07,SEO,127.45,143831,3264,91,6356.53
2025-06-25,Paid Social,3643.52,445391,5999,132,9344.72
2024-04-28,Paid Social,1194.65,129230,1663,41,2629.27
2024-03-25,paid social,1291.31,146014,1841,56,3658.46
2024-11-16,SEO,151.39,153171,3064,94,6641.86
2025-04-12,Paid Search,556.18,24595,871,35,2811.43
2024-10-05,Paid Search,549.1,24581,755,38,3029.96
2024-09-07,Paid Social,1724.69,186037,2497,68,4762.17
2025-01-23,Email,112.2,85160,4361,267,16153.76
2025-10-25,SEO,146.41,176720,3556,106,8146.39
2025-08-06,Paid Search,767.46,37226,1450,61,4155.16
2024-11-22,SEO,178.52,185754,4298,130,8471.45
2025-08-03,Paid Search,487.81,22555,706,32,2329.89
2025-02-21,SEO,192.37,225843,4181,143,10640.82
2025-02-19,SEO,228.98,275831,5475,192,13639.99
2025-04-09,Paid Search,658.57,31860,1198,47,3823.21
2025-03-17,Paid Search,670.58,30577,929,45,3607.95
2025-09-30,Paid Social,3331.58,403623,4446,90,5774.72
2025-06-23,Paid Search,821.29,35143,1055,51,3421.28
2024-01-01,SEO,191.11,215332,4980,133,8810.48
2024-11-28,Paid Search,636.38,28304,1073,54,3889.64
2024-01-13,Email,70.22,59099,2420,163,10217.22
2024-10-10,Email,98.83,77506,3320,197,12128.88
2024-08-08,Email,92.62,83354,3760,256,15356.07
2024-12-08,Email,68.81,62653,2834,171,10058.93
2025-01-31,SEO,215.97,261005,4692,160,11213.68
2025-08-28,SEO,201.44,232964,4168,112,8224.52
2025-10-18,SEO,151.31,184408,4336,149,9798.25
2025-07-09,Email,93.97,82508,4257,265,16878.26
2025-04-28,EMAIL,107.23,97396,4278,281,15501.0
2024-12-21,SEO,135.52,161521,3747,133,9704.8
2025-06-17,SEO,183.82,204186,4594,139,10197.73
2024-06-09,SEO,130.59,145177,2817,75,4901.95
2024-12-25,Email,82.97,75538,3461,256,16907.63
2024-06-30,SEO,132.84,141978,2721,77,4935.72
2024-02-25,Email,65.48,49925,2540,188,12445.44
2024-02-11,Email,67.93,60626,2610,192,11356.54
2025-10-27,Email,114.89,96040,3855,223,14708.67
2025-07-06,SEO,173.8,195427,3894,138,9872.8
2024-03-26,Paid Search,594.29,29700,1016,41,2815.66
2025-04-24,SEO,213.75,223359,4403,119,8245.6
2025-07-08,Paid Search,688.14,29975,1091,49,3960.3
2025-04-17,Paid Social,2789.96,348830,4517,93,5829.73
2025-06-10,Paid Search,829.93,35491,1346,53,3878.43
2024-02-18,Paid Social,789.35,92578,1256,33,2398.42
2025-09-30,Paid_Search,738.7,31534,1081,42,3136.83
2024-08-25,SEO,127.88,132892,2810,88,6419.51
2025-10-22,Paid Search,710.06,30706,991,44,2983.9
2025-07-10,SEO,238.0,264076,5334,178,12108.12
2025-08-06,Paid Social,3282.6,367747,3909,82,5508.09
2024-02-23,Paid Social,1265.48,148690,1520,44,3083.79
2024-01-19,Paid Search,,29686,1133,52,3880.4
2024-11-21,SEO,199.22,221641,4087,121,8219.17
2024-02-11,Paid Social,833.66,96049,1228,38,2345.03
2024-05-14,paid search,648.64,31707,1017,43,3199.77
2025-04-11,PAID SEARCH,681.05,31513,1022,43,3181.57
2024-10-29,Paid Social,2500.23,287520,3516,92,5830.72
2024-11-03,Email,73.74,62242,2537,181,11377.25
2025-06-23,Email,97.21,80508,3493,227,15138.63
2024-08-11,Paid Social,1506.06,170336,2337,74,4877.97
2025-09-05,Paid Search,768.92,37922,1360,60,4691.85
2025-04-26,Paid Search,512.91,22162,684,31,2510.63
2024-10-13,Email,82.05,74398,2903,172,9836.77
2024-12-10,Email,89.32,67755,2864,172,10142.77
2025-01-12,SEO,146.77,154071,3332,90,6113.48
2024-11-07,Paid Search,753.42,37318,1173,58,4271.63
2025-05-20,Paid Social,3357.08,380781,4845,115,8123.68
2024-03-03,Paid Search,553.42,26726,952,48,3352.1
2025-08-10,seo,144.11,153857,3311,96,6606.83
2024-03-13,PAID SOCIAL,1373.24,159049,1770,52,3738.45
2024-07-20,Paid Search,442.13,21837,749,29,2016.64
2024-12-24,Paid Search,790.49,37284,1245,55,4443.7
2024-10-28,Paid Social,2370.78,274966,3463,95,5965.26
2024-01-26,Paid Search,719.37,34523,1142,49,3845.09
2025-08-30,Email,74.25,58639,2898,161,10244.83
2025-06-24,SEO,177.8,216668,5151,137,10328.78
2024-09-07,Email,77.58,67450,3319,198,10880.11
2024-05-13,SEO,181.42,207991,4254,128,8086.66
2025-07-05,Paid Social,2507.48,317873,4383,98,6695.01
2025-03-07,Paid Social,2956.92,358107,4071,91,6659.94
2024-05-18,Email,71.85,61999,3094,206,11837.66
2024-10-31,Paid Search,657.56,30689,978,44,3248.17
2025-02-11,SEO,204.27,221290,4358,138,9962.6
2025-05-27,Paid Search,739.82,35319,1326,60,4785.13
2025-07-14,Email,86.06,64868,2487,142,9281.87
2025-03-21,Paid Social,2885.12,352991,3901,79,4992.45
2024-09-30,Paid Social,2153.77,252236,2655,69,4693.02
2024-02-06,Paid Search,624.96,30084,1013,52,3654.44
2025-08-28,PAID SOCIAL,3736.84,398404,4657,84,5806.79
2024-01-09,Paid Search,554.07,25636,889,37,2595.58
2024-09-08,Paid Social,1564.78,197171,2080,57,4166.72
2025-02-05,SEO,228.99,255527,6079,200,15032.75
2025-08-14,Paid Social,4152.38,486592,6471,111,7371.51
2024-11-01,Paid Social,2111.42,263355,2784,68,4227.12
2024-12-27,Email,109.79,95064,4135,261,16585.14
2024-07-17,Email,106.44,80311,3338,206,11889.93
2024-02-28,Paid Social,1338.27,169082,2299,71,4706.12
2024-11-18,SEO,177.98,201335,3967,120,9226.79
2025-01-06,SEO,209.99,253170,6023,198,14957.63
2024-06-16,SEO,130.91,135499,3011,105,7517.13
2024-07-08,SEO,169.35,202103,4495,126,7970.96
2024-03-08,Paid Social,1314.04,146861,1979,51,3583.96
2025-07-23,SEO,203.05,231636,4663,154,10232.7
2024-07-07,SEO,155.42,186823,3534,100,7248.0
2024-02-19,SEO,180.8,207932,4220,130,8636.25
2024-03-13,Paid_Search,603.12,27466,1089,43,3336.13
2024-09-12,Paid Search,697.58,32552,1241,51,4067.67
2024-11-27,EMAIL,109.23,88215,4333,278,15287.08
2024-07-12,Paid Search,668.96,28518,1082,53,3902.23
2024-07-22,Paid Search,640.12,27857,1066,41,3194.77
2025-01-31,Paid Social,3015.29,319736,3602,72,5223.56
2024-10-06,SEO,152.85,157510,3071,106,7042.05
2024-06-03,SEO,178.64,199027,3952,125,9423.89
2024-12-16,Paid Search,806.31,38961,1233,51,3914.16
2024-05-27,SEO,207.03,210351,4964,175,12633.39
2024-09-03,Email,86.0,67508,3259,211,11706.04
2024-04-09,SEO,203.31,217366,4697,147,10429.24
2025-06-11,SEO,214.97,244025,5653,149,10237.93
2024-12-17,Email,103.45,85796,4039,261,17012.93
2025-08-05,SEO,219.59,267229,5145,181,12314.91
2024-12-06,Email,108.12,94997,4619,304,18454.5
2024-05-16,Paid Search,589.27,24635,763,36,2402.89
2024-07-16,SEO,198.99,237718,5561,171,12581.28
2024-06-25,Email,91.86,80826,3340,245,14189.4
2025-06-07,Paid Search,505.63,20758,645,28,2216.24
2024-03-13,Email,85.64,75355,3241,208,13794.49
2025-02-12,SEO,219.85,245076,5018,134,10172.61
2025-03-11,Paid Search,675.04,32897,1063,44,2998.05
2024-01-14,Paid Search,517.12,22325,792,32,2485.5
2025-03-12,SEO,223.42,269055,5733,165,11350.43
2024-08-04,Paid Social,1603.8,206851,2289,55,3918.28
2024-01-24,SEO,170.9,176676,3331,107,7602.34
2024-04-01,Email,98.17,77462,3303,197,12744.91
2024-02-13,Paid Social,1233.78,138764,1759,48,3243.2
2024-01-14,Email,60.27,55096,2238,148,8404.57
2025-04-08,Paid Social,3168.35,339620,4317,101,7357.24
2024-04-18,Paid Search,713.87,32362,1072,52,4201.07
2025-03-30,SEO,162.96,166135,3405,106,6890.13
2024-06-03,Paid Social,1736.73,215606,2562,68,5036.34
2024-08-22,SEO,176.93,189162,3736,109,7004.73
2024-03-07,Email,98.56,77687,3521,253,14604.81
2025-02-22,Email,82.57,74412,3165,179,11171.29
2024-03-30,Paid Social,876.35,107842,1194,34,2409.31
2024-08-01,Email,94.42,75364,3379,198,12740.59
2024-10-13,SEO,155.61,189366,4031,121,9221.1
2024-06-06,Paid_Social,1409.71,177064,2397,58,4119.68
2024-01-23,Email,88.61,75424,3019,218,12446.16
2024-10-26,Paid Social,1481.9,164028,2174,53,3873.61
2024-02-03,SEO,143.59,154993,3075,83,5525.14
2024-07-31,Paid Search,579.69,28681,913,36,2795.89
2024-06-08,Paid Social,1308.05,160753,2000,56,4063.51
2024-02-26,EMAIL,102.2,91202,4051,275,16418.12
2025-08-24,Paid Social,2978.19,318210,3879,86,6126.87
2025-05-02,Paid Search,798.48,33095,1105,43,3027.32
2025-01-04,EMAIL,,62449,3205,227,14766.03
2024-04-28,Paid_Search,502.37,21858,794,32,2376.9
2025-10-09,SEO,201.52,211980,4201,141,9854.06
2025-03-20,Email,95.03,74643,3623,265,16433.5
2024-01-07,SEO,153.59,167087,3011,84,6443.92
2025-06-01,Paid Social,2385.72,295934,4055,118,7387.55
2024-06-10,Paid Search,687.96,29703,1024,46,3686.69
2025-05-10,Paid Search,525.69,23067,690,28,1979.67
2025-03-27,Paid Social,2690.38,344256,3913,87,6186.58
2024-04-10,Email,84.04,67419,3258,229,13000.98
2024-11-06,Email,87.95,77106,3824,268,14725.62
2024-12-05,Paid Search,726.04,33639,1107,42,3066.91
2025-05-23,Email,97.39,77630,3216,230,13045.13
2025-02-22,Paid Search,548.49,23535,792,38,2886.77
2024-01-07,Email,69.06,57235,2946,205,11788.55
2024-11-16,Paid Search,547.47,27119,954,41,3085.06
2025-09-19,SEO,207.11,225874,4342,121,8702.18
2024-04-19,Paid Social,1450.01,164109,1961,50,3441.08
2025-08-24,Email,80.0,71530,3430,210,12235.3
2024-04-16,Paid Search,700.13,33570,1039,41,2883.86
2024-05-09,Paid Search,621.29,30872,1059,44,3532.5
2025-03-07,Paid Search,801.46,39638,1369,60,4848.57
2025-04-21,Email,97.44,75964,3002,207,11486.11
2024-03-09,Paid Social,988.44,110074,1152,36,2438.43
2024-07-05,SEO,179.5,217660,5053,156,10348.33
2024-05-08,SEO,,176895,3263,108,7130.48
2024-09-03,Paid Social,1999.29,256931,2708,64,4353.09
2024-04-15,Paid Search,689.07,34036,1120,53,4215.56
2025-07-04,seo,223.57,251176,5356,188,12770.89
2024-09-30,email,106.93,97596,3754,230,14772.48
2025-10-03,Paid_Search,809.82,40306,1343,61,4082.52
2024-01-16,SEO,165.99,175633,3248,97,7043.17
2025-08-08,Paid Search,743.33,36593,1212,62,4951.47
2024-04-25,Paid Social,1493.9,175998,2317,58,3918.92
2025-06-02,Paid Social,3061.66,362852,4629,111,7787.08
2024-05-31,Paid Social,1567.29,167174,2144,65,4009.85
2025-09-05,SEO,227.82,263646,4880,152,11132.6
2024-04-24,Paid_Search,750.92,33704,1050,45,3632.33
2024-03-21,SEO,187.93,226459,5175,182,13688.34
2025-01-05,Email,77.4,70432,2994,222,13660.32
2024-10-25,Email,,81490,4140,296,18240.44
2025-08-17,Paid Search,474.91,23635,756,30,2073.38
2024-05-30,Paid Search,620.46,30863,1139,53,3533.49
2025-03-20,Paid Search,801.79,33528,1174,46,3111.96
2024-04-10,Paid Search,661.26,27220,1089,50,3573.6
2025-05-31,Email,,51822,2011,129,8225.12
2024-03-09,SEO,141.09,168822,3852,115,8453.89
2024-10-03,SEO,216.48,251469,5614,177,11721.22
2024-03-10,Email,69.08,61491,2553,170,11215.76
2025-10-02,Paid Search,657.65,32825,1128,49,3479.66
2025-03-04,SEO,200.32,203894,4498,151,11361.51
2024-06-18,Paid Search,759.44,33096,1299,54,3716.7
2024-08-28,SEO,167.51,181386,3842,132,8894.94
2024-09-14,Paid Search,477.84,21732,703,31,2381.49
2024-08-03,Paid Search,522.04,22530,683,30,2380.92
2024-05-18,Paid Social,1112.37,130613,1675,45,3017.79
2025-07-27,Paid Social,2956.69,381956,4812,96,5928.59
2024-08-04,Email,78.29,67793,2700,159,9253.25
2025-09-28,SEO,167.54,180932,4228,144,11066.22
2024-07-02,Email,104.04,92755,4410,322,18542.81
2025-05-24,Paid Search,541.32,25050,783,35,2726.45
2024-06-28,Paid Search,689.91,28914,1110,44,3468.77
2024-10-22,Paid Social,2282.94,294399,3926,106,7854.79
2024-02-23,SEO,188.9,219392,3949,112,7374.35
2024-11-02,Email,70.52,60394,2591,189,11974.09
2025-09-18,Paid Search,853.67,39710,1583,80,6499.26
2025-05-24,Email,75.77,60112,2754,171,9427.74
2024-06-07,PAID SOCIAL,1398.42,172430,2123,56,3438.32
2025-09-27,SEO,140.02,151389,3042,102,7122.73
2025-09-21,Paid Social,2884.95,319340,4244,100,6641.27
2025-01-24,PAID SEARCH,652.22,29518,928,35,2549.5
2025-02-06,SEO,191.63,216570,3925,127,9157.4
2025-07-06,Paid Search,542.95,23899,788,32,2533.55
2025-06-28,Email,79.96,63218,2563,174,10754.59
2024-12-30,Email,86.12,69290,2857,167,9916.42
2024-05-07,Paid Search,736.9,33479,1328,66,4675.15
2025-08-14,Email,87.91,79972,3107,194,11917.31
2024-11-25,Paid Search,601.7,28906,1147,52,3594.96
2025-08-25,SEO,190.02,228276,4395,120,9239.85
2025-09-06,Paid Search,511.1,22052,820,35,2385.48
2025-04-16,SEO,229.93,259419,5630,167,11122.5
2024-10-22,SEO,186.07,213564,4641,147,9401.76
2024-05-12,Paid Social,1283.12,136137,1535,49,3250.11
2025-06-17,Email,96.32,74261,3575,225,14662.08
2024-11-12,Paid Social,2433.69,307243,3195,79,5086.68
2024-12-27,Paid Social,2779.57,306584,3202,85,6328.67
2024-07-12,seo,211.9,249187,4917,164,12500.72
2024-06-27,Paid Search,707.21,32339,972,48,3529.17
2024-03-19,Email,102.12,86327,3665,217,12054.03
2024-01-29,Paid Social,1023.01,126540,1717,47,3118.14
2024-07-06,Paid Search,493.06,20314,627,31,2128.46
2024-07-26,Paid Social,1614.05,180048,2314,57,3662.28
2024-10-05,Paid Social,1694.77,201520,2122,67,4480.23
2025-04-09,Paid Social,2965.55,348265,3835,96,6275.14
2024-07-15,Email,81.37,68423,2655,147,9689.72
2024-01-01,Paid Social,789.39,101239,1087,32,2324.51
2025-08-28,Paid Search,760.42,33119,1320,51,3938.44
2025-02-26,Paid Social,2485.77,290227,3405,79,5264.08
2025-01-18,Email,84.2,63189,2884,214,12769.11
2024-04-27,SEO,139.19,162738,3327,108,7173.66
2025-09-20,Paid Search,567.35,24850,739,33,2221.92
2025-04-24,Paid Social,3536.45,402244,4646,92,6676.54
2025-01-15,SEO,210.27,214212,4727,141,9381.61
2025-05-28,SEO,231.63,277977,5096,134,9424.61
2025-04-12,Email,78.12,70548,2835,207,13691.31
2025-03-29,Paid Search,617.07,28175,912,35,2818.41
2024-05-30,Email,91.26,81279,3761,242,13760.9
2025-04-18,Email,101.34,87816,4481,282,16011.96
2025-04-06,SEO,151.8,169445,3085,87,6527.6
2025-10-10,Paid Social,3644.21,455946,5228,89,5925.45
2025-05-21,Email,90.12,79835,3344,213,11927.32
2024-10-10,SEO,176.44,178730,3908,135,9452.54
2024-06-04,Paid Social,1459.31,183485,2319,60,4451.16
2024-06-05,Paid Social,1663.2,191902,2291,59,4230.65
2024-03-11,Paid Social,1109.55,139009,1656,49,3165.24
2024-03-07,Paid Search,743.25,30476,927,39,3122.05
2024-04-16,Email,100.86,85083,3917,262,16442.5
2024-02-21,Paid Search,695.12,31770,1248,54,3833.73
2025-06-26,Email,90.74,69590,2771,176,10621.81
2024-05-06,Email,105.36,95337,3720,277,17474.38
2025-10-30,Paid Search,855.71,39819,1343,53,3635.03
2024-11-29,Paid Social,2194.04,271414,3122,81,5086.88
2025-09-22,Paid Social,3725.08,395717,4336,71,4691.89
2024-04-09,Email,93.33,75504,3843,267,15902.43
2025-05-12,Paid Social,3010.12,346726,3768,97,7027.47
2025-04-21,Paid Search,746.83,33556,1078,48,3588.53
2024-04-06,SEO,131.0,149245,3530,119,8231.73
2025-08-06,Email,100.43,79101,3962,250,14422.53
2025-09-26,Email,97.98,85729,3888,216,12534.76
2025-05-12,SEO,225.19,252760,5526,157,12005.44
2025-02-09,Paid Search,513.52,21631,819,36,2885.08
2025-07-07,Email,93.63,84106,3843,277,16334.3
2024-12-15,Paid Search,592.94,28665,1131,50,3383.14
2025-02-04,Email,86.58,74501,3601,267,15050.55
2025-07-14,Paid Search,820.95,36987,1150,48,3632.71
2024-03-21,Paid_Search,,34642,1389,56,3841.09
2024-09-13,SEO,193.73,229338,4253,138,9313.69
2024-03-12,Paid Social,1190.22,148835,1630,47,2944.32
2025-03-01,Email,78.75,71067,2729,166,9515.67
2024-06-29,Paid Social,1287.15,154805,1783,43,3107.13
2025-09-23,Paid Social,3576.85,393134,5189,104,7597.31
2024-02-27,Paid Social,1260.23,152775,1855,48,3075.97
2024-09-23,SEO,188.6,210879,4127,134,9270.55
2024-01-17,Paid Social,1100.26,127835,1351,41,2982.27
2025-04-30,SEO,228.09,261441,5248,163,10818.66
2024-11-17,Paid Social,1667.17,185486,2340,67,4470.45
2024-05-01,Paid Search,642.73,27326,1068,46,3457.08
2024-03-01,SEO,193.38,210061,4581,162,12030.43
2024-01-24,Paid Social,1108.95,122973,1599,49,3091.99
2024-03-19,Paid Social,1213.84,131175,1608,44,3139.45
2025-03-10,Paid Social,3191.76,383802,4926,102,7145.8
2024-05-28,Paid Search,659.76,28900,1114,47,3173.32
2024-05-24,Paid Social,1696.82,180739,1874,50,3655.84
2025-08-29,paid social,4210.18,449667,5063,73,4544.33
2025-06-06,Paid Social,3529.27,435548,5128,88,5874.81
2025-04-18,Paid Social,3126.27,340641,4608,88,5414.3
2024-09-14,Email,72.24,56436,2558,162,10022.93
2024-08-10,SEO,124.93,125360,2438,68,4444.53
2025-04-11,Email,97.4,86824,3477,247,14541.45
2024-04-02,Paid Search,581.8,29014,898,46,3096.44
2025-03-17,SEO,193.08,215317,4890,142,9842.4
2024-11-18,Email,109.46,92584,4729,272,16815.7
2024-07-13,SEO,123.25,144206,3142,87,6465.86
2025-10-15,Paid Social,3969.62,428561,5436,106,6989.37
2025-06-30,Paid Search,,34967,1308,54,4084.06
2025-02-18,Paid Search,662.46,27137,850,36,2539.38
2025-05-23,SEO,178.78,203272,4717,127,8961.44
2025-09-16,SEO,196.05,223201,4627,147,9923.55
2024-11-01,Email,102.39,89540,4036,279,16018.36
2025-01-17,Paid Search,715.33,35020,1163,54,3813.07
2025-09-29,SEO,240.87,253989,5672,155,11560.19
2025-04-25,Paid Social,2940.09,373168,4881,109,7183.72
2024-08-03,Email,71.57,63848,2479,160,9827.51
2024-12-06,Paid Social,2219.86,264010,3107,70,4996.08
2025-02-16,Paid Search,557.83,23431,709,28,1983.08
2025-01-29,Email,101.61,83236,3285,187,11766.52
2024-08-16,SEO,177.12,199485,4496,135,10372.4
2024-06-27,SEO,207.36,250881,5892,165,11849.64
2024-08-23,SEO,195.6,234290,5086,150,11022.68
2025-02-20,Paid Search,744.57,34503,1312,57,3905.5
2025-10-17,SEO,189.25,215392,4009,123,9169.08
2024-05-15,SEO,164.3,182121,3935,115,7440.96
2024-07-13,Paid Search,516.24,25462,868,38,2663.14
2024-05-26,Paid Search,489.83,23801,853,39,3001.1
2024-05-19,Paid Social,996.98,105919,1277,33,2175.11
2024-06-22,SEO,,162062,3244,114,7205.35
2025-08-24,SEO,134.52,161663,3234,98,6565.88
2024-06-20,SEO,174.84,209362,4127,119,8742.73
2025-03-26,SEO,204.38,228465,5265,162,11320.62
2024-08-20,SEO,170.22,204310,4394,148,10414.9
2024-06-08,Email,62.76,52338,2487,155,8801.53
2025-05-07,Email,102.93,88561,3716,218,12555.21
2024-01-08,Email,83.76,69496,2751,170,10933.0
2024-03-16,paid social,924.87,109392,1390,38,2462.57
2024-01-20,Email,61.95,53234,2246,129,7148.34
2025-02-03,SEO,197.65,202107,4559,136,9238.02
2025-01-19,Paid Social,1724.44,193729,2467,76,5297.66
2024-08-21,Paid Social,2235.38,271713,2839,84,5566.71
2025-04-13,SEO,154.85,179241,4047,126,9320.49
2024-06-09,Email,67.2,54921,2739,173,9976.69
2025-10-29,Paid Social,4093.41,484375,5465,90,5668.49
2025-03-23,SEO,162.77,196811,3803,113,8312.88
2024-11-07,Email,107.37,98109,4610,300,16939.0
2025-08-09,Paid Search,494.37,21958,826,36,2714.08
2025-03-11,PAID SOCIAL,2960.85,360768,4814,110,7514.07
2025-09-23,SEO,195.09,234652,5000,134,10011.41
2025-10-15,SEO,213.14,225926,4177,111,8010.41
2025-02-22,SEO,171.89,178500,3474,105,6860.25
2024-11-08,Paid Search,596.89,27583,1007,51,3558.14
2024-04-20,Paid Social,953.27,108250,1383,36,2392.46
2025-01-12,Paid Search,481.05,23588,838,32,2488.58
2025-10-28,email,115.86,95125,3703,257,16478.67
2024-03-23,Email,78.12,62925,2598,160,10470.06
2024-01-28,Email,57.79,52677,2427,175,10066.19
2024-07-17,SEO,214.47,226567,5097,148,9978.07
2024-07-16,Paid Social,1667.3,178452,2080,58,3557.46
2025-09-12,Paid Search,809.55,36011,1145,51,3587.08
2024-03-10,Paid Social,867.57,99265,1109,34,2285.72
2025-10-13,Email,110.94,94009,4398,272,16061.17
2025-10-01,paid social,4274.58,474221,5887,106,7534.03
2025-02-04,SEO,171.96,189714,4365,153,11310.75
2025-02-08,Email,84.09,64536,3129,183,11915.98
2024-01-24,Email,102.01,88140,3457,255,16464.06
2024-02-22,Paid Social,1001.28,106934,1453,35,2580.29
2024-05-09,Email,104.56,89862,4442,310,20435.53
2025-08-21,SEO,205.14,220560,4295,128,8280.97
2025-02-27,Paid Search,725.82,34114,1058,42,3231.08
2025-03-08,seo,144.89,146744,2866,90,6423.98
2024-11-29,Paid Search,599.64,26684,1035,50,3785.11
2025-03-09,Email,84.35,68169,2756,185,12300.1
2024-04-21,EMAIL,73.42,59264,2371,156,10347.8
2024-07-19,Paid Search,585.53,27103,1018,44,3448.39
2024-10-21,Paid Social,1981.06,232825,3212,101,6955.58
2025-02-06,Paid Social,2618.58,320562,3950,104,7274.39
2024-10-17,Email,97.79,76529,3306,194,11661.77
2024-12-06,Paid Search,779.07,32809,1207,54,3984.5
2024-09-30,SEO,201.2,214030,4022,134,8801.67
2024-03-14,Paid Social,1359.05,158528,1680,49,3573.36
2024-11-02,Paid Social,1973.82,244856,2636,79,5722.54
2024-12-04,SEO,198.35,216012,4334,117,7778.92
2024-06-04,Paid Search,621.34,28343,899,37,2728.24
2025-10-08,Paid Social,3651.74,413960,5308,118,8655.34
2024-09-17,Paid Search,687.53,31209,1079,47,3626.17
2024-03-02,Email,66.84,51628,2201,141,8595.66
2025-09-08,Paid Search,823.11,41143,1515,63,4343.27
2025-06-02,Paid Search,776.95,32929,1053,42,3407.02
2025-10-04,SEO,182.09,219072,4460,118,7888.53
2024-04-22,SEO,174.42,197241,3992,140,10574.31
2025-02-18,paid social,2737.93,296781,3359,90,6112.8
2024-10-23,Paid Social,2591.1,327711,3460,82,5358.62
2024-09-11,Paid Search,740.43,32385,1251,60,4633.01
2025-04-07,Email,104.68,88740,4471,248,15494.15
2024-06-24,Paid Social,1600.99,173811,2336,56,4018.13
2024-05-23,SEO,197.81,208154,4163,127,8298.05
2024-01-14,SEO,150.54,167770,3107,82,5854.05
2024-12-14,SEO,132.52,156914,2842,91,6992.19
2025-01-24,Email,83.45,63156,3004,175,9984.54
2024-11-20,SEO,185.82,203540,4649,135,8559.7
2024-11-07,Paid Social,2133.49,256643,3197,90,6248.84
2024-12-29,Email,72.13,59799,3089,206,11857.5
2025-05-20,Email,105.15,80285,3483,199,12495.56
2025-05-17,Paid Search,565.7,27990,947,45,3377.87
2024-10-22,email,105.88,83968,3868,257,15527.8
2025-05-28,Paid Search,620.04,27720,895,34,2295.24
2025-06-13,Paid Social,3312.71,360722,4320,102,7485.99
2024-04-27,Email,69.72,62494,2622,183,10807.31
2024-02-15,Paid Search,726.79,34649,1195,58,4417.01
2025-07-02,Paid Social,3857.67,427615,5476,108,6685.52
2024-08-03,Paid Social,1297.75,149180,1542,42,2573.72
2025-05-06,SEO,208.96,213836,4406,149,9696.05
2025-08-06,SEO,218.79,236263,4655,149,10326.26
2024-12-22,SEO,128.31,154542,2874,86,6008.42
2024-03-31,Email,78.68,61376,2464,170,10435.71
2025-07-18,PAID SEARCH,801.56,36807,1384,65,4758.55
2025-02-13,Paid Social,3009.51,345955,4555,100,7368.91
2024-03-07,SEO,176.16,212128,4656,163,11986.74
2025-08-23,Paid Social,2495.28,306892,3515,86,5656.35
2025-09-29,Paid Search,809.85,40287,1568,77,5735.48
2025-06-09,SEO,228.26,244330,4579,147,10884.83
2025-10-13,paid social,3933.25,424791,5148,85,5846.45
2025-03-18,Paid Search,676.41,32098,1241,61,4556.83
2024-02-09,Paid Social,1173.14,130812,1410,42,2762.58
2025-05-26,Paid Social,3330.82,396459,5012,107,6906.03
2024-07-27,Email,69.18,53819,2297,156,10009.14
2025-03-12,Paid Search,790.79,33825,1110,50,3640.98
2024-04-22,Paid Search,734.23,32467,1268,56,4308.22
2024-06-02,Paid Social,1238.57,142655,1477,47,3024.57
2024-08-21,Email,90.51,79215,3729,272,17175.73
2024-05-06,Paid Social,1493.31,166364,1738,45,3328.72
2024-01-08,SEO,160.56,160835,3258,102,6671.28
2025-08-22,SEO,238.13,254429,5738,187,12506.52
2024-01-22,SEO,154.93,167394,4033,143,10104.57
2025-02-16,Email,64.52,52710,2189,126,8085.31
2024-08-12,Paid Social,2153.98,228100,2584,61,3812.46
2024-07-18,SEO,191.35,222427,5175,146,11170.92
2024-05-30,Paid Social,1538.4,170039,2142,51,3437.97
2024-01-06,Email,63.89,49211,2538,145,9015.87
2024-06-05,Paid Search,643.6,28119,880,35,2343.1
2024-11-28,Paid Social,2609.37,332418,4065,104,7330.03
2024-09-04,Paid Social,2005.07,238209,2793,86,6015.52
2024-01-12,Paid Social,921.58,103858,1364,39,2780.6
2024-10-14,Email,91.51,79568,3328,220,14403.84
2025-06-08,paid social,2445.11,307690,3383,79,5150.51
2024-01-20,SEO,132.84,159580,2874,85,6158.33
2025-01-21,Email,112.28,95971,4829,302,19482.02
2024-12-26,Paid Search,730.46,30261,925,46,3703.34
2025-02-15,Email,71.2,64849,2858,165,9596.43
2025-03-26,Paid Social,2677.77,285555,3149,87,6081.36
2025-05-11,Email,71.84,57131,2760,205,13194.6
2024-11-12,Email,90.68,75351,3745,243,15549.67
2024-04-14,SEO,144.49,145011,3442,105,7598.11
2024-09-01,Email,64.75,58842,2398,150,8827.79
2025-09-25,Paid Social,4187.53,531441,6873,124,7973.39
2025-08-25,Email,95.04,86771,4349,269,17257.51
2025-01-21,Paid Social,2562.52,294258,3563,78,5446.31
2024-07-29,Paid Search,740.89,34607,1267,60,4759.57
2025-08-28,Email,97.64,85452,3827,235,13052.65
2025-03-09,Paid Search,573.59,27832,958,48,3395.09
2025-01-19,Email,75.97,60822,2536,177,10869.71
2024-03-30,SEO,132.96,159776,3318,97,6688.73
2025-01-08,SEO,194.24,195646,4366,123,9223.79
2025-10-27,Paid Search,738.88,31759,1127,48,3858.14
2025-09-27,Email,79.72,65705,3280,229,14855.31
2024-07-06,SEO,125.76,129915,3121,107,6896.59
2025-06-03,Paid Search,755.63,37289,1457,71,4764.88
2025-06-10,SEO,197.67,215687,5053,179,11281.63
2025-01-16,SEO,210.39,243363,5283,181,11575.83
2024-07-03,SEO,189.68,206704,4574,161,11719.47
2025-08-18,Email,91.96,71480,3008,170,9478.94
2024-10-28,Paid Search,682.96,31614,1235,53,4102.02
2024-04-23,seo,193.3,222479,5008,148,10571.85
2024-09-24,Paid Social,,275845,3091,85,5451.8
2025-05-27,email,97.43,77944,3124,195,10787.3
2025-09-10,Email,115.32,96826,3996,272,15607.14
2024-11-20,Email,95.5,86989,4347,322,18080.31
2024-11-11,Email,96.8,86516,4272,310,17252.04
2025-05-13,paid social,2782.69,336176,3748,84,5241.11
2024-06-03,Email,97.94,84840,4157,287,15973.82
2025-04-20,Paid Social,2328.09,262188,2736,66,4759.66
2024-10-06,Paid Social,1821.51,200681,2528,62,4458.83
2025-06-21,Paid Social,2661.58,298594,3675,84,6145.36
2025-07-22,SEO,187.08,207800,4075,127,8504.13
2025-05-05,Paid Social,3141.86,394897,5401,105,6904.73
2025-10-23,PAID SOCIAL,3359.86,405332,4535,109,6958.79
2025-08-04,Paid Search,762.54,37010,1303,60,4452.33
2025-03-16,Paid Social,2139.19,276447,3113,72,5123.47
2025-07-15,Email,107.26,94671,3708,223,13762.04
2024-02-05,Paid Social,950.66,118943,1568,43,2753.68
2024-08-29,Email,97.77,82337,3157,213,13727.07
2025-03-16,SEO,140.41,171103,3874,121,8455.5
2025-07-21,PAID SEARCH,707.71,29929,998,50,3793.07
2024-12-19,SEO,195.41,236700,4883,159,11084.2
2025-02-11,paid search,803.95,39684,1491,72,5483.9
2024-05-23,Paid Search,602.33,27800,867,37,2477.05
2024-12-29,Paid_Social,,207255,2219,65,4450.82
2025-06-08,SEO,138.49,154157,2943,82,5786.22
2025-06-19,SEO,236.66,251866,4677,141,9494.79
2024-01-31,Paid Search,683.68,30358,1047,48,3513.04
2024-07-30,SEO,190.3,193449,4104,115,7821.18
2024-07-24,Paid Social,1886.75,217687,2918,92,5893.37
2025-10-24,Paid Search,780.49,38545,1314,64,4973.53
2025-07-03,Email,101.92,87532,3442,232,13694.62
2024-08-04,SEO,151.33,180316,3431,118,8377.97
2025-08-27,SEO,179.21,183324,4187,117,8970.02
2024-09-19,Paid Social,,228427,2494,58,4275.66
2025-04-04,Paid Social,2986.31,354334,4830,98,6906.77
2025-07-30,Paid Social,3713.24,426127,5054,97,6048.82
2024-11-14,Email,89.46,75323,3298,193,11861.41
2024-09-17,SEO,221.77,250661,5079,154,10116.63
2025-03-26,email,93.74,71872,3305,200,12537.53
2024-12-18,Paid Social,2219.1,243139,3132,73,4690.52
2025-02-27,Email,96.61,76948,3411,221,12343.88
2024-12-28,Paid Search,603.86,25062,980,45,3478.93
2024-03-04,Paid Search,568.04,25651,847,40,2709.83
2025-07-18,Email,87.58,69004,3188,192,11476.25
2025-09-08,SEO,235.3,278828,6279,198,14177.13
2025-03-28,SEO,186.83,201346,3675,107,6836.61
2024-07-06,Email,79.38,70781,3050,226,14215.59
2025-10-29,SEO,227.34,254423,5380,151,11050.47
2025-08-12,Email,104.15,91648,4349,261,15976.25
2024-09-02,Paid Search,682.58,33465,1234,55,3876.91
2025-05-22,Paid Search,717.37,34511,1109,57,3914.17
2024-02-08,Paid Search,611.1,26086,891,39,2717.05
2024-04-08,Email,87.83,79885,3579,200,12675.0
2024-06-02,Email,76.83,59479,2720,177,10361.21
2024-05-20,Email,95.67,74298,3300,239,14109.82
2025-01-09,Email,102.43,85431,3925,242,14233.79
2024-07-05,Email,81.69,63962,2996,175,11218.45
2025-04-06,Email,79.74,61685,3091,182,10637.39
2025-03-01,Paid Search,598.61,25788,943,41,2895.25
2024-05-11,Email,75.47,62096,3047,181,11695.93
2024-09-15,Email,77.15,63280,3086,219,14269.56
2025-01-13,Paid Social,2406.81,282953,3893,89,5914.36
2024-10-20,Email,80.06,62244,2467,162,10066.36
2025-09-02,Email,93.81,73988,3799,280,17395.28
2024-12-22,Paid Search,525.71,21822,696,35,2398.62
2024-08-05,Paid Search,711.05,32910,1174,49,3399.47
2024-03-12,SEO,207.51,235554,4667,126,8199.7
2024-09-20,SEO,214.63,237387,4238,113,7707.92
2024-06-29,SEO,125.93,132360,2757,94,6470.59
2025-10-05,Paid Search,545.16,26166,1050,53,3678.87
2025-05-30,SEO,219.57,245808,4781,127,9547.21
2024-02-01,Paid Social,1065.0,121707,1486,36,2594.04
2024-10-08,Paid Search,772.62,32447,1166,52,4043.66
2024-12-08,SEO,136.97,162256,3530,106,8157.69
2025-09-10,Paid Search,672.76,30075,1043,40,3108.69
2024-09-26,Email,89.54,71251,3444,195,11768.35
2024-04-06,Email,68.26,51259,2270,126,8115.44
2024-05-14,SEO,169.77,171468,3926,135,9263.98
2024-11-23,Paid Social,1658.79,203813,2252,54,3991.8
2025-03-15,Email,84.49,67255,2792,201,12974.8
2024-09-24,SEO,172.84,201681,3720,129,8845.48
2024-08-25,Paid Social,1357.42,144511,1846,45,3251.79
2025-08-13,Email,102.65,86527,4181,241,15298.35
2025-01-18,SEO,142.35,142922,2735,86,6065.97
2024-08-19,SEO,205.13,219034,4534,138,9391.82
2024-02-20,Paid Search,634.03,29403,937,45,3291.21
2024-10-30,Email,89.56,79956,3419,215,13685.84
2024-06-10,Email,107.16,80758,3404,192,10738.93
2024-07-21,Paid Social,1424.62,166673,1908,52,3339.46
2025-08-22,Paid Search,838.12,40479,1613,68,4605.22
2025-03-04,Email,107.85,91912,3964,278,17768.17
2025-04-16,Paid Search,785.12,38184,1245,54,3984.11
2024-04-28,Paid_Search,502.37,21858,794,32,2376.9
2025-08-02,Paid Search,594.59,26750,849,42,3413.63
2024-09-02,SEO,214.18,257108,4830,150,10396.55
2024-04-05,Email,84.85,66079,3085,226,13128.03
2024-10-09,Email,81.64,68105,3082,207,12649.66
2025-03-19,Paid Social,2546.64,282000,3613,93,6880.63
2024-11-25,Paid Social,2683.89,285184,3321,87,5940.07
2025-10-29,Paid Search,731.59,36041,1199,48,3397.06
2025-05-03,SEO,161.76,178273,3450,117,8145.6
2024-12-04,Paid Social,2432.13,289105,3416,83,6065.8
2024-01-29,email,87.25,69057,3551,252,15808.33
2025-03-16,Email,83.87,74663,2998,219,13954.88
2025-05-01,Paid Social,2838.09,347595,4346,88,5949.59
2025-07-02,Paid Search,703.64,32851,1189,51,4055.38
2024-12-19,Paid Search,601.74,25228,835,42,3129.71
2025-01-19,SEO,135.24,164781,3721,109,8063.47
2024-07-25,SEO,209.87,219419,4902,153,10447.97
2024-09-28,Paid Search,568.52,23969,817,37,2622.16
2025-02-25,Paid Search,640.5,30978,1070,43,3051.27
2024-08-27,Paid Search,663.86,27962,1104,44,2987.26
2025-01-10,Paid Search,602.27,29671,979,45,3450.24
2025-09-24,Paid Search,725.71,30843,1105,55,4216.97
2025-05-01,SEO,190.98,198118,4665,125,9493.5
2025-10-23,Email,88.83,69623,2872,194,11198.6
2024-09-27,SEO,188.99,202220,3758,111,8037.04
2024-06-12,Email,85.6,76546,3894,219,13951.68
2024-02-03,Paid_Search,469.97,22180,776,33,2226.52
2024-01-12,Email,80.02,62667,2479,167,9514.18
2024-05-06,Paid Social,1493.31,166364,1738,45,3328.72
2024-10-29,seo,219.02,230505,5359,151,10484.2
2024-02-29,SEO,161.42,189026,4509,128,8697.38
2025-02-04,Paid Social,2555.32,285247,3674,82,5679.7
2024-07-29,Paid Social,1962.6,226795,2440,75,5460.09
2025-01-30,Paid Search,730.49,31799,970,42,3002.15
2025-09-17,Email,99.23,79875,3825,229,13943.63
2024-07-24,Email,101.84,83365,4284,286,16653.64
2024-11-28,SEO,221.46,232054,4981,134,9628.87
2024-02-15,Paid Social,1092.17,133426,1745,52,3788.07
2024-10-13,Paid Social,1603.41,189471,2138,51,3761.25
2024-10-02,Paid Search,781.33,32910,1083,49,3742.84
2024-08-30,Paid Social,2251.01,270429,3061,91,6768.58
2025-04-27,Paid Search,468.16,22766,768,30,2062.31
2024-11-04,Email,107.58,94498,3967,241,13540.94
2024-02-23,Paid Search,710.15,30077,1195,53,4271.87
2025-04-19,Email,85.58,74579,3379,225,15078.04
2025-10-04,Paid Social,2566.08,273163,3379,82,5269.19
2025-10-20,Paid Social,3565.66,441388,5281,107,7976.52
2025-08-18,Paid Search,673.75,30592,928,43,3269.02
2025-07-16,SEO,225.75,255474,4606,160,11175.26
2024-05-02,Paid Social,1614.85,177729,2395,65,4727.42
2025-04-09,SEO,195.55,229693,5081,166,12584.78
2025-06-14,PAID SEARCH,477.71,20696,755,29,2037.89
2025-01-11,SEO,,177042,3605,127,9627.71
2024-10-21,Email,89.0,78052,3763,210,12333.41
2025-10-28,Paid Search,746.44,33817,1076,46,3662.39
2024-02-08,Email,97.42,84190,3456,257,14688.51
2024-07-19,Paid Social,1707.29,204834,2395,67,4258.97
2024-03-23,PAID SOCIAL,986.98,116083,1218,34,2230.16
2024-08-12,SEO,185.29,219115,4918,154,9755.34
2024-08-15,Email,105.94,95093,4873,272,16009.9
2024-03-02,SEO,123.88,139739,2835,95,6635.52
2024-01-06,paid social,729.73,77504,904,28,1985.9
2024-07-27,Paid Social,1242.57,139691,1870,53,3381.0
2025-03-28,Paid Social,3192.49,351265,4811,98,7285.92
2025-08-03,SEO,174.45,175323,3904,122,8489.93
2024-05-30,SEO,202.03,206600,4428,138,10173.57
2024-01-26,Email,100.29,76804,3625,235,12994.98
2025-01-19,Paid Search,522.83,22757,696,32,2594.02
2024-12-21,Paid Social,2103.6,226312,2976,71,4530.45
2025-09-15,Email,114.42,94960,4273,263,15744.95
2024-04-29,paid search,734.24,32770,1107,51,3413.28
2025-08-04,Email,111.04,95222,4559,337,20063.83
2025-05-16,Paid Search,832.2,37006,1288,62,4462.14
2024-02-10,SEO,154.02,176449,3641,112,7365.84
2024-02-23,Email,92.84,84282,3567,244,14546.86
2025-06-07,Paid Social,2592.54,278298,3028,85,6212.27
2024-10-12,Paid Search,463.86,19281,640,29,2033.86
2024-05-21,Paid Social,1438.31,179250,1975,55,4029.33
2025-10-11,SEO,181.85,198464,3771,108,8099.23
2025-06-04,SEO,213.2,259177,4994,148,11188.92
2025-05-27,SEO,224.56,268358,6075,164,11131.48
2025-05-29,SEO,175.3,213657,5055,146,9779.48
2024-03-12,paid search,714.0,34140,1323,53,3698.26
2025-01-02,SEO,187.86,226535,5448,167,11013.71
2025-08-18,Paid Social,4137.47,452652,5340,90,6342.94
2024-03-11,SEO,200.65,227707,4222,119,8139.14
2024-06-22,Paid Search,492.55,23614,949,42,3387.8
2024-11-09,SEO,157.29,164981,3797,121,9113.02
2025-05-06,Email,111.94,102274,5021,283,17102.0
2025-07-24,SEO,183.78,204907,4888,159,10071.86
2025-03-12,Email,105.43,94377,4492,307,19044.4
2025-08-31,SEO,147.35,178386,3815,134,8690.21
2024-05-02,Paid Search,685.47,30903,1212,53,3537.14
2024-10-31,SEO,193.85,210708,4580,127,8112.88
2025-09-20,Email,65.45,49234,1932,130,7823.61
2024-12-29,SEO,154.11,187448,3855,116,8424.9
2025-07-10,Email,104.91,94599,3904,230,14853.3
2025-04-29,SEO,224.98,240115,5773,193,12659.25
2025-09-30,Email,105.21,88582,3476,232,14844.56
2024-10-19,Paid Search,463.26,19539,651,29,2056.91
2025-06-02,Email,96.02,75665,3591,215,13515.04
2024-03-31,SEO,152.34,183887,4371,154,11161.5
2025-02-19,Email,101.75,88656,3866,246,14439.31
2025-08-17,Email,64.99,54343,2624,160,9186.58
2024-10-20,SEO,166.97,188832,4366,138,10340.07
2025-06-01,SEO,148.08,160739,3113,82,5206.84
2024-06-08,Paid Search,573.46,27076,852,42,3233.68
2025-10-07,SEO,222.45,269311,4829,167,11835.37
2025-03-19,Email,95.46,85986,3547,207,13289.09
2025-01-02,Email,103.55,82791,4235,297,17313.32
2024-04-15,Paid Social,1177.08,129539,1404,42,2894.41
2024-03-13,SEO,159.02,190518,4550,126,9011.51
2024-07-23,Paid Social,2037.52,234309,2723,66,4835.57
2024-03-14,SEO,172.01,190850,3925,124,7975.49
2025-06-29,Paid Search,479.85,22821,892,43,2942.01
2025-10-04,Paid_Search,544.92,26639,852,42,2865.16
2024-03-25,SEO,172.27,200492,4239,115,8675.27
2025-09-09,Paid Search,826.58,35214,1163,49,3817.98
2024-11-22,Paid Social,2491.27,320070,4079,106,7512.09
2025-03-25,SEO,178.85,196111,3832,135,8562.64
2025-01-14,Paid Search,688.71,30669,985,50,3716.24
2024-11-30,Email,79.67,68080,3397,244,14893.9
2025-10-30,SEO,231.17,234704,5171,156,10199.58
2024-04-04,Paid Search,573.55,25409,1010,38,2810.16
2025-02-12,Paid Social,2751.73,352552,4579,122,8132.46
2024-02-27,SEO,205.62,215451,4970,134,10186.49
2024-01-30,SEO,180.9,218689,4590,142,9934.41
2025-04-30,Paid Search,747.14,30801,1231,53,3689.78
2024-05-15,Paid Social,1392.92,154450,2103,59,3829.63
2024-10-03,Paid Search,688.45,28256,1097,43,3221.05
2025-03-15,Paid Search,458.32,22683,700,30,2148.07
2024-06-27,Email,94.76,76466,3257,196,12490.48
2024-05-25,SEO,122.04,141885,2567,85,5767.89
2024-06-14,Email,89.59,67974,3225,184,10858.15
2025-08-29,SEO,202.1,233452,5620,191,12281.15
2024-03-27,Email,102.41,81748,4165,301,18036.25
2025-05-17,Email,69.63,55180,2224,133,7884.72
2024-01-16,Email,77.65,68198,3123,186,11760.06
2024-10-03,Email,106.62,91072,3975,230,12997.91
2024-04-04,Email,96.39,86834,3594,212,13735.41
2025-03-02,SEO,150.29,169705,3109,103,7846.13
2025-05-05,Paid Search,728.42,31560,1112,53,4300.31
2024-06-06,Email,104.43,86314,3475,259,16013.39
2025-01-29,SEO,210.89,240188,5658,168,11563.86
2025-02-24,SEO,184.72,212955,3983,132,9039.86
2024-06-13,Paid Search,763.15,37460,1360,69,5220.67
2025-08-19,SEO,212.71,216735,4561,143,9308.1
2024-09-22,Paid Search,485.45,20096,732,33,2442.93
2025-10-03,SEO,224.91,250032,5009,157,10611.73
2025-06-02,SEO,191.65,228854,5305,152,10154.63
2025-05-31,SEO,161.63,176432,3621,129,8298.45
2025-03-30,Email,81.72,73849,3819,219,13664.96
2024-03-18,Paid Social,1209.17,130560,1774,47,3506.54
2025-08-12,Paid Social,3769.14,423900,4600,93,6428.9
2025-03-29,Email,84.51,65049,3042,175,10937.47
2025-04-30,Paid Social,,296640,3859,85,5539.0
2025-09-16,Paid Social,3914.87,441845,5148,86,6276.94
2025-09-15,SEO,210.31,227230,4613,129,9579.48
2025-05-11,Paid Search,608.31,27473,1000,48,3202.92
2024-03-28,SEO,192.92,228442,5046,173,12103.63
2025-10-09,Paid Social,3549.24,416393,4456,79,5329.35
2024-08-23,Email,91.53,72662,2861,182,10556.72
2025-03-04,Paid Search,797.24,34365,1110,56,4079.4
2024-10-09,PAID SEARCH,606.64,28671,893,38,2531.17
2024-06-11,Paid Social,1444.51,157002,1814,51,3733.31
2025-06-03,Paid Social,2966.11,370414,4472,102,7622.92
2024-01-04,Email,89.52,76726,3361,193,11058.15
2024-01-28,Paid Search,507.9,24811,767,34,2292.74
2024-03-08,Paid Search,637.56,28686,1153,54,4059.47
2024-03-24,Paid Social,896.67,108400,1443,44,2891.95
2025-03-06,SEO,229.04,244523,5498,169,11044.33
2025-09-11,SEO,204.56,220404,4504,146,10047.32
2024-12-03,Paid Search,683.68,31907,1106,49,3372.48
2025-07-16,Email,109.78,98313,4575,295,17259.29
2024-09-10,Email,99.99,79837,3693,263,15035.2
2025-04-01,SEO,187.28,195836,4695,150,10897.24
2024-05-16,SEO,188.72,219981,4547,155,11032.29
2024-11-17,Paid Search,478.28,23758,811,40,2815.96
2024-03-10,SEO,121.55,127104,2764,88,6682.21
2024-09-09,Paid Social,1943.61,239205,3253,103,7009.85
2025-02-16,seo,133.74,142511,3397,92,6209.76
2024-08-01,Paid Social,1817.4,208897,2153,65,4225.49
2025-05-04,Email,73.65,59260,2842,169,10894.24
2024-09-15,Paid Social,1455.38,156824,1615,41,3057.61
2025-10-12,SEO,163.28,164880,3516,100,6703.68
2024-04-26,Email,84.64,74548,3209,216,12225.17
2024-08-06,SEO,205.8,244028,4766,135,9690.25
2025-07-13,Paid Social,2437.41,304811,3986,116,8430.32
2025-05-29,Paid Search,795.08,35087,1390,64,4735.39
2025-01-13,SEO,196.9,234402,5129,173,11057.25
2024-11-22,Email,109.1,93808,4775,323,19643.46
2024-09-01,Paid Search,588.33,25711,1008,51,4093.01
2025-02-28,paid social,2423.83,261840,3293,80,4949.47
2025-04-23,Paid Search,704.0,35059,1083,52,3861.61
2025-10-06,Paid Social,3974.53,498543,5589,101,7381.76
2024-10-04,Paid Social,1854.22,237018,2625,74,5312.38
2024-01-11,Email,100.49,88160,4275,312,18691.17
2025-08-19,EMAIL,93.38,81345,3734,277,16877.73
2025-05-19,Email,92.43,75389,3225,194,12326.58
2025-07-19,Email,83.64,64292,2460,160,9153.54
2024-03-05,Paid Social,1301.61,165816,1692,52,3341.84
2024-10-07,SEO,217.46,253984,5432,190,13168.63
2025-01-27,Email,88.49,80705,4165,298,18019.2
2025-07-14,Paid Social,3171.73,395593,5193,113,8138.31
2024-01-06,SEO,127.15,133758,2532,82,6197.58
2024-03-06,Paid Social,1358.24,170062,1803,55,3397.24
2024-12-23,SEO,220.85,252857,4692,156,10263.28
2024-02-20,Paid Social,1075.02,137323,1817,48,3059.31
2024-06-23,SEO,136.19,157065,3472,102,7772.37
2024-07-10,Email,106.57,88012,3541,236,15319.36
2025-03-24,Paid Search,709.39,33088,1270,54,4043.42
2025-04-03,Paid Social,3075.6,332754,3553,79,5601.65
2024-02-04,Paid Social,843.4,96333,1134,34,2205.7
2024-01-16,Paid Social,1068.6,115396,1431,44,2880.5
2024-08-09,SEO,191.56,191880,4617,125,9305.23
2025-05-16,Email,113.12,98765,4302,261,16196.28
2024-04-05,Paid Search,654.28,27153,1054,40,2799.7
2025-09-30,SEO,203.05,208596,3780,101,7575.77
2025-01-24,Paid Social,2927.56,355326,4558,119,8324.57
2024-10-07,Paid Social,2198.82,256514,2675,61,3900.1
2025-09-03,Paid Social,3157.31,343742,3610,73,5122.01
2025-01-13,Paid Search,659.58,29508,899,36,2789.65
2024-09-10,Paid Search,735.05,36170,1192,52,4065.99
2024-01-04,Paid Search,639.8,29937,893,46,3443.73
2025-02-26,Email,111.8,86028,4394,243,15511.84
2024-08-08,SEO,179.18,202537,4560,145,10481.11
2024-06-03,Paid Search,656.9,31718,1103,56,4372.09
2025-01-27,SEO,183.91,218283,4958,141,9183.56
2025-01-15,Paid Social,2351.46,295215,3462,80,5062.68
2025-04-16,Paid Social,3016.63,327399,3790,87,6346.73
2025-02-10,Paid Search,632.06,25893,1032,41,3251.73
2024-12-22,Email,80.64,69910,3133,186,12479.94
2025-09-14,Paid Search,620.95,27821,876,41,3305.82
2025-02-21,Paid Search,616.25,28939,1018,45,3212.85
2025-10-22,Paid Social,4425.01,480930,6307,91,5941.38
2024-09-08,SEO,123.84,129015,2733,85,6288.35
2024-01-18,Email,101.5,85506,3687,265,17033.41
2024-06-18,SEO,204.31,223602,4127,126,9587.15
2024-10-16,Paid Social,2014.41,240693,2960,70,5005.52
2024-03-06,Paid Search,733.33,33715,1091,55,4096.23
2025-10-25,Email,,66624,2977,188,10369.05
2024-04-27,Paid Social,1129.4,122103,1264,40,2637.01
2024-07-18,Email,83.21,70884,2927,207,11780.15
2024-06-04,SEO,193.45,199549,4741,149,10970.54
2025-03-28,Paid Search,638.89,26294,981,48,3498.86
2024-12-26,Email,92.49,78893,3244,215,12176.52
2024-09-21,SEO,141.01,148334,2752,75,5690.27
2024-12-07,Email,69.33,60504,2451,156,9027.24
2024-10-07,Paid Search,664.39,32908,1219,56,3775.45
2025-06-04,Paid Search,679.23,28981,1092,42,3126.74
2025-10-26,Email,74.34,59317,2874,185,11065.0
2025-10-07,Email,106.96,84185,3619,219,13567.36
2024-05-06,Paid Search,589.51,29236,1132,49,3826.24
2025-10-13,SEO,191.6,211045,4286,130,9850.07
2025-07-22,Paid Search,771.73,37158,1353,56,4520.27
2024-11-30,SEO,,181402,3765,133,9720.18
2024-12-01,Email,63.38,56219,2897,172,10705.66
2024-11-25,Email,86.77,73814,3216,232,14654.25
2025-01-17,Paid Social,2553.29,317363,3968,85,5303.26
2024-04-23,Email,98.63,86097,4378,277,18248.72
2024-11-19,Paid Social,2080.32,263953,3450,95,6034.29
2024-06-30,Email,79.66,60728,2723,188,10374.06
2024-07-30,paid social,1701.07,205558,2709,78,5615.34
2024-05-12,Paid Search,537.52,22332,687,30,2315.18
2025-05-22,Email,114.33,94076,4602,306,18980.0
2024-09-16,Paid Social,,266150,3006,78,4949.44
2024-10-26,SEO,160.33,193440,4291,130,9909.58
2024-03-17,PAID SOCIAL,,101787,1235,32,2180.53
2025-08-21,Paid Search,745.4,33426,1080,51,3798.87
2025-04-23,Email,103.29,79811,3743,254,16194.87
2025-04-05,Paid Search,592.66,24275,855,37,2511.61
2025-05-03,Email,65.68,59611,2963,169,10097.21
2025-06-16,Email,107.18,84923,4091,229,14761.85
2024-07-17,PAID SOCIAL,1788.57,206794,2283,59,4270.4
2025-10-31,Paid Search,671.81,28518,1031,44,3523.38
2025-07-24,Email,93.76,80549,3844,228,14360.57
2025-03-13,Email,91.52,78637,3230,220,14456.2
2024-02-08,SEO,172.25,181013,3814,134,9774.19
2024-04-29,paid search,734.24,32770,1107,51,3413.28
2025-09-24,Paid Social,3922.94,421264,5587,92,6563.37
2025-10-16,SEO,208.36,254574,5168,165,11176.12
2025-02-08,Paid Social,2141.55,235088,2564,77,5752.21
2024-10-15,Paid Search,673.59,27697,1059,42,2836.13
2024-10-01,Paid Social,2130.35,231550,2883,79,5164.93
2024-08-22,Paid Social,2174.88,264742,3310,88,5386.49
2025-04-21,SEO,203.36,247498,4447,155,11353.38
2025-04-04,Email,113.6,91109,3902,249,15878.72
2025-07-05,SEO,132.54,154228,3028,100,6368.03
2024-10-20,Paid Search,533.74,25624,965,48,3544.17
2025-07-27,PAID SEARCH,576.56,28706,928,42,3154.13
2024-08-01,Paid Search,738.47,31761,1132,45,3325.23
2024-06-01,Paid Social,1315.88,161825,2006,62,4482.72
2025-03-29,Paid Social,2151.62,240712,3082,75,5352.94
2025-09-29,Email,105.88,91720,3829,219,13200.69
2025-07-18,Paid Social,3969.3,441243,4896,81,6002.22
2024-07-08,Paid Social,1707.92,188709,2093,65,4842.7
2025-03-01,Paid Social,2289.36,265041,3247,79,5537.38
2024-05-02,SEO,160.61,164170,2930,100,6665.36
2025-10-18,Email,68.65,55498,2430,155,8650.89
2025-08-29,Paid Search,724.94,33739,1331,59,4584.98
2025-07-29,email,113.09,90213,4139,255,14966.5
2024-12-07,Paid Search,532.32,25333,787,31,2258.46
2025-04-02,Email,100.9,78372,3552,234,15351.93
2025-05-14,Paid Search,629.65,29740,1045,41,3095.28
2024-11-05,Paid Search,792.02,38080,1134,57,3834.35
2024-10-14,SEO,185.93,210106,3857,135,9363.9
2024-08-06,Email,95.79,84299,4145,232,13734.15
2025-01-28,Paid Social,2618.31,331406,3728,98,6860.15
2024-10-13,Paid Search,460.5,18867,750,38,2636.6
2024-01-26,Paid Social,1064.58,117573,1281,30,1911.86
2025-01-07,SEO,170.04,194925,3802,111,7392.96
2025-05-24,Paid Social,2077.1,253424,3304,85,6003.38
2024-02-02,EMAIL,94.35,79656,3524,253,16083.33
2024-05-24,Paid Search,579.77,23747,931,38,2544.97
2024-12-25,seo,225.21,257152,5944,174,11966.86
2025-01-08,Email,100.31,83021,3209,209,13113.65
2024-04-07,Paid Social,894.42,101825,1052,26,1647.55
2024-12-15,Email,79.32,70880,3051,191,10700.02
2024-08-07,Email,90.72,76783,3374,234,13800.43
2024-09-27,Paid Social,1972.79,213684,2784,79,5354.04
2024-09-05,SEO,211.52,248971,5292,146,10531.16
2025-05-08,SEO,220.76,224289,4503,148,9443.67
2025-04-08,Email,96.51,79619,3752,225,12381.41
2024-01-12,Paid Search,635.55,26234,1013,44,3242.55
2024-03-22,Paid Social,1306.66,151542,1662,45,3244.31
2025-08-07,Paid Search,749.27,33735,1157,53,4106.17
2025-03-03,Email,93.11,78790,3745,249,14236.49
2025-10-03,Email,101.03,85378,3310,209,11887.96
2024-01-23,PAID SOCIAL,1080.39,120095,1340,33,2144.38
2025-01-22,Paid Search,813.36,38402,1456,68,4745.08
2025-07-27,Email,70.63,55676,2448,144,7947.74
2025-01-18,Paid Social,2246.11,259010,3145,93,6701.15
2025-04-25,SEO,176.62,206621,4858,134,9605.3
2024-09-20,Email,105.23,85587,4065,235,13010.23
2024-11-10,Email,78.58,68796,2832,200,12088.49
2024-08-07,SEO,192.67,207998,4640,123,9189.63
2025-04-06,Paid Social,2398.29,258800,3168,88,5712.3
2025-04-05,SEO,149.16,164080,3363,106,7091.69
2025-07-29,Paid Search,838.27,38168,1228,63,4306.18
2025-09-11,Paid Search,692.64,30137,1029,45,3585.53
2024-05-29,Email,83.58,64124,2648,149,8791.35
2025-03-14,Paid Search,758.64,35668,1254,64,5138.16
2024-02-25,Paid Search,432.96,18911,679,27,1854.81
2024-01-09,SEO,,187094,4180,121,8126.91
2024-08-19,Paid Social,1702.41,205797,2513,66,4781.63
2025-01-06,Email,93.44,81196,3747,241,13682.81
2024-10-30,Paid Social,2608.56,314185,3601,94,6674.77
2025-07-17,Paid Social,3363.29,370405,3902,71,5211.15
2025-07-19,Paid Social,2835.95,306565,3860,99,7299.54
2025-05-10,Paid Social,2073.17,266998,3327,85,6310.09
2025-07-04,Paid Social,3888.17,439929,6061,120,7476.79
2024-04-23,PAID SEARCH,680.3,28990,1045,46,3442.12
2025-04-01,Email,103.23,80340,3742,218,14417.14
2025-07-14,SEO,212.96,227607,4656,141,9916.64
2025-09-29,Paid Social,3449.32,442007,5672,105,7446.17
2024-12-27,Paid Social,2779.57,306584,3202,85,6328.67
2024-01-08,Paid Social,800.84,87294,973,27,1846.79
2024-09-29,Email,75.04,62245,3026,211,12571.62
2024-01-21,Paid Social,688.4,80019,989,24,1696.28
2025-04-13,Paid Social,2092.87,242501,2539,74,5424.17
2025-06-09,Paid Search,759.89,36863,1421,67,5153.26
2024-04-08,Paid Search,573.94,26002,952,47,3388.32
2025-04-08,Paid Search,814.19,39090,1469,58,4318.98
2025-05-28,Email,101.78,88047,3735,251,14988.94
2025-01-15,Email,104.73,89665,4187,232,15484.95
2025-10-16,Paid Search,830.78,40710,1301,50,3360.07
2025-08-07,Paid Social,3168.13,390255,4308,84,5231.96
2024-12-11,Paid Social,,299740,3311,82,5587.02
2024-09-28,Paid Social,1425.19,176281,1951,48,3009.58
2025-09-06,Paid Social,2956.22,341628,4308,103,7188.93
2024-06-17,Paid Search,685.77,28474,1113,43,3484.25
2024-04-08,SEO,158.42,181194,3806,101,7359.18
2024-04-20,email,66.47,59273,2827,191,12033.29
2024-10-25,Paid Social,2385.12,302046,3493,87,5642.68
2025-08-19,Paid Search,712.64,29652,980,49,3973.43
2024-02-10,Paid Social,748.58,83182,928,28,2050.6
2024-05-27,Paid Search,733.32,35345,1392,58,4653.28
2024-10-02,Email,93.19,80851,3593,250,13956.69
2025-10-19,Email,75.64,62760,2735,182,12191.55
2024-05-22,Email,87.05,67532,3065,175,11603.83
2024-09-16,seo,213.74,217672,4209,112,7121.73
2025-02-24,Email,87.85,71144,3257,182,10229.0
2025-09-08,email,114.15,88914,4126,266,17734.85
2024-07-23,SEO,210.95,244645,5281,145,9859.26
2024-07-01,Paid Search,605.59,29281,1068,41,3233.23
2025-03-08,Paid Search,473.93,20397,630,25,1892.94
2024-05-30,Paid Search,620.46,30863,1139,53,3533.49
2024-01-31,Paid Social,956.15,102036,1269,37,2360.3
2024-07-28,Paid Social,1414.27,171105,1761,55,3656.89
2024-11-02,SEO,126.14,142404,3188,110,7967.7
2025-06-15,Paid Social,2812.7,326977,4162,84,5855.06
2025-04-15,Paid Search,687.11,30366,915,43,3355.19
2025-07-17,SEO,,239822,4886,146,10717.54
2024-10-24,Email,106.62,85364,3755,227,14733.46
2024-02-09,Paid Search,703.74,30665,1088,52,4012.28
2024-06-07,Email,79.26,68204,3290,225,14922.1
2024-01-10,Email,88.7,69843,3263,204,13650.39
2024-07-27,SEO,159.54,173888,3198,84,6387.66
2024-08-11,Paid Search,493.41,22357,725,28,2153.17
2025-08-02,Email,69.07,55802,2224,145,8680.78
2024-12-11,Paid Search,602.48,28299,934,40,3131.48
2024-09-16,Email,107.72,91286,4047,285,17704.04
2024-12-10,Paid Social,2459.28,314212,4105,117,8238.06
2024-05-01,Email,90.04,78272,3374,204,11329.63
2024-10-28,Email,94.45,82636,3314,201,12414.84
2025-01-12,Paid Social,1890.25,219366,2498,67,4793.19
2024-04-03,Paid Social,1305.73,142800,1665,39,2589.07
2025-03-27,SEO,215.81,245404,4782,156,11910.28
2024-01-21,SEO,136.71,144440,2645,84,6138.81
2024-12-19,Email,99.14,83398,3342,203,12790.95
2024-03-21,paid social,1322.7,157841,1757,55,3520.13
2024-12-13,Paid Social,2571.67,278574,3527,84,5248.45
2024-06-06,SEO,186.44,214079,4342,126,8171.04
2024-11-14,Paid Search,672.86,28413,950,44,3282.91
2025-08-16,Email,72.03,65475,3079,187,10799.21
2025-07-19,SEO,178.29,210049,4466,145,10358.26
2025-01-04,Paid Search,451.57,19776,671,32,2413.69
2025-06-23,SEO,212.55,223319,4115,135,8646.63
2024-02-24,Paid Social,745.17,95370,1300,40,2520.53
2025-04-27,Paid Social,2531.35,317385,4317,94,6944.41
2025-03-27,Email,97.11,84645,4138,258,16938.66
2025-07-06,Paid Social,2514.79,268117,3110,83,5728.82
2025-02-07,Paid Social,2628.14,301245,3171,72,4553.85
2024-06-07,SEO,203.21,237664,5366,159,11687.16
2024-09-13,paid social,2287.28,287115,3123,80,5150.8
2025-09-27,Paid Search,510.34,23662,760,30,2241.99
2025-10-18,Paid Social,2899.37,315439,3694,93,5906.23
2024-06-14,Paid Social,1600.53,191278,2089,57,3969.16
2025-06-16,Paid Social,3139.09,379608,4854,119,7386.72
2025-04-07,Paid Social,3065.93,381091,5119,111,8216.65
2025-06-27,Email,94.16,72957,3567,212,13251.88
2024-06-22,Email,63.93,52547,2215,159,9791.16
2024-05-14,Paid Social,1507.0,191259,2197,66,4291.78
2024-01-26,SEO,192.33,220018,3985,134,8848.43
2025-07-11,Email,113.1,89441,3628,253,16459.44
2024-05-17,Paid Search,722.36,30347,1052,51,3923.12
2024-11-28,Email,108.69,99097,4618,262,14405.03
2024-12-26,SEO,210.56,237879,5402,147,11141.9
2024-04-17,Email,84.0,73680,3151,217,14112.68
2024-06-17,SEO,162.98,195257,3791,128,8920.38
2024-04-03,Paid Search,695.77,30832,1190,59,4683.22
2025-08-05,Paid Social,3299.64,412719,4659,113,7594.4
2025-10-02,Email,88.06,73113,3503,218,12974.79
2024-03-12,Email,78.08,66644,3007,173,11029.14
2024-10-17,SEO,192.16,207268,3829,128,8414.93
2024-08-13,Paid Search,772.63,34803,1389,54,3731.24
2025-09-05,Paid Social,3721.15,450379,6213,126,9131.86
2024-05-03,Paid Social,1671.87,207570,2416,71,4425.86
2025-02-23,Paid Social,2130.69,230165,2588,61,4497.94
2025-10-22,SEO,218.83,264275,4902,173,11761.39
2025-05-03,Paid Search,472.8,21542,859,36,2522.25
2025-08-22,Email,99.74,85404,3591,259,17211.36
2024-07-07,Paid Social,1227.92,144140,1596,42,2686.77
2024-07-04,Email,96.03,75871,3032,212,12693.98
2025-05-23,Paid Social,3122.38,390227,5194,123,7599.07
2025-03-08,EMAIL,76.71,58911,2821,178,9971.36
2025-06-11,Paid Search,765.18,34553,1189,57,4133.29
2025-09-23,Email,107.32,96438,4787,321,20129.04
2024-02-28,SEO,202.13,206107,4162,127,9391.29
2024-08-18,Email,75.88,64412,3204,225,13760.09
2025-06-01,Paid Search,522.03,23624,828,36,2808.24
2024-10-15,Email,101.62,81623,4050,248,14518.77
2024-06-12,Paid Social,1616.16,197395,2279,62,4238.26
2024-12-18,SEO,176.86,208749,4428,143,9160.71
2024-06-30,Paid Search,546.89,25889,902,39,3007.54
2025-08-13,SEO,207.86,239188,4543,143,9656.36
2024-04-11,Paid Search,712.41,34759,1301,58,3938.53
2024-01-17,Paid Search,726.33,34449,1366,66,5083.67
2024-12-26,Paid Social,,318416,4111,112,7098.53
2024-01-10,paid search,581.4,25315,778,35,2533.34
2024-03-30,Email,60.11,50365,2089,142,7998.2
2025-01-09,SEO,214.83,260539,5591,164,11297.71
2025-09-17,Paid Social,3835.95,414496,4713,83,5894.07
2024-12-14,Email,65.44,58221,2364,151,9827.14
2024-03-26,Paid Social,1117.3,140622,1868,56,3895.5
2024-03-21,Email,86.14,65923,2737,182,11806.28
2024-08-12,Email,92.99,74546,3122,200,13378.67
2025-03-15,SEO,161.69,169842,3038,96,6699.29
2024-09-03,Paid Search,668.49,32612,1138,45,3285.09
2025-09-15,Paid Social,4089.07,471354,5012,93,6720.18
2025-04-12,Paid Social,2135.1,241969,2719,71,4437.35
2024-10-31,Paid Social,2154.82,273106,3635,107,6899.81
2024-05-24,Email,99.34,76470,2939,182,10223.48
2024-08-23,Paid Social,2047.01,219551,2590,70,4608.32
2024-09-30,paid search,680.84,30155,969,45,3149.99
2024-07-13,Email,62.65,57282,2693,178,11629.9
2025-04-23,Paid Social,3348.77,382632,4560,99,6518.7
2025-02-12,SEO,219.85,245076,5018,134,10172.61
2024-04-01,Paid Search,648.71,30095,907,45,3407.2
2024-02-25,Paid_Social,856.38,104504,1369,37,2756.92
2025-06-05,Paid Search,764.21,37630,1201,53,3937.08
2024-08-31,Paid_Search,486.48,23884,859,41,3002.11
2025-03-31,Paid Social,2886.63,352776,4132,97,6732.66
2024-09-08,Paid Search,482.48,19887,618,30,2341.3
2024-11-26,paid search,664.61,32926,1123,54,4392.89
2025-08-13,Paid Social,3652.55,387218,4344,88,5659.85
2025-09-27,Paid Social,2517.42,282537,2967,66,4827.3
2024-01-03,Paid Search,577.1,24786,882,39,2698.06
2025-07-30,Email,102.24,93616,4041,295,18004.61
2024-08-27,SEO,197.35,220215,4200,138,10404.38
2024-07-24,SEO,184.14,187871,3413,107,7134.26
2024-04-23,Paid Social,1519.52,174257,2262,54,3850.31
2025-03-10,Paid Social,3191.76,383802,4926,102,7145.8
2025-05-05,Email,91.23,69877,3336,241,14436.12
2024-07-04,paid social,1657.58,183753,2366,71,4839.01
2025-04-15,SEO,232.21,247379,4424,117,8105.34
2024-10-23,SEO,170.15,187352,3464,116,7771.31
2025-04-25,Paid Search,821.54,34314,1302,60,4729.37
2024-11-06,Paid Social,2126.05,268145,2932,81,5831.34
2025-03-23,Email,67.89,59426,2663,187,12269.77
2024-07-21,Email,71.25,63026,2980,190,11769.34
2024-12-04,Paid Search,716.05,33301,1217,53,3629.54
2024-03-09,Email,74.48,64388,2660,156,8783.38
2024-03-29,Paid Social,1466.69,174555,2343,69,4264.69
2024-01-19,Email,98.82,76650,3599,212,12866.72
2024-09-23,Email,87.55,79213,3562,230,14017.95
2025-02-25,SEO,181.82,214616,4961,148,11284.57
2025-01-25,Paid Search,499.4,23796,848,39,2964.38
2024-11-19,Paid Search,597.77,27649,1041,46,3304.72
2024-11-14,SEO,219.04,257464,4875,140,10055.04
2025-02-15,Paid Social,2307.38,296177,3866,103,6719.61
2025-01-28,Email,101.67,76891,3748,250,16253.69
2024-04-29,SEO,174.42,204350,3762,112,8468.87
2024-12-25,Paid Search,690.4,32749,1081,54,4135.94
2024-06-21,SEO,209.64,256209,4963,132,10121.29
2025-02-13,Paid Search,769.69,35833,1426,71,5349.62
2025-06-29,SEO,137.59,155888,3368,90,5936.65
2024-12-23,Paid Search,624.6,27763,921,43,3069.7
2024-10-07,Email,94.87,76182,3332,198,12752.1
2024-06-30,Paid Social,1317.77,160154,1682,48,3266.85
2025-04-07,Paid_Search,743.31,36853,1197,54,4101.12
2025-10-30,Paid Social,4354.37,561747,6996,102,6548.17
2024-09-04,Email,95.9,86159,3702,258,14909.68
2024-04-12,Email,97.32,89046,4079,254,15259.69
2025-05-21,Paid Social,3058.31,382211,4020,82,5249.21
2024-01-15,Paid Social,996.1,121099,1312,33,2373.37
2024-07-12,Paid Search,668.96,28518,1082,53,3902.23
2025-01-22,SEO,215.59,263210,4791,162,11009.62
2025-08-09,Paid Social,2703.77,299404,3806,93,6833.43
2025-04-16,Email,92.98,81854,3205,206,12209.79
2024-03-08,Email,103.26,81279,3721,245,14030.88
2024-12-28,Paid Social,2088.93,260373,3261,97,6964.38
2025-03-04,Paid Social,3121.75,333828,3936,80,5216.26
2025-09-03,Paid Search,756.64,34480,1047,46,3083.44
2024-08-26,SEO,195.72,229130,5494,185,13415.52
2025-01-05,Paid Search,573.88,28260,941,38,2573.56
2024-02-10,Paid Search,425.81,19895,791,36,2487.47
2024-04-13,Email,72.73,64899,2776,170,10082.56
2024-07-02,Paid Search,652.31,28918,951,48,3828.7
2024-07-22,Paid Social,1666.34,206989,2750,82,5698.05
2024-03-06,Email,101.51,86747,3440,223,13052.44
2025-01-18,Paid Search,537.05,23049,775,30,2189.27
2024-03-22,SEO,203.06,213045,3833,104,6787.48
2024-02-17,SEO,148.08,168414,3828,120,7811.49
2025-04-12,SEO,139.55,162261,3047,101,6572.53
2025-08-11,Paid Search,830.66,36246,1192,61,4277.12
2025-09-20,SEO,140.98,160572,3036,92,6820.68
2024-02-20,SEO,173.67,186386,4309,136,10296.36
2024-01-04,Paid Social,953.86,105678,1435,37,2536.55
2025-05-18,Email,74.42,58276,2813,174,10283.93
2024-07-20,SEO,,163300,3200,87,6386.72
2024-04-12,SEO,160.48,182115,3831,129,8496.41
2024-11-10,Paid Search,508.89,24267,839,33,2282.59
2025-08-30,Paid Social,2862.13,311277,3403,78,5470.21
2024-07-23,Paid Search,690.02,29890,987,46,3070.7
2024-11-14,Paid Social,2595.68,293925,3307,76,5156.02
2025-09-01,Paid Social,3322.59,379999,4808,90,5916.29
2025-01-23,Paid_Social,2793.93,329869,3839,99,6807.47
2025-01-04,Paid Social,1834.31,210530,2159,52,3189.22
2024-06-28,Email,80.89,71739,2973,209,13566.49
2024-03-04,SEO,157.65,175568,3302,88,5845.01
2025-08-11,Paid Social,4141.19,472742,6436,123,7594.95
2024-10-11,Paid Search,683.68,30855,1017,43,3335.04
2024-06-15,Paid_Search,440.69,21353,713,30,2028.25
2024-08-30,Paid Search,745.7,36425,1315,56,4110.47
2025-03-22,Paid Search,534.57,25629,901,40,2691.13
2024-12-08,Paid Search,519.9,22291,684,27,1908.29
2024-05-18,SEO,120.88,128648,2517,84,5880.49
2025-05-07,Paid Search,625.74,30088,921,42,3139.21
2024-08-21,SEO,196.06,233030,5406,181,12188.66
2024-09-25,Paid Social,2099.05,224171,2993,90,5988.01
2025-07-29,Paid Social,3308.77,355614,4756,116,7423.82
2024-03-20,email,87.64,71004,3477,231,14021.68
2024-03-27,PAID SOCIAL,1399.66,156044,1952,59,3924.24
2024-02-17,Paid Social,816.64,92099,1074,26,1653.51
2025-03-18,SEO,193.51,193738,4325,124,9449.98
2024-04-19,Email,94.99,71982,3479,218,12720.83
2025-10-12,Paid Social,2869.67,343858,3924,97,6316.3
2025-03-20,SEO,201.87,237615,5456,157,10197.57
2024-04-28,SEO,124.54,135598,2430,67,4877.58
2024-08-17,Email,71.91,59464,2941,203,13232.75
2025-07-20,Email,85.3,72093,3256,225,14590.07
2025-06-08,Email,69.19,54386,2282,130,8359.77
2025-09-06,SEO,148.7,167143,3269,92,6211.89
2024-12-02,Paid Social,2633.03,340173,4084,99,6666.39
2025-02-03,Email,101.24,79952,3292,235,15567.5
2024-11-19,Email,86.59,77200,3659,209,11760.27
2025-02-02,Paid Social,1970.5,228452,2664,68,4491.35
2024-02-05,Paid Search,720.51,30295,1017,41,3001.75
2024-08-30,Email,93.85,78812,3765,225,13602.64
2024-04-05,SEO,198.09,199102,4645,162,10958.5
2025-05-31,Paid Search,502.17,23829,941,36,2459.47
2024-06-16,Email,70.42,55453,2817,155,9619.58
2024-03-29,email,103.54,85031,4389,303,18649.54
2024-04-19,SEO,208.34,219288,3976,116,8446.82
2024-05-15,Email,85.03,72019,3115,210,11780.44
2025-06-12,SEO,181.02,205836,4809,146,10103.56
2024-01-07,Paid Search,419.93,20240,760,29,1959.58
2025-05-09,Paid Search,816.17,34228,1309,65,5217.54
2024-10-21,PAID SEARCH,616.61,28490,934,40,3069.46
2024-03-15,EMAIL,96.86,77116,3215,237,15272.52
2025-05-21,Paid Search,626.28,27700,917,39,3169.17
2025-06-27,Paid Social,3432.06,391727,4207,78,5829.09
2024-10-04,SEO,208.7,229439,4207,146,11134.28
2025-03-03,Paid Social,3164.34,355021,4417,93,5711.82
2024-03-20,Paid Search,616.7,29351,1121,51,3869.45
2025-09-13,Paid Search,477.13,20309,781,32,2171.31
2025-10-07,Paid Search,729.88,35840,1331,68,5408.86
2024-11-26,Email,100.05,77217,3481,218,12415.25
2024-06-10,SEO,172.17,181058,3967,108,7637.58
2025-05-16,SEO,199.97,212595,4213,137,9154.82
2024-07-27,Paid Search,471.8,20322,668,30,2291.95
2024-06-19,Email,87.11,74322,3138,174,9641.48
2025-07-25,SEO,185.05,209766,3802,116,8612.99
2025-05-10,Email,64.6,51686,2524,179,11006.81
2025-01-16,Paid Search,622.83,28116,996,38,2961.75
2025-09-28,Email,,50533,2228,131,7218.2
2025-09-12,SEO,193.81,236307,4571,140,10168.29
2024-10-31,Email,93.27,78320,3414,231,12849.91
2024-04-21,Paid Search,470.28,21459,812,39,2726.22
2025-07-25,Email,115.82,93815,4738,330,19267.98
2024-12-30,Paid Search,728.94,34177,1126,55,4321.95
2025-04-23,SEO,225.99,264819,5538,175,13205.32
2024-07-02,Paid Social,1865.33,210453,2348,71,4796.55
2024-05-04,Email,64.66,57167,2814,163,9001.14
2024-01-27,SEO,125.94,139943,2790,88,5906.46
2024-10-16,SEO,216.81,238309,5049,137,9600.16
2024-07-10,SEO,174.48,208802,4908,152,11397.06
2025-02-15,SEO,130.87,152515,3076,81,5295.57
2024-05-10,Paid Social,1697.65,205938,2652,83,6092.82
2024-08-05,SEO,167.32,179849,3865,104,6640.75
2025-09-12,Paid Social,4017.37,459518,5904,91,6046.14
2024-08-04,Paid Search,511.65,21623,839,41,3017.42
2024-05-03,SEO,171.73,191521,3943,107,7547.26
2024-11-10,Paid Social,1759.68,221784,2454,69,4917.31
2025-10-26,SEO,159.02,163149,3737,116,8318.01
2024-04-26,SEO,187.48,192595,4240,144,9726.94
2024-07-20,Email,77.08,66482,2999,213,13518.08
2025-10-05,Email,77.59,58714,2433,164,9819.17
2024-07-25,Paid Search,632.22,28482,859,37,2843.2
2025-05-11,SEO,176.54,186297,3709,108,8243.23
2025-03-30,Paid Search,589.04,26206,889,34,2319.67
2025-04-20,Paid Search,526.96,24789,872,36,2765.95
2024-05-22,SEO,167.18,175541,4057,127,9000.41
2024-02-15,email,84.96,64903,3204,224,13365.89
2024-04-30,SEO,169.63,194429,3664,125,9042.95
2025-02-28,Email,103.32,89445,4295,288,18470.36
2025-04-10,Email,94.59,76896,2961,210,13158.45
2025-01-30,Paid Social,2958.09,342048,3494,88,5772.68
2025-07-19,Paid_Search,612.7,29309,1177,45,3422.55
2025-02-13,Email,100.35,83483,3840,276,16580.54
2024-05-13,Paid Social,1306.86,149413,1848,44,2989.52
2025-10-15,Paid Search,771.26,35427,1272,49,3335.3
2025-09-09,Paid Social,4269.44,496490,6417,96,6506.23
2024-12-15,SEO,145.19,147315,3020,84,5991.68
2024-04-11,Paid Social,1547.26,181284,2236,53,3830.12
2025-06-24,Paid Social,3262.65,362095,4475,101,6590.67
2025-05-04,SEO,131.69,140226,3045,104,6576.83
2025-08-12,Paid Search,774.51,32801,1231,58,4112.94
2025-06-14,SEO,,153582,3468,97,6679.18
2024-09-23,Paid Social,2380.56,270911,3326,81,5978.53
2024-05-21,SEO,167.86,186512,3789,103,7166.98
2024-10-08,Paid Social,1934.49,207168,2474,60,3874.93
2024-11-18,Paid Social,2371.2,262950,2711,64,4174.87
2025-04-08,SEO,182.05,185786,3417,106,7462.86
2025-02-02,SEO,150.39,160472,3541,94,7018.87
2025-07-21,Paid Social,3351.26,367796,4298,78,4891.27
2025-05-15,Email,106.15,94653,4294,249,15792.54
2024-07-07,Email,66.08,50292,2256,127,7254.99
2025-01-11,Paid Social,2028.15,259370,2787,65,4617.62
2024-04-29,Paid Social,1519.22,164816,2080,63,4269.2
2024-09-11,Email,84.24,73957,3553,265,17731.16
2024-03-16,Paid Search,469.64,21261,735,32,2425.56
2025-08-13,Paid Search,815.2,34196,1122,50,3367.04
2025-07-07,Paid Search,770.45,33131,1179,52,3989.04
2024-04-12,Paid Social,1366.84,171272,1992,52,3309.26
2025-05-30,email,104.63,80008,3833,214,14018.92
2024-08-21,Paid Search,759.93,36064,1443,64,4860.85
2025-05-15,Paid Social,,391491,4781,110,6801.03
2024-05-20,Paid Social,1329.78,141824,1476,40,2764.47
2024-03-05,SEO,210.48,213636,4317,141,9982.91
2025-08-01,Paid Search,674.46,28715,896,34,2334.63
2024-01-23,Email,88.61,75424,3019,218,12446.16
2025-04-22,SEO,184.78,212571,5096,166,11217.39
2025-08-15,Email,106.24,88444,4104,237,14482.98
2024-12-18,Email,110.5,100092,3932,217,12070.85
2024-10-05,Email,63.98,55918,2205,162,10024.59
2024-08-16,Email,102.0,82254,3489,195,10802.07
2025-04-19,Paid Social,2470.15,268849,3411,86,5864.43
2025-09-21,Email,71.47,61254,3140,180,10647.43
2024-03-10,Paid Search,568.46,24760,845,36,2886.04
2024-05-28,Email,86.4,71353,3584,251,16119.99
2025-08-08,Email,112.16,102247,4028,284,16248.67
2024-01-31,Email,102.53,85970,4274,244,13424.11
2024-08-30,SEO,178.09,205179,4444,153,11374.19
2024-12-05,Email,101.66,76604,3541,199,11555.72
2024-01-03,Paid Social,846.42,91292,1067,29,1966.81
2025-07-13,Email,73.98,57492,2228,136,7811.37
2025-09-03,Email,98.24,87442,3637,238,15078.37
2025-08-21,Paid Social,3234.36,354789,4436,93,6248.91
2024-03-15,SEO,209.46,234219,5556,184,12381.57
2024-05-12,SEO,148.99,156659,3707,99,6638.99
2024-10-24,SEO,182.64,205299,4616,160,11458.27
2024-11-22,Paid Search,681.31,28285,899,36,2399.44
2025-05-20,Paid Search,738.16,33937,1041,50,3929.28
2025-10-30,Email,88.88,70618,3222,206,12156.52
2024-07-04,SEO,201.03,225540,5347,153,11030.17
2025-03-25,EMAIL,91.28,82598,3916,227,15011.79
2024-07-16,Email,105.2,91881,4199,284,17898.78
2025-02-05,Paid Social,2552.45,290848,3903,93,6240.57
2024-08-17,Paid Search,488.45,23893,878,37,2628.21
2024-02-03,Paid Social,721.82,82280,858,23,1664.02
2024-11-27,Paid Social,2103.81,269429,2986,89,6504.96
2024-11-08,Paid_Social,2614.37,280738,3708,90,6216.52
2025-07-22,Paid Social,3402.63,423036,4449,83,5387.99
2024-07-01,Email,96.61,84065,4151,292,18359.48
2024-08-09,Email,103.9,88288,3923,245,15114.05
2024-03-05,Paid Search,668.64,30017,999,42,2979.37
2025-04-11,Paid Social,2710.47,334369,4132,85,5709.12
2024-08-01,SEO,167.05,179281,3413,110,8154.78
2025-04-26,SEO,147.7,163329,3046,107,7423.79
2024-12-14,Paid Search,593.83,28957,1131,43,3160.71
2024-01-30,Paid Search,740.55,32110,1237,62,4697.31
2024-08-02,SEO,192.04,215618,4459,135,8613.01
2025-04-17,Paid_Search,798.72,39411,1522,65,4647.55
2025-04-18,Paid Search,773.87,36231,1110,49,3741.3
2024-07-11,Paid Social,1566.34,172515,1908,49,3530.21
2024-08-02,Email,102.56,88830,3801,234,14377.97
2024-07-08,Paid Search,701.01,32993,1282,52,4199.13
2024-02-18,Paid Search,516.68,21900,658,30,2077.68
2024-02-26,Paid Social,1244.95,142371,1817,56,3785.6
2025-03-10,SEO,201.57,223978,4370,144,10966.49
2024-01-04,SEO,180.92,209508,4031,136,9474.04
2024-07-11,SEO,211.29,244643,5849,164,11842.24
2024-12-29,Paid Search,570.55,26970,842,35,2576.07
2025-04-01,Paid Social,2859.03,363771,4006,88,5706.7
2024-11-13,Paid Search,752.92,33203,1023,50,3349.32
2025-05-02,SEO,230.9,242346,5064,169,12627.38
2024-05-03,Paid Social,1671.87,207570,2416,71,4425.86
2024-05-19,Email,64.12,50822,2366,175,10221.44
2024-08-24,Email,79.49,60608,2491,183,11460.36
2025-09-07,PAID SOCIAL,3063.48,377875,4968,109,7382.36
2024-06-18,Email,81.06,62182,2588,180,11384.71
2025-03-03,SEO,179.27,194601,4588,153,10522.48
2024-03-23,SEO,154.63,156667,2888,96,6429.76
2024-05-29,Paid Social,1401.74,171950,1998,56,3942.53
2025-02-08,SEO,128.56,139400,3147,109,7250.16
2025-09-17,Paid Search,715.97,33652,1222,48,3562.49
2024-05-28,SEO,197.38,221525,4969,134,9056.28
2025-02-01,Email,81.29,74207,3124,173,11234.22
2024-09-26,PAID SOCIAL,2409.28,292339,3144,77,5444.2
2024-07-18,Paid Social,2077.05,246595,2622,74,4637.25
2024-10-08,SEO,216.54,226102,5034,144,9418.65
2024-10-29,Email,87.65,80342,3345,191,12626.27
2025-10-27,Paid Social,4030.74,433924,5868,89,6625.79
2025-07-12,PAID SOCIAL,2253.9,261498,2954,86,6408.43
2025-06-20,SEO,205.02,242818,4714,132,8860.3
2025-07-16,Paid Social,3526.35,381590,5162,118,7889.15
2024-08-09,Paid Search,661.17,32694,1252,50,3863.82
2024-04-11,SEO,201.63,227846,4571,148,9969.12
2024-12-31,SEO,203.7,211140,4628,145,9144.06
2024-06-17,EMAIL,93.67,84385,3283,244,13533.19
2025-01-09,Paid_Social,2677.72,306681,3846,83,5901.15
2024-08-20,Paid Social,2103.59,262421,3029,84,5455.77
2024-03-04,Email,97.39,73569,2997,165,10529.98
2024-05-14,Email,82.77,71501,2987,176,10515.77
2024-06-25,Paid Social,1599.07,189476,2465,63,4622.06
2024-10-18,Email,91.05,69158,2652,179,10858.67
2025-08-26,Email,103.13,78566,4020,273,16855.97
2025-09-10,Paid Social,3700.02,424054,4927,107,7325.3
2025-06-29,Paid Social,2888.99,371672,4870,103,7365.04
2025-01-08,Paid Social,2421.75,256679,2964,81,5367.73
2025-04-11,SEO,195.5,197976,4773,162,12140.44
2024-01-11,Paid Social,876.65,94803,1167,32,2272.81
2024-04-01,SEO,181.13,183200,3914,118,8730.41
2024-04-18,Paid_Social,1194.99,142031,1583,47,3116.95
2024-09-17,Email,94.64,86723,4453,266,15612.56
2025-06-30,Email,111.12,90826,4549,302,19421.69
2025-06-20,Paid Search,784.63,32414,1224,47,3590.72
2025-02-17,Paid Search,680.81,30719,1136,56,4153.47
2025-04-30,email,90.53,80681,3414,206,11772.1
2025-09-02,paid search,718.99,35839,1085,46,3690.17
2025-05-26,Email,86.97,77259,3553,205,11725.32
2025-07-01,SEO,186.73,201357,3764,126,9588.06
2025-06-20,Email,91.51,83783,4278,254,15645.51
2024-09-18,PAID SOCIAL,2342.16,270918,3549,79,5656.01
2024-10-12,Paid Search,463.86,19281,640,29,2033.86
2025-02-14,Email,93.61,74457,3050,171,11161.69
2024-08-14,Paid Search,710.92,33038,1032,50,3628.2
2025-09-28,Paid Search,498.31,24886,948,47,3808.06
2024-03-26,Email,79.5,69453,3233,223,13788.35
2025-04-03,Paid Search,765.86,37513,1272,55,4163.52
2025-06-17,Paid Search,761.7,34999,1232,62,4408.97
2025-07-30,Paid Search,646.17,31981,1030,47,3298.04
2025-10-10,SEO,194.8,226640,4518,119,8690.27
2024-09-13,email,91.69,79741,3096,184,10113.16
2024-01-25,SEO,166.91,169971,3482,91,6197.78
2024-09-06,SEO,211.08,253601,5234,139,9211.84
2025-07-12,SEO,161.23,184683,3668,101,7165.21
2025-08-20,Email,112.08,102054,5122,331,19771.9
2025-05-25,Email,69.04,62088,2413,136,8300.25
2024-08-22,Paid Search,638.77,26807,955,38,2639.77
2024-06-26,Paid Social,1789.44,223504,2709,71,4838.17
2024-10-18,Paid Social,2441.08,303709,3775,82,5805.19
2024-02-26,Paid Search,669.55,27950,861,35,2780.65
2024-08-27,Email,85.77,70860,3295,207,13056.08
2025-03-05,Paid Social,2855.35,356401,4464,95,6468.88
2025-10-17,Email,113.95,96553,4848,342,22708.69
2025-01-02,Paid Social,2423.73,299408,3831,109,7732.2
2024-01-25,Email,98.6,78838,3589,234,13801.21
2024-05-04,Paid Social,982.47,105595,1201,37,2279.32
2024-07-31,Paid Social,1910.13,223163,2619,76,4834.26
2025-10-26,Paid Search,606.94,28874,907,40,3195.55
2025-07-26,Paid Search,510.91,22674,736,29,2188.74
2025-10-01,Email,106.96,81481,3913,279,16928.56
2024-05-16,Email,91.64,71217,3464,230,13172.76
2025-07-21,Email,109.86,98833,5004,352,22807.42
2025-02-17,Paid Social,3132.32,346248,4641,89,6169.09
2025-09-13,Email,69.02,55530,2661,184,11360.43
2025-10-06,SEO,232.86,264639,4744,136,10304.27
2024-09-06,Email,99.58,89118,3992,220,13689.66
2025-02-17,SEO,219.15,232451,4959,137,9773.43
2024-02-11,seo,124.12,136525,3098,109,7405.28
2024-08-15,Paid Search,726.02,33189,1064,52,4068.19
2024-02-21,Paid Social,1251.9,154513,1790,43,3150.42
2024-04-15,Email,91.83,83250,3330,237,14091.5
2025-10-11,Paid Search,634.31,28084,1082,43,3100.95
2024-04-16,SEO,179.37,210235,4067,137,10251.8
2025-03-22,SEO,148.13,152139,3519,111,7208.62
2024-04-18,SEO,199.44,243409,5291,177,11803.36
2025-09-01,seo,183.49,185708,3792,105,6979.53
2024-10-12,SEO,164.82,193159,4477,154,11814.53
2024-12-10,SEO,177.83,208227,4699,141,9904.24
2024-09-02,Email,105.67,96001,4789,325,20188.44
2025-07-05,Email,71.75,54544,2402,158,9881.47
2024-11-24,Email,64.03,51387,2098,152,9801.79
2024-02-13,Paid Search,703.5,34398,1289,59,4121.65
2024-12-16,Email,84.41,73457,2996,214,12884.76
2024-05-09,Paid_Social,1507.87,163800,1906,45,2923.4
2024-12-05,seo,207.92,209694,4731,143,9722.54
2024-03-03,Email,61.09,52491,2688,172,10483.11
2025-08-05,Email,109.25,98172,4619,333,20953.45
2024-04-02,SEO,203.49,220323,4741,145,10101.79
2025-04-05,EMAIL,83.33,64087,2698,176,9740.89
2024-11-16,Email,79.03,60402,2687,169,10882.98
2024-03-20,Paid Social,1371.04,168535,2319,59,3683.75
2024-06-21,Email,,68392,3464,242,15012.95
2025-02-27,SEO,183.37,192886,4089,128,9787.51
2025-09-04,SEO,226.8,260465,6154,194,12779.86
2024-11-05,SEO,202.02,224194,4359,152,10485.09
2025-07-29,SEO,214.64,247674,4809,130,9453.5
2024-08-05,Email,83.86,68391,3154,180,10902.71
2025-04-10,Paid Search,822.74,38317,1291,54,4206.45
2024-07-30,Email,88.08,68919,3316,201,12295.64
2024-12-11,SEO,216.67,264599,5794,185,12382.75
2025-10-14,SEO,185.83,220965,4024,138,8856.42
2025-08-08,Paid Social,3327.53,409000,4607,95,6524.78
2024-03-18,Email,87.35,79234,3991,222,13285.27
2024-05-23,Paid Social,1679.0,192937,2183,58,3944.55
2025-09-07,Paid Search,560.24,24313,951,37,2953.75
2025-07-16,Paid_Search,772.52,35706,1130,44,3425.52
2024-01-30,PAID SOCIAL,910.83,105590,1207,35,2144.77
2025-05-04,Paid Social,2425.65,278992,3582,81,5030.07
2024-02-07,PAID SOCIAL,915.86,107906,1479,39,2855.81
2024-10-15,SEO,208.5,251687,5225,151,9902.79
2024-12-30,Paid Social,2665.22,340055,4152,116,8006.38
2024-12-13,Paid Search,762.64,37073,1146,53,4308.48
2025-09-01,Paid Search,796.92,35790,1369,59,4046.28
2024-03-28,Paid Search,755.49,31791,1151,56,4037.3
2025-10-28,SEO,195.73,238108,5305,142,9334.79
2024-01-10,SEO,168.05,196692,4035,115,7432.36
2025-07-15,Paid Search,748.9,32821,1255,62,4278.04
2024-08-29,Paid Search,583.72,25520,883,44,3535.73
2024-05-22,Paid Search,705.81,34012,1192,48,3321.06
2025-09-16,Email,110.6,90241,4037,271,16767.68
2024-07-31,Email,91.5,70428,3590,240,14416.48
2024-07-28,Paid Search,459.58,19637,714,35,2535.97
2024-11-30,Paid Social,1770.44,203851,2544,74,5007.78
2024-02-29,Paid Social,1080.54,133788,1776,54,3614.72
2024-03-17,SEO,144.21,161557,3668,122,8462.44
2024-04-30,Email,88.95,80191,3979,245,16222.28
2025-07-28,Paid Search,826.97,38336,1466,62,4164.28
2024-11-15,SEO,218.39,226212,4404,133,8578.33
2024-01-22,Paid Search,651.6,28225,897,45,3575.07
2025-05-13,Email,97.96,89239,3975,282,17066.91
2025-01-03,Paid_Search,601.28,25608,796,34,2598.51
2025-04-10,Paid_Social,3297.5,405085,4768,89,5636.08
2025-03-20,Paid Social,2622.93,282518,3567,93,6939.66
2024-01-19,Paid Social,894.55,101836,1196,35,2502.91
2025-06-12,Paid Social,3663.81,458365,5452,112,7379.0
2024-06-20,Email,86.14,74881,3692,267,17848.6
2024-09-25,Paid Search,686.95,31970,990,44,3289.63
2025-05-19,Paid Social,3463.14,397277,4769,98,7048.72
2024-01-05,Paid Social,897.83,102723,1148,31,2077.26
2025-09-19,Paid Social,3792.38,467533,5742,105,7441.77
2024-11-11,Paid Search,633.6,30265,1109,47,3421.46
2024-06-11,SEO,190.82,228229,4780,166,12305.08
2025-01-20,Email,99.78,79978,3155,174,11553.83
2024-08-07,Paid Social,1992.27,242572,3203,82,5365.06
2025-08-20,Paid Search,725.96,31232,963,49,3725.48
2025-10-13,Paid Search,793.29,38658,1240,62,4157.91
2024-01-29,PAID SEARCH,736.86,31526,1097,43,3371.44
2025-06-24,Email,106.83,82279,3887,244,14301.69
2025-01-10,SEO,227.82,254310,5887,174,12371.28
2024-10-10,Paid_Search,658.81,27824,944,44,3042.34
2025-07-31,Paid Social,3817.77,436975,5443,107,6690.2
2024-07-09,email,94.41,74858,2900,192,10610.48
2024-03-30,paid search,460.87,20626,672,29,2314.07
2024-06-19,Paid Search,761.75,33489,1261,50,3455.4
2024-04-03,Email,85.38,75165,3031,171,10040.45
2025-01-20,Paid Search,673.31,28225,921,36,2606.81
2024-10-28,SEO,188.01,193267,3664,106,6991.74
2025-09-04,Email,115.78,90212,4447,259,16774.91
2025-08-29,Email,111.6,96049,4938,294,16212.53
2025-06-06,SEO,193.83,214563,4372,133,10039.43
2024-09-18,Email,104.67,88677,3679,206,13141.48
2024-04-27,Paid Search,499.5,21116,738,29,2285.02
2024-05-05,Email,67.55,51047,2489,174,11564.32
2025-09-09,Email,,67727,3344,228,13119.56
2024-01-30,Email,103.76,93831,4706,294,18641.96
2025-08-14,SEO,232.36,235235,5047,162,12265.43
2025-05-04,Paid Search,590.96,28049,981,38,2682.96
2024-01-06,Paid Search,493.83,23223,813,34,2612.12
2025-05-01,Paid Search,755.02,35273,1052,51,3856.88
2024-11-13,Email,94.5,73717,3350,215,13171.7
2024-12-15,Paid Social,1957.28,232102,2592,82,5635.64
2024-02-27,Email,95.79,84467,3867,229,12697.21
2025-05-08,EMAIL,85.21,70287,2932,217,12720.97
2024-06-26,SEO,178.29,190302,4581,135,9170.07
2024-06-27,Paid Social,1794.15,208875,2787,84,5708.44
2025-04-19,Paid_Search,620.82,27199,1008,45,3148.34
2025-01-01,Email,96.21,87775,3832,216,13368.87
2024-11-17,SEO,141.78,172941,3747,119,7792.74
2025-10-03,Paid Social,4229.36,456619,4841,83,5793.79
2025-03-17,Paid Social,2913.69,357729,4734,125,8949.96
2025-05-03,Paid Social,2666.86,305290,3179,79,5175.09
2024-07-30,Paid Search,587.31,27387,1006,44,3188.94
2025-04-13,Paid Search,459.18,20045,698,28,1974.12
2025-03-14,Paid Social,3153.56,400109,5065,103,6428.43
2025-10-02,SEO,222.72,231299,5050,149,10733.54
2025-03-31,Email,88.33,77977,3906,243,14681.21
2025-05-25,paid search,551.53,25851,1039,43,3058.73
2024-10-03,Paid Social,2472.59,264310,3544,82,5503.39
2024-05-25,Email,65.49,59395,2386,173,11112.49
2024-05-25,Paid Social,1076.01,133728,1789,43,2693.06
2025-05-19,seo,205.35,212266,4542,125,9168.59
2025-03-30,Paid Social,1907.11,216359,2211,59,3954.88
2025-02-07,Paid Search,758.65,36066,1349,69,5572.93
2025-02-06,Email,100.27,86215,4143,238,13860.56
2025-02-26,SEO,191.66,199892,4050,134,9812.52
2024-06-05,SEO,193.49,221590,5077,143,9967.17
2025-08-04,Paid Social,3339.52,378249,4633,107,6939.4
2024-09-26,SEO,204.14,228162,4904,165,10875.57
2024-12-13,Email,99.25,75322,3155,200,12060.44
2025-07-31,Paid Search,837.38,39103,1197,60,4657.78
2024-05-19,Paid Search,485.04,20673,727,30,2251.78
2024-09-25,Email,81.3,74249,3149,222,13743.85
2025-03-15,Paid Social,1883.29,220567,2353,75,4680.44
2025-06-03,SEO,219.4,225352,4476,152,11435.62
2025-06-07,Email,67.31,55118,2156,130,7237.81
2025-05-28,Paid Social,3607.84,416751,4729,102,6585.77
2024-08-06,Paid Social,1861.36,197501,2525,65,4572.75
2024-05-17,Paid Social,1319.19,144396,1580,47,2887.15
2024-12-12,Email,90.75,73485,3367,237,13110.79
2024-03-29,Paid Search,690.02,32918,1095,44,3185.35
2025-10-12,Email,81.5,64802,3311,220,13796.24
2024-08-24,Paid Search,523.58,24963,967,39,3153.63
2024-09-18,Paid Search,652.88,32466,1010,38,2621.58
2024-06-23,Paid Search,447.57,20809,767,37,2739.94
2024-12-17,SEO,174.38,182297,3463,116,8753.64
2025-10-15,Email,107.49,96665,4313,241,15095.16
2024-07-15,Paid Search,662.55,31768,1226,59,4151.25
2024-02-03,Email,71.46,54236,2713,193,10832.47
2024-08-15,Paid Social,2230.59,244344,3193,91,6217.65
2024-03-25,Email,100.99,81622,3904,282,17092.05
2025-05-14,Email,101.52,92644,4702,351,22662.04
2025-06-06,Email,114.31,88590,4067,231,14976.83
2024-04-28,Email,75.08,64275,3084,198,11549.82
2025-06-04,Paid Social,3364.99,401347,5376,116,7825.27
2024-05-11,Paid Social,1188.34,134388,1730,50,3249.39
2025-01-29,Paid Search,779.81,32034,1107,46,3256.13
2024-10-10,Paid Social,2038.56,233386,3206,79,5467.56
2025-03-24,Paid Social,3139.95,401583,4790,93,6485.9
2024-10-21,SEO,175.16,178165,4065,109,7649.67
2024-01-02,SEO,158.82,187680,4403,126,9377.5
2025-05-12,PAID SEARCH,752.11,36909,1234,57,3994.16
2024-04-18,Email,87.15,77076,3941,270,17267.95
2025-04-07,SEO,206.76,249741,5064,142,10186.99
2024-11-11,SEO,212.93,220823,5225,167,12788.54
2024-06-13,Email,97.03,81420,3691,227,13019.76
2025-10-11,Paid Social,2707.11,320400,3468,88,6297.55
2024-08-12,Paid Search,713.6,33288,1204,61,4676.63
2024-01-13,Paid Social,664.61,81348,1053,28,1751.42
2024-05-26,Email,68.3,55666,2640,190,11732.78
2024-09-23,Paid Search,631.09,26006,852,33,2429.4
2025-07-25,Paid Search,654.56,32101,1037,51,3437.03
2024-12-10,PAID SEARCH,727.37,30230,1052,48,3707.44
2024-06-13,SEO,208.86,210063,4615,152,11536.62
2024-08-11,SEO,155.99,181105,4254,151,10872.11
2025-01-10,Paid Social,2901.54,371266,4139,84,6024.08
2024-07-10,Paid Search,680.95,31676,1099,50,3570.14
2024-06-12,Paid Search,704.88,30274,945,45,3662.25
2024-09-08,Email,80.43,73290,2886,202,12918.84
2025-05-14,SEO,207.64,245351,5087,178,13010.64
2024-11-29,SEO,217.78,240077,5156,144,9837.14
2024-07-04,Paid Search,601.69,25603,918,40,2958.18
2024-06-15,SEO,160.05,161145,3405,108,8155.62
2025-09-18,Email,103.18,86747,3620,240,13202.66
2024-03-20,SEO,170.59,190917,3726,103,7212.42
2025-06-26,Paid Search,707.54,34976,1330,67,4466.31
2024-01-13,Paid Search,463.48,22652,862,44,3309.73
2025-08-08,SEO,194.71,200485,4629,141,10366.43
2024-01-18,Paid Social,847.47,101253,1159,35,2569.69
2025-06-17,Paid Social,2863.09,320200,3928,105,6606.0
2024-12-16,SEO,202.46,232535,4490,119,7624.26
2024-11-03,Paid Social,1994.19,257766,2791,77,5388.28
2025-06-26,SEO,195.51,201660,4179,148,10146.64
2024-05-06,SEO,201.71,231776,4863,152,10065.97
2024-11-12,Paid Search,728.65,33250,1069,42,3115.12
2024-03-19,Paid Search,658.55,32760,1178,54,3906.86
2024-09-12,SEO,181.86,208305,4692,131,9346.55
2024-10-17,Paid Search,778.99,35054,1331,68,5097.23
2025-10-21,Email,102.1,82619,3517,203,12053.07
2025-10-17,Paid Social,4280.07,488045,5737,108,6875.93
2024-03-16,SEO,150.78,173689,3377,120,8775.03
2024-12-24,SEO,220.91,257121,5760,159,10895.81
2024-09-27,Email,100.02,85218,3582,233,13053.19
2025-03-06,Email,92.4,83451,3439,214,13946.8
2024-06-25,Paid_Search,603.98,25969,912,40,2828.96
2025-02-20,Email,105.56,92338,4305,304,16689.79
2024-10-22,Paid Search,637.89,26612,922,36,2793.04
2024-08-13,Email,97.43,80687,4004,229,15340.4
2024-10-24,Paid Social,2102.21,267931,3512,90,5915.32
2024-11-01,SEO,221.48,244989,5787,180,12734.34
2024-02-19,Paid Social,1188.53,139798,1664,52,3234.93
2024-02-19,Email,101.95,78882,3189,207,12074.23
2024-12-12,Paid Search,715.27,31962,1084,45,3020.15
2024-01-27,Paid_Social,662.5,77618,1030,32,2047.84
2024-11-23,SEO,130.69,141658,2552,75,4761.13
2024-07-09,SEO,217.77,250939,5695,177,13068.38
2024-09-14,SEO,155.25,156692,3189,90,6226.15
2024-03-11,Email,103.56,86331,3861,222,13474.61
2025-03-31,Paid Search,663.74,31535,1193,59,4592.71
2024-04-02,Paid Social,1377.04,173436,1987,52,3661.63
2025-06-21,Paid Search,478.83,20458,668,27,1949.74
2024-01-15,SEO,192.58,194834,4666,165,11858.2
2025-04-06,Paid Search,486.44,23772,858,34,2481.21
2025-05-26,SEO,219.87,254537,5702,200,13674.9
2025-04-15,Email,101.65,91254,4617,336,22018.41
2024-06-15,Email,69.91,56304,2720,177,9783.39
2024-05-10,Email,94.89,81680,3899,246,14794.77
2025-09-25,Paid Search,747.91,34226,1184,46,3665.39
2025-09-19,Paid Search,795.35,33429,1311,61,4291.35
2024-07-01,Paid Social,1874.99,224499,2633,68,4377.11
2024-10-11,Email,108.66,94567,4162,250,16581.67
2025-09-24,Email,118.03,95610,4498,287,17442.89
2025-04-28,Paid Social,2888.07,356850,4603,103,7642.25
2024-02-08,Paid Social,1164.28,127687,1739,50,3702.91
2024-04-06,Paid_Search,432.83,19616,590,22,1755.15
2024-02-06,Email,88.96,67521,3187,224,12515.77
2024-07-03,Email,97.04,86375,4181,257,16134.09
2024-12-05,Paid Social,2569.74,312208,3511,84,5439.73
2024-12-25,Paid Social,2256.08,283576,3242,90,6041.76
2024-09-29,SEO,146.54,161900,3232,107,7881.89
2025-08-31,Email,85.75,67406,2914,186,11391.41
2024-08-31,Email,60.52,53315,2317,132,7811.65
2025-05-30,Paid Social,2815.03,324034,3593,76,5513.82
2024-02-05,Email,79.82,70239,3423,225,13450.4
2025-06-08,Paid Search,515.76,25208,793,33,2277.56
2024-01-03,SEO,155.01,179555,3431,100,7043.15
2024-11-08,Email,107.17,91644,4289,273,15562.3
2024-12-03,email,94.94,86882,4037,296,19762.38
2025-01-05,SEO,130.65,154359,3000,79,6082.15
2025-03-25,Paid Social,3220.37,352903,4346,106,7398.08
2024-11-08,SEO,178.11,207616,4493,153,10979.07
2025-05-08,Paid Search,753.56,32764,1009,46,3296.98
2024-11-27,Paid Search,631.94,28423,1004,48,3802.33
