CustomerID,TouchpointOrder,Channel,Timestamp,Converted,Revenue
805999,1,SEO,2024-05-18 00:00,Y,84.16
808805,2,Paid Search,2024-05-06 00:00,N,0
804783,1,SEO,2025-04-27 00:00,N,0
804573,5,Email,2025-04-07 00:00,Y,218.37
802718,1,SEO,2024-05-13 00:00,Y,36.25
801753,1,Paid Search,2025-08-21 00:00,Y,212.23
800606,1,Paid Social,2024-10-28 00:00,Y,215.0
802179,1,Paid Social,2024-05-18 00:00,N,0
808437,2,Paid Search,2025-05-19 00:00,N,0
805019,4,Email,2024-08-29 00:00,N,0
804982,1,Email,2025-04-22 00:00,N,0
802829,4,Paid Search,2025-04-09 00:00,Y,100.46
802330,3,Email,2025-03-13 00:00,N,0
808176,1,Paid Social,2024-12-19 00:00,Y,172.05
801189,2,Paid Search,2024-05-09 00:00,N,0
807839,1,Paid Social,2024-09-04 00:00,Y,187.29
805724,2,Email,2024-12-12 00:00,N,0
800579,3,Paid Search,2024-11-24 00:00,Y,43.11
806912,2,Paid Search,2025-06-10 00:00,N,0
808729,1,SEO,2025-10-14 00:00,N,0
807791,2,Paid Social,2025-06-30 00:00,Y,210.82
801129,2,Paid Social,2025-01-29 00:00,Y,174.34
805981,2,Paid Social,2024-07-21 00:00,Y,150.26
806897,2,Email,2025-05-30 00:00,Y,91.16
808888,5,Paid Search,2024-11-03 00:00,Y,197.79
800154,1,SEO,2025-02-01 00:00,N,0
800272,1,SEO,2025-01-06 00:00,N,0
807349,2,Paid Social,2024-08-11 00:00,Y,197.33
803728,3,Paid Search,2024-09-19 00:00,N,0
800769,2,Paid Social,2025-01-24 00:00,Y,87.08
803498,1,Email,2024-04-21 00:00,Y,107.06
808511,1,Paid Search,2024-05-28 00:00,Y,90.48
805953,2,Paid Social,2024-11-12 00:00,N,0
805954,2,Paid Search,2025-03-18 00:00,Y,161.59
804056,2,Email,2025-05-04 00:00,Y,213.69
808396,1,Paid Social,2025-04-30 00:00,Y,91.93
807793,2,Email,2024-02-22 00:00,Y,214.92
800593,1,SEO,2024-11-27 00:00,Y,76.59
805130,1,Paid Social,2025-02-20 00:00,N,0
800120,1,SEO,2025-07-29 00:00,Y,48.79
805819,2,Email,2025-07-15 00:00,Y,122.02
800494,1,Paid Social,2024-01-19 00:00,Y,173.79
800376,3,Email,2025-06-03 00:00,N,0
804274,2,SEO,2024-11-01 00:00,Y,123.93
802612,1,Paid Social,2024-03-23 00:00,Y,87.34
803005,4,Paid Search,2025-06-01 00:00,Y,132.98
806020,2,Paid Social,2025-08-02 00:00,N,0
803275,2,SEO,2024-12-22 00:00,Y,213.43
805855,2,Email,2025-04-11 00:00,Y,183.45
803394,1,SEO,2025-01-24 00:00,Y,66.93
805929,2,Paid Search,2025-05-11 00:00,Y,149.5
803920,3,Paid Search,2024-07-17 00:00,Y,107.63
805192,1,Paid Social,2024-09-30 00:00,Y,123.87
808983,1,SEO,2025-08-21 00:00,Y,164.24
803481,3,SEO,2025-09-18 00:00,Y,212.32
807644,2,Email,2024-07-03 00:00,N,0
805489,1,SEO,2024-11-08 00:00,Y,51.56
808695,2,Paid Social,2024-02-01 00:00,Y,150.92
806678,1,SEO,2025-03-08 00:00,N,0
804690,5,Paid Social,2024-06-25 00:00,N,0
804891,3,Email,2024-12-25 00:00,N,0
808717,2,Paid Search,2025-08-13 00:00,Y,70.23
800931,2,SEO,2024-12-21 00:00,Y,167.58
803596,4,Email,2025-02-25 00:00,Y,133.81
801062,2,SEO,2024-12-01 00:00,Y,173.22
806927,1,Paid Social,2024-06-03 00:00,N,0
808489,3,Paid Search,2024-03-11 00:00,N,0
808949,4,SEO,2025-08-12 00:00,Y,153.42
808616,1,Email,2025-07-28 00:00,N,0
803454,1,SEO,2025-04-07 00:00,N,0
800449,2,SEO,2024-08-12 00:00,N,0
808817,2,SEO,2024-06-08 00:00,Y,178.77
806145,3,SEO,2024-05-18 00:00,N,0
806334,1,SEO,2025-05-26 00:00,Y,199.27
801777,5,Paid Search,2025-10-21 00:00,Y,146.45
806749,1,SEO,2024-03-19 00:00,Y,205.31
802712,1,Paid Social,2025-07-05 00:00,Y,151.7
802889,2,SEO,2024-01-12 00:00,Y,180.47
801284,1,Paid Social,2025-03-29 00:00,Y,152.79
802475,5,Paid Social,2024-01-05 00:00,Y,162.6
805375,5,Email,2025-02-15 00:00,N,0
801666,3,Paid Search,2024-02-04 00:00,N,0
800529,1,Paid Search,2024-09-01 00:00,N,0
806219,1,Paid Social,2024-01-14 00:00,Y,161.95
808900,2,Paid Social,2024-08-01 00:00,Y,113.78
807495,2,Paid Social,2024-04-21 00:00,N,0
801551,3,SEO,2024-07-02 00:00,Y,184.46
803635,1,SEO,2025-07-29 00:00,Y,188.01
801768,3,Email,2025-02-13 00:00,Y,138.48
800234,2,Paid Search,2024-01-13 00:00,Y,189.78
801662,3,SEO,2024-11-25 00:00,Y,115.49
802502,3,Email,2025-02-15 00:00,Y,159.49
804207,2,Paid Search,2025-07-31 00:00,Y,106.64
808532,2,SEO,2025-03-14 00:00,N,0
807674,3,Paid Search,2024-06-16 00:00,Y,134.38
801830,1,SEO,2025-02-01 00:00,N,0
807197,1,Paid Social,2025-05-22 00:00,N,0
801016,1,Paid Search,2024-12-18 00:00,N,0
801767,1,SEO,2025-01-10 00:00,Y,35.73
808201,1,SEO,2024-04-06 00:00,N,0
805270,1,SEO,2025-02-07 00:00,Y,215.3
808933,3,Email,2024-04-25 00:00,N,0
802398,3,Paid Search,2025-04-02 00:00,Y,141.91
805726,1,Paid Social,2025-06-07 00:00,N,0
807642,1,SEO,2024-04-17 00:00,Y,56.77
808668,2,Email,2024-07-22 00:00,N,0
804721,1,SEO,2024-05-12 00:00,N,0
801222,2,Paid Social,2024-12-21 00:00,Y,96.85
802571,3,Paid Social,2024-09-16 00:00,Y,87.36
804255,2,Paid Social,2024-05-18 00:00,N,0
803263,1,SEO,2024-06-27 00:00,N,0
803820,2,Paid Social,2025-04-17 00:00,Y,89.27
801379,1,SEO,2024-06-10 00:00,Y,65.14
801413,3,Email,2025-09-05 00:00,Y,194.47
806250,3,SEO,2025-02-10 00:00,Y,108.98
800196,1,Paid Social,2024-04-28 00:00,Y,216.13
808849,3,Paid Search,2024-10-08 00:00,N,0
806821,5,Email,2025-09-24 00:00,N,0
804752,2,SEO,2024-02-28 00:00,N,0
807973,3,Paid Search,2025-09-06 00:00,Y,163.16
800177,3,Paid Search,2024-07-01 00:00,Y,41.28
808439,3,Paid Search,2025-08-16 00:00,Y,106.85
800825,3,Email,2024-03-16 00:00,N,0
801729,1,Email,2025-05-18 00:00,Y,81.68
805217,2,Paid Social,2025-02-06 00:00,N,0
804947,1,Paid Social,2024-05-21 00:00,N,0
802776,1,Paid Social,2025-01-15 00:00,Y,82.02
801692,2,Paid Search,2024-08-13 00:00,N,0
805849,4,Paid Search,2025-05-03 00:00,Y,196.95
802590,2,Paid Search,2025-05-26 00:00,N,0
808315,3,SEO,2024-08-05 00:00,Y,38.72
807339,5,Paid Search,2024-07-23 00:00,Y,162.64
806216,2,Email,2024-01-30 00:00,Y,181.09
802948,1,SEO,2025-10-09 00:00,Y,156.97
806734,1,Paid Social,2024-04-20 00:00,Y,108.48
801666,1,Paid Search,2024-01-27 00:00,N,0
800409,2,Email,2024-03-31 00:00,Y,52.55
805147,1,Email,2024-09-08 00:00,Y,108.16
805715,1,Paid Social,2025-03-14 00:00,N,0
804303,1,Email,2025-04-01 00:00,Y,163.41
801646,1,Paid Social,2025-04-02 00:00,Y,219.29
805760,3,Paid Social,2024-11-08 00:00,Y,43.65
806362,1,Paid Social,2024-04-26 00:00,Y,52.02
804434,2,SEO,2025-08-16 00:00,N,0
802620,2,Paid Search,2025-03-07 00:00,Y,42.95
800884,2,Email,2024-11-12 00:00,Y,179.1
807394,3,Paid Search,2025-09-19 00:00,Y,105.55
805354,1,SEO,2024-06-28 00:00,Y,77.7
803904,5,Paid Search,2024-05-19 00:00,Y,187.63
806897,4,Paid Search,2025-06-07 00:00,Y,91.16
808071,2,Email,2024-12-09 00:00,Y,143.92
808908,5,Email,2025-06-19 00:00,Y,137.77
804287,2,SEO,2025-10-19 00:00,Y,52.92
801848,3,Email,2024-06-23 00:00,N,0
801713,1,Email,2024-02-29 00:00,N,0
801377,2,Email,2024-05-25 00:00,N,0
806027,2,Email,2024-05-10 00:00,N,0
803903,2,Email,2024-06-02 00:00,N,0
803221,2,Paid Social,2025-01-18 00:00,Y,161.91
807257,2,SEO,2024-04-12 00:00,Y,207.67
807527,1,SEO,2024-10-30 00:00,Y,77.39
807208,4,Paid Search,2024-01-19 00:00,N,0
801891,1,Email,2024-07-13 00:00,Y,75.37
803800,4,Email,2025-01-05 00:00,Y,91.78
803335,4,SEO,2024-02-08 00:00,Y,177.51
806983,2,SEO,2024-03-11 00:00,N,0
805404,2,Email,2025-08-06 00:00,Y,61.84
803413,2,Email,2024-08-07 00:00,N,0
808765,1,Paid Social,2025-05-31 00:00,Y,45.57
808721,1,Paid Social,2024-03-08 00:00,Y,114.64
804410,3,Email,2025-05-19 00:00,Y,35.7
808626,2,Paid Search,2024-11-17 00:00,N,0
800608,1,Email,2025-06-09 00:00,N,0
806323,1,Paid Search,2024-08-31 00:00,Y,62.96
802131,3,SEO,2025-01-13 00:00,Y,99.64
805978,3,Email,2024-09-03 00:00,Y,37.82
805745,3,Email,2025-08-27 00:00,N,0
803635,2,Paid Search,2025-07-30 00:00,Y,188.01
808540,3,Email,2024-11-15 00:00,N,0
808082,1,Paid Social,2025-05-12 00:00,Y,39.81
801181,2,Email,2024-05-15 00:00,N,0
800863,2,Paid Social,2024-04-02 00:00,N,0
805956,1,Email,2025-06-29 00:00,Y,145.73
803448,2,SEO,2024-04-28 00:00,Y,144.76
808316,3,Email,2024-05-03 00:00,Y,40.83
803203,1,Paid Search,2025-04-06 00:00,Y,154.99
801821,5,Paid Search,2025-03-22 00:00,Y,161.41
808221,4,Email,2024-01-10 00:00,N,0
801711,1,Paid Search,2025-03-27 00:00,Y,214.78
805917,2,Email,2024-10-03 00:00,Y,121.17
802625,1,Paid Social,2025-07-08 00:00,N,0
802783,1,Paid Social,2024-10-15 00:00,Y,79.79
801877,3,Email,2024-09-25 00:00,N,0
806399,1,Paid Search,2024-08-08 00:00,Y,142.73
804304,1,SEO,2024-06-24 00:00,Y,102.92
808716,4,Paid Social,2024-01-30 00:00,Y,122.15
808926,2,Paid Search,2025-08-14 00:00,N,0
802442,2,Email,2025-09-29 00:00,Y,153.63
808223,3,SEO,2025-04-08 00:00,Y,219.18
803526,2,Paid Search,2025-09-20 00:00,Y,183.29
808769,1,Paid Social,2025-08-13 00:00,Y,39.25
804790,1,Email,2024-01-22 00:00,Y,119.88
805737,3,Paid Social,2025-04-07 00:00,N,0
803421,2,SEO,2025-10-12 00:00,N,0
807468,3,Email,2025-07-25 00:00,N,0
800036,1,Paid Social,2024-10-13 00:00,Y,212.91
805491,2,Paid Social,2025-01-23 00:00,Y,219.53
807223,1,Email,2024-11-01 00:00,Y,157.95
805857,2,Paid Social,2024-11-15 00:00,Y,219.99
803052,5,Paid Social,2025-01-09 00:00,Y,87.47
801173,1,SEO,2024-06-17 00:00,Y,99.17
808929,1,SEO,2024-12-11 00:00,Y,133.81
807653,2,Paid Social,2024-10-16 00:00,N,0
803915,4,Email,2025-09-20 00:00,Y,43.99
800131,4,Paid Search,2024-12-06 00:00,N,0
803849,2,Paid Search,2024-08-01 00:00,Y,55.92
802284,1,SEO,2024-12-16 00:00,Y,52.84
800479,3,Email,2024-12-01 00:00,Y,120.86
805842,1,Email,2025-05-11 00:00,Y,141.48
807995,2,Paid Social,2024-09-19 00:00,Y,196.33
804716,1,Paid Social,2024-02-27 00:00,Y,122.98
805879,2,Paid Search,2024-12-07 00:00,N,0
806085,1,Paid Social,2024-11-16 00:00,N,0
805471,3,Paid Social,2025-03-02 00:00,Y,144.08
800343,1,Email,2024-05-19 00:00,N,0
800998,2,Paid Social,2025-03-17 00:00,Y,73.01
803745,1,Paid Social,2024-02-20 00:00,Y,210.75
804383,2,Email,2024-03-19 00:00,Y,215.29
806211,3,Email,2024-12-02 00:00,N,0
803093,2,Email,2025-10-07 00:00,N,0
801920,3,Email,2025-03-15 00:00,Y,149.01
806565,1,Paid Search,2025-06-21 00:00,Y,89.3
808358,2,Paid Search,2025-09-03 00:00,N,0
805665,2,Paid Social,2024-12-09 00:00,Y,97.45
806221,1,SEO,2025-02-20 00:00,Y,120.32
803419,1,Paid Social,2025-06-16 00:00,Y,51.52
808539,1,Paid Social,2024-09-22 00:00,Y,122.91
808464,1,SEO,2025-06-01 00:00,Y,142.13
802956,1,Paid Search,2024-02-07 00:00,Y,160.74
800438,1,SEO,2024-12-15 00:00,Y,204.59
800472,2,Email,2025-03-10 00:00,Y,55.38
800954,1,SEO,2024-02-03 00:00,N,0
800463,1,Paid Social,2025-09-10 00:00,Y,148.13
807323,3,Paid Social,2024-08-14 00:00,Y,120.96
808381,2,Paid Social,2024-08-11 00:00,N,0
804697,2,SEO,2025-07-27 00:00,N,0
808464,2,Email,2025-06-05 00:00,Y,142.13
807921,2,Email,2024-04-14 00:00,Y,116.13
802522,3,Email,2024-07-25 00:00,Y,118.7
802327,2,Paid Social,2024-05-26 00:00,N,0
803691,2,Paid Search,2024-05-17 00:00,Y,77.78
800683,3,Paid Search,2025-01-29 00:00,Y,154.7
802576,2,Paid Search,2025-06-04 00:00,Y,87.28
805542,2,Paid Search,2024-11-20 00:00,Y,193.46
800586,4,Paid Social,2025-01-25 00:00,Y,50.59
804807,2,Paid Social,2024-08-13 00:00,Y,43.67
802648,1,SEO,2024-01-03 00:00,Y,119.03
806519,2,Paid Search,2024-06-24 00:00,N,0
808547,1,Paid Social,2024-11-19 00:00,Y,68.49
808292,2,Paid Search,2025-07-31 00:00,Y,117.8
808566,5,Email,2025-10-07 00:00,Y,207.98
807666,4,Paid Social,2024-02-24 00:00,N,0
801825,2,Paid Search,2025-01-22 00:00,N,0
805557,2,SEO,2024-11-04 00:00,Y,61.17
806820,3,Paid Social,2024-03-06 00:00,N,0
801289,4,Paid Search,2025-06-21 00:00,Y,39.72
804250,3,Email,2025-01-27 00:00,N,0
805720,2,Paid Search,2025-07-11 00:00,Y,212.89
800589,3,Email,2025-08-01 00:00,Y,219.72
808606,1,Paid Social,2024-08-25 00:00,Y,215.63
801406,1,Email,2024-12-23 00:00,Y,102.26
804346,2,SEO,2025-05-16 00:00,Y,86.23
802075,3,Email,2024-03-08 00:00,N,0
808133,3,Email,2025-06-17 00:00,N,0
805909,3,SEO,2025-08-27 00:00,Y,50.61
801708,2,Paid Search,2024-06-15 00:00,Y,179.87
805907,1,SEO,2024-06-28 00:00,N,0
801704,2,Paid Search,2025-03-24 00:00,N,0
801287,2,Paid Search,2025-09-25 00:00,N,0
802309,2,Paid Social,2024-05-19 00:00,Y,97.68
801178,2,Paid Search,2024-07-11 00:00,Y,217.86
807863,3,Paid Social,2024-10-02 00:00,Y,212.74
802341,1,Paid Social,2024-08-01 00:00,Y,84.52
806404,1,SEO,2025-01-18 00:00,Y,151.77
803889,2,Paid Search,2025-05-15 00:00,Y,46.02
803849,4,SEO,2024-08-06 00:00,Y,55.92
801625,1,SEO,2025-01-11 00:00,N,0
803941,3,Paid Social,2025-08-10 00:00,Y,81.18
807824,1,SEO,2024-07-14 00:00,Y,194.46
808181,2,Paid Search,2025-02-22 00:00,Y,102.28
805385,1,Paid Social,2025-08-15 00:00,Y,143.92
806109,1,SEO,2024-05-20 00:00,Y,171.12
808486,1,SEO,2025-04-10 00:00,Y,181.92
801822,1,Paid Social,2024-01-09 00:00,Y,163.35
803608,1,Paid Search,2025-05-18 00:00,N,0
806670,2,Paid Social,2025-07-07 00:00,N,0
801799,2,Paid Search,2024-11-11 00:00,Y,133.15
801139,4,Paid Social,2024-09-24 00:00,N,0
806638,1,SEO,2025-08-19 00:00,Y,219.47
804034,1,SEO,2024-11-24 00:00,Y,141.28
806655,3,Paid Social,2025-10-03 00:00,N,0
802343,1,SEO,2024-05-07 00:00,N,0
804426,2,Paid Social,2024-01-07 00:00,Y,135.59
808430,1,Paid Search,2024-10-06 00:00,N,0
805553,3,Email,2025-09-17 00:00,N,0
808668,1,Paid Social,2024-07-20 00:00,N,0
803843,3,Paid Search,2025-09-18 00:00,N,0
807034,1,Email,2024-04-23 00:00,N,0
801525,2,Paid Search,2025-02-07 00:00,Y,186.86
808696,3,Paid Social,2024-08-16 00:00,Y,103.21
806076,2,Paid Search,2024-07-22 00:00,Y,213.05
803348,1,SEO,2024-08-01 00:00,N,0
804709,1,SEO,2025-08-11 00:00,Y,70.67
801582,1,SEO,2024-07-11 00:00,Y,217.05
803984,1,Email,2025-03-06 00:00,Y,79.13
805818,1,Paid Search,2025-01-06 00:00,Y,205.46
805397,1,Email,2025-05-16 00:00,N,0
802617,1,Paid Social,2025-07-20 00:00,Y,44.88
803771,1,Paid Search,2024-09-19 00:00,Y,49.14
802572,2,Paid Social,2024-03-05 00:00,N,0
807024,3,Email,2024-05-23 00:00,N,0
808132,1,SEO,2024-12-26 00:00,Y,95.41
804493,2,Paid Search,2025-03-21 00:00,Y,115.78
804269,1,SEO,2024-12-16 00:00,Y,95.85
807351,2,Paid Search,2025-01-24 00:00,Y,182.98
806649,2,Email,2024-05-18 00:00,N,0
802411,2,Paid Search,2024-08-17 00:00,N,0
802632,2,Paid Social,2025-08-06 00:00,N,0
805727,3,Email,2024-11-11 00:00,N,0
807330,2,SEO,2025-06-23 00:00,N,0
802397,2,Email,2025-09-13 00:00,Y,126.3
800783,1,Email,2024-08-27 00:00,Y,125.22
805682,2,Paid Social,2024-12-29 00:00,Y,96.4
808445,1,Paid Search,2024-04-04 00:00,N,0
805233,3,Email,2024-03-10 00:00,N,0
807317,1,Paid Social,2024-06-18 00:00,Y,207.16
807911,2,SEO,2024-02-23 00:00,N,0
802679,1,SEO,2024-10-28 00:00,N,0
805407,2,Email,2025-09-30 00:00,Y,84.22
808977,2,Paid Social,2024-06-23 00:00,N,0
801893,2,Email,2024-03-08 00:00,N,0
808748,1,Paid Social,2024-11-18 00:00,Y,108.4
803055,1,Paid Search,2024-10-26 00:00,Y,49.08
807244,1,Paid Search,2024-06-27 00:00,Y,215.28
800427,1,SEO,2024-12-20 00:00,Y,191.17
803993,2,Paid Social,2025-04-04 00:00,Y,142.2
804835,1,SEO,2024-05-14 00:00,Y,135.48
800204,5,Paid Search,2024-12-07 00:00,Y,191.08
802166,3,Paid Search,2025-06-20 00:00,Y,126.06
807072,2,Email,2025-01-16 00:00,Y,110.36
804305,1,Paid Search,2025-02-15 00:00,N,0
804313,2,SEO,2024-07-19 00:00,Y,151.04
800751,2,SEO,2025-05-20 00:00,Y,203.61
801204,3,Email,2025-05-29 00:00,Y,161.04
803184,4,Paid Search,2024-02-20 00:00,Y,75.95
803337,3,Email,2025-04-28 00:00,Y,59.13
805879,4,Paid Search,2024-12-14 00:00,N,0
801453,2,Paid Search,2024-04-01 00:00,Y,154.8
804055,3,Paid Social,2024-04-06 00:00,Y,45.33
801539,1,Email,2025-01-27 00:00,Y,160.38
806517,1,SEO,2024-03-21 00:00,Y,38.41
808839,2,Paid Search,2025-09-08 00:00,Y,119.1
808479,1,Paid Social,2025-01-19 00:00,N,0
805779,1,SEO,2024-10-14 00:00,Y,198.6
804760,1,Paid Search,2024-07-24 00:00,Y,93.93
802640,1,SEO,2025-04-25 00:00,N,0
801112,2,Paid Social,2024-06-12 00:00,Y,47.2
802938,4,Paid Social,2024-06-07 00:00,N,0
801035,2,SEO,2024-06-17 00:00,Y,133.51
800770,2,Paid Social,2024-10-02 00:00,Y,38.63
805716,1,SEO,2025-06-22 00:00,Y,213.61
806838,2,Email,2024-03-29 00:00,Y,130.24
803358,3,SEO,2025-01-10 00:00,Y,41.53
804297,3,Paid Social,2025-04-02 00:00,N,0
803219,1,Email,2025-10-03 00:00,Y,80.62
803097,1,Paid Search,2024-03-23 00:00,Y,85.65
808395,1,Paid Search,2024-11-21 00:00,N,0
806579,3,Email,2024-12-19 00:00,N,0
806528,2,SEO,2025-10-17 00:00,N,0
806776,1,Paid Social,2025-04-03 00:00,N,0
803052,3,Paid Social,2024-12-30 00:00,Y,87.47
804652,3,Paid Social,2024-11-27 00:00,Y,132.21
804561,1,Paid Social,2024-04-06 00:00,Y,149.54
803444,3,Paid Search,2025-08-24 00:00,Y,210.98
808167,2,Paid Social,2025-07-16 00:00,Y,190.82
800516,3,Email,2025-06-06 00:00,N,0
800919,2,Paid Social,2024-02-27 00:00,Y,175.37
804021,1,Paid Search,2025-08-24 00:00,N,0
806226,2,Paid Social,2025-09-30 00:00,N,0
805882,4,Paid Social,2024-07-12 00:00,N,0
801810,2,Paid Search,2024-09-22 00:00,Y,60.25
801267,3,Paid Social,2024-01-30 00:00,Y,177.94
801721,3,Paid Social,2025-04-06 00:00,Y,214.27
805253,4,Email,2024-07-31 00:00,N,0
800181,1,SEO,2024-12-07 00:00,Y,193.22
804557,1,Paid Search,2025-06-25 00:00,N,0
801164,1,SEO,2024-04-13 00:00,Y,102.3
802046,1,Paid Social,2025-08-27 00:00,Y,175.51
807440,5,Paid Search,2025-09-15 00:00,N,0
807716,3,Paid Social,2025-03-10 00:00,Y,50.78
808599,3,Paid Search,2025-04-20 00:00,Y,148.67
802459,1,Email,2024-10-02 00:00,N,0
801789,2,SEO,2025-03-29 00:00,Y,182.77
803227,1,Paid Social,2025-06-02 00:00,N,0
803399,2,Paid Search,2025-02-17 00:00,Y,168.72
805322,1,SEO,2024-11-04 00:00,Y,143.27
802617,3,Paid Social,2025-07-26 00:00,Y,44.88
802468,1,Email,2024-07-13 00:00,Y,187.31
807706,2,Email,2024-11-05 00:00,Y,191.76
805178,2,Email,2024-07-20 00:00,Y,69.32
804058,4,Email,2025-01-30 00:00,Y,108.46
803658,3,SEO,2025-03-17 00:00,Y,138.73
807176,1,SEO,2024-01-31 00:00,Y,45.11
807831,3,Paid Search,2024-12-10 00:00,Y,203.23
808129,1,Paid Search,2024-01-19 00:00,N,0
801638,1,Paid Social,2024-12-01 00:00,Y,59.0
807414,2,Email,2024-07-11 00:00,N,0
807026,3,SEO,2024-04-26 00:00,N,0
801477,1,SEO,2024-08-10 00:00,Y,118.61
806401,3,Paid Search,2025-08-28 00:00,N,0
802106,1,Email,2024-09-26 00:00,N,0
806689,1,Paid Social,2025-09-10 00:00,N,0
807218,2,SEO,2025-02-22 00:00,Y,200.0
808435,1,SEO,2024-06-05 00:00,N,0
802491,2,Email,2025-05-15 00:00,Y,124.51
803972,3,SEO,2025-07-01 00:00,Y,80.37
807623,2,SEO,2024-02-16 00:00,N,0
804311,5,Paid Search,2024-01-09 00:00,Y,71.19
805970,4,Paid Social,2024-08-29 00:00,N,0
808566,3,Email,2025-10-11 00:00,Y,207.98
804087,2,Email,2025-06-15 00:00,N,0
802828,1,SEO,2024-07-18 00:00,Y,172.32
807594,1,SEO,2025-08-18 00:00,Y,115.72
801821,4,Paid Search,2025-03-16 00:00,Y,161.41
807267,1,Paid Social,2024-02-25 00:00,Y,153.59
808162,1,SEO,2024-01-29 00:00,Y,216.13
800833,4,Paid Social,2024-06-01 00:00,Y,193.44
801340,2,SEO,2024-11-03 00:00,N,0
806015,3,Paid Search,2024-03-12 00:00,Y,155.74
804458,1,Paid Social,2024-01-06 00:00,Y,132.26
805233,1,SEO,2024-03-06 00:00,N,0
808797,3,Paid Search,2025-05-01 00:00,N,0
806290,1,Email,2025-06-21 00:00,Y,218.88
804631,1,Paid Social,2024-11-14 00:00,Y,54.97
805353,3,SEO,2024-03-17 00:00,Y,142.13
800144,1,Paid Search,2025-07-29 00:00,Y,56.19
803063,1,Paid Social,2024-03-29 00:00,N,0
805604,2,Email,2024-02-15 00:00,Y,42.17
803969,1,Email,2024-07-05 00:00,Y,126.89
806658,3,Paid Search,2024-09-24 00:00,N,0
807259,1,SEO,2024-07-16 00:00,N,0
800394,1,SEO,2024-03-14 00:00,N,0
808703,5,SEO,2024-09-20 00:00,Y,35.57
800453,2,Paid Social,2025-01-23 00:00,Y,107.71
808094,1,SEO,2024-11-05 00:00,Y,45.9
802316,2,SEO,2025-01-31 00:00,Y,140.69
804735,1,Paid Search,2024-08-20 00:00,N,0
802532,1,SEO,2025-02-14 00:00,N,0
805136,1,Paid Social,2024-10-31 00:00,Y,161.06
805979,1,Paid Social,2025-01-05 00:00,Y,58.5
806775,4,SEO,2025-10-07 00:00,Y,139.18
803551,1,SEO,2024-09-06 00:00,Y,114.75
801141,4,SEO,2025-09-05 00:00,Y,76.46
807358,1,SEO,2024-08-08 00:00,Y,119.82
807978,2,SEO,2025-05-21 00:00,N,0
808984,2,Email,2024-04-13 00:00,Y,100.34
806349,1,SEO,2024-07-05 00:00,N,0
802618,2,Email,2024-11-06 00:00,Y,82.55
800735,3,Paid Search,2025-07-15 00:00,N,0
800396,3,SEO,2024-11-16 00:00,Y,64.31
807323,4,Email,2024-08-20 00:00,Y,120.96
801834,3,Paid Search,2025-02-15 00:00,Y,199.83
802873,2,Paid Social,2024-02-16 00:00,Y,74.62
807932,3,Paid Search,2024-03-07 00:00,Y,204.15
805872,2,Paid Search,2024-11-11 00:00,Y,68.49
804152,1,Paid Search,2025-01-25 00:00,Y,157.31
802930,1,Paid Social,2024-03-30 00:00,Y,127.93
800612,2,Email,2024-08-27 00:00,Y,131.38
804885,3,Email,2024-05-01 00:00,Y,116.4
802385,4,SEO,2024-06-25 00:00,Y,188.95
801138,1,SEO,2024-07-09 00:00,Y,140.12
808178,1,Paid Social,2025-05-31 00:00,Y,114.36
803774,1,SEO,2024-04-03 00:00,Y,188.79
806283,1,Email,2025-05-12 00:00,N,0
803535,1,SEO,2024-11-02 00:00,Y,198.4
801554,3,Email,2024-12-09 00:00,Y,42.52
807396,1,SEO,2025-03-28 00:00,N,0
801985,1,Paid Social,2024-01-02 00:00,Y,186.63
801044,5,Paid Search,2025-03-29 00:00,N,0
805121,1,Paid Search,2025-05-24 00:00,N,0
805526,3,Email,2025-03-26 00:00,N,0
800127,2,Paid Search,2025-06-10 00:00,N,0
807453,4,Paid Social,2025-07-03 00:00,N,0
801524,4,Paid Search,2024-04-11 00:00,N,0
805608,3,SEO,2024-12-28 00:00,N,0
801433,2,Email,2025-05-03 00:00,Y,203.95
803731,2,Paid Social,2025-05-27 00:00,N,0
806722,1,SEO,2024-05-24 00:00,Y,215.09
800991,1,Paid Social,2024-05-08 00:00,Y,83.32
808873,1,Paid Social,2024-04-13 00:00,N,0
806207,4,Paid Social,2024-09-29 00:00,N,0
807622,3,Email,2024-07-17 00:00,Y,67.37
803545,2,Paid Search,2024-09-29 00:00,N,0
800922,2,SEO,2024-04-15 00:00,Y,104.27
806632,1,Paid Social,2025-09-11 00:00,N,0
800875,2,SEO,2024-05-01 00:00,Y,64.29
806521,2,Paid Search,2024-07-13 00:00,N,0
806938,1,Paid Social,2025-08-09 00:00,Y,210.27
804390,3,Email,2025-09-03 00:00,N,0
807909,2,Email,2024-01-22 00:00,Y,133.03
801111,3,Paid Social,2024-12-09 00:00,Y,160.55
803291,3,Email,2025-03-23 00:00,N,0
803799,4,Paid Social,2024-06-23 00:00,N,0
808804,2,Email,2025-01-25 00:00,Y,174.51
801122,3,SEO,2025-07-28 00:00,N,0
802441,3,Paid Social,2024-10-05 00:00,N,0
807241,3,Paid Social,2025-01-03 00:00,Y,179.63
802091,2,Email,2025-05-18 00:00,N,0
808011,3,Paid Social,2025-02-19 00:00,Y,133.3
805315,2,SEO,2024-12-26 00:00,N,0
807640,1,SEO,2025-08-08 00:00,Y,92.45
802802,1,Paid Social,2024-03-09 00:00,Y,190.85
800764,1,SEO,2024-04-25 00:00,N,0
807742,1,SEO,2024-06-01 00:00,N,0
804670,1,SEO,2025-10-12 00:00,N,0
802227,2,Paid Social,2024-04-07 00:00,Y,196.17
802603,2,Email,2025-08-08 00:00,Y,143.79
802079,2,Email,2024-10-05 00:00,N,0
800399,2,Paid Search,2025-01-04 00:00,Y,185.39
801950,2,SEO,2024-04-24 00:00,N,0
808832,1,Email,2024-05-07 00:00,N,0
808241,2,Email,2025-09-06 00:00,Y,200.47
805395,1,Paid Social,2025-01-08 00:00,Y,203.6
800927,4,Email,2024-01-10 00:00,Y,219.76
805493,1,Paid Social,2025-03-28 00:00,N,0
805484,4,Paid Search,2024-06-02 00:00,Y,102.68
805564,4,Paid Search,2024-06-08 00:00,Y,198.47
803274,1,SEO,2024-10-11 00:00,Y,79.61
801962,3,Paid Search,2024-03-26 00:00,N,0
807012,3,Paid Social,2025-06-08 00:00,N,0
801594,1,SEO,2024-07-26 00:00,Y,83.59
802179,2,SEO,2024-05-19 00:00,N,0
800277,2,SEO,2025-10-16 00:00,Y,74.88
801040,3,Email,2024-07-23 00:00,Y,64.73
803997,4,Paid Social,2024-04-20 00:00,N,0
808061,1,Paid Search,2025-01-22 00:00,Y,63.34
806137,2,SEO,2024-01-13 00:00,N,0
801946,4,Paid Search,2025-03-18 00:00,Y,173.74
806200,2,Paid Search,2024-01-09 00:00,Y,124.57
804344,4,Paid Search,2024-05-26 00:00,Y,128.45
804456,1,SEO,2024-10-25 00:00,N,0
800580,5,Email,2024-02-14 00:00,N,0
801100,2,Paid Search,2024-06-01 00:00,Y,86.7
803253,1,Paid Social,2025-05-13 00:00,Y,97.83
802475,1,Email,2024-01-01 00:00,Y,162.6
806521,3,Paid Search,2024-07-13 00:00,N,0
802455,2,SEO,2025-06-03 00:00,N,0
806371,2,Paid Social,2024-03-14 00:00,Y,42.09
808558,1,Paid Social,2024-11-16 00:00,N,0
801596,1,Paid Social,2024-05-07 00:00,Y,48.67
800690,1,Paid Social,2025-05-12 00:00,Y,143.13
802126,1,Paid Social,2025-08-27 00:00,N,0
802965,4,Paid Search,2025-10-21 00:00,N,0
807440,4,Paid Social,2025-09-19 00:00,N,0
803522,1,Paid Social,2025-05-28 00:00,N,0
807065,3,Email,2025-06-18 00:00,Y,57.52
801252,1,Paid Social,2025-01-21 00:00,Y,163.33
803851,1,Paid Social,2024-02-24 00:00,Y,63.25
807349,4,Paid Social,2024-08-22 00:00,Y,197.33
806395,1,SEO,2025-02-11 00:00,N,0
801751,2,Email,2024-03-04 00:00,N,0
802365,1,SEO,2025-04-09 00:00,N,0
807295,1,Paid Search,2025-07-19 00:00,Y,166.31
805920,2,Paid Social,2024-06-04 00:00,Y,204.6
802935,3,Paid Social,2024-05-21 00:00,Y,161.12
807829,2,Paid Social,2025-04-09 00:00,Y,74.23
801043,3,Paid Search,2024-06-20 00:00,Y,119.23
800200,2,Paid Search,2025-08-05 00:00,N,0
808402,3,Paid Social,2024-11-28 00:00,N,0
806700,1,Paid Social,2024-12-09 00:00,Y,43.21
804297,4,Paid Search,2025-04-01 00:00,N,0
806602,3,Paid Search,2024-08-29 00:00,N,0
807381,2,Paid Social,2025-09-13 00:00,N,0
800078,4,Paid Search,2024-11-05 00:00,Y,64.92
807638,2,Paid Search,2025-05-26 00:00,Y,134.89
803915,2,Email,2025-09-14 00:00,Y,43.99
805455,5,Paid Search,2025-07-27 00:00,Y,143.44
800950,1,Email,2024-11-12 00:00,N,0
802983,2,Email,2025-07-26 00:00,Y,72.17
807880,3,Email,2024-04-29 00:00,Y,117.33
806556,1,Paid Social,2024-09-13 00:00,Y,202.98
800134,2,Paid Social,2024-04-23 00:00,N,0
801425,1,Paid Social,2025-01-09 00:00,Y,74.33
803284,2,Email,2024-04-04 00:00,Y,200.81
808592,4,Email,2024-05-27 00:00,Y,141.5
806610,2,Paid Search,2024-10-09 00:00,Y,186.16
806026,1,Email,2024-02-27 00:00,Y,120.23
805106,1,Paid Social,2024-10-27 00:00,Y,53.35
808404,1,Paid Social,2025-01-31 00:00,Y,119.69
807437,1,Paid Social,2024-01-01 00:00,Y,107.85
800170,4,Email,2024-01-11 00:00,Y,176.21
808682,1,Email,2025-01-23 00:00,Y,110.6
805682,3,Email,2025-01-01 00:00,Y,96.4
802796,4,Paid Social,2024-04-30 00:00,Y,63.15
808882,1,Paid Search,2024-06-29 00:00,N,0
803125,2,SEO,2024-06-19 00:00,Y,201.23
808573,2,Email,2025-02-14 00:00,Y,67.35
802322,1,SEO,2024-10-11 00:00,N,0
804462,4,Email,2024-04-08 00:00,Y,130.32
808689,2,SEO,2024-12-29 00:00,N,0
805244,2,Email,2024-01-21 00:00,N,0
806991,1,SEO,2025-09-12 00:00,Y,162.13
807978,1,SEO,2025-05-19 00:00,N,0
800417,3,Paid Search,2025-03-16 00:00,Y,199.2
800323,2,SEO,2024-08-18 00:00,N,0
806983,3,Email,2024-03-12 00:00,N,0
808671,4,Email,2025-08-05 00:00,N,0
802598,1,SEO,2024-12-09 00:00,Y,160.11
805232,1,SEO,2025-07-24 00:00,Y,110.72
800218,2,Email,2024-12-09 00:00,Y,128.25
805000,1,SEO,2025-06-09 00:00,N,0
801503,2,SEO,2024-09-29 00:00,N,0
801314,3,Paid Social,2024-04-06 00:00,Y,145.52
806756,3,Paid Search,2025-04-23 00:00,Y,51.08
804861,4,Email,2024-09-01 00:00,N,0
807566,1,SEO,2025-03-07 00:00,Y,213.21
808528,5,Email,2024-06-11 00:00,N,0
801815,1,SEO,2025-02-09 00:00,N,0
800903,2,Paid Social,2025-04-08 00:00,Y,195.9
805091,2,Paid Social,2025-01-10 00:00,Y,60.17
803045,1,Paid Social,2024-03-28 00:00,Y,79.64
800018,1,Email,2024-09-24 00:00,N,0
804625,1,Paid Social,2024-01-09 00:00,N,0
804407,1,Email,2024-11-01 00:00,N,0
802264,3,Email,2024-04-12 00:00,Y,205.24
805625,1,SEO,2024-10-17 00:00,N,0
804789,3,Email,2025-05-05 00:00,N,0
808908,3,Email,2025-06-15 00:00,Y,137.77
805266,3,Email,2024-12-10 00:00,Y,156.24
802344,2,Paid Social,2025-10-13 00:00,Y,131.16
800707,2,Paid Search,2024-01-15 00:00,N,0
801044,2,Paid Search,2025-03-28 00:00,N,0
803074,1,Email,2024-06-15 00:00,N,0
808005,1,SEO,2025-07-05 00:00,Y,91.08
803925,2,Paid Search,2024-09-29 00:00,Y,184.42
803035,1,Paid Social,2024-06-02 00:00,N,0
803772,4,Paid Search,2025-09-04 00:00,N,0
802501,2,SEO,2024-12-30 00:00,Y,214.54
805923,1,Paid Social,2024-01-15 00:00,Y,191.69
807735,4,Paid Social,2025-03-26 00:00,Y,181.77
804158,3,Paid Social,2024-08-05 00:00,N,0
801772,2,Paid Search,2025-09-25 00:00,N,0
807634,1,Paid Search,2024-08-22 00:00,N,0
804705,1,Paid Social,2024-07-25 00:00,Y,207.88
807950,1,SEO,2024-12-26 00:00,N,0
806022,1,Paid Social,2025-09-19 00:00,Y,194.12
800412,3,Paid Search,2024-04-28 00:00,N,0
800335,2,SEO,2024-10-25 00:00,N,0
802947,1,Paid Social,2024-08-27 00:00,Y,201.54
803245,1,SEO,2025-01-24 00:00,Y,47.07
802897,4,Paid Search,2025-08-22 00:00,N,0
806939,1,SEO,2025-05-08 00:00,N,0
802395,3,Email,2024-07-18 00:00,Y,62.77
804739,3,Email,2024-09-09 00:00,Y,209.75
808181,1,Paid Search,2025-02-21 00:00,Y,102.28
808844,1,Email,2025-08-31 00:00,Y,41.22
801951,3,SEO,2024-03-29 00:00,N,0
808147,3,Paid Search,2024-06-28 00:00,Y,126.16
801656,3,Email,2024-08-02 00:00,Y,61.71
807216,2,Paid Search,2024-08-30 00:00,N,0
802880,2,Paid Search,2025-01-04 00:00,Y,186.97
805129,2,Paid Search,2025-08-15 00:00,N,0
802226,4,Paid Search,2025-05-30 00:00,Y,71.78
800012,1,SEO,2024-01-10 00:00,N,0
808831,1,Email,2024-05-31 00:00,N,0
805112,2,Paid Social,2024-05-21 00:00,Y,181.87
806964,4,SEO,2025-07-19 00:00,Y,216.31
807291,3,Paid Search,2025-08-29 00:00,N,0
802522,1,Email,2024-07-21 00:00,Y,118.7
808038,1,SEO,2024-08-15 00:00,Y,107.82
806418,1,Paid Social,2024-01-23 00:00,Y,203.82
806546,1,Paid Social,2025-02-21 00:00,N,0
800019,5,Paid Search,2024-04-15 00:00,Y,156.98
804996,1,Paid Search,2024-03-27 00:00,Y,141.15
806143,1,SEO,2024-04-17 00:00,N,0
802940,1,Paid Search,2025-06-14 00:00,N,0
800682,1,SEO,2024-10-23 00:00,Y,204.0
803930,3,Paid Social,2025-02-15 00:00,N,0
807897,1,SEO,2024-06-15 00:00,N,0
803056,2,SEO,2025-09-22 00:00,Y,123.21
801067,2,Paid Search,2024-07-10 00:00,N,0
803022,1,Paid Social,2024-08-18 00:00,Y,66.13
805667,1,SEO,2025-08-31 00:00,N,0
808704,1,Paid Social,2025-03-12 00:00,Y,162.18
805309,3,Paid Search,2024-10-23 00:00,Y,41.64
802568,2,Email,2024-07-24 00:00,Y,76.13
800071,3,Paid Social,2025-07-24 00:00,N,0
802234,2,Email,2024-02-05 00:00,Y,111.51
800732,1,Paid Search,2025-02-01 00:00,Y,113.53
803674,2,Paid Search,2025-04-14 00:00,Y,140.71
806631,1,Paid Search,2024-03-06 00:00,Y,42.28
805708,1,SEO,2025-04-05 00:00,Y,115.83
807996,1,Paid Social,2024-09-01 00:00,Y,163.92
802634,3,Paid Search,2024-08-08 00:00,N,0
800800,4,Email,2024-04-15 00:00,Y,96.27
808587,2,Email,2025-03-29 00:00,Y,142.18
808216,1,Paid Social,2024-01-03 00:00,Y,86.8
801550,3,Email,2025-08-21 00:00,Y,191.32
805894,1,Paid Social,2024-03-02 00:00,Y,120.92
806867,3,SEO,2025-08-17 00:00,Y,99.02
802103,1,Paid Social,2024-03-15 00:00,Y,38.41
807522,1,Paid Social,2024-03-23 00:00,N,0
803507,2,Paid Search,2024-11-23 00:00,N,0
801472,4,Paid Search,2025-10-12 00:00,N,0
808504,2,Paid Social,2025-04-25 00:00,N,0
806144,2,Email,2025-08-05 00:00,Y,189.64
808107,3,Paid Search,2024-04-20 00:00,Y,136.01
800506,2,SEO,2024-05-25 00:00,Y,191.33
800805,2,Email,2024-04-21 00:00,Y,37.51
805324,1,SEO,2024-01-16 00:00,Y,199.83
806906,2,Email,2025-03-24 00:00,Y,159.1
807269,3,Paid Search,2025-05-18 00:00,Y,65.31
802347,2,Paid Social,2024-01-13 00:00,Y,127.35
804657,2,Paid Social,2024-01-27 00:00,N,0
808752,1,Email,2025-01-05 00:00,Y,145.67
805218,1,SEO,2024-08-22 00:00,N,0
807528,4,Email,2025-07-02 00:00,N,0
801423,1,Paid Search,2024-05-13 00:00,N,0
801114,3,Paid Social,2025-10-15 00:00,N,0
805365,3,Paid Search,2025-07-21 00:00,Y,198.55
804906,1,SEO,2025-05-23 00:00,N,0
807411,1,Email,2025-01-30 00:00,Y,117.09
803074,3,Paid Search,2024-06-21 00:00,N,0
807550,3,Paid Search,2024-02-03 00:00,Y,98.11
802449,3,Paid Search,2025-07-27 00:00,N,0
808122,1,Paid Social,2024-09-29 00:00,N,0
808643,2,Email,2025-07-27 00:00,Y,143.91
801156,4,Paid Search,2025-09-20 00:00,N,0
808692,1,Paid Search,2024-11-06 00:00,Y,107.2
805316,2,Paid Social,2024-10-09 00:00,Y,216.47
805765,1,Paid Social,2025-04-24 00:00,N,0
805031,2,Email,2025-06-07 00:00,Y,171.95
804249,5,SEO,2025-09-11 00:00,Y,56.6
804266,2,Email,2025-05-11 00:00,Y,121.93
801488,1,Paid Search,2024-10-21 00:00,N,0
800390,2,Paid Search,2025-04-28 00:00,N,0
805778,1,SEO,2024-04-30 00:00,Y,112.22
803019,2,Paid Search,2025-04-06 00:00,Y,51.04
805851,2,Email,2024-02-23 00:00,N,0
803258,1,Paid Social,2024-06-06 00:00,Y,107.11
801019,1,Paid Search,2025-02-03 00:00,N,0
805917,3,Email,2024-10-02 00:00,Y,121.17
805554,1,Paid Social,2024-12-16 00:00,Y,173.11
804374,2,Email,2024-12-26 00:00,Y,196.1
807974,3,Paid Search,2024-07-07 00:00,N,0
806495,5,Paid Search,2025-08-29 00:00,Y,106.03
800186,2,SEO,2025-01-04 00:00,N,0
803814,3,Email,2024-04-27 00:00,Y,182.91
801061,1,Paid Search,2025-05-20 00:00,Y,218.48
802350,1,SEO,2024-10-31 00:00,Y,214.51
805887,3,Paid Social,2024-02-18 00:00,N,0
803627,2,Email,2024-12-12 00:00,N,0
800059,2,Email,2024-04-29 00:00,Y,140.83
807518,3,Paid Search,2024-05-10 00:00,Y,181.79
807201,3,Email,2024-04-12 00:00,N,0
801640,2,SEO,2024-12-25 00:00,Y,81.48
803170,4,Paid Search,2024-06-27 00:00,N,0
801332,1,SEO,2024-01-13 00:00,Y,126.42
806536,3,SEO,2024-01-20 00:00,Y,181.67
804284,2,Email,2024-04-07 00:00,Y,100.75
800475,1,Paid Social,2025-01-11 00:00,Y,42.92
802000,1,Paid Social,2025-02-18 00:00,Y,105.77
802003,2,Paid Search,2025-09-19 00:00,Y,187.12
803145,4,Paid Social,2025-01-11 00:00,Y,193.38
802581,2,Email,2024-08-30 00:00,Y,214.38
801105,4,Email,2025-08-29 00:00,N,0
805208,2,Paid Search,2025-07-23 00:00,Y,50.25
801729,2,Paid Search,2025-05-21 00:00,Y,81.68
806821,4,Paid Search,2025-09-21 00:00,N,0
800620,3,Email,2024-10-24 00:00,N,0
801511,1,Paid Social,2024-06-07 00:00,Y,213.32
808160,2,Paid Search,2024-09-22 00:00,N,0
803709,2,Email,2024-03-03 00:00,Y,84.54
801222,1,Email,2024-12-18 00:00,Y,96.85
808394,2,Email,2025-08-06 00:00,Y,108.58
802665,3,Email,2024-06-22 00:00,Y,105.51
804794,3,Email,2025-04-27 00:00,N,0
801612,2,Paid Social,2024-12-20 00:00,Y,210.21
806688,4,SEO,2024-10-04 00:00,N,0
802425,3,Email,2025-08-27 00:00,Y,152.94
800221,4,SEO,2025-09-21 00:00,N,0
806934,2,SEO,2025-09-30 00:00,Y,81.5
801203,1,SEO,2024-04-26 00:00,Y,138.37
802016,2,Email,2025-05-30 00:00,Y,213.44
802172,1,SEO,2025-05-01 00:00,N,0
804588,4,Email,2024-12-30 00:00,N,0
803117,4,Email,2024-01-18 00:00,Y,97.44
800961,2,Paid Social,2024-09-01 00:00,N,0
802890,1,SEO,2025-04-30 00:00,Y,217.55
808216,3,Paid Social,2024-01-05 00:00,Y,86.8
805432,2,SEO,2025-03-02 00:00,N,0
808523,2,Email,2025-02-02 00:00,N,0
800541,2,Paid Search,2024-04-16 00:00,Y,119.52
808376,1,Paid Social,2024-12-09 00:00,N,0
803296,1,Paid Social,2025-03-30 00:00,Y,119.07
805428,1,Paid Social,2024-05-08 00:00,Y,39.65
800809,3,Paid Search,2025-05-17 00:00,N,0
802230,1,Paid Social,2024-02-22 00:00,N,0
801750,4,Email,2024-08-08 00:00,Y,152.88
802168,1,SEO,2024-07-16 00:00,Y,198.04
804588,1,SEO,2024-12-24 00:00,N,0
805621,1,Email,2025-06-12 00:00,Y,89.58
801664,1,Paid Social,2025-08-10 00:00,N,0
801777,3,Paid Social,2025-10-21 00:00,Y,146.45
808953,3,Paid Social,2025-01-17 00:00,Y,117.29
800482,4,Paid Search,2024-12-06 00:00,N,0
806811,2,SEO,2025-08-22 00:00,N,0
800948,1,Paid Search,2025-02-16 00:00,N,0
808939,1,SEO,2025-07-21 00:00,N,0
800547,1,Paid Social,2024-01-14 00:00,N,0
804597,2,SEO,2024-07-21 00:00,Y,193.43
804474,2,SEO,2025-09-18 00:00,N,0
803362,3,SEO,2025-01-07 00:00,Y,54.51
808922,3,Paid Search,2024-11-02 00:00,Y,111.33
801021,1,Email,2025-05-09 00:00,Y,39.73
804995,3,Paid Social,2025-04-26 00:00,Y,45.08
808267,5,Paid Search,2025-03-29 00:00,Y,213.46
800220,4,Email,2025-10-21 00:00,Y,111.64
800672,1,SEO,2024-07-27 00:00,N,0
806641,3,Email,2025-05-04 00:00,Y,79.23
807465,2,Paid Social,2024-04-30 00:00,Y,182.98
800306,1,SEO,2025-08-09 00:00,Y,84.29
808876,2,SEO,2024-06-08 00:00,N,0
805432,1,SEO,2025-02-28 00:00,N,0
805340,1,Paid Search,2025-04-14 00:00,Y,217.38
803592,1,SEO,2024-08-24 00:00,N,0
806054,2,SEO,2025-02-03 00:00,Y,179.41
801657,2,Paid Search,2024-08-17 00:00,Y,183.46
806451,2,Email,2024-05-05 00:00,Y,53.99
801897,1,Paid Social,2025-07-28 00:00,N,0
800987,3,Email,2025-04-14 00:00,Y,194.03
800548,2,Paid Social,2025-01-24 00:00,Y,103.52
805740,4,Email,2024-08-09 00:00,N,0
808552,2,Paid Social,2024-05-10 00:00,Y,178.58
804044,2,Email,2025-07-01 00:00,N,0
808649,1,Paid Search,2024-02-06 00:00,Y,69.22
808768,3,SEO,2024-02-15 00:00,Y,166.88
804472,3,Email,2024-02-16 00:00,Y,83.02
800282,3,Paid Social,2024-08-11 00:00,Y,129.47
807664,4,Paid Social,2024-06-02 00:00,Y,123.87
802248,3,Paid Search,2024-02-06 00:00,N,0
805443,5,SEO,2024-01-13 00:00,Y,64.49
808892,1,Paid Social,2024-03-16 00:00,Y,120.04
803482,2,Email,2025-03-23 00:00,Y,203.31
806209,1,SEO,2024-11-20 00:00,N,0
802542,1,Paid Social,2024-08-08 00:00,Y,38.61
802506,2,Paid Search,2024-08-14 00:00,Y,164.48
801176,2,Email,2024-11-09 00:00,Y,86.79
808526,1,SEO,2024-06-27 00:00,Y,91.7
800064,2,SEO,2024-12-04 00:00,N,0
802607,2,Email,2024-01-13 00:00,N,0
803700,2,SEO,2024-08-13 00:00,Y,154.12
802069,1,Paid Search,2024-06-11 00:00,N,0
800287,1,Paid Social,2024-06-26 00:00,Y,146.85
805648,1,SEO,2025-10-03 00:00,Y,145.32
801165,2,Paid Social,2025-08-14 00:00,N,0
808677,3,Paid Social,2025-03-12 00:00,Y,57.47
808918,2,Paid Search,2024-09-27 00:00,N,0
803038,3,Paid Social,2024-07-20 00:00,Y,182.85
801961,2,Paid Search,2024-03-29 00:00,N,0
808462,2,SEO,2025-01-29 00:00,Y,127.93
806644,2,Paid Search,2024-07-21 00:00,Y,35.69
804274,1,SEO,2024-10-31 00:00,Y,123.93
808152,2,Paid Search,2025-08-25 00:00,Y,78.15
802205,3,SEO,2024-04-02 00:00,Y,71.94
806189,1,Email,2024-04-26 00:00,Y,69.2
803265,2,Paid Search,2025-03-14 00:00,Y,74.22
805098,3,SEO,2024-05-05 00:00,Y,126.96
800921,1,Paid Social,2024-10-06 00:00,N,0
802509,3,Email,2025-04-20 00:00,N,0
801211,4,Paid Search,2025-07-19 00:00,N,0
808074,1,Paid Social,2025-07-21 00:00,N,0
802617,2,Paid Search,2025-07-24 00:00,Y,44.88
805457,1,SEO,2024-12-11 00:00,Y,58.48
807379,1,SEO,2025-06-13 00:00,N,0
805673,4,Paid Social,2024-11-08 00:00,Y,204.31
805552,3,Email,2024-05-12 00:00,Y,153.02
801585,3,Email,2025-06-27 00:00,Y,182.51
800884,1,Paid Search,2024-11-09 00:00,Y,179.1
807848,1,Paid Search,2024-12-21 00:00,Y,81.3
800509,1,SEO,2025-02-22 00:00,N,0
800224,1,Email,2025-05-09 00:00,Y,93.99
805863,1,SEO,2024-01-08 00:00,N,0
805341,3,Email,2025-02-14 00:00,N,0
807454,5,Paid Search,2024-09-06 00:00,Y,67.6
801563,1,SEO,2025-08-28 00:00,N,0
805281,3,Email,2024-02-14 00:00,Y,48.93
802123,1,Paid Search,2024-10-25 00:00,Y,201.17
807623,1,Paid Social,2024-02-14 00:00,N,0
805670,1,Email,2025-02-01 00:00,N,0
806536,1,Paid Social,2024-01-18 00:00,Y,181.67
801696,1,Paid Social,2024-04-03 00:00,Y,77.64
808739,2,Paid Social,2025-03-21 00:00,N,0
803416,1,Paid Social,2024-11-10 00:00,Y,170.22
803109,3,SEO,2024-07-25 00:00,N,0
801997,2,SEO,2024-06-18 00:00,Y,137.41
802083,3,Paid Search,2024-01-04 00:00,Y,193.36
805068,1,Paid Search,2025-01-09 00:00,Y,199.95
806605,2,Paid Social,2024-12-23 00:00,N,0
800995,2,Paid Search,2025-02-24 00:00,Y,60.36
807482,1,Email,2024-04-01 00:00,Y,216.93
806475,1,SEO,2024-07-13 00:00,Y,83.26
803946,1,Email,2024-07-25 00:00,N,0
807918,1,SEO,2025-04-25 00:00,Y,168.18
806489,1,SEO,2025-02-18 00:00,N,0
803578,4,Paid Search,2025-07-07 00:00,N,0
807567,1,Paid Social,2024-02-09 00:00,N,0
801864,2,Paid Search,2024-03-24 00:00,Y,89.63
804017,2,Paid Social,2025-08-06 00:00,Y,122.24
807326,1,SEO,2024-08-30 00:00,Y,67.79
803231,1,Email,2024-06-10 00:00,N,0
800307,3,Paid Search,2025-04-14 00:00,Y,38.24
803829,2,SEO,2025-09-13 00:00,N,0
807013,2,Email,2025-05-05 00:00,Y,192.69
802741,3,Email,2025-10-14 00:00,Y,185.24
807055,1,SEO,2024-10-21 00:00,N,0
805710,1,SEO,2024-11-11 00:00,Y,35.53
800964,3,Email,2024-10-03 00:00,N,0
803419,3,Email,2025-06-24 00:00,Y,51.52
802562,1,Email,2024-03-05 00:00,N,0
808065,2,Email,2024-12-05 00:00,Y,114.09
804998,2,Email,2024-05-07 00:00,N,0
801658,1,Email,2024-12-01 00:00,N,0
802422,2,SEO,2024-10-09 00:00,Y,139.45
804226,5,Paid Search,2025-08-28 00:00,N,0
807070,1,Email,2024-06-06 00:00,N,0
802367,2,Email,2025-02-05 00:00,Y,141.04
807023,2,Paid Search,2024-03-03 00:00,Y,152.13
808788,3,Email,2025-09-07 00:00,Y,94.94
800162,1,Paid Social,2024-07-18 00:00,N,0
803939,3,Paid Search,2025-01-01 00:00,Y,128.11
808973,5,Paid Social,2024-05-30 00:00,Y,49.49
801681,2,Email,2025-01-03 00:00,Y,118.16
803371,4,Paid Search,2025-04-25 00:00,N,0
804123,1,SEO,2025-02-24 00:00,N,0
808086,2,Paid Search,2024-07-10 00:00,Y,47.69
800844,1,Paid Social,2024-12-31 00:00,Y,92.58
804916,2,Paid Social,2025-04-03 00:00,Y,48.94
806741,1,SEO,2024-08-21 00:00,Y,157.53
800157,2,SEO,2024-02-02 00:00,N,0
803710,2,Email,2025-05-16 00:00,Y,128.9
803310,3,Paid Social,2025-07-17 00:00,Y,143.41
808964,2,Paid Search,2025-06-20 00:00,Y,46.74
808599,1,SEO,2025-04-18 00:00,Y,148.67
801013,3,Email,2024-11-18 00:00,N,0
801936,1,Email,2024-04-25 00:00,Y,99.07
807963,1,Paid Search,2024-05-26 00:00,Y,127.64
806402,2,Paid Social,2024-07-20 00:00,N,0
805547,1,SEO,2024-11-08 00:00,Y,61.37
803295,1,SEO,2024-08-24 00:00,Y,211.21
801454,2,Paid Social,2025-07-28 00:00,N,0
800843,1,SEO,2025-03-18 00:00,Y,169.25
803865,2,Paid Search,2025-01-09 00:00,N,0
807129,1,Email,2025-05-19 00:00,Y,53.09
806705,4,Email,2025-10-05 00:00,Y,41.22
805043,2,Email,2024-12-06 00:00,Y,152.63
804745,3,Paid Search,2024-07-08 00:00,Y,109.42
808766,2,Paid Search,2024-03-26 00:00,N,0
807496,1,Email,2024-09-15 00:00,Y,182.18
808736,2,SEO,2024-02-25 00:00,N,0
807500,5,Paid Social,2024-08-22 00:00,N,0
806277,3,Paid Social,2024-11-15 00:00,Y,219.67
804886,1,SEO,2025-09-08 00:00,N,0
800670,3,Paid Social,2025-07-15 00:00,Y,165.26
801419,2,SEO,2024-08-20 00:00,Y,136.94
806324,1,SEO,2025-07-28 00:00,Y,123.03
801395,3,Email,2025-03-27 00:00,Y,155.92
806390,1,Paid Social,2025-08-10 00:00,Y,209.72
802166,1,Email,2025-06-18 00:00,Y,126.06
800885,1,SEO,2024-06-19 00:00,Y,165.35
806158,4,Email,2024-11-18 00:00,N,0
802102,3,Paid Search,2024-10-06 00:00,Y,219.2
805046,3,Email,2024-06-02 00:00,Y,41.94
802780,3,SEO,2024-04-04 00:00,N,0
808683,2,Email,2024-12-17 00:00,Y,190.06
805878,1,Paid Social,2024-07-25 00:00,N,0
803141,3,Paid Social,2024-03-09 00:00,Y,97.61
801125,2,Paid Social,2024-08-18 00:00,Y,135.02
806531,1,Paid Search,2024-01-12 00:00,Y,206.77
801908,1,SEO,2024-06-28 00:00,Y,97.45
806817,2,Email,2025-08-29 00:00,Y,162.79
804188,4,Email,2024-09-22 00:00,N,0
807631,2,Email,2024-03-27 00:00,Y,75.32
800246,2,Paid Social,2025-05-14 00:00,N,0
803398,1,Email,2024-03-17 00:00,Y,107.15
803081,1,Paid Search,2025-01-18 00:00,Y,109.32
805145,3,Email,2024-03-04 00:00,Y,180.11
802115,1,Paid Social,2025-08-09 00:00,Y,181.71
808843,3,Paid Search,2025-08-18 00:00,Y,177.0
803479,4,Email,2024-08-26 00:00,Y,138.59
806584,2,Paid Search,2024-10-01 00:00,N,0
802616,2,Paid Search,2024-07-13 00:00,Y,43.02
803788,2,Email,2024-09-17 00:00,Y,170.02
806570,3,Email,2025-07-04 00:00,N,0
805450,4,Email,2024-08-29 00:00,N,0
804773,1,SEO,2024-07-03 00:00,N,0
801888,4,Paid Search,2025-02-12 00:00,Y,211.19
808179,1,Paid Social,2025-10-05 00:00,Y,153.35
806888,2,Email,2025-02-22 00:00,Y,127.19
805702,1,SEO,2025-09-20 00:00,Y,45.35
805083,2,Email,2024-09-26 00:00,Y,148.29
803573,1,Email,2025-05-22 00:00,Y,154.18
807872,4,Email,2025-03-31 00:00,Y,114.92
801073,1,Email,2025-05-22 00:00,Y,136.29
800967,1,Paid Social,2024-02-01 00:00,Y,51.29
806248,1,Paid Social,2025-03-25 00:00,N,0
803191,1,Email,2025-03-14 00:00,Y,97.72
807408,1,Paid Social,2024-10-17 00:00,Y,77.2
803646,2,Paid Search,2025-08-02 00:00,Y,186.34
804530,2,Email,2025-01-09 00:00,Y,140.28
806005,4,Paid Social,2025-10-12 00:00,Y,132.72
800837,2,Paid Social,2024-04-30 00:00,Y,123.71
802075,2,Paid Search,2024-03-01 00:00,N,0
800130,3,Paid Search,2025-07-18 00:00,Y,189.88
801910,2,Paid Social,2024-08-26 00:00,N,0
806246,1,Paid Search,2024-02-26 00:00,Y,125.97
806368,3,Email,2024-08-16 00:00,N,0
806971,4,SEO,2024-05-11 00:00,N,0
800028,1,Paid Social,2024-07-24 00:00,Y,101.31
803161,3,Paid Search,2024-05-28 00:00,Y,176.42
800633,1,Paid Social,2024-11-09 00:00,Y,175.14
808758,3,Email,2025-01-03 00:00,Y,44.08
804586,2,Paid Social,2024-05-25 00:00,Y,209.99
803666,4,Paid Search,2024-11-21 00:00,Y,164.39
800199,2,SEO,2024-11-01 00:00,Y,170.98
805299,2,SEO,2025-04-27 00:00,Y,142.7
802938,5,SEO,2024-06-12 00:00,N,0
800026,2,Paid Search,2024-12-26 00:00,N,0
807302,2,Email,2025-10-12 00:00,N,0
800459,3,Email,2024-05-07 00:00,Y,80.38
803948,2,Paid Search,2024-06-30 00:00,N,0
807644,1,SEO,2024-06-29 00:00,N,0
806960,1,SEO,2024-06-08 00:00,Y,157.0
801801,1,Paid Social,2024-10-09 00:00,Y,193.11
807559,1,SEO,2025-08-21 00:00,N,0
802117,2,Email,2024-06-24 00:00,N,0
808049,2,SEO,2025-03-18 00:00,Y,174.06
808153,1,SEO,2025-06-06 00:00,Y,132.96
803207,2,Paid Search,2025-09-11 00:00,Y,90.45
808820,1,SEO,2025-03-06 00:00,Y,131.77
801995,2,Email,2024-01-21 00:00,Y,69.66
803642,3,SEO,2024-04-10 00:00,N,0
806740,2,Paid Search,2025-07-04 00:00,Y,58.75
803550,2,SEO,2024-05-29 00:00,N,0
808997,5,Paid Social,2025-05-29 00:00,N,0
805731,4,Paid Search,2025-02-16 00:00,Y,97.38
807537,2,Paid Social,2024-11-27 00:00,Y,105.95
803013,1,Email,2025-05-17 00:00,Y,147.38
805820,1,Paid Social,2025-08-11 00:00,N,0
808347,4,Paid Search,2025-08-28 00:00,Y,216.84
805102,2,Email,2025-03-26 00:00,Y,167.15
807830,2,Paid Search,2025-07-25 00:00,Y,86.73
807595,2,SEO,2025-07-08 00:00,N,0
803587,1,SEO,2025-09-16 00:00,Y,99.29
801103,3,SEO,2025-01-21 00:00,Y,218.2
800219,1,Paid Search,2025-04-10 00:00,N,0
802657,2,Paid Social,2025-03-04 00:00,N,0
803789,2,Email,2024-10-27 00:00,N,0
802268,4,Paid Search,2025-08-29 00:00,Y,52.81
807158,1,Email,2025-09-12 00:00,Y,126.31
804827,1,Paid Social,2025-09-01 00:00,N,0
807739,2,Paid Social,2024-11-10 00:00,Y,148.97
801870,2,Paid Social,2025-02-07 00:00,Y,75.49
806356,1,SEO,2024-06-26 00:00,N,0
804392,2,SEO,2024-05-31 00:00,Y,193.23
801909,1,Paid Search,2025-06-19 00:00,Y,38.68
808418,3,Email,2024-10-16 00:00,Y,193.47
805239,2,Paid Search,2024-12-01 00:00,Y,43.16
808191,1,Paid Social,2024-02-05 00:00,N,0
800661,3,Paid Search,2024-05-24 00:00,Y,214.4
800668,4,Paid Social,2025-01-14 00:00,N,0
805003,2,Paid Social,2025-01-29 00:00,Y,175.99
805664,1,Email,2025-03-20 00:00,N,0
807147,1,Paid Search,2025-04-03 00:00,Y,102.33
800175,1,Email,2025-07-02 00:00,N,0
808842,2,Paid Search,2024-07-06 00:00,Y,219.6
806396,2,Paid Search,2025-09-06 00:00,N,0
803331,2,Email,2024-12-05 00:00,Y,199.88
805190,2,Email,2025-04-11 00:00,Y,108.59
804332,3,Email,2025-08-12 00:00,Y,155.65
801801,4,Paid Search,2024-10-21 00:00,Y,193.11
802242,2,SEO,2024-07-21 00:00,N,0
802393,2,Paid Social,2024-10-27 00:00,N,0
801347,2,Email,2024-10-06 00:00,N,0
801695,3,Email,2024-08-24 00:00,Y,191.68
802848,5,Email,2024-11-27 00:00,N,0
801196,1,SEO,2025-02-12 00:00,N,0
806002,3,Paid Search,2024-04-28 00:00,Y,112.78
802793,4,Email,2025-02-08 00:00,Y,36.98
804634,3,Email,2025-05-15 00:00,Y,139.92
805081,2,Email,2024-07-21 00:00,N,0
807934,4,Paid Search,2024-01-31 00:00,Y,207.75
808181,3,Email,2025-02-27 00:00,Y,102.28
803223,2,Paid Search,2024-07-25 00:00,Y,109.11
802424,3,Paid Social,2025-08-10 00:00,Y,170.73
807493,2,SEO,2025-05-02 00:00,Y,207.5
804880,1,SEO,2025-01-15 00:00,Y,160.4
800083,4,Email,2025-05-27 00:00,Y,82.78
800377,1,Paid Social,2025-09-15 00:00,Y,114.42
801122,2,Email,2025-07-24 00:00,N,0
800464,1,Paid Search,2024-05-30 00:00,Y,109.01
808755,1,Email,2025-08-07 00:00,N,0
801218,4,Paid Search,2025-09-01 00:00,N,0
808341,1,SEO,2025-04-24 00:00,Y,171.86
805661,3,SEO,2025-08-02 00:00,Y,124.11
800579,1,Paid Social,2024-11-20 00:00,Y,43.11
808893,3,Email,2024-02-10 00:00,Y,97.21
806716,3,Paid Search,2024-06-15 00:00,Y,59.33
804119,1,SEO,2025-07-31 00:00,Y,98.16
805620,1,Paid Social,2024-07-06 00:00,N,0
800330,3,Paid Social,2025-02-13 00:00,N,0
806124,4,Email,2025-03-06 00:00,N,0
806867,1,Paid Social,2025-08-13 00:00,Y,99.02
801382,3,Paid Search,2025-04-18 00:00,Y,66.79
803147,1,Paid Social,2024-05-16 00:00,N,0
801397,1,Paid Social,2024-05-03 00:00,Y,200.06
803751,1,Paid Social,2025-02-07 00:00,Y,40.24
802977,1,Paid Search,2024-02-21 00:00,N,0
803953,1,Paid Social,2025-03-31 00:00,Y,207.53
804336,2,SEO,2024-01-16 00:00,Y,102.95
804367,3,Paid Search,2025-03-09 00:00,Y,182.84
808366,1,Email,2024-09-07 00:00,Y,199.81
802747,1,Paid Social,2024-04-21 00:00,N,0
802760,2,Email,2024-07-31 00:00,N,0
802330,1,SEO,2025-03-07 00:00,N,0
801914,4,Paid Search,2025-05-25 00:00,Y,40.71
805576,3,SEO,2024-12-26 00:00,Y,101.91
807363,2,SEO,2025-08-05 00:00,N,0
800185,2,Paid Social,2024-03-23 00:00,Y,83.49
808853,2,SEO,2024-05-16 00:00,Y,75.97
805087,1,Paid Social,2024-09-09 00:00,Y,173.63
806363,1,Email,2025-10-16 00:00,N,0
801116,3,Paid Search,2024-05-07 00:00,N,0
806553,1,Paid Social,2024-08-03 00:00,Y,205.57
804903,2,SEO,2024-09-16 00:00,Y,82.38
806293,2,Paid Search,2025-08-23 00:00,N,0
802349,2,Email,2025-08-16 00:00,Y,66.43
804558,1,SEO,2025-02-22 00:00,Y,189.47
801520,1,Paid Social,2024-05-07 00:00,Y,69.76
806793,1,Paid Social,2025-09-17 00:00,Y,131.17
800982,1,Email,2024-09-01 00:00,N,0
807130,3,Paid Search,2024-08-10 00:00,N,0
806338,1,SEO,2025-06-05 00:00,N,0
802904,2,Email,2025-08-23 00:00,Y,93.64
807647,1,Paid Search,2024-12-17 00:00,N,0
800955,1,Paid Social,2024-12-21 00:00,Y,151.43
802656,1,Email,2024-12-16 00:00,N,0
807443,1,Paid Search,2025-09-27 00:00,Y,36.51
801053,1,Paid Social,2025-06-10 00:00,N,0
803630,1,SEO,2024-08-12 00:00,N,0
803406,2,Paid Search,2024-05-22 00:00,Y,102.78
805447,3,SEO,2025-06-07 00:00,N,0
806012,4,Email,2025-09-26 00:00,Y,52.34
801995,3,Email,2024-01-23 00:00,Y,69.66
800338,3,Email,2024-05-24 00:00,N,0
802257,1,Paid Social,2024-03-30 00:00,Y,72.22
800119,4,Email,2024-11-18 00:00,Y,202.52
807126,3,SEO,2025-06-19 00:00,Y,55.33
802482,1,Email,2024-05-14 00:00,N,0
805323,2,Paid Social,2024-07-02 00:00,Y,58.45
801411,1,SEO,2025-01-29 00:00,Y,50.74
804638,4,Paid Search,2024-03-20 00:00,N,0
802630,2,Paid Social,2024-04-14 00:00,Y,150.07
801434,1,Paid Social,2024-11-08 00:00,N,0
800310,1,Paid Social,2025-09-28 00:00,N,0
808825,1,SEO,2024-09-25 00:00,Y,56.97
803706,2,Paid Social,2024-09-18 00:00,N,0
800715,2,Email,2025-07-15 00:00,Y,135.84
800346,1,Paid Search,2025-10-15 00:00,N,0
802242,3,Email,2024-07-25 00:00,N,0
800106,1,Paid Search,2024-05-28 00:00,Y,49.69
807355,1,Paid Social,2024-03-07 00:00,Y,152.6
803500,3,Email,2025-09-15 00:00,Y,213.59
801719,2,Email,2025-03-07 00:00,Y,129.04
801824,4,Paid Search,2025-04-28 00:00,Y,74.29
803544,3,Paid Social,2024-09-28 00:00,Y,160.0
808536,2,Paid Social,2025-04-16 00:00,N,0
800446,2,SEO,2025-05-04 00:00,Y,89.57
808982,1,Email,2024-08-06 00:00,Y,85.35
806835,1,SEO,2025-10-17 00:00,N,0
804022,4,Email,2025-01-10 00:00,Y,136.57
802495,3,Paid Search,2025-04-22 00:00,Y,214.43
802999,3,Paid Social,2024-03-12 00:00,Y,145.33
808051,3,Paid Social,2024-09-14 00:00,Y,51.58
808617,1,Paid Search,2025-09-10 00:00,N,0
800913,2,Paid Search,2024-08-01 00:00,Y,101.24
804094,5,Paid Social,2024-05-31 00:00,Y,203.5
802095,2,Email,2025-09-20 00:00,Y,187.79
801180,1,Paid Social,2025-10-04 00:00,Y,100.81
801849,3,Email,2024-07-14 00:00,N,0
806183,1,SEO,2025-02-26 00:00,Y,39.72
808182,3,Paid Social,2024-02-03 00:00,Y,167.21
801843,1,Paid Search,2025-07-27 00:00,Y,71.22
800705,1,Paid Search,2024-09-02 00:00,Y,141.06
801665,3,Paid Social,2024-09-27 00:00,Y,110.75
805653,1,Paid Search,2025-09-07 00:00,N,0
807014,2,SEO,2024-07-27 00:00,N,0
806325,1,Paid Social,2025-04-28 00:00,Y,42.13
803844,2,Paid Social,2024-03-22 00:00,N,0
800531,1,Paid Social,2025-01-27 00:00,N,0
803411,3,Email,2025-01-23 00:00,N,0
800221,3,Paid Social,2025-09-20 00:00,N,0
806018,2,Paid Search,2024-05-12 00:00,Y,214.34
806618,3,SEO,2024-03-26 00:00,Y,132.4
806157,1,SEO,2024-11-30 00:00,Y,108.79
801208,3,SEO,2024-10-28 00:00,N,0
808721,2,SEO,2024-03-12 00:00,Y,114.64
800159,1,SEO,2024-08-07 00:00,N,0
805483,2,SEO,2024-02-17 00:00,Y,169.74
802261,2,Paid Search,2025-07-23 00:00,Y,113.7
805441,3,Email,2024-07-22 00:00,Y,119.6
808968,3,SEO,2024-07-11 00:00,Y,217.65
803837,2,Paid Social,2024-07-31 00:00,N,0
802123,4,Paid Search,2024-10-31 00:00,Y,201.17
803194,1,Paid Social,2024-08-14 00:00,Y,147.84
807851,4,SEO,2024-06-28 00:00,N,0
804521,3,SEO,2025-10-20 00:00,N,0
808745,1,SEO,2025-02-12 00:00,N,0
805358,2,Email,2024-08-22 00:00,N,0
802337,1,SEO,2025-05-30 00:00,N,0
805479,2,SEO,2024-04-19 00:00,Y,171.57
803148,2,Email,2024-12-24 00:00,N,0
803401,2,Paid Social,2025-06-06 00:00,N,0
806266,1,Paid Social,2024-03-29 00:00,Y,175.37
807289,2,Email,2024-11-19 00:00,N,0
800997,2,Paid Social,2025-06-22 00:00,N,0
807165,5,Email,2024-02-20 00:00,N,0
800186,1,SEO,2025-01-02 00:00,N,0
801800,3,SEO,2025-06-18 00:00,N,0
806374,1,Paid Social,2024-04-14 00:00,Y,116.12
808053,3,Email,2024-05-31 00:00,N,0
803027,3,SEO,2025-01-27 00:00,Y,185.23
803550,3,Paid Search,2024-06-01 00:00,N,0
806149,1,SEO,2024-09-09 00:00,Y,121.36
803066,2,Email,2025-07-18 00:00,Y,138.32
806065,1,SEO,2024-03-29 00:00,N,0
800370,1,Paid Social,2025-04-02 00:00,N,0
801761,2,SEO,2024-07-17 00:00,Y,195.68
803943,1,Paid Social,2024-05-25 00:00,Y,164.71
808206,1,Email,2024-07-21 00:00,Y,137.45
800939,2,SEO,2024-01-17 00:00,Y,206.57
801094,1,Paid Search,2024-12-09 00:00,Y,104.08
801570,1,Email,2024-11-27 00:00,N,0
802695,3,Paid Social,2025-02-21 00:00,Y,84.47
805347,2,Email,2025-04-04 00:00,Y,138.82
804191,1,Email,2025-05-15 00:00,Y,101.3
805529,2,Paid Search,2025-06-26 00:00,Y,140.94
802079,1,SEO,2024-10-01 00:00,N,0
806522,2,SEO,2024-06-18 00:00,N,0
802947,3,Email,2024-09-02 00:00,Y,201.54
806157,3,Paid Social,2024-12-04 00:00,Y,108.79
807900,1,Paid Social,2025-08-12 00:00,Y,127.67
808445,4,Email,2024-04-16 00:00,N,0
806786,2,Paid Search,2025-01-19 00:00,Y,59.47
807568,3,Paid Search,2024-10-01 00:00,N,0
808597,1,SEO,2024-01-01 00:00,N,0
806594,1,Paid Social,2024-05-28 00:00,Y,79.72
802716,3,Email,2025-06-13 00:00,N,0
805615,1,Paid Social,2024-01-17 00:00,N,0
806066,2,Paid Search,2025-01-20 00:00,Y,157.56
805088,4,Paid Search,2024-04-28 00:00,Y,192.75
804769,2,SEO,2024-05-26 00:00,Y,163.89
803673,3,Email,2024-08-17 00:00,N,0
805058,3,Paid Search,2024-06-29 00:00,Y,188.96
805732,1,Paid Social,2024-09-28 00:00,N,0
806935,2,SEO,2025-08-27 00:00,Y,44.04
801255,1,Paid Social,2025-03-30 00:00,N,0
807731,1,SEO,2024-02-10 00:00,N,0
805451,1,SEO,2024-02-20 00:00,Y,48.35
802892,4,Email,2025-08-03 00:00,Y,85.3
804716,2,Email,2024-03-01 00:00,Y,122.98
805727,1,SEO,2024-11-03 00:00,N,0
802666,2,Email,2024-11-27 00:00,Y,114.88
803150,2,Email,2024-07-04 00:00,Y,145.16
800430,3,Paid Social,2024-01-29 00:00,Y,43.57
804560,3,SEO,2025-07-23 00:00,Y,137.83
803153,2,Email,2025-05-08 00:00,Y,193.86
804143,2,Paid Search,2025-05-12 00:00,Y,170.12
802450,1,Paid Social,2024-04-04 00:00,N,0
801011,2,Email,2025-04-07 00:00,Y,185.76
804914,1,SEO,2024-07-27 00:00,N,0
804691,1,SEO,2024-03-08 00:00,Y,144.05
807515,5,Email,2024-06-12 00:00,N,0
802874,1,Paid Social,2024-09-12 00:00,Y,114.68
808956,2,SEO,2024-11-20 00:00,N,0
803330,1,Paid Search,2024-12-22 00:00,Y,45.75
800240,1,SEO,2024-05-24 00:00,N,0
808743,2,Paid Search,2024-10-10 00:00,Y,150.18
806332,1,SEO,2024-12-03 00:00,N,0
807017,1,SEO,2024-08-03 00:00,N,0
802314,3,Paid Search,2024-10-06 00:00,Y,143.75
806869,2,SEO,2024-11-28 00:00,N,0
802676,3,Email,2024-12-22 00:00,Y,42.5
808600,1,SEO,2024-05-13 00:00,N,0
801671,2,Paid Search,2025-06-12 00:00,N,0
807183,1,Email,2025-08-27 00:00,N,0
807835,3,Paid Social,2025-05-05 00:00,N,0
801567,2,Email,2025-01-12 00:00,N,0
808765,2,SEO,2025-06-01 00:00,Y,45.57
803651,4,Paid Search,2025-07-25 00:00,N,0
802937,1,Paid Social,2024-10-15 00:00,N,0
808631,3,SEO,2024-12-22 00:00,N,0
803799,1,Paid Social,2024-06-11 00:00,N,0
801067,1,Paid Social,2024-07-08 00:00,N,0
808022,4,Paid Social,2025-10-23 00:00,Y,167.87
801092,2,Email,2024-01-22 00:00,Y,124.46
804211,3,Email,2025-01-24 00:00,N,0
803889,1,Email,2025-05-12 00:00,Y,46.02
807922,3,Email,2025-01-08 00:00,Y,167.87
801900,2,SEO,2025-06-12 00:00,Y,42.14
801417,2,Paid Search,2024-07-02 00:00,Y,121.05
802788,2,Paid Search,2024-02-21 00:00,Y,141.42
800829,1,Paid Search,2024-09-13 00:00,Y,143.86
805526,2,Paid Search,2025-03-21 00:00,N,0
808633,4,Paid Social,2025-10-22 00:00,Y,200.08
803568,4,Email,2025-09-09 00:00,Y,98.04
802121,3,SEO,2025-08-15 00:00,N,0
802115,2,SEO,2025-08-10 00:00,Y,181.71
806019,2,SEO,2025-04-25 00:00,Y,133.51
804858,1,Paid Social,2024-01-28 00:00,Y,45.2
805965,2,Paid Search,2024-03-11 00:00,Y,45.56
808232,4,Paid Search,2025-04-07 00:00,N,0
804618,3,Paid Social,2024-11-10 00:00,N,0
800126,2,Email,2025-08-18 00:00,N,0
803541,2,Email,2024-04-02 00:00,Y,57.87
808623,1,SEO,2025-02-05 00:00,N,0
802551,2,Email,2024-08-18 00:00,Y,144.54
804660,3,Email,2024-09-01 00:00,Y,157.63
802904,4,Paid Social,2025-09-01 00:00,Y,93.64
804196,1,SEO,2024-05-14 00:00,Y,190.33
800622,1,Paid Search,2025-10-14 00:00,N,0
808019,3,SEO,2025-09-11 00:00,N,0
800536,1,Paid Search,2024-03-15 00:00,Y,58.49
806386,1,SEO,2024-12-22 00:00,N,0
801735,3,SEO,2024-10-08 00:00,Y,167.75
801472,3,Paid Social,2025-10-06 00:00,N,0
801973,1,Paid Search,2025-08-05 00:00,N,0
800968,2,Paid Search,2024-08-16 00:00,Y,141.37
807046,4,Email,2025-05-04 00:00,Y,167.87
804860,2,Paid Search,2025-06-22 00:00,Y,40.29
805759,5,Paid Social,2024-08-16 00:00,N,0
802529,1,SEO,2025-03-16 00:00,Y,89.03
808357,1,SEO,2024-04-10 00:00,Y,112.8
801604,1,SEO,2025-06-10 00:00,N,0
801660,4,Email,2024-03-24 00:00,Y,158.41
803266,1,Paid Social,2024-02-17 00:00,Y,37.96
805626,2,SEO,2025-03-11 00:00,N,0
804228,3,Paid Search,2024-10-28 00:00,N,0
805679,1,SEO,2025-01-22 00:00,N,0
805297,1,Paid Social,2025-05-27 00:00,Y,115.67
807507,1,Paid Search,2024-06-08 00:00,N,0
807313,2,Paid Search,2025-03-25 00:00,N,0
801953,1,Paid Social,2025-04-26 00:00,Y,210.42
803542,1,SEO,2024-11-02 00:00,Y,212.72
802677,1,SEO,2025-03-19 00:00,Y,124.01
808185,1,Email,2024-03-19 00:00,N,0
803287,1,SEO,2025-08-02 00:00,Y,164.68
805720,5,Email,2025-07-26 00:00,Y,212.89
808294,3,Paid Search,2024-10-09 00:00,N,0
801755,2,SEO,2024-04-04 00:00,Y,202.82
803566,2,SEO,2024-11-10 00:00,Y,161.76
806191,1,Paid Social,2025-01-21 00:00,Y,78.27
800447,2,Email,2024-11-30 00:00,N,0
808015,1,SEO,2024-01-29 00:00,Y,142.1
801685,1,SEO,2025-08-30 00:00,Y,79.97
808990,1,SEO,2025-08-24 00:00,Y,142.94
804013,1,Email,2024-10-25 00:00,Y,193.01
800676,3,Email,2024-02-08 00:00,Y,156.96
805948,1,SEO,2024-08-16 00:00,N,0
807141,5,Email,2025-02-14 00:00,Y,37.0
807345,1,SEO,2025-01-16 00:00,N,0
807802,3,SEO,2024-07-31 00:00,Y,83.45
806166,1,SEO,2025-08-10 00:00,Y,217.58
805776,3,Paid Social,2025-04-07 00:00,N,0
806739,2,Paid Search,2024-04-02 00:00,Y,135.13
807807,3,Email,2024-04-06 00:00,Y,179.05
803703,5,Paid Search,2024-06-13 00:00,N,0
803532,1,SEO,2024-05-19 00:00,N,0
806843,2,Paid Search,2024-11-12 00:00,Y,146.77
807349,3,Email,2024-08-16 00:00,Y,197.33
803138,3,Paid Search,2025-10-04 00:00,Y,164.45
807728,2,Paid Search,2025-06-28 00:00,N,0
808850,1,Paid Search,2025-04-06 00:00,Y,197.91
806966,1,SEO,2024-10-07 00:00,N,0
806377,3,Paid Social,2025-03-22 00:00,N,0
808355,2,Paid Search,2024-09-27 00:00,N,0
800384,2,Email,2025-03-17 00:00,N,0
805269,1,Paid Social,2024-10-27 00:00,N,0
802768,1,SEO,2024-06-03 00:00,N,0
800700,1,SEO,2025-01-06 00:00,Y,169.54
802324,4,Paid Search,2025-06-09 00:00,Y,188.79
805500,1,Paid Social,2024-01-20 00:00,N,0
800864,1,Email,2025-06-27 00:00,Y,67.87
803553,2,Email,2024-12-11 00:00,Y,133.51
808797,2,SEO,2025-04-28 00:00,N,0
805364,1,SEO,2024-11-14 00:00,Y,161.51
800178,3,Paid Social,2024-05-23 00:00,N,0
803117,2,Paid Search,2024-01-18 00:00,Y,97.44
808918,3,Paid Search,2024-09-25 00:00,N,0
805051,2,Email,2024-07-07 00:00,Y,160.17
804183,3,Paid Social,2025-07-18 00:00,Y,65.47
803897,1,SEO,2024-05-17 00:00,Y,169.16
801328,2,Paid Search,2025-01-04 00:00,N,0
802072,1,Paid Social,2024-12-17 00:00,N,0
805266,1,Paid Social,2024-12-08 00:00,Y,156.24
808190,1,SEO,2025-08-27 00:00,Y,99.59
804251,1,SEO,2024-09-15 00:00,Y,195.55
804070,2,Paid Social,2024-10-02 00:00,Y,147.01
802888,4,Email,2025-08-16 00:00,N,0
801931,1,Paid Social,2024-04-22 00:00,Y,162.47
802702,1,Paid Social,2025-06-10 00:00,Y,42.85
807317,3,SEO,2024-06-20 00:00,Y,207.16
806281,3,Email,2024-12-13 00:00,N,0
800389,1,Paid Social,2025-06-20 00:00,Y,35.05
808937,1,Paid Social,2025-02-07 00:00,Y,96.43
802792,3,Paid Search,2024-08-11 00:00,Y,118.7
801983,2,Paid Search,2024-11-04 00:00,N,0
806663,4,Email,2025-01-15 00:00,Y,66.41
803224,1,SEO,2025-10-16 00:00,Y,170.12
807437,2,Paid Social,2024-01-03 00:00,Y,107.85
808497,3,Paid Search,2025-01-31 00:00,N,0
803590,4,Email,2025-03-20 00:00,Y,56.59
805598,4,Email,2025-09-16 00:00,Y,123.66
800526,1,SEO,2025-07-29 00:00,Y,94.04
807774,2,Paid Search,2024-09-09 00:00,Y,217.99
800918,1,Email,2024-03-11 00:00,N,0
800598,2,Paid Social,2025-02-10 00:00,Y,204.33
803911,1,Paid Social,2024-05-12 00:00,Y,153.99
801906,1,SEO,2024-07-20 00:00,N,0
808349,1,SEO,2024-09-18 00:00,N,0
804313,3,Paid Search,2024-07-24 00:00,Y,151.04
801502,1,Paid Search,2024-11-12 00:00,Y,48.12
800992,4,Email,2024-05-19 00:00,Y,42.01
804672,2,SEO,2025-01-27 00:00,Y,92.26
802953,3,Email,2024-07-04 00:00,Y,65.19
808881,2,Email,2024-11-25 00:00,Y,148.99
802623,1,SEO,2024-02-29 00:00,N,0
800940,3,Paid Social,2025-06-20 00:00,Y,184.67
801872,2,Paid Social,2024-01-25 00:00,Y,167.62
800564,3,Email,2025-06-01 00:00,Y,57.72
808808,2,SEO,2025-04-10 00:00,Y,164.17
802960,5,Email,2025-03-11 00:00,N,0
808226,1,Paid Search,2025-06-28 00:00,Y,73.98
807720,2,SEO,2025-02-14 00:00,Y,62.95
803483,2,Email,2024-02-02 00:00,Y,134.53
801967,3,Email,2024-10-19 00:00,Y,95.48
805635,2,Email,2025-02-10 00:00,Y,144.38
802059,3,SEO,2024-08-05 00:00,N,0
804288,2,Email,2024-03-22 00:00,Y,102.41
801355,2,Email,2024-03-21 00:00,Y,115.85
802090,2,Paid Social,2025-04-13 00:00,Y,185.82
807261,4,Email,2024-09-27 00:00,Y,60.64
806719,2,Email,2024-04-07 00:00,N,0
808044,3,Email,2025-10-07 00:00,N,0
801727,2,Email,2025-01-03 00:00,Y,212.07
808121,1,Email,2024-08-25 00:00,N,0
801618,1,SEO,2024-10-08 00:00,Y,62.46
803809,1,Paid Social,2024-10-07 00:00,Y,107.05
800414,3,Email,2024-04-04 00:00,Y,192.16
803645,2,SEO,2024-12-22 00:00,Y,155.77
807876,2,Paid Search,2025-07-04 00:00,Y,88.23
802910,2,SEO,2024-03-16 00:00,Y,46.79
807971,1,SEO,2024-05-05 00:00,Y,182.74
805472,4,Paid Search,2024-10-15 00:00,Y,151.89
802550,1,Email,2024-08-29 00:00,Y,77.48
807667,2,Paid Search,2024-03-25 00:00,N,0
804642,5,SEO,2024-08-27 00:00,N,0
804715,1,Paid Search,2025-01-08 00:00,N,0
806067,1,Paid Search,2025-06-30 00:00,N,0
803412,1,SEO,2024-01-16 00:00,Y,177.88
807967,2,SEO,2025-06-10 00:00,Y,93.71
806764,1,SEO,2024-01-02 00:00,Y,192.34
801930,1,Paid Search,2024-05-26 00:00,Y,85.06
802324,1,Paid Social,2025-05-31 00:00,Y,188.79
801855,1,SEO,2025-03-25 00:00,Y,129.03
807196,3,Paid Search,2024-10-13 00:00,N,0
806277,4,SEO,2024-11-13 00:00,Y,219.67
803615,1,Paid Social,2024-11-29 00:00,Y,58.83
805056,1,SEO,2025-02-17 00:00,Y,42.55
806394,3,Paid Search,2024-07-19 00:00,Y,64.2
803848,1,Paid Social,2025-09-09 00:00,Y,110.85
802973,2,Email,2024-08-01 00:00,Y,49.41
800297,5,Email,2024-03-14 00:00,N,0
808472,1,Paid Search,2025-09-18 00:00,Y,212.2
802860,1,SEO,2025-02-20 00:00,Y,76.02
800633,2,SEO,2024-11-10 00:00,Y,175.14
801758,2,Email,2024-12-23 00:00,Y,143.51
800266,2,Email,2025-05-25 00:00,N,0
806261,1,SEO,2024-11-02 00:00,Y,178.03
804041,5,Paid Search,2024-02-24 00:00,Y,54.38
800976,3,Email,2024-11-20 00:00,N,0
808361,4,Email,2025-10-04 00:00,N,0
803256,1,Paid Social,2024-01-22 00:00,N,0
808584,2,Paid Social,2024-06-18 00:00,N,0
803602,1,Email,2025-07-11 00:00,Y,166.41
805198,2,Paid Search,2024-06-10 00:00,Y,154.01
808064,3,Paid Social,2024-11-29 00:00,N,0
801596,3,Email,2024-05-13 00:00,Y,48.67
800842,1,Paid Social,2025-07-21 00:00,Y,193.07
804223,2,SEO,2025-09-07 00:00,N,0
808329,4,Paid Search,2024-10-11 00:00,N,0
800184,3,Paid Search,2025-08-20 00:00,Y,58.54
804866,1,SEO,2024-07-31 00:00,Y,146.95
804647,3,SEO,2024-05-18 00:00,Y,96.9
804805,2,SEO,2024-04-06 00:00,Y,37.17
805145,2,Email,2024-03-04 00:00,Y,180.11
800665,2,Email,2024-12-19 00:00,N,0
801359,4,Paid Social,2024-02-08 00:00,Y,89.51
806679,3,SEO,2024-11-16 00:00,Y,83.06
803678,1,Paid Social,2025-08-30 00:00,Y,199.71
804495,2,Paid Search,2024-03-26 00:00,N,0
804129,2,Email,2024-12-23 00:00,N,0
802415,1,SEO,2024-07-19 00:00,Y,97.79
804699,1,Paid Social,2025-06-22 00:00,N,0
804324,1,Email,2024-06-20 00:00,N,0
801466,1,Paid Search,2024-04-14 00:00,Y,129.06
808731,1,Paid Social,2024-02-20 00:00,Y,147.11
805977,4,Paid Search,2024-11-30 00:00,N,0
802931,2,Email,2025-04-20 00:00,Y,203.22
804073,2,Email,2025-01-28 00:00,N,0
801714,2,Paid Social,2025-05-12 00:00,Y,192.9
801307,5,Paid Search,2025-04-07 00:00,Y,197.47
803091,3,Paid Social,2024-04-14 00:00,N,0
802277,1,Paid Social,2025-08-22 00:00,N,0
800834,2,SEO,2024-05-02 00:00,Y,178.47
808725,4,Paid Search,2024-04-01 00:00,Y,189.78
802475,2,Paid Social,2024-01-05 00:00,Y,162.6
801161,1,Paid Social,2025-03-29 00:00,N,0
806111,3,Paid Search,2024-10-09 00:00,Y,105.9
800418,1,Paid Search,2024-06-27 00:00,Y,48.41
801317,1,Paid Search,2025-02-11 00:00,N,0
804043,1,SEO,2025-07-29 00:00,Y,70.05
804454,1,Paid Social,2024-06-04 00:00,Y,56.9
803823,1,SEO,2025-03-24 00:00,Y,82.02
806455,4,Paid Search,2024-02-08 00:00,Y,213.09
807498,3,Paid Search,2025-09-20 00:00,N,0
807210,4,Email,2025-08-28 00:00,N,0
805462,1,SEO,2024-02-08 00:00,Y,66.07
807564,4,SEO,2024-12-20 00:00,N,0
804395,1,SEO,2025-09-04 00:00,N,0
804662,2,Paid Search,2024-10-13 00:00,N,0
804088,2,Paid Search,2024-02-28 00:00,N,0
801793,1,Paid Search,2024-01-10 00:00,Y,208.54
808157,1,Paid Social,2025-05-07 00:00,Y,191.19
803535,3,Paid Search,2024-11-06 00:00,Y,198.4
800393,2,SEO,2024-04-20 00:00,Y,170.53
804805,3,Email,2024-04-05 00:00,Y,37.17
805248,1,Email,2024-12-03 00:00,N,0
805271,4,SEO,2024-04-20 00:00,Y,113.95
804138,3,SEO,2024-09-21 00:00,N,0
804857,1,Paid Social,2024-03-17 00:00,Y,103.97
800943,4,Paid Search,2024-06-18 00:00,N,0
802446,1,SEO,2025-01-27 00:00,N,0
807205,2,SEO,2025-06-21 00:00,N,0
804555,1,SEO,2024-01-07 00:00,N,0
801277,2,SEO,2025-09-22 00:00,Y,93.51
802800,3,Email,2024-05-18 00:00,N,0
808380,2,Email,2024-08-26 00:00,Y,93.76
805641,5,Email,2024-07-18 00:00,Y,183.12
803134,3,Paid Search,2024-09-28 00:00,Y,141.96
802023,2,Email,2024-12-27 00:00,N,0
808537,3,Paid Social,2024-02-10 00:00,Y,200.77
805402,1,Paid Social,2025-03-06 00:00,Y,57.22
806862,3,Paid Social,2025-01-18 00:00,N,0
801236,3,Paid Search,2025-05-26 00:00,N,0
802225,1,Paid Search,2025-06-19 00:00,Y,121.83
804287,1,SEO,2025-10-17 00:00,Y,52.92
804696,1,Email,2024-03-23 00:00,N,0
800264,3,Email,2024-08-12 00:00,Y,103.75
801461,5,Email,2025-09-20 00:00,Y,72.94
802868,2,Paid Search,2024-07-26 00:00,Y,84.09
806608,1,Paid Social,2024-08-12 00:00,N,0
807999,1,SEO,2025-02-08 00:00,Y,35.52
802894,3,Paid Social,2024-07-31 00:00,N,0
807383,1,Paid Social,2024-09-24 00:00,Y,114.45
802974,4,SEO,2025-08-28 00:00,Y,174.42
801487,1,Email,2025-05-10 00:00,Y,39.45
805375,4,Paid Search,2025-02-09 00:00,N,0
801321,4,Email,2024-03-22 00:00,N,0
800433,1,Paid Social,2024-02-19 00:00,Y,209.57
803681,1,Paid Social,2024-12-31 00:00,N,0
807900,2,Paid Search,2025-08-13 00:00,Y,127.67
805572,4,SEO,2025-08-15 00:00,Y,110.18
803357,1,Paid Search,2024-07-08 00:00,Y,177.89
805990,1,Paid Search,2024-12-18 00:00,N,0
808217,2,SEO,2025-06-09 00:00,N,0
803138,2,Email,2025-10-02 00:00,Y,164.45
805796,1,SEO,2024-12-22 00:00,Y,192.74
804868,1,Paid Social,2024-06-12 00:00,N,0
801765,2,Email,2024-07-04 00:00,Y,218.43
801566,4,Email,2025-01-05 00:00,Y,41.29
807137,5,SEO,2025-06-18 00:00,N,0
803876,1,Paid Search,2024-04-23 00:00,Y,188.8
808062,2,Email,2024-02-18 00:00,Y,130.45
806521,1,SEO,2024-07-11 00:00,N,0
802795,4,Email,2025-04-24 00:00,Y,209.85
804102,2,Paid Search,2024-02-06 00:00,N,0
801873,2,Email,2024-10-25 00:00,Y,50.34
802039,4,Email,2024-03-27 00:00,N,0
801015,2,Paid Search,2025-02-05 00:00,N,0
803254,2,Email,2025-02-08 00:00,N,0
808615,2,Email,2024-12-15 00:00,Y,194.38
802830,3,SEO,2025-08-27 00:00,Y,206.6
804440,1,Paid Social,2024-03-25 00:00,N,0
805364,3,Email,2024-11-20 00:00,Y,161.51
803479,2,Paid Social,2024-08-24 00:00,Y,138.59
804658,2,SEO,2024-12-18 00:00,N,0
800411,3,SEO,2024-12-24 00:00,Y,111.08
803709,3,Paid Search,2024-03-08 00:00,Y,84.54
805560,2,Paid Search,2024-12-30 00:00,Y,216.77
804642,4,Email,2024-08-21 00:00,N,0
804721,3,SEO,2024-05-20 00:00,N,0
800577,2,Email,2024-08-02 00:00,Y,219.01
801170,2,Paid Social,2024-07-26 00:00,Y,185.25
800805,4,Paid Social,2024-05-02 00:00,Y,37.51
802804,2,Paid Search,2024-05-17 00:00,Y,200.76
803429,1,Paid Search,2024-12-11 00:00,Y,131.36
800495,2,Paid Social,2024-05-12 00:00,Y,137.71
801591,2,Paid Search,2024-09-03 00:00,N,0
801139,1,Paid Social,2024-09-21 00:00,N,0
807747,2,Paid Social,2025-07-22 00:00,Y,71.46
808619,2,SEO,2024-11-12 00:00,N,0
805515,1,SEO,2025-09-26 00:00,Y,184.67
803546,1,SEO,2024-05-29 00:00,N,0
802717,2,Email,2025-02-19 00:00,Y,69.0
802677,3,SEO,2025-03-25 00:00,Y,124.01
807696,5,Email,2025-01-21 00:00,N,0
807778,2,Paid Search,2025-10-14 00:00,Y,182.27
805434,2,Email,2024-12-30 00:00,N,0
804915,1,SEO,2024-10-20 00:00,Y,197.89
801905,3,Email,2025-01-08 00:00,N,0
802869,2,Paid Search,2025-10-09 00:00,N,0
808327,1,Email,2025-06-04 00:00,Y,145.73
807751,4,Email,2024-09-14 00:00,N,0
807690,2,SEO,2025-07-15 00:00,N,0
802065,4,SEO,2024-01-11 00:00,Y,153.27
804680,1,Email,2024-11-12 00:00,N,0
808991,3,SEO,2025-04-23 00:00,Y,80.12
801280,1,Paid Search,2024-10-19 00:00,N,0
803488,1,Paid Social,2024-08-03 00:00,Y,97.93
800042,2,Paid Social,2025-02-13 00:00,N,0
803169,2,Email,2024-05-19 00:00,Y,98.24
805809,1,Paid Social,2025-07-30 00:00,Y,136.01
805171,1,SEO,2025-03-14 00:00,N,0
808107,2,Paid Social,2024-04-18 00:00,Y,136.01
806208,3,Paid Social,2024-11-08 00:00,N,0
804661,1,Paid Search,2024-12-17 00:00,Y,186.42
806442,5,Email,2024-08-05 00:00,N,0
805391,3,Paid Search,2024-04-25 00:00,Y,102.57
800588,1,Paid Social,2024-06-13 00:00,N,0
803716,2,Email,2024-12-16 00:00,N,0
802411,1,Paid Social,2024-08-15 00:00,N,0
804556,1,SEO,2024-11-09 00:00,Y,113.57
806676,1,SEO,2024-10-23 00:00,N,0
805498,1,Paid Search,2025-05-29 00:00,Y,47.68
808570,2,SEO,2025-03-11 00:00,Y,143.28
806333,1,Paid Search,2024-10-08 00:00,Y,166.38
806214,1,Paid Social,2025-10-10 00:00,Y,81.61
803925,3,Email,2024-10-06 00:00,Y,184.42
803377,1,Paid Social,2024-07-09 00:00,Y,63.33
803043,3,SEO,2025-08-11 00:00,Y,135.32
806970,4,Email,2024-04-20 00:00,N,0
800032,1,Paid Social,2025-02-24 00:00,N,0
808667,2,Email,2024-01-11 00:00,Y,41.49
803379,3,Paid Search,2024-07-07 00:00,Y,145.26
802900,5,Paid Search,2024-05-10 00:00,Y,46.12
808346,2,Email,2024-07-16 00:00,Y,214.79
803670,1,Paid Search,2025-05-07 00:00,Y,162.94
803467,3,Paid Search,2025-03-17 00:00,N,0
808649,5,SEO,2024-02-10 00:00,Y,69.22
805097,1,Paid Search,2024-09-02 00:00,N,0
805668,2,Email,2024-07-21 00:00,Y,107.63
808445,3,Paid Search,2024-04-08 00:00,N,0
802157,5,Email,2024-09-26 00:00,Y,120.35
808305,1,SEO,2024-02-15 00:00,N,0
800467,3,Email,2024-06-06 00:00,N,0
806122,1,Paid Social,2025-05-10 00:00,Y,142.31
805047,3,Email,2025-03-07 00:00,N,0
803875,2,Paid Social,2024-10-03 00:00,Y,64.33
806668,1,SEO,2024-11-20 00:00,Y,164.07
806420,1,Email,2024-06-03 00:00,N,0
804502,3,Paid Search,2024-04-02 00:00,Y,36.53
807994,4,Paid Search,2025-03-12 00:00,N,0
807661,2,Paid Search,2024-02-04 00:00,Y,214.66
806868,2,SEO,2025-04-01 00:00,Y,168.77
807132,1,Paid Social,2024-09-18 00:00,Y,211.57
807305,2,SEO,2025-08-15 00:00,Y,148.44
807332,1,SEO,2025-08-10 00:00,Y,185.19
806627,5,Paid Search,2025-10-22 00:00,Y,198.83
800115,2,Paid Search,2024-02-06 00:00,N,0
807367,3,Email,2024-01-07 00:00,Y,107.21
801045,1,Paid Search,2024-04-21 00:00,Y,203.45
803603,3,Paid Search,2024-04-11 00:00,Y,162.89
801792,1,Email,2025-02-24 00:00,Y,146.17
807152,2,Paid Search,2024-10-30 00:00,N,0
808935,3,Email,2024-05-19 00:00,Y,90.98
806640,1,Paid Search,2024-04-23 00:00,Y,157.56
807638,1,Email,2025-05-23 00:00,Y,134.89
807112,5,Paid Social,2024-10-18 00:00,N,0
807054,3,Paid Search,2025-06-13 00:00,N,0
803673,2,Paid Search,2024-08-14 00:00,N,0
805092,3,SEO,2025-07-25 00:00,N,0
800236,3,Paid Social,2025-07-07 00:00,N,0
804558,4,Email,2025-03-03 00:00,Y,189.47
804984,1,SEO,2025-02-25 00:00,Y,67.92
802117,1,SEO,2024-06-22 00:00,N,0
807143,1,Paid Search,2025-03-30 00:00,Y,67.03
800632,1,SEO,2024-07-29 00:00,Y,122.67
805824,1,Paid Search,2024-10-20 00:00,N,0
808896,2,Paid Search,2025-02-03 00:00,N,0
805841,3,Paid Search,2024-06-07 00:00,N,0
808218,2,Email,2024-05-17 00:00,Y,181.59
808203,3,SEO,2025-04-20 00:00,Y,100.04
802966,1,Paid Social,2024-12-05 00:00,Y,106.81
802551,3,SEO,2024-08-19 00:00,Y,144.54
804197,5,Paid Search,2025-07-18 00:00,Y,106.73
804875,5,Paid Search,2025-01-18 00:00,Y,142.12
806695,3,Paid Social,2024-01-30 00:00,N,0
808600,2,Paid Search,2024-05-15 00:00,N,0
800781,1,SEO,2025-06-16 00:00,Y,165.55
807319,3,Paid Social,2024-09-06 00:00,N,0
807507,2,Paid Social,2024-06-12 00:00,N,0
805135,1,SEO,2024-11-04 00:00,Y,181.1
802553,1,Paid Search,2024-06-11 00:00,N,0
801313,1,Paid Social,2024-10-09 00:00,Y,55.2
804105,3,Paid Social,2025-05-25 00:00,N,0
800386,3,Email,2024-05-02 00:00,N,0
807603,1,Paid Social,2024-05-22 00:00,N,0
800736,2,Paid Search,2025-08-04 00:00,Y,139.21
801448,1,SEO,2024-01-12 00:00,Y,76.7
800269,2,SEO,2025-03-10 00:00,N,0
803495,1,Paid Search,2024-07-13 00:00,N,0
802803,1,SEO,2024-11-13 00:00,Y,60.43
803162,2,Paid Search,2025-08-14 00:00,Y,190.78
806709,2,Paid Search,2025-08-31 00:00,N,0
808528,2,Email,2024-05-29 00:00,N,0
803066,3,Paid Search,2025-07-18 00:00,Y,138.32
801781,4,Paid Search,2025-03-07 00:00,Y,134.36
808535,3,SEO,2025-08-06 00:00,Y,148.59
800409,3,Paid Social,2024-04-07 00:00,Y,52.55
808323,3,Email,2024-10-27 00:00,N,0
804244,3,Email,2024-02-13 00:00,Y,123.9
807414,3,Paid Social,2024-07-14 00:00,N,0
808722,2,Email,2024-08-11 00:00,N,0
800664,1,Email,2024-01-09 00:00,Y,128.37
805652,1,Paid Social,2024-03-14 00:00,Y,37.92
800712,3,Paid Social,2024-04-07 00:00,Y,87.07
805959,1,SEO,2024-11-01 00:00,N,0
801075,2,Email,2025-02-03 00:00,Y,128.35
803910,1,Paid Social,2024-10-13 00:00,Y,135.92
803806,3,Paid Search,2025-04-10 00:00,N,0
805997,3,Email,2024-12-03 00:00,N,0
805241,2,Email,2024-12-26 00:00,Y,136.69
800226,2,SEO,2025-06-17 00:00,Y,170.94
801870,5,Email,2025-02-12 00:00,Y,75.49
800677,1,SEO,2025-06-02 00:00,N,0
800904,1,SEO,2024-07-21 00:00,Y,137.73
801124,1,SEO,2024-10-19 00:00,N,0
801143,3,Email,2024-02-14 00:00,N,0
800045,2,Email,2025-04-13 00:00,Y,186.75
805258,1,Paid Social,2025-04-09 00:00,Y,134.09
807423,1,Paid Social,2025-03-08 00:00,Y,65.98
803776,1,Paid Social,2025-07-31 00:00,Y,35.66
806374,5,Email,2024-04-18 00:00,Y,116.12
807530,2,Email,2024-09-16 00:00,N,0
808615,1,SEO,2024-12-14 00:00,Y,194.38
807867,1,Paid Search,2025-06-25 00:00,Y,168.58
806918,2,Paid Social,2025-10-04 00:00,Y,169.09
808203,2,Paid Search,2025-04-19 00:00,Y,100.04
802610,2,Email,2024-12-27 00:00,Y,209.53
808810,3,Paid Search,2025-01-22 00:00,N,0
804672,1,SEO,2025-01-26 00:00,Y,92.26
803111,1,SEO,2025-10-03 00:00,Y,110.4
805881,1,SEO,2024-04-19 00:00,Y,174.75
802589,3,SEO,2025-03-28 00:00,Y,134.43
801712,1,SEO,2024-02-15 00:00,Y,196.2
804343,5,Email,2024-02-24 00:00,Y,105.15
808309,5,Paid Social,2024-02-05 00:00,Y,69.32
801762,3,Paid Search,2025-07-12 00:00,Y,111.72
802409,2,Paid Search,2024-09-11 00:00,N,0
805992,2,Paid Search,2025-05-02 00:00,N,0
803869,1,Paid Social,2025-02-14 00:00,N,0
808610,2,Email,2025-09-05 00:00,N,0
805567,1,Paid Social,2024-02-17 00:00,N,0
806215,3,Email,2024-03-10 00:00,Y,195.85
808726,4,Paid Search,2024-11-02 00:00,Y,77.72
802908,1,SEO,2024-01-14 00:00,Y,44.39
803870,2,Email,2025-01-06 00:00,Y,170.23
807028,3,Paid Social,2025-09-24 00:00,N,0
800843,2,SEO,2025-03-21 00:00,Y,169.25
807763,1,Email,2024-11-24 00:00,Y,150.62
806726,1,Paid Search,2024-10-28 00:00,Y,40.04
804788,3,Email,2024-06-04 00:00,Y,148.97
803590,3,Paid Social,2025-03-18 00:00,Y,56.59
804764,1,Email,2025-10-03 00:00,N,0
803689,4,Email,2025-05-29 00:00,Y,54.55
804824,1,Paid Social,2024-09-10 00:00,Y,96.72
803923,1,SEO,2024-08-29 00:00,Y,39.78
808502,1,Paid Search,2025-03-24 00:00,Y,171.89
804633,2,Paid Search,2025-09-02 00:00,N,0
804814,4,Email,2025-05-22 00:00,Y,49.78
807908,1,Paid Search,2024-07-30 00:00,Y,122.97
802906,1,SEO,2025-08-22 00:00,N,0
806113,2,SEO,2024-04-30 00:00,Y,192.48
801404,2,Email,2025-09-23 00:00,Y,101.61
803798,4,Email,2024-01-10 00:00,Y,166.79
801614,2,SEO,2025-05-15 00:00,Y,48.35
807471,2,SEO,2025-03-02 00:00,N,0
800345,4,Paid Search,2024-06-07 00:00,Y,119.64
804676,1,SEO,2024-01-11 00:00,N,0
805410,2,SEO,2024-02-24 00:00,N,0
802398,2,Paid Social,2025-04-04 00:00,Y,141.91
803302,1,Paid Social,2025-08-29 00:00,N,0
801820,3,SEO,2024-09-28 00:00,N,0
804082,3,Paid Search,2025-08-17 00:00,N,0
807596,2,Paid Social,2024-01-06 00:00,Y,60.18
805848,1,Email,2025-10-09 00:00,Y,135.83
802974,3,Email,2025-08-29 00:00,Y,174.42
805069,2,Paid Search,2024-11-28 00:00,Y,150.24
807504,1,Paid Social,2024-07-04 00:00,N,0
802216,2,Paid Social,2024-02-13 00:00,Y,108.54
800111,2,SEO,2024-05-19 00:00,N,0
800627,1,SEO,2024-05-03 00:00,Y,159.31
803564,1,Paid Search,2024-12-20 00:00,Y,114.39
802046,4,Email,2025-08-30 00:00,Y,175.51
800568,2,SEO,2025-02-10 00:00,N,0
802884,5,Paid Search,2025-09-15 00:00,Y,64.71
808252,4,Paid Search,2025-03-24 00:00,Y,166.05
807837,4,SEO,2025-05-13 00:00,Y,48.94
805302,1,Paid Search,2024-01-13 00:00,Y,176.26
800671,2,Email,2024-08-25 00:00,Y,165.37
803941,2,Paid Search,2025-08-08 00:00,Y,81.18
808432,1,Email,2024-03-23 00:00,Y,93.92
804980,4,Email,2025-06-06 00:00,N,0
807940,2,SEO,2025-03-31 00:00,Y,52.21
805618,2,Email,2024-02-01 00:00,Y,129.76
805070,2,Paid Search,2025-09-19 00:00,Y,72.97
802832,4,Email,2024-05-10 00:00,N,0
802207,5,SEO,2024-10-18 00:00,N,0
801797,1,SEO,2025-02-21 00:00,N,0
801811,3,Paid Social,2024-11-14 00:00,N,0
802696,3,Paid Search,2024-02-18 00:00,Y,194.68
800907,3,Paid Search,2025-07-13 00:00,Y,190.39
801389,2,Paid Search,2025-08-21 00:00,N,0
805143,3,SEO,2025-09-27 00:00,N,0
805305,1,SEO,2025-10-12 00:00,N,0
803758,1,Paid Social,2024-12-01 00:00,Y,98.23
802080,3,Email,2025-08-05 00:00,Y,84.98
804777,2,Email,2025-06-13 00:00,N,0
802787,2,SEO,2024-05-15 00:00,N,0
804554,1,Paid Social,2024-11-06 00:00,Y,105.42
803021,1,Paid Social,2024-08-22 00:00,N,0
803353,1,Paid Social,2025-01-27 00:00,Y,188.4
804067,3,SEO,2024-11-17 00:00,Y,185.05
802104,1,Paid Social,2025-04-24 00:00,N,0
800398,1,Paid Social,2025-03-18 00:00,Y,49.65
801469,1,Paid Social,2025-05-30 00:00,Y,108.06
802934,1,SEO,2024-02-24 00:00,Y,83.67
803494,1,Paid Social,2025-02-19 00:00,Y,57.58
800150,1,Paid Social,2024-06-11 00:00,Y,148.75
806663,3,SEO,2025-01-20 00:00,Y,66.41
805989,1,SEO,2025-02-16 00:00,Y,120.51
800503,3,Email,2025-08-10 00:00,Y,157.38
802187,2,Paid Social,2024-12-30 00:00,N,0
803001,1,SEO,2024-01-25 00:00,N,0
803249,4,Email,2024-05-20 00:00,N,0
808019,4,Paid Search,2025-09-18 00:00,N,0
806889,1,Email,2024-04-02 00:00,Y,103.44
804471,2,Email,2025-05-18 00:00,N,0
804136,1,SEO,2025-09-17 00:00,Y,121.1
804740,1,SEO,2025-05-21 00:00,Y,122.4
801597,2,Email,2025-04-15 00:00,Y,121.44
807037,2,Paid Search,2025-02-04 00:00,Y,54.88
807250,5,Email,2025-10-07 00:00,N,0
800325,1,Paid Social,2025-01-10 00:00,Y,167.1
801944,1,SEO,2024-02-11 00:00,N,0
807961,1,SEO,2025-07-20 00:00,Y,138.05
804678,3,SEO,2025-04-17 00:00,N,0
806368,2,Paid Search,2024-08-12 00:00,N,0
806924,3,Paid Search,2024-02-29 00:00,Y,134.19
802966,3,SEO,2024-12-11 00:00,Y,106.81
808324,1,Paid Search,2024-06-13 00:00,Y,39.23
806184,3,Paid Social,2025-05-29 00:00,Y,116.33
803711,2,Paid Social,2024-10-17 00:00,Y,54.24
805185,1,SEO,2024-03-23 00:00,Y,57.11
800477,3,Paid Social,2025-06-15 00:00,N,0
802701,3,Email,2024-09-13 00:00,N,0
800838,2,Paid Social,2024-11-07 00:00,N,0
806191,3,SEO,2025-01-25 00:00,Y,78.27
806670,3,Email,2025-07-06 00:00,N,0
800005,1,Paid Social,2024-08-05 00:00,N,0
808368,2,Paid Social,2025-02-16 00:00,Y,128.02
806446,1,Paid Social,2024-03-02 00:00,Y,91.58
807283,2,Paid Search,2024-03-28 00:00,Y,42.71
803463,1,Email,2024-07-22 00:00,N,0
801602,4,Email,2025-10-02 00:00,N,0
808796,1,SEO,2024-09-29 00:00,Y,206.61
802072,2,Email,2024-12-20 00:00,N,0
805715,2,SEO,2025-03-16 00:00,N,0
802569,2,Email,2025-05-18 00:00,Y,162.54
804109,2,Email,2024-07-28 00:00,N,0
800022,1,Paid Social,2024-04-06 00:00,Y,142.72
801412,2,Paid Social,2024-06-18 00:00,Y,171.27
806127,1,SEO,2024-09-09 00:00,Y,165.97
800387,3,Email,2024-11-25 00:00,N,0
806841,1,Paid Social,2025-04-06 00:00,Y,65.76
806170,3,Email,2025-02-17 00:00,Y,66.36
807445,3,Email,2025-10-16 00:00,N,0
808806,1,SEO,2025-03-31 00:00,Y,187.07
804054,2,Paid Search,2025-05-02 00:00,N,0
801819,2,Email,2024-04-23 00:00,Y,53.71
808367,1,Paid Social,2025-09-11 00:00,Y,112.62
803140,1,SEO,2025-03-20 00:00,Y,180.83
801922,3,Paid Social,2025-03-11 00:00,Y,197.61
801208,1,SEO,2024-10-24 00:00,N,0
807987,1,SEO,2025-03-05 00:00,Y,42.98
800699,1,Paid Social,2025-03-15 00:00,Y,70.69
805418,4,Email,2025-08-03 00:00,N,0
808155,1,Paid Social,2024-12-07 00:00,Y,156.41
800480,2,Email,2025-02-07 00:00,N,0
805388,4,Paid Search,2025-05-14 00:00,N,0
807675,2,SEO,2025-02-23 00:00,N,0
808650,1,SEO,2025-02-06 00:00,N,0
805094,2,Paid Social,2024-07-19 00:00,N,0
804472,1,Paid Social,2024-02-08 00:00,Y,83.02
800526,3,Email,2025-08-02 00:00,Y,94.04
802450,2,Paid Social,2024-04-05 00:00,N,0
804286,2,Paid Search,2024-02-12 00:00,Y,55.02
801340,4,Paid Search,2024-11-14 00:00,N,0
808863,2,Paid Search,2024-08-19 00:00,Y,175.5
801873,4,Email,2024-11-02 00:00,Y,50.34
803937,1,Paid Search,2025-08-02 00:00,Y,193.97
807635,1,SEO,2024-06-27 00:00,N,0
804492,1,Paid Social,2025-04-28 00:00,Y,117.01
807838,5,Paid Search,2024-08-20 00:00,N,0
807972,1,SEO,2025-10-04 00:00,Y,148.63
801391,1,Paid Social,2025-02-26 00:00,Y,209.9
807658,2,Email,2024-08-18 00:00,N,0
802670,3,Paid Social,2025-04-18 00:00,Y,124.91
802336,1,Paid Social,2024-10-29 00:00,Y,51.79
802901,2,Email,2024-08-23 00:00,N,0
805042,3,Paid Search,2025-01-19 00:00,N,0
804418,2,Paid Social,2025-02-19 00:00,N,0
801210,2,SEO,2024-04-10 00:00,N,0
805903,4,Paid Search,2024-12-03 00:00,N,0
805011,3,Email,2024-08-01 00:00,Y,83.32
805193,4,Paid Search,2025-02-25 00:00,N,0
806872,1,SEO,2024-02-01 00:00,Y,121.73
805516,2,SEO,2025-09-22 00:00,N,0
804743,1,Paid Search,2025-04-27 00:00,N,0
804192,1,SEO,2024-12-27 00:00,Y,163.2
807828,3,Email,2024-09-01 00:00,Y,84.94
801484,4,Paid Search,2025-06-30 00:00,Y,165.97
803211,5,Email,2024-10-27 00:00,N,0
804260,2,Paid Search,2025-03-08 00:00,N,0
803489,5,Email,2025-07-31 00:00,Y,57.01
805835,2,SEO,2024-05-05 00:00,Y,180.88
803852,3,Paid Social,2025-05-11 00:00,N,0
802512,1,Paid Social,2024-05-05 00:00,Y,130.42
801190,1,Email,2025-06-10 00:00,Y,183.19
805895,1,SEO,2024-01-11 00:00,Y,141.39
804769,1,Paid Social,2024-05-24 00:00,Y,163.89
805377,3,Paid Search,2024-04-11 00:00,N,0
804201,2,Paid Search,2025-05-24 00:00,Y,186.24
806167,4,SEO,2024-10-30 00:00,N,0
801783,2,Email,2024-12-09 00:00,Y,52.22
803942,1,SEO,2025-02-05 00:00,N,0
800591,4,Paid Social,2024-04-08 00:00,Y,150.52
803589,3,Email,2025-06-29 00:00,Y,116.89
805389,3,Email,2024-04-29 00:00,Y,175.78
801127,1,Paid Search,2025-03-16 00:00,N,0
803096,2,SEO,2025-03-30 00:00,N,0
801816,2,Paid Search,2024-02-15 00:00,Y,108.36
803603,4,Paid Social,2024-04-12 00:00,Y,162.89
803629,3,Email,2025-02-05 00:00,N,0
804818,1,Email,2025-06-19 00:00,Y,84.88
808959,1,Paid Social,2025-03-12 00:00,N,0
808671,1,Paid Social,2025-07-24 00:00,N,0
800051,3,Paid Social,2025-03-29 00:00,Y,75.58
804072,4,Paid Search,2025-05-12 00:00,N,0
807257,3,Paid Social,2024-04-17 00:00,Y,207.67
808172,1,Email,2025-06-12 00:00,N,0
800597,1,SEO,2025-10-01 00:00,Y,153.4
808391,3,Paid Search,2025-09-09 00:00,Y,146.35
805463,1,Paid Search,2024-10-10 00:00,N,0
802504,4,Paid Search,2024-04-18 00:00,N,0
806748,2,Paid Social,2024-05-07 00:00,N,0
805249,2,Email,2025-08-06 00:00,N,0
802434,1,Paid Search,2025-09-29 00:00,N,0
807557,1,SEO,2024-11-20 00:00,Y,115.18
807294,3,Paid Search,2024-01-23 00:00,Y,181.65
803114,4,Email,2025-04-20 00:00,Y,121.93
803730,1,SEO,2024-03-09 00:00,N,0
800974,4,Email,2024-01-23 00:00,N,0
807780,2,Email,2025-06-08 00:00,N,0
807551,3,Paid Search,2024-12-03 00:00,Y,168.56
807521,1,SEO,2025-04-03 00:00,Y,68.24
801710,1,Paid Social,2024-10-21 00:00,Y,45.09
808403,1,SEO,2024-06-29 00:00,Y,219.92
800313,3,SEO,2025-07-06 00:00,Y,192.18
806539,1,SEO,2025-06-07 00:00,N,0
807214,4,Email,2024-12-19 00:00,N,0
803785,1,SEO,2025-03-22 00:00,Y,42.52
807057,2,Email,2024-02-27 00:00,Y,64.84
800443,3,Paid Search,2025-02-17 00:00,Y,67.0
800780,3,Paid Social,2024-06-04 00:00,Y,196.31
807392,1,SEO,2024-11-16 00:00,N,0
801530,3,Paid Search,2025-06-18 00:00,N,0
802566,1,SEO,2025-06-24 00:00,N,0
807107,4,Paid Social,2024-06-14 00:00,Y,78.81
806906,3,Paid Search,2025-03-28 00:00,Y,159.1
800962,2,Paid Search,2024-12-04 00:00,Y,166.59
806706,2,Paid Search,2025-01-01 00:00,N,0
807593,5,Paid Search,2025-09-26 00:00,N,0
806966,2,SEO,2024-10-11 00:00,N,0
803331,1,SEO,2024-12-01 00:00,Y,199.88
807787,1,Email,2025-08-25 00:00,Y,175.03
808875,1,SEO,2024-06-26 00:00,Y,105.69
806724,1,Paid Social,2024-01-31 00:00,N,0
808324,2,Email,2024-06-16 00:00,Y,39.23
802971,4,Paid Search,2024-12-04 00:00,N,0
803271,3,Email,2024-01-19 00:00,Y,170.5
802630,1,SEO,2024-04-13 00:00,Y,150.07
808566,1,Paid Social,2025-10-03 00:00,Y,207.98
800303,2,Email,2024-05-06 00:00,Y,105.35
806140,2,Email,2024-10-03 00:00,Y,153.98
803054,1,SEO,2025-07-25 00:00,N,0
802845,2,Email,2025-03-21 00:00,N,0
807970,2,Email,2025-10-15 00:00,Y,87.77
804312,1,SEO,2025-03-14 00:00,Y,154.33
806761,2,Paid Social,2024-03-16 00:00,Y,62.46
802637,2,Paid Social,2024-06-01 00:00,Y,138.19
806612,2,Paid Social,2024-08-10 00:00,N,0
802176,1,Email,2025-01-25 00:00,Y,93.97
802132,2,SEO,2024-12-30 00:00,Y,60.62
803706,1,Paid Social,2024-09-16 00:00,N,0
804525,1,SEO,2024-08-31 00:00,Y,113.38
801611,2,Paid Search,2025-05-03 00:00,N,0
802405,1,Paid Social,2025-08-27 00:00,N,0
804449,1,SEO,2025-07-03 00:00,Y,60.61
800142,1,Paid Search,2024-04-18 00:00,Y,71.01
805005,1,Paid Social,2024-04-30 00:00,Y,137.56
808131,3,Paid Social,2024-04-03 00:00,Y,44.22
802910,4,Paid Social,2024-03-23 00:00,Y,46.79
800349,1,Paid Social,2024-12-31 00:00,Y,194.57
805850,1,SEO,2024-03-24 00:00,N,0
804088,1,SEO,2024-02-27 00:00,N,0
800738,1,SEO,2024-12-11 00:00,Y,149.69
808459,1,SEO,2025-05-02 00:00,N,0
806621,1,Paid Social,2024-07-15 00:00,Y,185.79
804449,2,Email,2025-07-05 00:00,Y,60.61
802591,4,Email,2025-07-15 00:00,Y,73.85
801870,3,Email,2025-02-10 00:00,Y,75.49
803661,2,Paid Social,2025-05-12 00:00,Y,165.76
802939,1,Paid Social,2025-01-29 00:00,Y,194.17
801608,3,Email,2024-07-23 00:00,N,0
803139,1,SEO,2024-09-05 00:00,N,0
806871,4,Email,2025-10-06 00:00,N,0
807795,2,Paid Social,2025-02-13 00:00,N,0
807494,2,Email,2024-08-23 00:00,N,0
801518,4,Paid Search,2025-03-05 00:00,Y,84.8
806854,1,Paid Social,2024-12-25 00:00,Y,102.04
801102,3,Email,2025-09-17 00:00,Y,63.78
805480,1,Paid Social,2025-04-12 00:00,N,0
803314,2,Email,2025-08-01 00:00,Y,103.38
800581,1,Paid Search,2024-01-25 00:00,Y,52.38
802269,2,SEO,2025-05-31 00:00,Y,197.58
801739,1,Paid Social,2024-09-14 00:00,Y,138.73
806964,3,Paid Social,2025-07-21 00:00,Y,216.31
807934,1,Paid Search,2024-01-19 00:00,Y,207.75
802309,1,Paid Search,2024-05-17 00:00,Y,97.68
803620,3,SEO,2024-12-28 00:00,Y,116.37
802016,1,Paid Search,2025-05-27 00:00,Y,213.44
808570,1,SEO,2025-03-10 00:00,Y,143.28
804135,1,Email,2024-08-01 00:00,Y,38.68
806675,1,Paid Search,2025-09-07 00:00,Y,194.54
805015,5,SEO,2025-08-17 00:00,Y,122.6
806123,2,SEO,2025-06-11 00:00,Y,191.76
804551,3,Paid Search,2024-10-21 00:00,N,0
804396,1,Paid Social,2024-03-05 00:00,Y,176.01
800135,2,Email,2025-03-22 00:00,Y,113.82
800495,3,Email,2024-05-17 00:00,Y,137.71
805136,3,Paid Social,2024-11-02 00:00,Y,161.06
803227,4,Paid Search,2025-06-08 00:00,N,0
803654,5,Email,2025-05-08 00:00,N,0
803041,1,SEO,2024-03-01 00:00,Y,190.19
801714,1,Paid Social,2025-05-08 00:00,Y,192.9
808396,4,Paid Social,2025-05-06 00:00,Y,91.93
800262,1,Email,2024-01-04 00:00,Y,141.48
802826,2,SEO,2024-08-01 00:00,N,0
807618,2,Email,2024-08-29 00:00,Y,135.26
804860,1,Paid Social,2025-06-20 00:00,Y,40.29
805983,2,Paid Search,2024-06-05 00:00,Y,46.12
806216,3,SEO,2024-01-31 00:00,Y,181.09
804240,1,Email,2025-03-31 00:00,Y,37.24
807195,1,Paid Social,2025-02-23 00:00,Y,158.12
801526,3,Email,2025-10-09 00:00,N,0
805012,1,Paid Social,2025-05-06 00:00,Y,62.2
801256,3,Paid Search,2024-05-19 00:00,Y,87.18
800477,4,Paid Social,2025-06-21 00:00,N,0
805141,1,SEO,2024-05-13 00:00,Y,203.02
802700,3,Paid Search,2024-01-05 00:00,Y,56.23
807663,1,SEO,2024-01-11 00:00,N,0
803929,1,SEO,2025-02-15 00:00,Y,102.07
804657,4,Email,2024-01-31 00:00,N,0
800676,1,SEO,2024-01-31 00:00,Y,156.96
807424,4,Email,2024-03-22 00:00,N,0
804387,2,Email,2024-01-23 00:00,Y,147.58
806313,1,Paid Social,2024-01-07 00:00,N,0
801043,1,Email,2024-06-12 00:00,Y,119.23
801621,4,Email,2025-04-14 00:00,Y,43.09
802677,2,SEO,2025-03-22 00:00,Y,124.01
801996,2,SEO,2024-08-13 00:00,N,0
803830,2,Paid Social,2024-03-02 00:00,Y,89.46
807945,1,SEO,2024-03-01 00:00,Y,43.69
801664,2,Paid Social,2025-08-12 00:00,N,0
807882,1,Paid Search,2025-07-01 00:00,N,0
805286,3,Email,2025-03-26 00:00,Y,44.39
803986,1,Paid Social,2024-09-23 00:00,N,0
802786,1,Paid Social,2025-01-28 00:00,N,0
806455,2,Paid Social,2024-02-07 00:00,Y,213.09
803642,1,Paid Social,2024-04-08 00:00,N,0
803788,4,Paid Social,2024-09-25 00:00,Y,170.02
808999,1,Paid Search,2024-07-09 00:00,Y,42.47
807352,1,SEO,2025-05-06 00:00,Y,170.3
808158,5,Email,2025-01-03 00:00,Y,42.98
805880,2,Paid Social,2025-10-07 00:00,N,0
800383,3,Paid Social,2025-09-11 00:00,N,0
800017,1,Paid Social,2025-01-03 00:00,Y,179.46
800238,3,Email,2024-06-24 00:00,Y,90.92
802342,2,Email,2024-04-27 00:00,N,0
804636,5,Paid Social,2025-03-24 00:00,N,0
804495,1,SEO,2024-03-25 00:00,N,0
808098,2,SEO,2025-04-20 00:00,Y,120.77
804264,2,SEO,2025-01-25 00:00,N,0
806078,3,Email,2024-10-01 00:00,N,0
807860,3,SEO,2024-08-28 00:00,N,0
805649,3,Paid Search,2024-05-19 00:00,N,0
802266,3,Email,2025-01-09 00:00,Y,54.82
808170,3,Paid Social,2025-06-03 00:00,Y,77.51
802774,4,Email,2025-10-23 00:00,Y,38.77
807766,2,SEO,2024-07-21 00:00,Y,77.84
806289,1,Paid Search,2024-01-25 00:00,Y,84.12
801686,2,Email,2025-06-13 00:00,N,0
800309,3,Email,2024-06-23 00:00,Y,122.96
801828,1,Paid Search,2024-03-07 00:00,Y,42.47
805919,3,SEO,2025-04-12 00:00,N,0
805483,3,Paid Social,2024-02-23 00:00,Y,169.74
805396,1,SEO,2024-09-22 00:00,Y,53.05
801125,1,Paid Social,2024-08-17 00:00,Y,135.02
800508,1,Paid Social,2024-07-05 00:00,Y,183.12
804529,1,Paid Search,2024-02-11 00:00,N,0
805858,2,Paid Social,2024-07-01 00:00,Y,68.37
802223,1,Paid Social,2025-08-27 00:00,Y,118.34
803293,1,Paid Search,2024-04-19 00:00,N,0
806350,4,Paid Search,2025-07-12 00:00,Y,44.01
801410,1,Paid Social,2024-06-11 00:00,Y,161.6
800905,3,SEO,2025-05-13 00:00,N,0
803237,3,Email,2025-07-21 00:00,Y,94.77
805398,3,Email,2025-02-24 00:00,Y,58.82
801451,1,Paid Social,2025-06-13 00:00,Y,54.56
807758,3,Paid Search,2024-10-16 00:00,Y,99.97
805872,1,Paid Social,2024-11-09 00:00,Y,68.49
804827,2,SEO,2025-09-04 00:00,N,0
808968,4,Email,2024-07-06 00:00,Y,217.65
806959,1,SEO,2025-10-16 00:00,Y,105.79
808592,3,Paid Search,2024-05-19 00:00,Y,141.5
802404,2,Email,2024-07-08 00:00,Y,166.13
804699,2,SEO,2025-06-25 00:00,N,0
802990,1,SEO,2024-02-14 00:00,Y,61.6
806903,2,SEO,2024-04-07 00:00,Y,99.4
808427,3,Paid Social,2024-11-17 00:00,Y,170.72
801932,2,Email,2025-04-10 00:00,N,0
807290,1,Email,2024-02-18 00:00,N,0
806556,4,Email,2024-09-16 00:00,Y,202.98
800048,4,SEO,2025-08-18 00:00,Y,42.85
808332,1,Paid Social,2025-01-13 00:00,N,0
806659,1,Email,2024-01-21 00:00,Y,151.52
808994,1,Email,2024-04-03 00:00,Y,181.43
801888,2,Email,2025-02-04 00:00,Y,211.19
800810,2,Paid Social,2024-01-24 00:00,Y,63.25
803487,1,Paid Social,2024-02-17 00:00,Y,80.39
806300,5,Paid Search,2024-02-09 00:00,Y,112.89
801274,3,Email,2025-09-25 00:00,Y,179.91
808659,2,Email,2025-03-22 00:00,Y,187.86
802007,1,SEO,2025-01-28 00:00,N,0
804127,1,Email,2025-01-27 00:00,Y,200.4
803435,1,Paid Social,2025-01-12 00:00,Y,156.3
801274,2,SEO,2025-09-22 00:00,Y,179.91
805226,3,SEO,2025-04-06 00:00,Y,57.95
807066,2,SEO,2024-10-19 00:00,N,0
803466,1,Paid Search,2024-10-21 00:00,Y,37.04
802788,1,SEO,2024-02-20 00:00,Y,141.42
800694,2,Email,2024-04-21 00:00,Y,117.79
807292,1,SEO,2025-08-06 00:00,N,0
803015,1,Paid Social,2025-08-15 00:00,Y,75.05
801345,2,SEO,2025-10-01 00:00,Y,64.65
806444,1,SEO,2024-12-09 00:00,Y,148.35
800088,2,Email,2025-02-26 00:00,Y,201.74
806052,1,Email,2025-02-01 00:00,N,0
803708,3,Email,2024-01-29 00:00,Y,57.05
800016,1,Email,2024-08-05 00:00,N,0
805870,3,Email,2024-06-15 00:00,N,0
803667,5,SEO,2025-05-13 00:00,Y,200.97
807431,1,Email,2025-08-10 00:00,Y,129.52
801004,2,Paid Search,2025-10-08 00:00,Y,210.01
808057,2,Email,2024-08-23 00:00,Y,143.73
801533,1,Paid Social,2024-07-31 00:00,Y,214.58
801736,2,Paid Social,2024-01-19 00:00,N,0
803115,1,Email,2024-12-14 00:00,Y,80.48
805476,1,Paid Search,2025-01-19 00:00,N,0
805109,1,Paid Social,2024-09-20 00:00,Y,46.59
802310,1,Paid Social,2025-09-19 00:00,Y,86.0
805977,1,Paid Social,2024-11-24 00:00,N,0
808226,3,Paid Search,2025-06-30 00:00,Y,73.98
803749,4,Email,2024-10-25 00:00,Y,185.22
802505,1,Paid Social,2024-05-16 00:00,Y,159.13
808807,3,Email,2024-06-06 00:00,Y,119.54
802022,3,Paid Search,2024-09-26 00:00,N,0
806920,4,Email,2025-01-26 00:00,Y,116.18
801912,2,SEO,2024-08-01 00:00,Y,111.14
803128,1,Paid Social,2024-09-02 00:00,Y,107.2
804183,4,Email,2025-07-19 00:00,Y,65.47
801007,1,SEO,2024-06-06 00:00,Y,178.54
806156,1,SEO,2024-12-22 00:00,N,0
801948,1,SEO,2024-03-14 00:00,Y,202.79
806789,2,Paid Social,2025-10-05 00:00,Y,200.5
803768,1,Paid Social,2025-02-27 00:00,Y,82.3
801805,3,Paid Social,2024-03-19 00:00,Y,74.89
802264,1,SEO,2024-04-06 00:00,Y,205.24
802424,2,Paid Social,2025-08-11 00:00,Y,170.73
808088,3,Email,2024-11-04 00:00,Y,93.61
808885,2,Email,2025-05-24 00:00,Y,204.18
808649,4,SEO,2024-02-18 00:00,Y,69.22
802315,3,Paid Social,2024-06-06 00:00,Y,162.54
803133,1,Paid Search,2024-10-24 00:00,N,0
801663,2,Email,2024-07-05 00:00,Y,202.03
800975,4,Email,2025-07-02 00:00,Y,185.09
802897,1,Paid Social,2025-08-16 00:00,N,0
800881,2,SEO,2025-03-23 00:00,N,0
804844,3,Paid Search,2024-02-24 00:00,N,0
804801,2,SEO,2024-05-15 00:00,Y,199.01
802208,2,Email,2024-01-17 00:00,Y,73.0
805458,2,Email,2024-11-07 00:00,N,0
808464,3,Paid Social,2025-06-05 00:00,Y,142.13
803601,1,SEO,2025-03-17 00:00,Y,153.14
808963,1,Paid Search,2025-03-21 00:00,N,0
807545,2,Email,2025-05-22 00:00,Y,124.98
800985,3,Paid Search,2024-06-14 00:00,N,0
800356,5,Email,2025-03-26 00:00,N,0
808492,1,SEO,2024-09-15 00:00,N,0
808803,2,Paid Search,2024-01-14 00:00,Y,104.72
802377,3,Email,2024-07-14 00:00,N,0
805369,2,Email,2024-09-06 00:00,Y,87.55
806079,2,Paid Search,2025-03-18 00:00,N,0
801684,2,SEO,2025-03-04 00:00,N,0
808064,1,Paid Social,2024-11-25 00:00,N,0
800399,4,Paid Search,2025-01-04 00:00,Y,185.39
808396,5,Paid Search,2025-05-12 00:00,Y,91.93
800798,1,SEO,2024-08-30 00:00,N,0
801372,2,SEO,2025-04-18 00:00,N,0
801337,2,Paid Social,2024-05-25 00:00,N,0
807572,1,Paid Social,2025-08-17 00:00,Y,54.43
801312,1,SEO,2024-04-01 00:00,Y,56.71
802884,3,Paid Social,2025-09-17 00:00,Y,64.71
802430,1,Paid Search,2024-07-15 00:00,Y,89.02
803184,2,Paid Social,2024-02-16 00:00,Y,75.95
808540,2,SEO,2024-11-15 00:00,N,0
803158,3,SEO,2024-11-15 00:00,Y,58.15
808374,2,SEO,2025-02-14 00:00,Y,48.28
801748,4,Email,2024-06-13 00:00,N,0
801229,1,SEO,2025-02-22 00:00,Y,115.74
804282,2,Paid Search,2024-07-01 00:00,Y,149.5
802364,1,Paid Social,2024-09-11 00:00,N,0
803640,2,Email,2025-05-30 00:00,Y,123.08
800870,1,Email,2024-06-08 00:00,N,0
802908,3,Paid Social,2024-01-18 00:00,Y,44.39
806742,2,Paid Social,2025-04-07 00:00,Y,163.52
807205,4,Paid Search,2025-06-21 00:00,N,0
808780,3,Paid Search,2024-04-28 00:00,N,0
803387,2,Email,2025-01-28 00:00,Y,218.17
803910,2,Paid Social,2024-10-14 00:00,Y,135.92
802722,4,SEO,2025-01-06 00:00,Y,72.35
803600,2,Paid Social,2024-04-21 00:00,Y,72.55
807029,1,Paid Social,2025-07-11 00:00,Y,211.5
807959,1,Paid Social,2024-04-01 00:00,Y,136.33
808112,3,Paid Social,2025-03-23 00:00,Y,161.78
808358,3,Email,2025-09-05 00:00,N,0
805126,2,Email,2024-11-04 00:00,N,0
807482,2,Email,2024-04-04 00:00,Y,216.93
806192,5,Email,2025-01-15 00:00,N,0
802957,2,Email,2024-03-22 00:00,N,0
802321,4,Email,2025-07-07 00:00,N,0
807697,2,Paid Social,2025-09-10 00:00,Y,160.87
802041,3,SEO,2025-01-23 00:00,Y,130.16
808291,2,Email,2024-07-04 00:00,N,0
808307,3,Email,2025-05-25 00:00,N,0
800987,4,Paid Search,2025-04-17 00:00,Y,194.03
800722,1,Paid Social,2024-04-23 00:00,N,0
805334,2,Paid Search,2025-10-07 00:00,Y,61.1
803890,3,Email,2024-08-12 00:00,Y,61.57
802651,2,Email,2024-01-09 00:00,N,0
805662,1,Paid Search,2025-01-23 00:00,Y,46.18
803763,2,Paid Social,2025-07-22 00:00,Y,74.86
800265,3,Email,2025-08-21 00:00,N,0
807160,3,Paid Social,2025-03-16 00:00,Y,82.23
803450,1,SEO,2025-04-01 00:00,N,0
801148,2,Paid Search,2025-02-03 00:00,Y,151.14
801821,3,Email,2025-03-18 00:00,Y,161.41
805168,2,Paid Social,2025-04-13 00:00,N,0
800369,1,SEO,2024-07-07 00:00,Y,42.02
800017,4,SEO,2025-01-06 00:00,Y,179.46
804171,1,SEO,2025-03-17 00:00,Y,44.31
807200,2,Paid Search,2024-07-25 00:00,Y,78.82
806548,4,Email,2024-05-11 00:00,Y,213.48
803660,1,Paid Social,2024-05-01 00:00,N,0
807188,4,Paid Search,2024-02-15 00:00,Y,115.22
804865,1,SEO,2024-12-20 00:00,Y,90.43
808347,2,SEO,2025-08-21 00:00,Y,216.84
807715,2,Email,2024-12-10 00:00,N,0
800421,2,Paid Social,2025-04-12 00:00,Y,146.42
805441,5,Email,2024-08-05 00:00,Y,119.6
807552,1,SEO,2024-12-13 00:00,Y,146.81
806014,1,Paid Social,2025-02-17 00:00,Y,147.74
807671,3,SEO,2024-01-04 00:00,Y,132.84
804280,4,Email,2025-02-02 00:00,Y,122.3
804134,1,SEO,2024-12-24 00:00,Y,90.77
808149,2,Email,2024-02-25 00:00,Y,178.94
801445,3,Paid Social,2025-06-07 00:00,Y,132.63
800125,3,Email,2024-07-24 00:00,Y,78.42
806376,2,SEO,2025-09-14 00:00,Y,114.51
801695,1,Paid Social,2024-08-18 00:00,Y,191.68
800567,1,SEO,2025-01-25 00:00,Y,169.55
800396,4,Paid Social,2024-11-20 00:00,Y,64.31
807765,3,Email,2025-05-17 00:00,Y,170.17
800910,2,SEO,2025-05-25 00:00,N,0
808469,3,Paid Social,2024-07-10 00:00,N,0
807133,3,Paid Search,2025-09-23 00:00,N,0
806697,1,SEO,2024-09-09 00:00,N,0
805127,1,SEO,2024-09-04 00:00,N,0
801571,1,SEO,2024-10-21 00:00,N,0
802042,3,SEO,2025-06-03 00:00,Y,172.24
807653,1,SEO,2024-10-14 00:00,N,0
806435,5,Email,2024-10-08 00:00,Y,168.17
805457,2,SEO,2024-12-13 00:00,Y,58.48
800014,4,Email,2025-03-26 00:00,Y,177.03
802094,3,Email,2025-03-03 00:00,N,0
805686,2,Email,2024-04-23 00:00,Y,143.07
808947,2,Paid Search,2025-08-03 00:00,Y,195.54
807111,1,SEO,2025-07-25 00:00,N,0
805615,2,Paid Social,2024-01-21 00:00,N,0
808740,1,SEO,2025-03-09 00:00,Y,150.54
801691,2,Email,2024-08-30 00:00,Y,71.71
800107,1,SEO,2024-04-21 00:00,N,0
808618,1,SEO,2025-05-10 00:00,N,0
806659,4,Paid Search,2024-01-27 00:00,Y,151.52
803670,3,Email,2025-05-09 00:00,Y,162.94
801676,1,Paid Social,2024-02-23 00:00,Y,122.77
801088,3,SEO,2024-07-26 00:00,Y,132.1
804855,1,Paid Social,2025-06-05 00:00,Y,187.54
805840,1,Paid Social,2024-08-30 00:00,N,0
800230,1,SEO,2025-07-04 00:00,Y,132.65
800350,2,Email,2024-05-28 00:00,N,0
807981,3,Email,2024-06-03 00:00,Y,200.94
803341,1,Email,2025-08-28 00:00,N,0
804480,2,Paid Social,2025-09-26 00:00,Y,66.39
806484,3,SEO,2024-06-21 00:00,Y,161.07
801497,3,Paid Social,2024-06-05 00:00,N,0
806696,1,SEO,2024-04-24 00:00,Y,110.1
804041,1,Paid Social,2024-02-08 00:00,Y,54.38
800239,1,Paid Search,2025-10-02 00:00,Y,217.14
805438,2,SEO,2024-03-13 00:00,N,0
800320,4,Paid Social,2024-07-15 00:00,Y,106.66
802565,3,Email,2024-12-30 00:00,N,0
804110,2,Paid Social,2025-02-20 00:00,N,0
807956,1,Email,2024-09-24 00:00,N,0
803832,1,SEO,2024-04-16 00:00,N,0
801699,1,SEO,2025-03-26 00:00,N,0
800804,2,SEO,2024-03-07 00:00,Y,109.96
807718,2,Email,2025-08-22 00:00,Y,70.81
807225,3,Paid Search,2025-10-21 00:00,Y,120.3
806587,1,SEO,2025-04-13 00:00,Y,195.45
805234,1,Email,2025-03-09 00:00,Y,41.2
800934,4,Email,2024-09-14 00:00,N,0
804363,5,Email,2024-09-23 00:00,N,0
808196,2,Email,2024-12-26 00:00,Y,217.71
808500,2,Paid Social,2025-09-01 00:00,Y,134.85
807239,3,Paid Social,2024-12-22 00:00,Y,75.28
800473,3,Paid Search,2025-04-13 00:00,N,0
802953,1,SEO,2024-06-26 00:00,Y,65.19
806721,3,Email,2024-01-10 00:00,Y,211.33
806480,1,Email,2025-10-03 00:00,Y,42.64
804869,2,Email,2025-06-08 00:00,N,0
806845,2,Paid Search,2025-09-27 00:00,Y,88.67
808947,4,Email,2025-08-02 00:00,Y,195.54
805740,2,SEO,2024-08-04 00:00,N,0
801205,3,Email,2024-12-31 00:00,Y,71.1
806423,2,Email,2024-02-02 00:00,N,0
800798,3,Paid Social,2024-09-01 00:00,N,0
801399,1,Paid Social,2024-01-03 00:00,N,0
808731,3,Paid Search,2024-02-22 00:00,Y,147.11
804260,3,Paid Social,2025-03-09 00:00,N,0
806394,4,Paid Search,2024-07-25 00:00,Y,64.2
801641,5,Email,2025-02-20 00:00,Y,60.9
802942,2,SEO,2024-03-26 00:00,Y,154.0
805504,1,Paid Search,2025-05-09 00:00,N,0
808535,1,SEO,2025-08-04 00:00,Y,148.59
804455,1,SEO,2024-06-09 00:00,N,0
800245,1,SEO,2024-02-25 00:00,Y,128.85
807284,2,Email,2025-10-06 00:00,Y,186.79
808219,2,SEO,2024-04-21 00:00,Y,188.9
801621,2,SEO,2025-04-09 00:00,Y,43.09
803316,2,Email,2024-08-08 00:00,N,0
805440,1,Email,2024-12-26 00:00,Y,91.05
808577,3,SEO,2025-05-07 00:00,N,0
803864,2,Paid Search,2024-11-22 00:00,Y,70.22
803040,2,Paid Social,2024-01-08 00:00,N,0
806368,4,Paid Social,2024-08-14 00:00,N,0
804610,3,Paid Search,2025-08-03 00:00,N,0
804975,1,SEO,2024-08-15 00:00,Y,165.61
802004,1,Paid Search,2025-09-26 00:00,Y,117.0
807333,1,Email,2024-07-16 00:00,Y,94.74
800892,4,SEO,2024-04-09 00:00,N,0
802633,3,Email,2024-07-18 00:00,Y,118.33
804499,1,Paid Social,2024-08-08 00:00,N,0
807414,5,Paid Social,2024-07-14 00:00,N,0
808106,1,Paid Social,2025-09-15 00:00,N,0
801403,4,Email,2025-01-17 00:00,Y,188.76
804646,2,Email,2025-05-07 00:00,Y,35.24
807095,3,Email,2024-07-10 00:00,Y,181.21
807134,1,Paid Search,2024-08-04 00:00,N,0
805511,2,Paid Social,2024-03-30 00:00,N,0
803002,4,Paid Social,2024-08-16 00:00,Y,61.71
800409,4,Email,2024-04-11 00:00,Y,52.55
806238,2,SEO,2025-08-19 00:00,Y,166.9
801370,1,Email,2025-03-12 00:00,Y,206.61
801556,2,Email,2025-02-16 00:00,N,0
806256,3,Paid Social,2024-06-21 00:00,N,0
808661,2,Paid Social,2025-10-02 00:00,Y,130.74
801838,2,Paid Search,2025-02-04 00:00,Y,45.0
802321,5,Email,2025-07-17 00:00,N,0
800652,3,Paid Search,2024-04-24 00:00,Y,167.27
806915,2,Paid Social,2024-03-16 00:00,Y,127.05
806467,2,Paid Social,2024-09-23 00:00,Y,69.15
802370,2,Email,2024-12-26 00:00,N,0
801475,3,Paid Social,2025-07-06 00:00,N,0
800321,2,SEO,2025-03-15 00:00,Y,193.9
807117,1,Paid Social,2024-12-08 00:00,Y,105.82
805407,4,Paid Social,2025-10-04 00:00,Y,84.22
804109,4,SEO,2024-08-07 00:00,N,0
805251,1,Paid Social,2025-09-04 00:00,N,0
800878,1,Email,2024-06-28 00:00,Y,42.14
800641,3,Email,2024-09-04 00:00,Y,195.63
800571,1,Email,2024-04-17 00:00,Y,149.84
802782,2,SEO,2025-04-26 00:00,Y,206.33
805301,1,Paid Search,2025-07-31 00:00,Y,46.73
801538,1,Paid Social,2024-08-10 00:00,Y,168.89
800929,1,Paid Social,2025-09-11 00:00,Y,81.52
800546,1,SEO,2025-01-05 00:00,Y,152.94
803816,1,Paid Search,2024-10-07 00:00,N,0
800071,5,Paid Social,2025-07-20 00:00,N,0
808424,2,Email,2024-02-11 00:00,N,0
800620,2,SEO,2024-10-21 00:00,N,0
800428,1,Paid Social,2025-05-03 00:00,Y,121.93
805414,4,Email,2024-12-31 00:00,Y,152.08
804197,4,Paid Social,2025-07-20 00:00,Y,106.73
805076,2,Paid Search,2025-06-23 00:00,Y,202.16
806355,1,SEO,2025-03-07 00:00,Y,96.18
800090,2,Email,2024-10-11 00:00,N,0
805876,3,SEO,2025-08-27 00:00,N,0
808860,1,SEO,2025-07-23 00:00,Y,87.08
803557,1,Paid Social,2025-03-04 00:00,N,0
802330,2,SEO,2025-03-11 00:00,N,0
807563,1,Paid Social,2025-05-19 00:00,Y,145.93
804586,1,SEO,2024-05-21 00:00,Y,209.99
804090,1,Email,2025-06-17 00:00,Y,164.95
805720,3,Email,2025-07-12 00:00,Y,212.89
805802,2,Paid Search,2024-12-02 00:00,N,0
808075,2,Paid Search,2024-12-30 00:00,N,0
807579,3,Email,2024-08-09 00:00,N,0
804848,3,Email,2025-09-09 00:00,Y,104.87
804168,1,SEO,2025-06-19 00:00,Y,112.07
803988,2,SEO,2025-02-13 00:00,Y,41.67
808686,2,Paid Social,2024-08-31 00:00,N,0
804370,5,Email,2025-08-02 00:00,N,0
800373,3,Paid Search,2024-05-09 00:00,Y,142.96
803977,2,Email,2025-03-03 00:00,Y,78.34
807335,2,Email,2025-03-07 00:00,N,0
807799,2,SEO,2025-03-13 00:00,N,0
802032,2,SEO,2024-10-12 00:00,Y,38.62
805406,3,Paid Search,2025-01-25 00:00,N,0
805544,1,Paid Search,2025-03-05 00:00,N,0
804279,3,Email,2024-06-12 00:00,N,0
803420,1,SEO,2025-04-10 00:00,N,0
801141,3,Paid Search,2025-09-01 00:00,Y,76.46
806762,2,Email,2025-05-06 00:00,Y,93.71
806969,4,Email,2025-09-05 00:00,Y,126.27
804713,3,Paid Social,2024-12-17 00:00,N,0
805557,1,SEO,2024-10-31 00:00,Y,61.17
806802,1,Email,2024-02-03 00:00,N,0
806099,1,Paid Social,2025-05-23 00:00,N,0
803112,2,Paid Search,2024-04-27 00:00,N,0
801547,3,Paid Social,2024-01-09 00:00,Y,211.98
800439,2,SEO,2025-10-18 00:00,Y,94.62
800521,2,Email,2024-07-15 00:00,Y,171.56
807141,4,Paid Search,2025-02-19 00:00,Y,37.0
804465,2,SEO,2024-08-11 00:00,Y,74.09
806865,1,Paid Social,2024-12-26 00:00,Y,109.63
804138,1,SEO,2024-09-17 00:00,N,0
804189,1,Email,2025-09-24 00:00,N,0
803219,2,Paid Social,2025-10-05 00:00,Y,80.62
801179,1,SEO,2025-05-19 00:00,Y,127.97
805211,1,Email,2024-11-20 00:00,N,0
805223,1,Paid Social,2024-01-23 00:00,Y,51.14
802073,1,Paid Social,2024-02-28 00:00,Y,108.56
808291,1,Paid Social,2024-07-02 00:00,N,0
803820,1,SEO,2025-04-13 00:00,Y,89.27
801671,1,Paid Social,2025-06-09 00:00,N,0
808791,1,Paid Social,2024-12-02 00:00,Y,64.06
803886,1,SEO,2024-01-10 00:00,Y,171.68
803394,2,Paid Search,2025-01-28 00:00,Y,66.93
801308,4,Paid Social,2025-02-03 00:00,N,0
802231,4,Paid Social,2024-02-22 00:00,Y,201.88
806885,1,SEO,2025-07-02 00:00,Y,161.39
804146,1,Paid Social,2024-08-10 00:00,Y,144.39
800276,1,Email,2025-08-10 00:00,Y,57.56
807179,2,Email,2024-04-22 00:00,N,0
801653,1,SEO,2025-02-17 00:00,Y,110.77
801253,1,Email,2025-03-08 00:00,N,0
808863,3,Email,2024-08-21 00:00,Y,175.5
801556,3,SEO,2025-02-21 00:00,N,0
801137,2,Paid Social,2025-04-27 00:00,Y,193.28
800263,1,SEO,2024-12-23 00:00,N,0
806547,3,Paid Social,2024-02-26 00:00,Y,60.98
808753,1,SEO,2024-09-06 00:00,Y,88.12
808490,1,Paid Search,2024-09-15 00:00,Y,49.96
800109,4,Email,2024-11-17 00:00,Y,193.19
802119,1,Paid Social,2024-03-28 00:00,Y,81.89
802340,1,Paid Social,2024-12-25 00:00,Y,155.12
803286,1,Email,2025-02-19 00:00,Y,186.35
805586,3,Email,2025-07-06 00:00,Y,200.22
807193,1,SEO,2025-01-12 00:00,Y,56.42
805017,2,Paid Social,2025-01-11 00:00,Y,37.75
805985,2,SEO,2025-01-23 00:00,Y,93.13
805681,3,SEO,2024-10-06 00:00,N,0
805221,5,Email,2024-02-22 00:00,Y,175.13
806750,1,Email,2024-12-08 00:00,Y,48.9
807576,2,Paid Search,2024-02-26 00:00,Y,162.94
805320,1,Email,2024-11-02 00:00,Y,95.66
802118,3,Email,2024-04-28 00:00,Y,51.19
804252,5,Paid Social,2024-10-19 00:00,Y,152.19
800968,3,Paid Search,2024-08-22 00:00,Y,141.37
806819,2,Email,2025-02-25 00:00,N,0
803745,2,Paid Social,2024-02-22 00:00,Y,210.75
802844,1,Paid Social,2024-06-18 00:00,Y,137.25
804106,3,Paid Social,2024-10-17 00:00,Y,168.77
806724,2,Paid Social,2024-02-04 00:00,N,0
800288,2,SEO,2024-03-08 00:00,Y,87.58
808579,1,SEO,2024-11-11 00:00,N,0
805233,4,Email,2024-03-18 00:00,N,0
802533,1,Paid Social,2025-02-20 00:00,Y,119.1
808864,1,SEO,2025-06-10 00:00,Y,35.31
805533,3,Email,2025-02-08 00:00,N,0
807060,3,Paid Social,2025-02-25 00:00,Y,174.55
806027,1,Paid Social,2024-05-07 00:00,N,0
806048,2,SEO,2024-02-24 00:00,N,0
808564,1,Paid Social,2025-09-06 00:00,N,0
806023,1,SEO,2025-09-20 00:00,Y,150.61
803227,3,Paid Social,2025-06-04 00:00,N,0
800965,3,Paid Search,2024-12-13 00:00,N,0
807014,4,Email,2024-08-01 00:00,N,0
804941,1,Paid Social,2024-07-20 00:00,N,0
800947,3,Email,2024-11-15 00:00,Y,89.72
806006,4,Email,2025-08-01 00:00,Y,212.63
805627,1,Email,2025-01-13 00:00,Y,84.02
805366,4,SEO,2024-06-19 00:00,N,0
805636,2,SEO,2024-09-14 00:00,Y,143.73
801601,4,Email,2024-09-10 00:00,N,0
808105,3,Paid Social,2025-06-23 00:00,N,0
803247,1,SEO,2024-03-20 00:00,Y,205.1
802976,3,Email,2025-04-23 00:00,Y,127.14
802748,3,Paid Search,2025-07-24 00:00,Y,184.21
800468,4,Email,2024-11-15 00:00,N,0
802036,1,SEO,2024-10-19 00:00,Y,185.7
804984,2,Paid Social,2025-02-28 00:00,Y,67.92
800180,4,Paid Social,2024-03-13 00:00,Y,199.72
805176,5,Paid Search,2024-02-12 00:00,Y,195.74
805366,2,Paid Search,2024-06-16 00:00,N,0
804654,1,SEO,2024-04-04 00:00,Y,79.23
804965,2,Paid Social,2024-04-19 00:00,N,0
803730,3,Paid Search,2024-03-13 00:00,N,0
800708,1,Paid Search,2025-03-06 00:00,Y,87.33
800652,1,Paid Search,2024-04-22 00:00,Y,167.27
803413,1,Email,2024-08-05 00:00,N,0
801107,2,Email,2025-03-11 00:00,Y,105.91
805085,1,Paid Search,2025-03-01 00:00,Y,110.4
804181,1,SEO,2024-09-12 00:00,N,0
800137,1,Paid Search,2024-08-29 00:00,Y,58.94
800505,2,Paid Social,2025-02-18 00:00,Y,215.03
806540,1,Email,2024-09-30 00:00,Y,73.6
801543,1,Paid Social,2024-12-19 00:00,Y,130.42
806229,1,SEO,2024-09-07 00:00,Y,204.41
800192,1,Paid Social,2024-02-12 00:00,Y,111.06
800225,1,SEO,2025-03-18 00:00,Y,115.77
808579,3,Email,2024-11-19 00:00,N,0
808183,1,SEO,2025-06-06 00:00,Y,162.01
805262,3,Email,2025-07-06 00:00,Y,53.4
805473,1,SEO,2024-07-16 00:00,Y,96.01
804220,4,Email,2024-11-07 00:00,N,0
803575,1,Paid Search,2025-05-22 00:00,N,0
806496,4,SEO,2024-04-23 00:00,Y,49.06
801814,4,Paid Social,2025-04-25 00:00,Y,214.65
802909,3,Paid Social,2025-07-01 00:00,N,0
802105,2,Paid Social,2024-06-18 00:00,N,0
800290,2,Paid Search,2025-07-16 00:00,Y,121.19
800975,2,Paid Social,2025-06-28 00:00,Y,185.09
807009,1,Paid Social,2025-03-12 00:00,Y,163.83
800928,2,Email,2024-05-30 00:00,N,0
807306,2,SEO,2025-01-06 00:00,Y,136.77
800130,1,Email,2025-07-10 00:00,Y,189.88
807399,2,SEO,2025-02-15 00:00,N,0
806231,1,SEO,2025-04-14 00:00,Y,82.06
804695,2,Paid Search,2025-06-02 00:00,Y,98.31
805532,2,Email,2025-09-08 00:00,Y,195.4
805468,1,Paid Social,2025-04-03 00:00,Y,88.31
806342,2,Paid Search,2025-01-22 00:00,Y,159.46
808564,2,Paid Search,2025-09-10 00:00,N,0
808230,3,Email,2025-06-23 00:00,N,0
802246,1,Paid Social,2025-05-22 00:00,Y,80.21
800477,1,SEO,2025-06-09 00:00,N,0
804108,2,SEO,2025-08-06 00:00,Y,44.08
803671,2,Paid Social,2024-09-24 00:00,Y,208.93
807035,2,Email,2025-06-10 00:00,Y,211.55
801705,1,SEO,2025-09-06 00:00,Y,166.78
807928,1,Email,2024-06-05 00:00,N,0
801316,1,Paid Social,2024-04-24 00:00,N,0
808198,2,Paid Search,2025-09-22 00:00,N,0
808481,1,Paid Search,2025-05-22 00:00,N,0
803451,2,SEO,2025-07-02 00:00,N,0
806343,2,Email,2024-09-21 00:00,Y,56.55
803572,2,Paid Search,2025-09-26 00:00,Y,176.92
805400,1,SEO,2024-11-06 00:00,N,0
806418,4,Email,2024-02-01 00:00,Y,203.82
801026,4,Email,2024-07-27 00:00,Y,165.7
804023,1,Paid Social,2024-12-19 00:00,N,0
806673,3,Paid Search,2025-05-03 00:00,N,0
804269,2,Paid Social,2024-12-19 00:00,Y,95.85
808075,3,Paid Search,2025-01-03 00:00,N,0
805310,1,SEO,2025-10-15 00:00,Y,49.0
805210,2,Email,2024-09-30 00:00,Y,97.91
801821,1,Paid Social,2025-03-10 00:00,Y,161.41
802902,2,Paid Search,2024-03-07 00:00,Y,124.94
804781,1,SEO,2024-11-08 00:00,N,0
805799,1,SEO,2024-05-10 00:00,N,0
805481,3,Paid Social,2024-12-20 00:00,Y,185.97
800085,1,SEO,2025-09-24 00:00,N,0
802165,1,Paid Social,2024-08-06 00:00,N,0
803712,2,SEO,2025-07-29 00:00,Y,187.59
807336,3,SEO,2024-12-16 00:00,Y,41.9
805641,3,Paid Social,2024-07-08 00:00,Y,183.12
804978,3,Email,2024-01-29 00:00,N,0
808217,3,SEO,2025-06-09 00:00,N,0
801894,3,Paid Search,2024-07-31 00:00,Y,71.5
801361,2,SEO,2024-10-06 00:00,Y,64.31
802984,2,SEO,2024-07-27 00:00,N,0
808696,2,Email,2024-08-10 00:00,Y,103.21
802387,1,SEO,2024-05-02 00:00,Y,108.68
807535,2,Paid Social,2025-06-07 00:00,N,0
805185,3,Email,2024-03-31 00:00,Y,57.11
806611,2,SEO,2024-05-16 00:00,Y,180.37
805521,3,SEO,2024-02-07 00:00,Y,208.83
801031,2,Email,2025-04-10 00:00,Y,67.06
807815,2,Paid Search,2024-09-10 00:00,N,0
803375,3,SEO,2025-06-13 00:00,Y,154.0
804047,1,Paid Search,2025-01-28 00:00,N,0
802662,1,SEO,2025-07-28 00:00,Y,52.93
802558,1,SEO,2025-01-27 00:00,Y,85.5
805882,3,Paid Search,2024-07-08 00:00,N,0
807759,4,Email,2024-02-28 00:00,Y,185.39
805072,3,Email,2024-01-27 00:00,Y,149.05
806168,1,Paid Search,2025-05-02 00:00,N,0
806494,1,Paid Search,2025-03-12 00:00,N,0
805856,1,Email,2024-11-02 00:00,Y,70.16
806351,1,Paid Social,2024-10-21 00:00,Y,175.64
800709,3,SEO,2024-10-27 00:00,Y,218.77
806684,2,Paid Social,2025-04-03 00:00,N,0
807666,3,Paid Search,2024-02-25 00:00,N,0
802624,2,Paid Search,2024-07-21 00:00,Y,217.19
805346,2,Paid Search,2024-09-17 00:00,N,0
806666,5,Paid Search,2025-01-31 00:00,N,0
801580,3,Email,2024-08-19 00:00,Y,68.18
806605,3,Paid Social,2024-12-23 00:00,N,0
803335,2,Paid Search,2024-02-02 00:00,Y,177.51
803223,1,Paid Search,2024-07-23 00:00,Y,109.11
802809,1,SEO,2024-02-17 00:00,Y,65.35
804630,4,Email,2025-06-01 00:00,Y,75.67
808951,1,SEO,2025-02-09 00:00,Y,212.57
802968,3,Email,2025-09-05 00:00,Y,72.89
801603,5,SEO,2025-04-11 00:00,N,0
806357,3,Paid Search,2025-02-12 00:00,N,0
803196,1,Email,2024-07-03 00:00,N,0
804758,1,Paid Search,2024-07-25 00:00,N,0
805626,3,Paid Search,2025-03-14 00:00,N,0
805207,2,SEO,2024-07-13 00:00,N,0
801704,3,SEO,2025-03-30 00:00,N,0
802186,1,SEO,2024-06-01 00:00,Y,169.67
804530,4,Paid Social,2025-01-19 00:00,Y,140.28
802344,4,Paid Search,2025-10-15 00:00,Y,131.16
805441,2,Paid Social,2024-07-22 00:00,Y,119.6
803121,2,Email,2025-07-04 00:00,Y,57.57
807462,4,Email,2024-12-28 00:00,Y,214.5
802591,1,Paid Social,2025-07-03 00:00,Y,73.85
804946,1,Paid Social,2024-05-16 00:00,N,0
803799,2,Paid Social,2024-06-12 00:00,N,0
807188,2,Paid Search,2024-02-16 00:00,Y,115.22
806106,1,Paid Search,2024-07-11 00:00,Y,91.89
804967,4,Email,2024-03-11 00:00,Y,58.27
804801,1,SEO,2024-05-11 00:00,Y,199.01
802339,4,Paid Social,2024-03-05 00:00,Y,48.89
808743,1,Paid Search,2024-10-08 00:00,Y,150.18
802141,1,Paid Social,2025-08-22 00:00,Y,50.95
803309,1,Paid Social,2025-09-07 00:00,N,0
801151,1,SEO,2025-07-05 00:00,Y,106.25
801505,1,SEO,2024-04-18 00:00,Y,50.55
804059,1,SEO,2024-09-02 00:00,N,0
805878,2,SEO,2024-07-27 00:00,N,0
807208,3,Paid Social,2024-01-17 00:00,N,0
801044,3,SEO,2025-03-27 00:00,N,0
804608,2,Paid Search,2025-06-15 00:00,N,0
803729,1,Paid Search,2025-06-05 00:00,N,0
805412,3,Paid Search,2025-03-09 00:00,Y,57.82
801026,2,SEO,2024-07-23 00:00,Y,165.7
800493,1,SEO,2024-07-07 00:00,Y,77.28
807364,1,SEO,2025-09-12 00:00,N,0
804356,1,Paid Social,2025-02-03 00:00,Y,159.48
807403,1,SEO,2024-01-22 00:00,N,0
800659,3,Email,2025-04-02 00:00,Y,160.1
804570,2,SEO,2024-02-02 00:00,N,0
802195,3,Paid Search,2024-03-10 00:00,Y,103.48
803522,2,Paid Social,2025-05-31 00:00,N,0
801843,2,Email,2025-07-29 00:00,Y,71.22
806530,1,Email,2024-11-22 00:00,Y,206.39
804719,2,SEO,2024-09-27 00:00,N,0
806626,4,Email,2024-06-27 00:00,Y,57.9
800195,3,Paid Search,2024-09-29 00:00,Y,115.24
807697,3,Paid Search,2025-09-13 00:00,Y,160.87
801994,1,Email,2025-08-23 00:00,N,0
803868,5,Email,2024-11-12 00:00,N,0
807238,1,SEO,2025-08-18 00:00,N,0
808943,3,SEO,2024-01-11 00:00,Y,127.97
800726,1,Paid Social,2024-11-23 00:00,Y,88.43
805791,1,SEO,2025-06-17 00:00,Y,218.1
802663,2,Paid Social,2025-09-17 00:00,Y,180.57
805838,1,Paid Search,2025-10-03 00:00,N,0
806372,1,Paid Search,2024-04-12 00:00,N,0
803014,1,Paid Search,2025-01-22 00:00,Y,112.5
804819,1,SEO,2024-01-19 00:00,N,0
803810,5,Email,2024-11-12 00:00,Y,219.35
806313,2,Paid Social,2024-01-09 00:00,N,0
805940,1,Paid Social,2024-10-11 00:00,Y,115.08
803178,3,Email,2024-10-15 00:00,Y,73.93
804040,1,Email,2024-12-18 00:00,N,0
803318,1,Paid Search,2025-01-20 00:00,N,0
804955,3,Paid Search,2025-04-28 00:00,N,0
803373,4,Email,2024-12-29 00:00,N,0
808751,1,SEO,2025-05-07 00:00,N,0
807193,2,Paid Social,2025-01-15 00:00,Y,56.42
806007,1,Paid Social,2025-01-20 00:00,Y,136.1
805154,2,Email,2025-03-31 00:00,Y,145.65
800336,1,SEO,2024-04-14 00:00,N,0
805450,3,SEO,2024-08-24 00:00,N,0
804498,4,Email,2025-10-15 00:00,Y,86.81
807505,2,Email,2024-07-26 00:00,Y,91.92
802056,1,Paid Search,2025-07-02 00:00,N,0
804091,4,Email,2025-04-02 00:00,N,0
804915,2,Email,2024-10-24 00:00,Y,197.89
800959,1,Paid Social,2024-02-05 00:00,Y,70.08
806422,3,Email,2024-07-14 00:00,Y,117.23
803995,3,Email,2024-09-30 00:00,Y,138.15
802367,1,Paid Search,2025-02-03 00:00,Y,141.04
802317,5,Paid Search,2024-10-28 00:00,Y,171.78
806857,2,Paid Social,2024-10-16 00:00,N,0
803078,3,Paid Social,2024-05-31 00:00,Y,80.22
804907,4,SEO,2024-12-09 00:00,Y,152.79
806411,2,Paid Search,2024-12-20 00:00,Y,215.26
805668,3,Paid Search,2024-07-26 00:00,Y,107.63
803102,1,SEO,2024-06-28 00:00,Y,146.86
806762,3,Email,2025-05-10 00:00,Y,93.71
801814,3,Paid Social,2025-04-26 00:00,Y,214.65
806835,3,Email,2025-10-23 00:00,N,0
807071,1,SEO,2025-07-14 00:00,N,0
800454,3,Email,2024-08-25 00:00,Y,213.68
802920,2,SEO,2025-09-30 00:00,Y,37.41
804647,1,Paid Social,2024-05-16 00:00,Y,96.9
801971,2,SEO,2025-10-14 00:00,N,0
800521,1,Paid Social,2024-07-12 00:00,Y,171.56
800098,1,SEO,2025-07-20 00:00,Y,112.6
807965,2,SEO,2025-02-02 00:00,Y,176.94
808931,1,Email,2025-06-07 00:00,Y,217.49
805991,1,SEO,2025-04-29 00:00,Y,47.28
800763,1,Email,2025-06-28 00:00,Y,142.1
806111,4,SEO,2024-10-15 00:00,Y,105.9
806970,1,Paid Social,2024-04-11 00:00,N,0
801324,2,Email,2024-10-18 00:00,Y,47.63
806060,3,SEO,2025-10-07 00:00,Y,151.06
807554,2,Paid Social,2025-10-17 00:00,N,0
808239,1,Paid Search,2025-04-09 00:00,N,0
806008,4,Paid Search,2025-01-09 00:00,Y,120.34
801840,1,Paid Social,2024-01-20 00:00,Y,145.52
804799,1,Paid Social,2025-09-14 00:00,N,0
800638,3,Email,2024-09-09 00:00,Y,67.28
800641,2,SEO,2024-09-03 00:00,Y,195.63
805143,2,Email,2025-09-21 00:00,N,0
802920,4,Paid Social,2025-10-10 00:00,Y,37.41
801051,1,SEO,2025-05-16 00:00,Y,55.55
806394,5,Paid Search,2024-07-25 00:00,Y,64.2
806196,2,Paid Search,2024-07-27 00:00,Y,210.27
806969,3,Email,2025-09-05 00:00,Y,126.27
808640,2,SEO,2025-05-22 00:00,Y,70.58
806576,1,Email,2024-12-17 00:00,Y,128.97
807615,1,Paid Social,2025-01-09 00:00,N,0
801080,1,Paid Social,2024-05-09 00:00,Y,90.7
801577,2,Email,2025-02-05 00:00,Y,127.62
805920,1,Email,2024-05-31 00:00,Y,204.6
802867,1,SEO,2025-04-29 00:00,N,0
804249,1,Paid Search,2025-09-03 00:00,Y,56.6
808145,4,Paid Social,2025-08-25 00:00,Y,80.89
807321,2,Paid Search,2025-05-13 00:00,Y,148.36
804358,1,Paid Search,2024-03-01 00:00,Y,140.29
804676,4,Email,2024-01-17 00:00,N,0
802916,2,Paid Search,2024-12-14 00:00,N,0
803603,1,Paid Social,2024-04-03 00:00,Y,162.89
804806,1,Paid Search,2024-03-29 00:00,Y,160.46
808665,1,Paid Social,2024-06-20 00:00,Y,118.57
801725,1,Paid Social,2024-08-14 00:00,N,0
804660,1,Paid Social,2024-08-26 00:00,Y,157.63
801133,2,Paid Search,2025-10-05 00:00,Y,99.85
803469,3,Paid Social,2025-06-21 00:00,Y,112.99
800756,3,Paid Social,2024-02-06 00:00,Y,153.68
807357,2,Paid Search,2025-06-03 00:00,Y,139.99
801543,2,Email,2024-12-21 00:00,Y,130.42
800927,1,Paid Social,2024-01-04 00:00,Y,219.76
805504,3,Paid Search,2025-05-11 00:00,N,0
801514,1,SEO,2025-10-07 00:00,Y,49.96
802753,3,SEO,2025-05-27 00:00,N,0
807062,5,Paid Search,2024-11-09 00:00,Y,216.85
805140,1,Paid Social,2025-02-04 00:00,N,0
805372,1,Paid Search,2024-11-11 00:00,Y,108.76
801990,2,Email,2024-06-03 00:00,N,0
800355,4,Paid Search,2025-09-29 00:00,N,0
804710,3,Paid Social,2025-01-04 00:00,Y,145.01
806679,4,Paid Search,2024-11-24 00:00,Y,83.06
801524,5,Paid Search,2024-04-07 00:00,N,0
801091,2,Email,2025-10-01 00:00,N,0
805019,1,Paid Social,2024-08-23 00:00,N,0
803110,3,Email,2024-04-23 00:00,Y,87.15
808279,4,SEO,2025-01-19 00:00,N,0
808610,1,Paid Social,2025-09-04 00:00,N,0
804966,2,Paid Social,2024-07-25 00:00,N,0
803688,3,Email,2025-07-31 00:00,Y,78.27
805413,1,Paid Search,2024-07-22 00:00,Y,62.36
807798,1,Paid Social,2024-02-27 00:00,Y,156.32
802784,1,SEO,2024-07-26 00:00,Y,181.04
806988,3,SEO,2024-05-19 00:00,Y,174.11
802717,3,Email,2025-02-20 00:00,Y,69.0
803260,4,SEO,2025-05-20 00:00,N,0
807622,2,Paid Search,2024-07-15 00:00,Y,67.37
801142,3,Email,2024-08-30 00:00,Y,210.13
808478,1,SEO,2024-03-03 00:00,N,0
801257,3,Email,2024-03-30 00:00,N,0
805071,3,Paid Search,2025-06-26 00:00,N,0
801477,4,SEO,2024-08-16 00:00,Y,118.61
805522,1,Paid Social,2025-04-28 00:00,N,0
802907,1,SEO,2024-07-10 00:00,Y,88.55
803104,3,Paid Search,2025-10-19 00:00,Y,165.09
806286,3,SEO,2025-09-16 00:00,Y,167.85
804725,3,SEO,2025-06-27 00:00,Y,66.59
808884,1,Paid Social,2025-02-23 00:00,N,0
804296,3,SEO,2025-02-17 00:00,N,0
801169,1,Paid Social,2025-04-18 00:00,Y,124.15
801147,2,Paid Search,2024-06-27 00:00,Y,160.43
801167,1,Email,2024-11-23 00:00,Y,121.05
808241,3,Email,2025-09-09 00:00,Y,200.47
803868,1,SEO,2024-11-08 00:00,N,0
801824,1,Paid Search,2025-04-16 00:00,Y,74.29
806614,1,Paid Search,2024-04-15 00:00,N,0
805253,3,Paid Social,2024-07-30 00:00,N,0
807725,1,Paid Social,2025-06-28 00:00,Y,172.37
801183,2,SEO,2024-09-10 00:00,N,0
801466,2,Email,2024-04-16 00:00,Y,129.06
802352,1,SEO,2024-07-13 00:00,Y,99.12
807136,2,SEO,2025-04-21 00:00,Y,179.36
808225,3,Paid Social,2024-11-27 00:00,Y,95.32
803157,2,Email,2024-07-16 00:00,Y,127.79
805724,1,Paid Social,2024-12-08 00:00,N,0
803648,1,Paid Social,2024-05-29 00:00,N,0
800482,2,Paid Social,2024-11-30 00:00,N,0
807138,2,Paid Search,2025-05-01 00:00,N,0
800586,3,Email,2025-01-18 00:00,Y,50.59
805193,2,Paid Search,2025-02-16 00:00,N,0
808166,4,SEO,2024-04-05 00:00,Y,140.41
801156,5,Email,2025-09-12 00:00,N,0
803828,2,SEO,2025-05-24 00:00,Y,193.23
805300,4,Email,2025-08-28 00:00,Y,99.93
800792,3,SEO,2024-06-08 00:00,N,0
806876,1,Paid Search,2025-06-03 00:00,Y,52.08
801119,3,Paid Search,2025-07-26 00:00,Y,207.87
802656,2,Email,2024-12-20 00:00,N,0
802989,1,Paid Social,2024-10-06 00:00,Y,71.08
806124,3,SEO,2025-02-27 00:00,N,0
806856,1,Paid Social,2025-02-07 00:00,Y,170.98
807688,1,Paid Search,2025-01-27 00:00,Y,77.0
801125,3,Email,2024-08-21 00:00,Y,135.02
805732,5,Email,2024-10-14 00:00,N,0
808231,1,Email,2025-08-09 00:00,Y,146.03
802569,4,Email,2025-05-26 00:00,Y,162.54
800647,1,Email,2025-10-15 00:00,Y,200.08
801306,1,SEO,2025-08-23 00:00,N,0
808045,1,SEO,2024-07-05 00:00,N,0
801464,1,Email,2024-07-21 00:00,N,0
807262,2,Paid Social,2025-01-01 00:00,Y,49.44
804185,2,Email,2024-05-06 00:00,Y,99.63
807092,2,Email,2024-03-15 00:00,Y,214.55
800853,3,Paid Social,2025-03-19 00:00,N,0
806241,2,Email,2024-01-29 00:00,N,0
806019,3,Paid Search,2025-04-23 00:00,Y,133.51
803892,2,SEO,2025-01-18 00:00,Y,120.72
802348,1,Email,2025-02-01 00:00,Y,105.42
806608,4,Email,2024-08-18 00:00,N,0
802815,2,SEO,2025-03-15 00:00,Y,68.34
801651,4,Paid Search,2024-04-05 00:00,N,0
804296,2,Email,2025-02-13 00:00,N,0
805986,1,Paid Search,2024-12-14 00:00,N,0
800278,2,Email,2024-12-23 00:00,N,0
804905,3,SEO,2025-05-16 00:00,Y,108.9
805702,2,SEO,2025-09-22 00:00,Y,45.35
801977,2,Paid Social,2025-02-19 00:00,Y,181.84
808921,1,Paid Search,2025-06-28 00:00,Y,147.09
801390,1,SEO,2024-01-01 00:00,Y,162.0
804294,1,Paid Social,2024-05-10 00:00,N,0
801146,2,Paid Search,2024-09-11 00:00,Y,215.9
803323,2,Paid Social,2024-12-18 00:00,Y,38.02
808326,2,Email,2025-09-11 00:00,Y,61.0
807292,2,Paid Social,2025-08-09 00:00,N,0
808414,1,Paid Search,2024-07-15 00:00,Y,184.81
801477,3,Paid Search,2024-08-12 00:00,Y,118.61
804825,1,SEO,2024-06-08 00:00,N,0
800039,4,Paid Social,2025-02-11 00:00,N,0
802484,4,SEO,2025-03-20 00:00,Y,56.43
806769,3,Paid Search,2024-05-12 00:00,N,0
806850,4,Paid Search,2024-09-29 00:00,Y,184.85
808485,2,Paid Social,2024-10-21 00:00,Y,81.5
800353,2,Email,2025-10-12 00:00,N,0
800119,2,Paid Search,2024-11-07 00:00,Y,202.52
806189,5,Email,2024-05-12 00:00,Y,69.2
804019,1,Paid Social,2024-10-10 00:00,Y,79.28
804211,4,Email,2025-01-22 00:00,N,0
801836,4,Paid Search,2025-03-23 00:00,Y,153.18
801297,3,Paid Social,2024-01-19 00:00,N,0
804178,2,Paid Search,2024-02-09 00:00,Y,102.43
805661,1,Paid Search,2025-07-31 00:00,Y,124.11
805753,2,Paid Social,2024-06-13 00:00,N,0
802451,1,Email,2024-12-01 00:00,Y,162.42
804821,2,Paid Search,2025-05-19 00:00,N,0
804079,1,SEO,2025-08-07 00:00,Y,71.02
805173,1,SEO,2024-03-08 00:00,Y,72.16
803348,2,Paid Social,2024-08-02 00:00,N,0
807306,5,Email,2025-01-20 00:00,Y,136.77
803497,3,Paid Search,2024-03-10 00:00,Y,182.83
803216,2,SEO,2024-12-29 00:00,Y,160.4
802745,2,SEO,2024-03-01 00:00,Y,79.32
801408,2,Email,2024-05-22 00:00,N,0
801172,5,Paid Search,2025-05-28 00:00,N,0
805467,2,Paid Social,2025-02-02 00:00,N,0
806754,2,SEO,2025-04-01 00:00,N,0
804628,1,SEO,2025-04-07 00:00,N,0
800030,3,Email,2024-06-19 00:00,N,0
800120,4,SEO,2025-08-04 00:00,Y,48.79
806863,1,Paid Search,2024-02-05 00:00,N,0
800093,1,Paid Social,2024-05-03 00:00,N,0
803074,2,Paid Search,2024-06-18 00:00,N,0
804889,1,Paid Search,2025-07-31 00:00,N,0
801973,2,SEO,2025-08-06 00:00,N,0
805885,3,SEO,2025-09-22 00:00,Y,122.01
803405,1,Email,2024-03-26 00:00,Y,141.59
804094,3,Paid Social,2024-05-29 00:00,Y,203.5
801794,1,SEO,2024-11-02 00:00,Y,64.54
807866,3,Email,2024-02-21 00:00,N,0
800681,2,Paid Social,2025-07-24 00:00,N,0
800830,2,Email,2024-05-11 00:00,N,0
804432,2,SEO,2024-10-22 00:00,Y,195.32
808712,2,Email,2024-08-23 00:00,Y,99.86
802690,3,Email,2025-09-05 00:00,N,0
807151,2,Email,2024-11-16 00:00,Y,112.5
805244,1,Paid Social,2024-01-17 00:00,N,0
805746,2,SEO,2024-01-29 00:00,Y,77.99
802486,2,SEO,2025-07-18 00:00,N,0
801497,2,Email,2024-06-05 00:00,N,0
802624,3,Paid Social,2024-07-26 00:00,Y,217.19
808504,3,Paid Social,2025-05-01 00:00,N,0
802926,2,Paid Social,2024-03-03 00:00,N,0
808574,2,Paid Search,2024-08-07 00:00,Y,89.48
804627,2,Paid Social,2024-09-12 00:00,Y,149.1
806456,2,Paid Social,2024-04-18 00:00,Y,134.65
804991,1,Paid Search,2025-06-07 00:00,Y,152.97
801602,1,Paid Social,2025-09-29 00:00,N,0
803597,1,SEO,2024-03-06 00:00,N,0
805068,3,SEO,2025-01-17 00:00,Y,199.95
804963,1,SEO,2024-11-24 00:00,Y,128.2
808507,2,Email,2025-02-01 00:00,N,0
808500,3,SEO,2025-09-05 00:00,Y,134.85
808386,2,Email,2025-07-26 00:00,N,0
804823,2,SEO,2025-05-21 00:00,N,0
804333,1,Paid Search,2024-02-27 00:00,Y,122.29
807208,2,SEO,2024-01-17 00:00,N,0
806666,3,SEO,2025-02-02 00:00,N,0
806033,2,Paid Search,2024-05-06 00:00,Y,56.99
801554,1,SEO,2024-12-01 00:00,Y,42.52
808037,1,Paid Social,2024-07-22 00:00,N,0
806691,2,Email,2025-08-19 00:00,Y,150.52
801465,1,Paid Search,2024-08-12 00:00,N,0
801533,3,SEO,2024-08-02 00:00,Y,214.58
808653,3,Paid Search,2025-05-17 00:00,Y,121.74
801837,1,Email,2024-05-30 00:00,N,0
808417,1,SEO,2025-05-29 00:00,N,0
802010,2,Email,2024-01-28 00:00,Y,130.28
808614,2,Email,2024-05-28 00:00,Y,108.45
803047,1,Paid Search,2025-06-18 00:00,N,0
808027,1,Email,2025-04-14 00:00,Y,171.41
803213,2,SEO,2025-05-27 00:00,Y,165.96
804057,1,SEO,2024-01-02 00:00,N,0
804573,4,Paid Search,2025-04-12 00:00,Y,218.37
800177,1,SEO,2024-06-29 00:00,Y,41.28
807426,1,Paid Social,2024-04-15 00:00,Y,153.51
808380,1,SEO,2024-08-22 00:00,Y,93.76
805465,1,Paid Social,2024-10-03 00:00,Y,93.11
805549,1,Paid Social,2024-05-24 00:00,N,0
807811,3,SEO,2025-01-25 00:00,N,0
801609,3,Email,2024-07-21 00:00,Y,103.03
801638,5,SEO,2024-12-05 00:00,Y,59.0
808703,4,SEO,2024-09-16 00:00,Y,35.57
801236,4,Paid Social,2025-05-21 00:00,N,0
802692,5,SEO,2024-07-21 00:00,Y,178.15
805700,2,SEO,2024-10-02 00:00,Y,134.24
805496,1,SEO,2024-11-07 00:00,N,0
802083,4,Email,2024-01-11 00:00,Y,193.36
801599,2,Email,2024-02-11 00:00,Y,161.76
802982,1,Paid Social,2024-04-11 00:00,N,0
807843,2,Paid Social,2025-06-29 00:00,Y,167.94
805203,1,Email,2024-04-07 00:00,Y,49.49
802405,3,Paid Social,2025-08-29 00:00,N,0
801450,1,SEO,2024-09-01 00:00,Y,144.26
806903,3,Paid Search,2024-04-14 00:00,Y,99.4
801351,2,SEO,2024-08-12 00:00,Y,208.91
803351,4,Paid Search,2025-01-07 00:00,Y,149.46
805424,4,Email,2025-02-26 00:00,Y,70.12
808903,1,Paid Search,2024-11-01 00:00,N,0
808134,2,SEO,2024-12-06 00:00,N,0
803242,2,Paid Search,2024-01-12 00:00,Y,82.74
804392,4,Paid Search,2024-06-06 00:00,Y,193.23
801354,1,Paid Search,2024-04-02 00:00,N,0
803809,2,Paid Search,2024-10-11 00:00,Y,107.05
807949,1,Paid Social,2024-11-16 00:00,Y,145.51
803840,1,Email,2024-03-23 00:00,N,0
803405,2,Email,2024-03-28 00:00,Y,141.59
808641,4,Email,2024-03-22 00:00,Y,52.32
808050,4,Paid Search,2025-10-20 00:00,Y,134.86
805366,3,SEO,2024-06-19 00:00,N,0
808343,2,Email,2024-08-10 00:00,Y,56.38
803207,3,Paid Social,2025-09-14 00:00,Y,90.45
804546,1,Email,2024-09-08 00:00,Y,47.81
800922,1,SEO,2024-04-14 00:00,Y,104.27
805010,1,Paid Social,2024-07-28 00:00,N,0
803090,1,SEO,2024-02-11 00:00,Y,210.59
807336,1,Paid Social,2024-12-08 00:00,Y,41.9
808354,2,Paid Search,2025-08-21 00:00,Y,170.46
801788,5,Email,2024-04-18 00:00,N,0
800565,2,Paid Search,2024-03-29 00:00,N,0
804569,3,Email,2025-08-14 00:00,Y,58.4
803918,1,Paid Search,2024-03-29 00:00,Y,126.02
808194,3,Paid Social,2025-09-02 00:00,Y,63.38
807277,1,SEO,2024-05-23 00:00,N,0
807736,2,SEO,2024-04-29 00:00,Y,187.7
807983,2,SEO,2024-09-22 00:00,Y,94.61
802028,1,Paid Social,2025-03-10 00:00,N,0
801330,3,Paid Social,2024-12-26 00:00,Y,103.0
801821,2,Paid Social,2025-03-14 00:00,Y,161.41
802113,2,SEO,2025-04-19 00:00,Y,210.39
802250,4,Paid Social,2025-04-20 00:00,Y,87.42
800021,2,Paid Search,2024-06-14 00:00,N,0
803866,1,Paid Social,2024-10-08 00:00,N,0
806464,3,Email,2024-11-23 00:00,Y,75.05
801215,3,Email,2024-01-26 00:00,Y,192.75
803255,1,SEO,2024-06-02 00:00,Y,43.84
806720,1,Paid Social,2024-12-24 00:00,Y,66.58
807024,4,Paid Social,2024-05-27 00:00,N,0
805888,2,SEO,2025-06-27 00:00,N,0
802876,2,Paid Search,2024-03-03 00:00,Y,78.08
802798,4,Paid Search,2025-02-18 00:00,N,0
801743,1,SEO,2025-05-19 00:00,Y,73.84
801964,1,Paid Social,2024-11-15 00:00,Y,208.5
802743,1,Email,2024-12-04 00:00,Y,203.21
801209,3,Email,2024-04-04 00:00,N,0
804889,2,Paid Search,2025-08-03 00:00,N,0
801062,1,SEO,2024-11-30 00:00,Y,173.22
803333,1,Paid Social,2024-01-20 00:00,N,0
806301,4,SEO,2025-02-11 00:00,Y,163.4
806739,1,SEO,2024-03-31 00:00,Y,135.13
803916,1,SEO,2025-05-31 00:00,Y,183.94
805682,1,Paid Search,2024-12-28 00:00,Y,96.4
801213,3,SEO,2024-02-15 00:00,Y,182.39
803481,1,SEO,2025-09-12 00:00,Y,212.32
800595,1,SEO,2024-11-24 00:00,N,0
801675,5,Email,2024-03-31 00:00,Y,116.69
800267,3,Paid Social,2025-10-04 00:00,Y,148.14
807514,1,Paid Social,2024-07-24 00:00,N,0
806547,1,Paid Search,2024-02-20 00:00,Y,60.98
808972,2,Paid Social,2024-05-27 00:00,Y,133.43
807206,5,Paid Search,2025-04-23 00:00,N,0
801153,3,Paid Social,2025-07-24 00:00,Y,142.88
800297,4,Paid Search,2024-03-15 00:00,N,0
805663,4,Email,2024-05-24 00:00,Y,202.26
801307,3,Email,2025-04-09 00:00,Y,197.47
805094,4,Paid Social,2024-07-20 00:00,N,0
801197,2,SEO,2024-11-27 00:00,N,0
802748,5,SEO,2025-08-07 00:00,Y,184.21
803402,2,Email,2025-02-26 00:00,Y,190.29
802229,2,Paid Search,2024-02-03 00:00,Y,137.85
805763,1,SEO,2024-10-20 00:00,Y,108.51
805161,3,Paid Search,2025-10-06 00:00,N,0
803592,2,Paid Social,2024-08-26 00:00,N,0
802623,3,Paid Search,2024-03-06 00:00,N,0
801274,4,Email,2025-09-22 00:00,Y,179.91
800695,2,Paid Search,2024-07-11 00:00,N,0
805955,2,Paid Search,2024-02-23 00:00,N,0
802678,3,Email,2025-05-23 00:00,Y,93.86
806537,1,Paid Search,2024-04-19 00:00,Y,209.94
805006,1,Paid Social,2025-05-02 00:00,Y,205.29
803260,1,Email,2025-05-11 00:00,N,0
807420,1,Paid Search,2025-03-13 00:00,Y,72.93
805437,5,Email,2025-10-27 00:00,N,0
808063,3,Paid Social,2025-03-14 00:00,Y,159.53
807595,1,Paid Social,2025-07-04 00:00,N,0
806802,2,Paid Search,2024-02-06 00:00,N,0
803558,1,Email,2024-03-12 00:00,Y,64.92
805876,2,SEO,2025-08-20 00:00,N,0
806122,3,Paid Search,2025-05-16 00:00,Y,142.31
805773,1,Paid Social,2025-04-11 00:00,N,0
803462,1,Paid Social,2025-08-21 00:00,Y,185.56
802045,1,Paid Search,2025-01-24 00:00,Y,114.08
806451,4,Paid Search,2024-05-15 00:00,Y,53.99
803837,1,Paid Social,2024-07-27 00:00,N,0
807721,1,SEO,2024-08-03 00:00,N,0
806036,1,Paid Search,2024-05-17 00:00,Y,106.84
801456,2,SEO,2024-04-08 00:00,Y,82.07
803935,4,Email,2025-08-07 00:00,Y,55.03
803527,2,Paid Search,2024-04-10 00:00,N,0
805659,3,Email,2024-09-29 00:00,N,0
807798,4,Email,2024-03-07 00:00,Y,156.32
806443,3,Paid Search,2024-01-24 00:00,Y,122.4
808220,1,SEO,2025-05-26 00:00,Y,70.4
808381,5,Email,2024-08-15 00:00,N,0
805177,2,Paid Search,2024-02-05 00:00,Y,150.54
803264,1,Paid Social,2024-03-26 00:00,Y,45.26
800809,1,SEO,2025-05-11 00:00,N,0
800336,2,SEO,2024-04-17 00:00,N,0
800491,1,Email,2024-08-11 00:00,Y,129.27
802753,1,Paid Social,2025-05-25 00:00,N,0
805238,4,Paid Search,2024-02-15 00:00,Y,126.62
800412,2,Paid Social,2024-04-26 00:00,N,0
807004,1,Paid Social,2025-08-13 00:00,Y,197.98
801509,1,Paid Social,2024-03-06 00:00,N,0
800804,3,SEO,2024-03-05 00:00,Y,109.96
807405,1,SEO,2024-10-18 00:00,Y,214.56
803770,1,Paid Social,2025-09-29 00:00,Y,170.29
801448,3,SEO,2024-01-20 00:00,Y,76.7
800174,2,Paid Social,2025-03-12 00:00,Y,188.01
802517,3,SEO,2024-11-30 00:00,Y,179.9
808547,2,Email,2024-11-23 00:00,Y,68.49
804487,2,Paid Social,2024-05-13 00:00,N,0
803382,2,Email,2025-06-13 00:00,N,0
804665,1,Paid Social,2025-06-13 00:00,Y,159.48
803263,2,Email,2024-06-29 00:00,N,0
802289,1,Email,2024-03-25 00:00,N,0
802682,3,Paid Social,2024-10-04 00:00,Y,167.85
803731,1,Paid Social,2025-05-24 00:00,N,0
808964,3,Paid Search,2025-06-24 00:00,Y,46.74
805778,3,Paid Search,2024-05-06 00:00,Y,112.22
808535,2,SEO,2025-08-07 00:00,Y,148.59
808168,1,SEO,2025-03-26 00:00,Y,116.81
804788,4,Paid Social,2024-06-12 00:00,Y,148.97
803529,2,Paid Social,2025-08-13 00:00,N,0
808329,3,SEO,2024-10-10 00:00,N,0
800311,2,SEO,2025-04-12 00:00,Y,140.45
806319,2,Email,2025-07-23 00:00,Y,151.28
801356,1,SEO,2024-03-19 00:00,N,0
805970,1,Email,2024-08-20 00:00,N,0
804447,1,Paid Social,2024-12-14 00:00,Y,218.09
808242,1,Email,2025-06-21 00:00,Y,129.5
804530,1,SEO,2025-01-07 00:00,Y,140.28
804262,3,Paid Social,2025-08-17 00:00,Y,134.85
801223,2,Paid Social,2025-06-27 00:00,Y,144.49
808821,1,Paid Search,2025-01-14 00:00,Y,186.51
800554,1,SEO,2025-06-02 00:00,Y,182.1
806222,1,SEO,2025-08-02 00:00,Y,169.97
804869,3,Email,2025-06-13 00:00,N,0
802565,1,SEO,2024-12-22 00:00,N,0
803140,3,Paid Social,2025-03-22 00:00,Y,180.83
803940,2,Paid Search,2024-09-27 00:00,N,0
804077,2,SEO,2024-04-17 00:00,Y,70.44
803930,4,SEO,2025-02-18 00:00,N,0
802278,1,SEO,2024-05-10 00:00,N,0
800060,2,Email,2025-06-08 00:00,N,0
804737,2,SEO,2025-10-02 00:00,N,0
807649,2,Email,2024-10-14 00:00,Y,114.44
808460,2,SEO,2024-06-09 00:00,N,0
805426,2,Paid Search,2025-10-18 00:00,Y,138.27
804137,1,Paid Social,2025-10-12 00:00,Y,77.47
800772,2,SEO,2024-10-13 00:00,N,0
802464,1,Paid Social,2025-07-08 00:00,N,0
802318,2,Paid Search,2024-06-29 00:00,N,0
806045,1,Paid Social,2024-01-13 00:00,Y,38.84
807697,4,Paid Search,2025-09-13 00:00,Y,160.87
806378,2,Paid Search,2025-04-13 00:00,N,0
804291,3,Paid Search,2024-01-05 00:00,Y,124.93
804524,2,Email,2024-07-16 00:00,N,0
801183,3,Email,2024-09-14 00:00,N,0
804555,2,Paid Social,2024-01-08 00:00,N,0
801226,2,SEO,2024-01-07 00:00,Y,198.04
808968,5,Paid Social,2024-07-07 00:00,Y,217.65
806016,1,SEO,2025-05-29 00:00,Y,35.17
805046,2,Paid Search,2024-05-26 00:00,Y,41.94
804884,1,Paid Social,2025-08-20 00:00,Y,63.92
800712,5,Email,2024-04-03 00:00,Y,87.07
807346,1,Paid Social,2024-01-05 00:00,Y,137.8
808846,4,Email,2025-06-24 00:00,N,0
808787,1,Paid Search,2024-03-16 00:00,Y,148.84
804556,2,Email,2024-11-12 00:00,Y,113.57
800617,1,SEO,2024-08-09 00:00,Y,65.7
800878,2,Paid Search,2024-06-30 00:00,Y,42.14
801960,2,SEO,2024-06-25 00:00,Y,53.83
805163,2,SEO,2024-02-29 00:00,Y,54.05
804854,4,Paid Social,2024-06-01 00:00,Y,201.85
802118,4,Email,2024-05-02 00:00,Y,51.19
802682,1,Paid Search,2024-09-30 00:00,Y,167.85
808417,2,Paid Search,2025-06-02 00:00,N,0
805182,2,Paid Search,2024-04-05 00:00,Y,206.57
801436,2,Paid Search,2024-05-29 00:00,N,0
808295,2,Email,2024-10-03 00:00,Y,84.88
803322,1,SEO,2024-04-24 00:00,Y,82.61
803772,1,Email,2025-08-23 00:00,N,0
805763,3,Paid Search,2024-10-22 00:00,Y,108.51
805075,1,Email,2025-09-30 00:00,Y,215.55
801990,3,Paid Search,2024-06-08 00:00,N,0
802527,2,Email,2024-02-08 00:00,Y,143.78
801562,1,Paid Search,2025-06-22 00:00,Y,198.77
803649,1,SEO,2024-11-10 00:00,Y,177.54
804101,1,SEO,2024-12-13 00:00,N,0
801893,1,SEO,2024-03-06 00:00,N,0
804078,2,Email,2025-04-17 00:00,Y,142.15
805930,1,Paid Social,2025-06-12 00:00,Y,210.41
801117,2,Email,2024-01-15 00:00,Y,36.13
806141,3,Paid Social,2024-12-15 00:00,N,0
807256,2,Email,2025-07-15 00:00,Y,136.55
801160,1,SEO,2024-07-29 00:00,Y,77.4
807132,2,Email,2024-09-22 00:00,Y,211.57
801147,3,SEO,2024-06-30 00:00,Y,160.43
806220,2,SEO,2024-07-20 00:00,Y,153.4
802478,1,Paid Social,2024-09-28 00:00,N,0
800973,1,Email,2024-11-01 00:00,N,0
802616,1,Paid Social,2024-07-09 00:00,Y,43.02
805435,1,Paid Social,2025-09-21 00:00,Y,48.98
801412,1,Paid Social,2024-06-16 00:00,Y,171.27
806816,1,Paid Social,2024-07-11 00:00,N,0
808973,4,Paid Search,2024-06-04 00:00,Y,49.49
800908,3,Paid Social,2025-05-14 00:00,Y,137.39
805035,4,Paid Search,2025-06-13 00:00,Y,114.21
804018,1,Paid Social,2024-01-05 00:00,Y,151.5
806386,3,Email,2024-12-26 00:00,N,0
806266,2,Paid Search,2024-04-02 00:00,Y,175.37
806651,1,Paid Social,2025-02-11 00:00,Y,148.52
802876,1,Paid Social,2024-02-28 00:00,Y,78.08
806760,2,Email,2024-04-23 00:00,Y,124.61
803633,1,SEO,2024-09-12 00:00,N,0
806387,2,Email,2024-05-01 00:00,Y,99.89
804828,1,SEO,2024-10-31 00:00,N,0
801063,1,Paid Social,2025-06-14 00:00,N,0
807932,1,SEO,2024-03-01 00:00,Y,204.15
808250,1,Paid Social,2024-12-17 00:00,N,0
801409,2,SEO,2025-06-14 00:00,Y,193.43
803392,1,Paid Social,2025-09-09 00:00,Y,130.8
806135,1,Paid Social,2024-01-29 00:00,N,0
805085,3,Paid Search,2025-03-09 00:00,Y,110.4
801847,3,Email,2024-09-01 00:00,N,0
802139,1,Paid Social,2024-01-06 00:00,Y,42.19
807810,1,Paid Search,2025-10-06 00:00,N,0
806824,1,Paid Search,2025-09-05 00:00,Y,196.66
808208,2,Paid Search,2025-01-27 00:00,N,0
802721,3,Email,2024-12-04 00:00,Y,148.7
801782,3,Paid Search,2025-03-06 00:00,Y,188.06
807104,2,Paid Social,2024-08-05 00:00,Y,70.49
804614,1,SEO,2024-10-04 00:00,Y,206.51
803514,3,Paid Search,2025-04-23 00:00,Y,152.52
801251,2,Paid Social,2024-09-20 00:00,Y,171.68
808773,3,Email,2025-05-30 00:00,Y,81.57
807173,1,Email,2024-03-18 00:00,Y,76.68
806661,1,Email,2024-07-24 00:00,N,0
802060,1,SEO,2024-12-24 00:00,N,0
801571,2,SEO,2024-10-22 00:00,N,0
803578,1,SEO,2025-07-01 00:00,N,0
803366,2,Paid Social,2024-01-24 00:00,Y,141.54
804789,2,Email,2025-05-03 00:00,N,0
802673,3,Paid Search,2024-11-18 00:00,Y,93.47
800901,1,SEO,2025-04-27 00:00,N,0
806418,2,Paid Social,2024-01-25 00:00,Y,203.82
807478,2,SEO,2025-07-23 00:00,Y,87.99
808575,3,Paid Social,2024-10-28 00:00,N,0
802712,2,Paid Search,2025-07-09 00:00,Y,151.7
801412,3,Email,2024-06-20 00:00,Y,171.27
800637,2,Paid Search,2025-01-03 00:00,Y,35.78
802312,3,SEO,2025-01-03 00:00,Y,47.19
805462,2,Email,2024-02-09 00:00,Y,66.07
804228,1,Paid Social,2024-10-20 00:00,N,0
800839,1,Email,2024-05-30 00:00,N,0
800316,1,SEO,2024-01-16 00:00,N,0
802860,4,Paid Social,2025-02-26 00:00,Y,76.02
806692,1,Email,2024-07-07 00:00,Y,82.08
801459,1,Email,2024-10-17 00:00,Y,96.93
800075,2,Paid Social,2025-06-04 00:00,Y,136.78
803185,2,Paid Search,2024-09-09 00:00,Y,123.6
803287,2,Email,2025-08-03 00:00,Y,164.68
805259,1,Paid Social,2025-08-14 00:00,N,0
805637,1,Paid Search,2025-03-21 00:00,Y,214.31
803353,2,Email,2025-01-30 00:00,Y,188.4
807362,3,Paid Social,2024-09-22 00:00,N,0
800861,1,SEO,2024-10-11 00:00,Y,175.31
805168,3,Email,2025-04-19 00:00,N,0
801001,2,Paid Search,2025-03-08 00:00,Y,89.84
807280,4,Paid Search,2024-11-26 00:00,N,0
807144,1,Paid Social,2025-01-05 00:00,Y,116.49
803469,2,SEO,2025-06-14 00:00,Y,112.99
805274,2,Email,2024-02-14 00:00,Y,116.43
808630,1,Email,2024-04-03 00:00,N,0
808058,2,Email,2024-05-08 00:00,N,0
807088,2,Paid Search,2025-09-09 00:00,Y,67.54
804429,1,Paid Search,2024-06-12 00:00,Y,189.93
805858,3,Email,2024-07-04 00:00,Y,68.37
803461,1,Email,2024-05-31 00:00,N,0
808236,1,Paid Social,2025-09-04 00:00,N,0
807619,2,Email,2025-05-05 00:00,N,0
807732,1,Paid Search,2025-09-09 00:00,Y,93.0
805353,2,Paid Social,2024-03-12 00:00,Y,142.13
806954,2,SEO,2025-02-10 00:00,N,0
802153,1,SEO,2024-02-01 00:00,N,0
808408,2,Paid Search,2024-03-27 00:00,Y,214.62
806277,1,Paid Social,2024-11-07 00:00,Y,219.67
805859,1,Paid Social,2024-11-30 00:00,N,0
804037,1,Paid Social,2024-04-30 00:00,N,0
805368,3,SEO,2025-04-24 00:00,N,0
806038,2,SEO,2025-10-03 00:00,Y,196.72
808222,3,Email,2024-05-16 00:00,N,0
807167,1,Paid Social,2025-04-03 00:00,Y,44.93
806810,5,Paid Search,2024-12-09 00:00,Y,202.12
808741,3,SEO,2024-07-31 00:00,N,0
802700,4,SEO,2024-01-04 00:00,Y,56.23
807465,1,SEO,2024-04-26 00:00,Y,182.98
803669,4,Paid Search,2024-03-01 00:00,N,0
807114,2,Email,2024-04-23 00:00,Y,76.32
803906,3,Paid Search,2024-08-06 00:00,Y,101.06
804776,1,SEO,2025-04-25 00:00,N,0
804955,1,Paid Search,2025-04-26 00:00,N,0
801129,1,Paid Search,2025-01-27 00:00,Y,174.34
802669,1,Paid Search,2024-12-06 00:00,Y,107.53
801598,2,Paid Search,2024-11-24 00:00,N,0
808663,1,Paid Social,2025-03-21 00:00,Y,113.98
800499,2,Paid Search,2024-08-12 00:00,Y,35.03
803682,2,Email,2025-06-03 00:00,N,0
807879,2,SEO,2024-10-14 00:00,N,0
800532,1,Email,2025-05-02 00:00,Y,70.3
803200,1,SEO,2024-03-01 00:00,N,0
800478,1,Paid Search,2024-04-12 00:00,N,0
802785,1,Paid Social,2025-01-05 00:00,Y,165.45
804685,4,Paid Search,2024-03-30 00:00,Y,79.94
808446,1,Paid Social,2025-03-25 00:00,N,0
808053,1,Paid Social,2024-05-27 00:00,N,0
806830,1,Paid Search,2025-10-17 00:00,Y,152.25
804042,1,SEO,2024-07-11 00:00,Y,165.53
802327,1,Paid Social,2024-05-23 00:00,N,0
803145,1,Paid Social,2024-12-30 00:00,Y,193.38
806297,1,Paid Social,2024-06-21 00:00,N,0
802274,2,Email,2024-07-20 00:00,Y,196.48
804737,1,SEO,2025-10-01 00:00,N,0
807538,1,SEO,2025-02-10 00:00,Y,138.17
801034,2,Paid Social,2025-09-23 00:00,Y,186.61
800397,1,SEO,2025-05-31 00:00,Y,203.26
806429,2,Email,2025-03-23 00:00,Y,108.92
805388,2,Email,2025-05-09 00:00,N,0
808958,3,Email,2025-01-17 00:00,Y,196.28
801598,1,SEO,2024-11-22 00:00,N,0
802687,1,Paid Social,2024-08-09 00:00,Y,142.68
801750,3,Email,2024-08-07 00:00,Y,152.88
801667,1,Paid Social,2024-04-24 00:00,N,0
808830,2,Paid Search,2024-11-14 00:00,N,0
803089,4,Email,2024-03-13 00:00,N,0
804725,2,Paid Search,2025-06-22 00:00,Y,66.59
804802,3,SEO,2025-01-22 00:00,Y,42.65
807805,3,Email,2025-02-20 00:00,Y,60.87
807053,2,SEO,2025-05-31 00:00,Y,182.41
802286,1,Email,2024-05-15 00:00,Y,110.3
807741,1,SEO,2024-06-20 00:00,Y,185.38
805510,2,Paid Social,2025-02-07 00:00,N,0
806871,2,Email,2025-10-07 00:00,N,0
808677,1,Paid Social,2025-03-06 00:00,Y,57.47
802191,5,Paid Search,2024-03-15 00:00,Y,84.96
807000,1,Paid Search,2024-08-22 00:00,N,0
805027,1,Paid Social,2024-02-26 00:00,N,0
800656,1,Email,2024-08-24 00:00,Y,201.39
807124,1,Paid Search,2024-08-31 00:00,N,0
800695,1,SEO,2024-07-08 00:00,N,0
804256,1,SEO,2024-01-10 00:00,Y,206.09
808321,2,Paid Search,2024-03-03 00:00,Y,73.05
802051,5,Paid Search,2025-08-22 00:00,Y,132.87
802113,1,Paid Social,2025-04-15 00:00,Y,210.39
808927,1,SEO,2025-05-12 00:00,N,0
801216,1,Paid Search,2024-09-28 00:00,Y,56.43
801010,1,SEO,2024-02-02 00:00,Y,77.03
807283,4,Paid Search,2024-03-30 00:00,Y,42.71
804271,3,Paid Search,2025-07-12 00:00,N,0
804685,2,Paid Social,2024-03-28 00:00,Y,79.94
801610,1,Email,2025-06-07 00:00,Y,47.08
801646,4,Paid Social,2025-04-11 00:00,Y,219.29
803665,1,Email,2025-05-28 00:00,Y,80.09
808712,1,Email,2024-08-19 00:00,Y,99.86
807247,2,Paid Social,2024-03-13 00:00,N,0
805386,2,Paid Search,2024-06-01 00:00,Y,93.25
803969,2,Email,2024-07-07 00:00,Y,126.89
802311,2,SEO,2024-07-14 00:00,Y,48.44
807212,4,Email,2024-08-11 00:00,Y,170.73
803049,3,Email,2025-08-22 00:00,Y,205.49
804489,2,SEO,2024-02-10 00:00,Y,65.47
803924,2,SEO,2024-01-29 00:00,Y,195.01
806966,3,Paid Search,2024-10-09 00:00,N,0
804231,1,SEO,2025-04-28 00:00,Y,97.37
802852,2,Email,2025-04-12 00:00,N,0
805385,5,Paid Social,2025-08-31 00:00,Y,143.92
800497,2,Paid Social,2025-07-13 00:00,Y,209.11
800014,2,Email,2025-03-17 00:00,Y,177.03
803137,2,Paid Search,2024-05-02 00:00,Y,44.04
804837,1,Paid Social,2024-08-27 00:00,N,0
802074,2,Email,2025-02-07 00:00,N,0
804769,4,Paid Social,2024-06-02 00:00,Y,163.89
805466,4,Email,2025-02-17 00:00,Y,153.34
800960,1,Paid Social,2024-11-03 00:00,N,0
807450,2,Paid Social,2024-02-19 00:00,N,0
804540,1,SEO,2025-02-28 00:00,Y,93.9
800942,1,Paid Search,2024-01-04 00:00,Y,203.4
808474,4,Paid Social,2025-08-04 00:00,Y,205.72
801283,2,Paid Social,2025-02-17 00:00,N,0
803012,2,Email,2025-02-23 00:00,Y,85.86
802935,1,Paid Search,2024-05-17 00:00,Y,161.12
801447,1,SEO,2025-06-25 00:00,Y,154.09
807397,1,Paid Search,2025-01-25 00:00,N,0
801953,3,Email,2025-04-28 00:00,Y,210.42
802745,3,Paid Search,2024-03-02 00:00,Y,79.32
800677,2,Paid Social,2025-06-05 00:00,N,0
807324,1,SEO,2025-04-13 00:00,N,0
808063,4,Paid Social,2025-03-14 00:00,Y,159.53
807795,3,Paid Social,2025-02-18 00:00,N,0
803049,4,Paid Search,2025-08-30 00:00,Y,205.49
807608,2,Email,2025-06-09 00:00,Y,117.57
801341,1,SEO,2024-01-08 00:00,N,0
808205,1,SEO,2024-02-21 00:00,Y,174.99
802293,1,Paid Search,2024-11-15 00:00,Y,137.35
804661,4,SEO,2024-12-26 00:00,Y,186.42
808101,1,Paid Social,2024-12-04 00:00,N,0
808756,1,SEO,2025-03-21 00:00,Y,114.46
807349,5,Email,2024-08-18 00:00,Y,197.33
802071,1,SEO,2024-05-17 00:00,Y,120.67
808323,1,SEO,2024-10-19 00:00,N,0
805060,1,SEO,2024-07-04 00:00,Y,75.14
806086,1,Email,2025-05-12 00:00,Y,82.0
805433,3,Paid Social,2025-10-19 00:00,Y,44.35
806397,3,Paid Search,2024-09-08 00:00,N,0
808852,1,SEO,2024-07-12 00:00,Y,194.81
806891,1,SEO,2024-02-11 00:00,N,0
802861,1,Paid Social,2025-06-26 00:00,Y,145.56
805803,1,Email,2024-08-04 00:00,Y,135.88
805942,2,Email,2025-08-20 00:00,Y,198.66
802542,2,SEO,2024-08-09 00:00,Y,38.61
807678,3,Email,2024-10-01 00:00,N,0
805748,2,Email,2024-07-12 00:00,Y,192.86
806294,2,SEO,2024-05-18 00:00,N,0
800910,1,SEO,2025-05-24 00:00,N,0
801935,3,Paid Search,2024-09-07 00:00,Y,171.22
808052,2,Paid Search,2025-07-19 00:00,N,0
807594,2,Email,2025-08-19 00:00,Y,115.72
807639,4,Email,2025-05-11 00:00,N,0
801167,2,Paid Social,2024-11-25 00:00,Y,121.05
801234,2,Email,2024-09-16 00:00,N,0
805281,1,Paid Social,2024-02-08 00:00,Y,48.93
800363,2,SEO,2025-04-12 00:00,Y,98.62
803714,1,Paid Search,2024-06-26 00:00,N,0
806617,1,SEO,2024-10-27 00:00,N,0
800367,3,Paid Search,2024-02-07 00:00,N,0
801264,1,SEO,2025-05-04 00:00,N,0
805920,4,SEO,2024-06-09 00:00,Y,204.6
800925,2,SEO,2024-01-06 00:00,Y,127.34
808195,3,Email,2025-02-08 00:00,Y,100.94
800434,3,Paid Social,2024-07-14 00:00,N,0
803510,3,Paid Search,2024-08-15 00:00,N,0
804952,3,Paid Search,2025-10-02 00:00,Y,102.54
808684,1,Email,2025-09-19 00:00,N,0
805466,1,Paid Search,2025-02-11 00:00,Y,153.34
801826,1,Paid Search,2024-03-19 00:00,Y,159.98
803811,3,Email,2024-06-05 00:00,N,0
805590,2,SEO,2024-02-18 00:00,N,0
800747,2,Paid Social,2024-12-18 00:00,Y,186.36
804574,2,Paid Social,2025-05-05 00:00,Y,109.29
803150,3,Paid Search,2024-07-02 00:00,Y,145.16
808236,3,SEO,2025-09-12 00:00,N,0
805910,2,Email,2024-05-13 00:00,Y,206.92
805012,3,Paid Search,2025-05-10 00:00,Y,62.2
803077,1,Paid Search,2024-02-27 00:00,Y,173.24
808678,1,SEO,2024-07-06 00:00,N,0
806715,1,SEO,2025-10-12 00:00,N,0
807008,1,SEO,2025-04-03 00:00,N,0
800996,2,Paid Social,2024-05-12 00:00,N,0
805814,3,Email,2025-04-05 00:00,Y,134.46
803287,4,Paid Search,2025-08-11 00:00,Y,164.68
802463,3,Paid Social,2024-09-23 00:00,Y,191.62
801861,3,Email,2024-06-29 00:00,Y,58.52
800346,2,SEO,2025-10-17 00:00,N,0
805997,2,SEO,2024-11-30 00:00,N,0
805251,4,Paid Search,2025-09-07 00:00,N,0
806141,5,Email,2024-12-19 00:00,N,0
808307,1,SEO,2025-05-21 00:00,N,0
803386,4,Email,2025-01-06 00:00,N,0
804840,2,Paid Search,2024-11-13 00:00,Y,127.15
806181,3,SEO,2024-09-01 00:00,N,0
806490,1,SEO,2024-03-23 00:00,N,0
802519,2,Email,2024-12-09 00:00,Y,155.53
801924,1,SEO,2024-07-05 00:00,N,0
806214,4,Paid Social,2025-10-19 00:00,Y,81.61
801909,2,Paid Social,2025-06-22 00:00,Y,38.68
803653,2,Email,2025-07-24 00:00,Y,150.02
807269,1,Paid Social,2025-05-10 00:00,Y,65.31
801295,1,SEO,2024-09-30 00:00,N,0
806800,1,Paid Search,2024-07-02 00:00,Y,181.38
800444,3,Paid Search,2025-02-24 00:00,N,0
808154,2,Paid Search,2024-06-17 00:00,Y,73.01
807449,3,Paid Social,2024-07-19 00:00,Y,160.67
805097,2,Email,2024-09-05 00:00,N,0
806919,1,Paid Search,2025-03-23 00:00,Y,189.54
803409,3,Email,2024-02-22 00:00,Y,179.2
807826,1,SEO,2024-05-16 00:00,Y,96.4
801358,1,SEO,2025-01-03 00:00,N,0
807046,1,SEO,2025-04-28 00:00,Y,167.87
807358,2,Paid Search,2024-08-12 00:00,Y,119.82
800992,3,SEO,2024-05-24 00:00,Y,42.01
802414,2,Email,2024-09-11 00:00,Y,110.2
807434,1,SEO,2024-10-10 00:00,Y,110.89
808476,2,Paid Social,2025-03-04 00:00,Y,119.26
808244,2,Paid Search,2024-09-21 00:00,Y,163.1
804103,1,SEO,2024-02-06 00:00,N,0
805933,1,Paid Social,2024-03-04 00:00,Y,213.6
807909,3,Paid Social,2024-01-24 00:00,Y,133.03
808979,3,Paid Search,2025-09-15 00:00,Y,130.26
808720,1,Paid Search,2024-07-12 00:00,Y,171.02
806992,1,SEO,2025-05-31 00:00,N,0
803733,2,Paid Social,2025-05-03 00:00,Y,78.87
803379,5,SEO,2024-07-03 00:00,Y,145.26
802108,2,Email,2025-06-20 00:00,N,0
804595,2,Email,2024-02-09 00:00,N,0
804473,1,SEO,2024-10-04 00:00,Y,173.54
801342,5,Paid Search,2024-07-15 00:00,N,0
802763,3,SEO,2024-11-04 00:00,N,0
803520,1,Paid Social,2025-03-21 00:00,N,0
801329,2,SEO,2024-08-13 00:00,Y,166.5
804935,3,SEO,2024-05-23 00:00,Y,36.99
802945,3,Email,2024-09-22 00:00,N,0
807323,2,Paid Social,2024-08-11 00:00,Y,120.96
801668,1,Paid Search,2024-10-24 00:00,Y,205.86
802108,3,Paid Search,2025-06-24 00:00,N,0
804080,1,Paid Search,2025-08-24 00:00,Y,139.71
806866,1,Email,2024-10-18 00:00,Y,135.32
800050,1,SEO,2025-06-11 00:00,Y,205.23
800851,1,Paid Social,2025-08-15 00:00,Y,144.56
808036,1,SEO,2024-03-08 00:00,Y,96.06
805966,4,Email,2025-10-21 00:00,Y,99.23
807597,2,Paid Search,2025-05-01 00:00,Y,173.66
801156,1,Paid Social,2025-09-08 00:00,N,0
806627,4,Email,2025-10-16 00:00,Y,198.83
802099,1,SEO,2025-03-14 00:00,Y,51.4
803837,3,Paid Social,2024-07-31 00:00,N,0
801656,2,Email,2024-07-31 00:00,Y,61.71
801262,1,SEO,2024-07-18 00:00,Y,196.13
800962,1,SEO,2024-12-02 00:00,Y,166.59
808149,3,Paid Social,2024-02-29 00:00,Y,178.94
800475,2,Paid Search,2025-01-12 00:00,Y,42.92
808734,1,SEO,2025-01-24 00:00,N,0
805253,2,Paid Search,2024-07-31 00:00,N,0
801267,5,Email,2024-01-30 00:00,Y,177.94
801329,3,Email,2024-08-19 00:00,Y,166.5
802373,3,Paid Social,2024-01-13 00:00,N,0
805696,1,Paid Search,2025-08-03 00:00,Y,80.32
804948,4,Paid Search,2024-08-08 00:00,Y,180.78
806173,3,SEO,2025-05-25 00:00,N,0
805867,3,Email,2025-01-01 00:00,N,0
803071,2,Paid Social,2024-11-08 00:00,N,0
805511,1,SEO,2024-03-28 00:00,N,0
803305,4,SEO,2024-01-24 00:00,N,0
801785,1,SEO,2025-01-31 00:00,Y,74.3
807354,1,SEO,2025-08-13 00:00,Y,194.6
802008,2,Paid Social,2024-08-19 00:00,N,0
803297,1,Paid Social,2025-03-14 00:00,Y,180.24
803100,3,Email,2024-10-07 00:00,Y,93.49
801960,3,Paid Social,2024-06-27 00:00,Y,53.83
807989,1,Email,2024-08-11 00:00,Y,187.2
806613,2,Email,2025-03-08 00:00,N,0
807982,1,Email,2024-12-02 00:00,Y,207.28
808986,1,Paid Social,2024-02-28 00:00,N,0
806373,2,Paid Search,2024-09-22 00:00,Y,97.58
804316,1,Email,2025-05-13 00:00,Y,216.7
805333,3,Paid Search,2024-05-05 00:00,Y,194.12
806741,2,Email,2024-08-23 00:00,Y,157.53
808807,2,SEO,2024-06-02 00:00,Y,119.54
804304,2,Email,2024-06-28 00:00,Y,102.92
803442,1,SEO,2025-08-25 00:00,Y,53.75
804485,1,SEO,2024-03-15 00:00,Y,129.26
800846,4,Paid Social,2025-08-06 00:00,Y,202.24
801143,1,Paid Search,2024-02-06 00:00,N,0
806007,2,Paid Social,2025-01-21 00:00,Y,136.1
805998,2,Paid Search,2024-05-24 00:00,N,0
800927,2,Email,2024-01-05 00:00,Y,219.76
805925,1,Paid Social,2025-04-24 00:00,Y,106.82
807267,2,Email,2024-02-26 00:00,Y,153.59
807624,1,Paid Search,2025-05-01 00:00,Y,139.62
806646,1,SEO,2024-04-18 00:00,N,0
800909,1,Paid Social,2025-03-22 00:00,N,0
808732,1,Paid Social,2025-05-29 00:00,Y,135.75
808194,1,Paid Search,2025-08-31 00:00,Y,63.38
808341,2,Paid Social,2025-04-27 00:00,Y,171.86
806380,2,Paid Social,2025-09-21 00:00,N,0
800156,1,Paid Social,2024-05-15 00:00,Y,189.58
805893,2,Email,2025-05-03 00:00,Y,80.65
805385,4,Email,2025-08-27 00:00,Y,143.92
801461,3,Email,2025-09-16 00:00,Y,72.94
801768,4,Paid Search,2025-02-20 00:00,Y,138.48
800760,3,Email,2024-05-02 00:00,N,0
808795,3,SEO,2025-06-05 00:00,Y,156.68
803577,1,Paid Search,2025-09-18 00:00,Y,201.62
803510,4,Email,2024-08-19 00:00,N,0
805746,1,Paid Social,2024-01-25 00:00,Y,77.99
804837,4,Email,2024-09-08 00:00,N,0
802024,4,Email,2024-05-13 00:00,Y,125.32
807917,1,SEO,2024-09-01 00:00,N,0
806426,2,Email,2025-06-03 00:00,N,0
803676,1,SEO,2025-06-14 00:00,N,0
807729,4,Paid Social,2025-04-11 00:00,Y,69.95
800799,2,Paid Search,2024-02-04 00:00,N,0
803936,2,Paid Search,2024-04-04 00:00,Y,199.33
800253,1,Paid Social,2024-10-05 00:00,N,0
806643,1,Paid Search,2024-06-28 00:00,N,0
804624,2,Paid Social,2025-08-26 00:00,Y,86.8
806713,4,Email,2024-04-09 00:00,Y,72.49
803861,1,Email,2025-03-10 00:00,N,0
805883,3,Paid Social,2025-06-07 00:00,Y,158.02
802989,3,Email,2024-10-14 00:00,Y,71.08
807621,4,Paid Search,2025-09-26 00:00,N,0
806185,3,Paid Search,2024-10-24 00:00,Y,67.62
802075,4,Email,2024-03-12 00:00,N,0
808214,2,SEO,2025-10-09 00:00,Y,211.36
805360,1,Paid Social,2024-09-19 00:00,Y,171.36
807942,2,Paid Search,2024-12-09 00:00,Y,38.61
807146,1,Email,2024-07-14 00:00,Y,69.48
802838,1,Paid Social,2025-07-05 00:00,N,0
804382,3,Email,2024-05-03 00:00,Y,119.79
805266,4,Paid Social,2024-12-11 00:00,Y,156.24
806645,2,SEO,2025-09-22 00:00,N,0
805131,1,Paid Social,2025-01-21 00:00,Y,69.38
802842,1,Paid Search,2024-05-05 00:00,Y,57.64
802422,3,Paid Social,2024-10-11 00:00,Y,139.45
802448,3,Paid Search,2024-04-07 00:00,N,0
804997,5,Paid Search,2024-02-06 00:00,Y,71.77
804230,2,SEO,2024-06-17 00:00,Y,153.68
808975,4,SEO,2024-08-10 00:00,Y,55.74
802351,5,Email,2024-05-11 00:00,Y,208.1
800886,3,Paid Social,2025-01-20 00:00,Y,113.47
804995,1,Email,2025-04-22 00:00,Y,45.08
804782,2,Paid Search,2025-05-23 00:00,N,0
808174,3,Email,2025-05-04 00:00,N,0
808675,1,Paid Search,2024-11-20 00:00,N,0
801237,2,Paid Social,2025-01-18 00:00,Y,96.28
804250,1,SEO,2025-01-23 00:00,N,0
806685,1,Paid Social,2024-07-25 00:00,N,0
803523,1,SEO,2024-12-04 00:00,Y,113.19
800878,3,Email,2024-06-30 00:00,Y,42.14
803643,3,Paid Social,2025-03-24 00:00,Y,63.5
803688,2,Email,2025-07-27 00:00,Y,78.27
803360,1,Paid Search,2024-07-25 00:00,Y,198.76
805540,3,Paid Search,2024-11-05 00:00,N,0
803873,3,Email,2024-07-06 00:00,N,0
806397,2,Paid Social,2024-09-09 00:00,N,0
802784,2,Paid Social,2024-07-28 00:00,Y,181.04
803956,3,Paid Social,2025-07-20 00:00,N,0
807312,3,Email,2024-10-10 00:00,Y,58.28
800007,4,Email,2025-06-09 00:00,Y,181.91
808949,1,Email,2025-08-06 00:00,Y,153.42
806369,2,SEO,2025-05-07 00:00,Y,118.3
800146,2,Email,2024-10-18 00:00,Y,114.68
800458,2,Paid Social,2024-08-27 00:00,Y,183.12
803546,2,SEO,2024-06-02 00:00,N,0
808013,1,SEO,2024-01-17 00:00,N,0
805612,2,SEO,2024-01-13 00:00,Y,201.6
801095,1,Email,2024-08-16 00:00,Y,46.31
801527,1,SEO,2024-12-26 00:00,Y,116.44
803367,2,Paid Social,2025-08-13 00:00,N,0
800328,1,Paid Social,2024-12-06 00:00,N,0
802217,1,SEO,2024-02-22 00:00,Y,174.36
804862,1,SEO,2024-12-22 00:00,N,0
808941,3,Email,2025-05-31 00:00,Y,193.68
801707,1,Paid Social,2024-12-21 00:00,N,0
803690,4,Email,2024-06-15 00:00,N,0
803590,1,Paid Search,2025-03-14 00:00,Y,56.59
801111,4,Paid Social,2024-12-13 00:00,Y,160.55
808497,2,Email,2025-01-26 00:00,N,0
800590,1,Paid Search,2025-08-27 00:00,Y,130.73
802265,3,Email,2025-05-11 00:00,N,0
807944,2,SEO,2024-07-08 00:00,Y,36.28
803959,1,Email,2025-08-27 00:00,Y,137.31
804084,4,Email,2024-12-28 00:00,Y,207.08
806093,2,Email,2025-08-07 00:00,Y,162.96
807832,1,SEO,2024-07-25 00:00,Y,46.0
808405,3,SEO,2024-01-23 00:00,Y,112.51
807525,1,SEO,2025-03-04 00:00,Y,208.76
807905,1,Paid Social,2024-12-17 00:00,Y,122.75
808586,4,Paid Search,2025-07-11 00:00,N,0
807855,1,SEO,2024-06-21 00:00,Y,112.31
802512,2,SEO,2024-05-09 00:00,Y,130.42
803110,2,SEO,2024-04-22 00:00,Y,87.15
804701,3,Email,2025-04-17 00:00,Y,195.44
802571,1,SEO,2024-09-08 00:00,Y,87.36
807017,2,Paid Search,2024-08-06 00:00,N,0
803415,4,Paid Social,2025-04-05 00:00,N,0
807782,1,Paid Social,2024-03-11 00:00,N,0
808113,1,SEO,2024-03-05 00:00,Y,97.8
802875,4,Paid Social,2024-08-26 00:00,N,0
804993,1,Paid Social,2024-02-10 00:00,N,0
802993,2,Paid Search,2024-04-28 00:00,N,0
805385,3,SEO,2025-08-17 00:00,Y,143.92
805847,2,SEO,2024-01-16 00:00,N,0
806119,3,SEO,2025-05-30 00:00,Y,167.7
805805,2,Email,2024-05-29 00:00,N,0
803275,1,SEO,2024-12-20 00:00,Y,213.43
805764,2,Paid Social,2024-11-04 00:00,Y,179.42
803962,3,Paid Social,2024-10-09 00:00,Y,194.2
804404,3,Paid Search,2025-08-27 00:00,Y,98.84
803453,1,Paid Social,2024-08-08 00:00,Y,58.38
802263,1,Email,2025-09-02 00:00,Y,201.27
802993,1,Paid Social,2024-04-25 00:00,N,0
804531,2,SEO,2025-06-16 00:00,Y,155.9
805418,1,SEO,2025-07-31 00:00,N,0
805563,1,Paid Social,2025-06-28 00:00,Y,110.23
802440,1,Paid Social,2025-04-02 00:00,Y,177.04
804719,1,Paid Social,2024-09-23 00:00,N,0
806280,2,Paid Social,2025-07-20 00:00,N,0
802673,5,Email,2024-11-22 00:00,Y,93.47
801946,2,Email,2025-03-09 00:00,Y,173.74
803489,4,SEO,2025-07-24 00:00,Y,57.01
804802,1,Paid Social,2025-01-20 00:00,Y,42.65
800762,1,Paid Social,2024-08-23 00:00,N,0
805834,3,Paid Social,2025-06-20 00:00,Y,110.5
801826,4,Email,2024-03-22 00:00,Y,159.98
806407,3,Paid Search,2025-08-26 00:00,Y,196.72
804711,1,SEO,2024-09-13 00:00,Y,38.88
802559,4,Email,2025-10-03 00:00,N,0
806237,1,Paid Search,2025-10-03 00:00,Y,51.01
803005,1,Paid Search,2025-05-20 00:00,Y,132.98
808188,1,Email,2025-02-10 00:00,N,0
800863,4,Paid Search,2024-04-11 00:00,N,0
808316,2,Paid Social,2024-05-01 00:00,Y,40.83
805790,4,Email,2024-01-17 00:00,N,0
805023,2,Email,2024-05-15 00:00,N,0
806277,5,Email,2024-11-11 00:00,Y,219.67
805045,2,Email,2025-08-08 00:00,Y,217.38
806407,1,Paid Social,2025-08-24 00:00,Y,196.72
805093,2,Email,2024-07-18 00:00,Y,49.3
801424,3,Email,2025-03-22 00:00,Y,133.47
808053,4,Paid Search,2024-06-05 00:00,N,0
807048,1,Paid Social,2024-04-01 00:00,Y,163.6
805714,1,Paid Search,2024-05-17 00:00,Y,187.2
807132,3,Paid Social,2024-09-24 00:00,Y,211.57
802545,2,Email,2024-05-22 00:00,Y,217.51
801828,2,SEO,2024-03-11 00:00,Y,42.47
806286,2,SEO,2025-09-13 00:00,Y,167.85
802052,1,Email,2024-12-31 00:00,Y,68.29
808111,3,Email,2025-06-28 00:00,Y,39.42
805403,1,Paid Search,2025-01-12 00:00,Y,35.74
804953,1,SEO,2025-09-28 00:00,Y,71.22
805365,2,SEO,2025-07-23 00:00,Y,198.55
800440,1,Email,2024-04-20 00:00,N,0
808949,3,Email,2025-08-12 00:00,Y,153.42
808404,3,Paid Social,2025-02-08 00:00,Y,119.69
808093,5,SEO,2024-06-26 00:00,N,0
808833,1,Paid Search,2025-07-25 00:00,N,0
801775,3,Email,2024-04-28 00:00,N,0
808153,4,SEO,2025-06-09 00:00,Y,132.96
802765,2,Paid Search,2024-12-20 00:00,Y,187.91
805747,3,Email,2024-12-25 00:00,N,0
808795,1,Email,2025-06-03 00:00,Y,156.68
804835,2,Email,2024-05-15 00:00,Y,135.48
807280,2,SEO,2024-11-19 00:00,N,0
800699,2,SEO,2025-03-18 00:00,Y,70.69
808877,1,SEO,2024-09-15 00:00,Y,197.01
801713,3,Paid Social,2024-03-08 00:00,N,0
800354,1,Paid Search,2025-06-14 00:00,Y,163.99
803339,4,Email,2024-04-17 00:00,Y,215.01
801727,1,Paid Social,2024-12-31 00:00,Y,212.07
803243,2,Paid Search,2025-01-24 00:00,N,0
800063,2,Email,2024-07-02 00:00,Y,104.21
806807,1,Paid Search,2024-01-28 00:00,N,0
805163,4,Paid Search,2024-03-04 00:00,Y,54.05
802243,1,SEO,2024-10-09 00:00,Y,167.4
804943,2,Paid Social,2025-06-05 00:00,Y,52.43
806917,1,Paid Social,2024-03-03 00:00,Y,167.63
807056,2,Paid Search,2024-09-04 00:00,Y,36.7
804525,3,Paid Social,2024-09-04 00:00,Y,113.38
808075,1,SEO,2024-12-26 00:00,N,0
807578,1,SEO,2025-09-26 00:00,N,0
801075,1,SEO,2025-02-02 00:00,Y,128.35
805451,3,SEO,2024-02-24 00:00,Y,48.35
804607,3,Paid Search,2025-01-29 00:00,Y,104.66
802423,1,Paid Social,2024-10-09 00:00,Y,163.75
805681,4,Email,2024-10-12 00:00,N,0
802244,2,Email,2025-02-11 00:00,N,0
800206,1,Paid Search,2024-02-11 00:00,Y,202.61
800772,3,SEO,2024-10-20 00:00,N,0
804868,2,Paid Search,2024-06-14 00:00,N,0
804319,1,SEO,2025-04-27 00:00,N,0
800955,2,Email,2024-12-23 00:00,Y,151.43
808606,5,Paid Search,2024-08-29 00:00,Y,215.63
805642,2,Email,2025-06-13 00:00,N,0
800151,1,SEO,2025-06-05 00:00,N,0
801030,2,Email,2025-06-11 00:00,N,0
803221,4,Email,2025-01-21 00:00,Y,161.91
802536,3,Email,2025-03-10 00:00,Y,142.93
803806,2,Paid Social,2025-04-03 00:00,N,0
801774,3,Paid Social,2025-02-08 00:00,Y,211.46
805660,3,SEO,2025-02-02 00:00,N,0
803307,1,Paid Social,2025-06-25 00:00,Y,157.41
807581,2,SEO,2024-12-09 00:00,Y,180.19
803334,2,Paid Search,2024-09-28 00:00,Y,47.23
802265,1,Paid Social,2025-05-03 00:00,N,0
801607,1,Email,2024-09-07 00:00,Y,149.15
806631,3,Paid Social,2024-03-10 00:00,Y,42.28
807721,2,Paid Social,2024-08-07 00:00,N,0
806670,4,Email,2025-07-10 00:00,N,0
801701,2,Email,2025-02-02 00:00,Y,111.74
808464,4,Email,2025-06-13 00:00,Y,142.13
800983,2,Paid Social,2024-12-12 00:00,Y,167.41
805540,1,SEO,2024-11-01 00:00,N,0
801900,4,Paid Social,2025-06-15 00:00,Y,42.14
805289,2,Email,2025-06-27 00:00,Y,157.43
801480,2,Email,2025-05-30 00:00,N,0
803187,1,Paid Social,2024-03-13 00:00,N,0
806240,4,Email,2024-03-13 00:00,Y,159.81
808924,2,Paid Social,2024-01-12 00:00,N,0
803057,5,Email,2024-03-28 00:00,Y,128.9
801373,2,SEO,2024-11-18 00:00,Y,175.59
805177,1,Paid Social,2024-02-01 00:00,Y,150.54
800723,2,SEO,2024-03-12 00:00,Y,147.78
808063,1,SEO,2025-03-08 00:00,Y,159.53
803989,1,SEO,2025-03-14 00:00,N,0
801858,2,Paid Search,2025-06-01 00:00,Y,163.92
808465,2,Paid Social,2025-05-27 00:00,Y,106.95
805139,2,Paid Search,2024-11-17 00:00,Y,39.37
806335,4,Paid Search,2024-03-28 00:00,N,0
808612,1,Paid Social,2024-06-04 00:00,N,0
808723,1,Paid Search,2024-11-28 00:00,Y,119.76
803970,5,Paid Search,2025-07-12 00:00,Y,140.04
802321,2,Email,2025-07-04 00:00,N,0
800656,4,Paid Search,2024-09-05 00:00,Y,201.39
803392,2,Paid Search,2025-09-11 00:00,Y,130.8
801143,2,SEO,2024-02-10 00:00,N,0
805851,3,Paid Search,2024-02-25 00:00,N,0
803568,5,Email,2025-09-11 00:00,Y,98.04
805746,3,SEO,2024-01-31 00:00,Y,77.99
807878,1,Email,2025-01-20 00:00,N,0
805921,1,Paid Social,2025-10-05 00:00,Y,145.27
805657,3,Email,2024-03-13 00:00,Y,64.71
807969,3,Paid Search,2024-09-25 00:00,Y,147.15
800421,1,Paid Social,2025-04-11 00:00,Y,146.42
805406,4,Email,2025-01-29 00:00,N,0
805580,1,SEO,2024-09-06 00:00,N,0
802543,1,SEO,2024-01-05 00:00,Y,179.52
800624,4,Paid Social,2025-02-26 00:00,Y,154.55
801926,4,Paid Search,2024-03-02 00:00,Y,48.09
806074,2,Paid Social,2025-03-17 00:00,N,0
801876,2,Email,2025-08-06 00:00,N,0
803486,2,Paid Social,2024-06-23 00:00,N,0
803397,1,Paid Search,2025-09-12 00:00,N,0
808388,2,SEO,2024-09-18 00:00,Y,170.64
807821,1,SEO,2025-03-28 00:00,Y,120.82
804704,2,Paid Search,2025-03-06 00:00,Y,99.38
801078,1,Email,2024-07-07 00:00,N,0
803390,2,Paid Search,2025-01-01 00:00,Y,199.15
800812,2,SEO,2025-08-11 00:00,Y,140.0
800337,2,Email,2024-08-23 00:00,Y,197.13
802425,2,Paid Search,2025-08-23 00:00,Y,152.94
804276,1,SEO,2025-01-21 00:00,Y,73.79
806010,2,SEO,2024-04-04 00:00,N,0
807261,1,Paid Social,2024-09-18 00:00,Y,60.64
800657,3,Paid Social,2024-02-20 00:00,Y,85.9
801845,2,Email,2025-05-08 00:00,Y,36.85
802313,3,SEO,2025-10-07 00:00,Y,51.97
808687,1,Email,2025-02-28 00:00,Y,201.51
803171,1,SEO,2024-04-30 00:00,N,0
804706,2,SEO,2025-07-21 00:00,Y,131.46
800886,4,Paid Social,2025-01-21 00:00,Y,113.47
800786,3,Email,2024-08-04 00:00,Y,193.97
805264,1,Email,2025-07-16 00:00,Y,48.7
804077,4,Paid Search,2024-04-28 00:00,Y,70.44
800710,1,Paid Social,2024-02-12 00:00,Y,161.22
800777,3,Paid Search,2024-12-24 00:00,Y,186.62
801677,2,Paid Search,2024-11-29 00:00,Y,112.73
805812,1,SEO,2025-10-15 00:00,Y,72.67
808853,3,Paid Search,2024-05-18 00:00,Y,75.97
802351,4,Paid Search,2024-05-19 00:00,Y,208.1
808039,4,Email,2024-12-22 00:00,Y,140.97
800155,1,Paid Social,2024-01-10 00:00,Y,193.24
808739,3,Email,2025-03-28 00:00,N,0
807196,1,SEO,2024-10-07 00:00,N,0
800550,1,SEO,2025-07-19 00:00,N,0
801930,3,Email,2024-06-03 00:00,Y,85.06
807979,1,SEO,2024-03-24 00:00,Y,75.28
806255,1,SEO,2025-04-21 00:00,Y,174.66
808228,1,SEO,2024-07-29 00:00,Y,118.76
802051,1,SEO,2025-08-06 00:00,Y,132.87
801282,1,Paid Social,2025-04-20 00:00,N,0
805804,1,SEO,2025-03-04 00:00,Y,129.63
804050,4,Email,2024-06-04 00:00,Y,176.15
805888,1,Paid Social,2025-06-25 00:00,N,0
807995,1,Paid Social,2024-09-18 00:00,Y,196.33
800492,1,Paid Social,2025-07-25 00:00,N,0
805377,1,Paid Social,2024-04-09 00:00,N,0
808079,1,Paid Social,2024-08-06 00:00,N,0
800767,1,Paid Social,2024-04-28 00:00,N,0
802291,3,SEO,2025-01-13 00:00,N,0
808379,2,SEO,2024-05-08 00:00,N,0
802434,3,Email,2025-10-07 00:00,N,0
802207,2,Paid Social,2024-10-09 00:00,N,0
802134,1,Paid Search,2025-06-21 00:00,Y,138.87
800431,4,Paid Search,2025-08-18 00:00,Y,213.35
806851,2,Email,2025-03-26 00:00,Y,206.4
807794,4,SEO,2024-10-06 00:00,Y,118.44
801315,4,SEO,2024-01-29 00:00,Y,108.55
801363,1,SEO,2025-05-10 00:00,N,0
802532,2,SEO,2025-02-17 00:00,N,0
804904,2,Email,2025-09-23 00:00,N,0
802894,1,Paid Social,2024-07-25 00:00,N,0
808997,3,Paid Social,2025-05-23 00:00,N,0
803662,1,Email,2024-09-18 00:00,N,0
807896,2,Paid Search,2025-04-06 00:00,N,0
801412,4,SEO,2024-06-28 00:00,Y,171.27
802191,1,SEO,2024-03-07 00:00,Y,84.96
800894,2,Paid Search,2024-05-21 00:00,Y,103.6
808475,2,Paid Social,2024-06-08 00:00,N,0
808488,4,Email,2025-09-26 00:00,Y,101.01
804330,2,Paid Social,2025-06-05 00:00,Y,75.88
804051,1,Paid Search,2025-07-09 00:00,N,0
802988,1,Email,2025-01-13 00:00,Y,37.93
805924,1,Email,2024-04-26 00:00,Y,89.15
801761,4,Email,2024-07-21 00:00,Y,195.68
808363,1,Email,2025-09-25 00:00,Y,218.66
802783,3,Paid Search,2024-10-21 00:00,Y,79.79
806859,1,SEO,2025-08-17 00:00,Y,56.09
804798,3,Paid Search,2025-10-16 00:00,Y,40.12
800566,2,Email,2025-08-28 00:00,Y,57.89
806884,1,SEO,2024-06-26 00:00,N,0
804120,1,Paid Social,2024-01-24 00:00,N,0
802066,3,SEO,2025-03-30 00:00,Y,166.84
802249,3,Paid Social,2025-07-09 00:00,Y,46.21
806666,2,Paid Social,2025-01-30 00:00,N,0
806059,2,Email,2025-08-15 00:00,Y,79.3
801516,1,Paid Search,2024-01-06 00:00,Y,160.99
802732,2,Email,2024-05-05 00:00,Y,180.73
803149,1,SEO,2025-05-24 00:00,N,0
800471,1,SEO,2025-06-28 00:00,N,0
804075,1,SEO,2024-04-20 00:00,Y,128.72
804403,1,Paid Social,2024-01-11 00:00,Y,206.75
806589,1,Paid Social,2024-08-06 00:00,Y,88.83
805565,3,SEO,2024-10-13 00:00,N,0
802196,3,Paid Search,2024-10-22 00:00,N,0
800975,3,SEO,2025-06-28 00:00,Y,185.09
801983,1,Email,2024-10-31 00:00,N,0
801325,2,Paid Search,2024-10-29 00:00,Y,177.41
801523,2,Paid Social,2025-02-10 00:00,Y,39.75
802675,1,SEO,2025-10-01 00:00,Y,200.8
804899,1,SEO,2024-05-25 00:00,N,0
804759,3,Email,2025-02-01 00:00,Y,117.18
806259,4,SEO,2024-07-14 00:00,N,0
807726,1,Paid Social,2024-09-27 00:00,Y,178.04
800582,3,Email,2025-01-18 00:00,N,0
801970,1,SEO,2024-09-05 00:00,N,0
803885,3,SEO,2024-11-12 00:00,Y,83.59
803739,4,Email,2025-06-07 00:00,N,0
801093,1,SEO,2024-08-15 00:00,Y,115.93
802023,1,SEO,2024-12-26 00:00,N,0
801804,2,Paid Search,2025-05-05 00:00,N,0
803813,1,SEO,2024-12-20 00:00,N,0
801564,1,Paid Search,2024-05-07 00:00,Y,95.28
807255,1,Paid Search,2025-08-02 00:00,Y,177.05
806759,1,SEO,2024-02-24 00:00,N,0
806360,4,SEO,2024-04-03 00:00,Y,121.07
800496,3,Email,2025-09-01 00:00,Y,142.57
804875,4,Email,2025-01-14 00:00,Y,142.12
802899,2,Email,2024-12-27 00:00,N,0
803844,1,Paid Social,2024-03-18 00:00,N,0
807938,2,Paid Social,2025-10-20 00:00,Y,159.22
802102,4,Paid Search,2024-10-11 00:00,Y,219.2
803457,3,Paid Social,2024-06-03 00:00,Y,218.38
804830,1,Paid Social,2024-11-15 00:00,Y,51.05
801890,2,Paid Search,2025-06-18 00:00,Y,213.94
804710,4,Email,2025-01-12 00:00,Y,145.01
806427,2,Email,2025-01-02 00:00,Y,88.91
801463,2,SEO,2025-10-19 00:00,Y,52.78
802536,2,Paid Social,2025-03-05 00:00,Y,142.93
808320,1,Paid Social,2025-01-05 00:00,N,0
802775,2,Paid Social,2024-10-12 00:00,Y,49.84
802557,1,SEO,2024-02-12 00:00,Y,53.93
806808,4,Email,2025-04-27 00:00,Y,39.92
801707,2,Paid Search,2024-12-24 00:00,N,0
806419,1,Paid Social,2025-02-11 00:00,Y,217.61
803036,3,Paid Social,2024-04-21 00:00,N,0
802210,1,SEO,2024-06-05 00:00,Y,77.91
800588,2,Paid Social,2024-06-15 00:00,N,0
802962,2,SEO,2025-01-18 00:00,N,0
800356,4,Paid Search,2025-03-13 00:00,N,0
803066,1,SEO,2025-07-16 00:00,Y,138.32
804980,5,Email,2025-06-02 00:00,N,0
802561,1,Email,2024-11-05 00:00,N,0
806496,1,SEO,2024-04-11 00:00,Y,49.06
807010,4,Email,2024-07-19 00:00,N,0
804313,1,Paid Social,2024-07-18 00:00,Y,151.04
806950,1,SEO,2025-05-20 00:00,Y,207.18
804139,1,Paid Social,2024-12-28 00:00,Y,141.24
802920,3,Paid Search,2025-10-02 00:00,Y,37.41
800355,5,Email,2025-09-27 00:00,N,0
805204,1,SEO,2025-10-10 00:00,N,0
805158,1,Email,2025-04-28 00:00,N,0
808517,1,SEO,2025-10-06 00:00,Y,88.81
804578,2,Paid Search,2024-01-14 00:00,Y,55.26
800793,1,Paid Social,2025-01-07 00:00,Y,201.34
804054,3,Paid Social,2025-05-07 00:00,N,0
802454,3,Paid Search,2025-01-21 00:00,Y,184.51
804811,1,Paid Social,2024-10-16 00:00,Y,179.35
806153,3,Paid Search,2025-01-10 00:00,N,0
804902,1,Paid Search,2025-09-26 00:00,Y,73.38
801726,1,Paid Search,2024-01-10 00:00,Y,62.22
804181,2,Email,2024-09-14 00:00,N,0
802897,5,Paid Social,2025-08-24 00:00,N,0
800758,4,Email,2024-05-15 00:00,Y,88.38
801982,3,Paid Search,2024-09-01 00:00,N,0
806347,1,SEO,2024-04-10 00:00,N,0
806348,1,Paid Search,2024-04-03 00:00,Y,61.37
803141,2,Email,2024-03-09 00:00,Y,97.61
800086,2,Email,2025-09-09 00:00,N,0
805123,4,Email,2024-12-15 00:00,Y,217.37
800560,3,Email,2025-09-15 00:00,N,0
801670,1,SEO,2024-10-05 00:00,Y,215.09
806671,1,SEO,2024-12-25 00:00,N,0
804326,2,Paid Search,2024-07-14 00:00,N,0
807188,3,Email,2024-02-14 00:00,Y,115.22
804601,1,Paid Search,2024-10-09 00:00,Y,217.47
803701,3,Paid Search,2025-08-12 00:00,Y,196.85
807937,2,Email,2025-04-14 00:00,Y,123.67
800054,3,Paid Search,2025-08-30 00:00,N,0
806452,1,Paid Social,2025-03-21 00:00,N,0
806145,2,SEO,2024-05-16 00:00,N,0
806520,3,Paid Social,2025-03-07 00:00,N,0
808801,1,Email,2024-03-08 00:00,Y,64.39
803017,1,Paid Search,2025-01-29 00:00,Y,56.32
801716,3,Email,2024-07-01 00:00,Y,62.57
803410,3,Paid Social,2025-07-10 00:00,Y,106.17
808704,2,Paid Social,2025-03-13 00:00,Y,162.18
808300,1,Email,2025-05-30 00:00,Y,88.39
803629,2,Paid Search,2025-02-04 00:00,N,0
800010,1,Email,2025-05-28 00:00,N,0
808479,2,Paid Search,2025-01-23 00:00,N,0
802269,5,Email,2025-06-10 00:00,Y,197.58
805474,1,Paid Social,2025-10-07 00:00,Y,121.49
806724,4,Email,2024-02-06 00:00,N,0
806346,2,Paid Social,2025-06-12 00:00,Y,40.86
803372,5,Paid Search,2025-01-16 00:00,Y,122.96
806127,3,SEO,2024-09-11 00:00,Y,165.97
808306,3,Paid Search,2024-10-23 00:00,Y,112.15
801950,4,Email,2024-04-28 00:00,N,0
802223,3,Email,2025-09-04 00:00,Y,118.34
800066,2,Paid Search,2025-04-20 00:00,N,0
804268,1,Email,2024-07-07 00:00,N,0
808991,2,Paid Social,2025-04-17 00:00,Y,80.12
801225,2,Email,2024-03-19 00:00,N,0
802400,2,Email,2024-02-07 00:00,Y,214.59
804703,2,Paid Social,2024-07-18 00:00,Y,183.44
806465,3,Email,2024-08-06 00:00,Y,114.37
806576,2,Email,2024-12-20 00:00,Y,128.97
800150,3,Paid Search,2024-06-13 00:00,Y,148.75
803116,2,Paid Search,2025-08-21 00:00,Y,180.02
807065,4,Paid Social,2025-06-15 00:00,Y,57.52
807148,1,SEO,2024-10-27 00:00,N,0
804800,4,Email,2024-03-26 00:00,Y,216.68
808002,3,Paid Search,2024-09-11 00:00,N,0
806855,2,Email,2024-07-11 00:00,Y,154.01
805488,3,Paid Search,2024-08-08 00:00,Y,159.13
800960,4,Email,2024-11-15 00:00,N,0
807034,4,SEO,2024-04-29 00:00,N,0
804643,1,Paid Social,2025-06-14 00:00,N,0
808912,1,SEO,2025-06-13 00:00,N,0
808998,3,Email,2024-11-04 00:00,N,0
802548,1,Paid Social,2025-03-25 00:00,Y,96.61
800464,2,Paid Search,2024-06-02 00:00,Y,109.01
806282,1,SEO,2024-05-14 00:00,Y,40.13
802716,2,Paid Social,2025-06-08 00:00,N,0
803719,1,Paid Search,2024-01-30 00:00,Y,119.01
806141,4,SEO,2024-12-17 00:00,N,0
807994,1,Email,2025-03-09 00:00,N,0
801803,4,Email,2025-10-09 00:00,N,0
808504,4,Email,2025-04-29 00:00,N,0
800819,1,Paid Social,2025-09-20 00:00,Y,171.02
808783,3,Email,2025-04-02 00:00,N,0
807954,1,Email,2024-07-07 00:00,N,0
804272,1,Paid Social,2025-08-26 00:00,Y,39.22
802632,3,Email,2025-08-06 00:00,N,0
808520,1,SEO,2025-08-05 00:00,Y,131.26
808457,2,SEO,2024-11-20 00:00,Y,184.57
807446,1,Paid Social,2025-06-04 00:00,N,0
805696,2,SEO,2025-08-06 00:00,Y,80.32
808881,3,Email,2024-11-23 00:00,Y,148.99
801395,1,Paid Social,2025-03-25 00:00,Y,155.92
801758,1,Paid Search,2024-12-22 00:00,Y,143.51
802555,2,Paid Search,2025-04-26 00:00,N,0
800313,4,SEO,2025-07-04 00:00,Y,192.18
801134,2,Email,2025-04-24 00:00,N,0
807996,2,Email,2024-09-03 00:00,Y,163.92
801799,1,SEO,2024-11-10 00:00,Y,133.15
807962,3,Email,2024-08-03 00:00,Y,148.36
802663,3,Paid Search,2025-09-18 00:00,Y,180.57
806344,1,Paid Social,2024-06-30 00:00,N,0
804593,1,Paid Social,2025-05-23 00:00,Y,184.17
804967,2,SEO,2024-03-02 00:00,Y,58.27
808392,3,Email,2024-01-22 00:00,N,0
803653,1,SEO,2025-07-21 00:00,Y,150.02
803813,4,Email,2025-01-01 00:00,N,0
805878,4,SEO,2024-07-28 00:00,N,0
803831,1,Email,2025-07-30 00:00,N,0
806651,3,Email,2025-02-13 00:00,Y,148.52
806822,2,Email,2025-05-23 00:00,Y,62.57
800829,4,Paid Search,2024-09-22 00:00,Y,143.86
800139,2,Paid Search,2024-06-25 00:00,Y,78.69
801518,5,Email,2025-03-08 00:00,Y,84.8
802634,1,Paid Social,2024-08-04 00:00,N,0
808116,1,Paid Search,2025-03-24 00:00,Y,179.11
802533,2,SEO,2025-02-23 00:00,Y,119.1
801858,1,Paid Search,2025-05-30 00:00,Y,163.92
800573,2,SEO,2025-07-26 00:00,Y,87.34
808788,5,Paid Search,2025-09-13 00:00,Y,94.94
806534,1,Email,2025-08-20 00:00,N,0
800621,1,Email,2025-07-12 00:00,N,0
800817,2,SEO,2024-09-16 00:00,N,0
806163,1,SEO,2025-05-18 00:00,N,0
808028,2,Email,2025-10-07 00:00,N,0
803943,4,Email,2024-05-31 00:00,Y,164.71
806738,1,SEO,2024-01-21 00:00,N,0
806748,3,Paid Search,2024-05-12 00:00,N,0
804335,3,Email,2024-03-27 00:00,Y,188.92
804115,4,SEO,2025-08-18 00:00,N,0
808398,1,Paid Social,2024-04-16 00:00,N,0
804533,1,Paid Social,2024-09-03 00:00,N,0
808208,1,Paid Search,2025-01-24 00:00,N,0
802653,2,Paid Social,2024-12-23 00:00,Y,111.05
800604,1,Email,2025-03-24 00:00,Y,63.09
807105,2,Email,2025-10-09 00:00,N,0
806459,3,SEO,2024-08-19 00:00,Y,46.15
805532,3,Paid Social,2025-09-13 00:00,Y,195.4
804176,2,Email,2025-09-09 00:00,Y,56.88
805730,3,Paid Search,2024-09-03 00:00,Y,183.36
800035,3,SEO,2024-12-09 00:00,N,0
808863,5,Paid Social,2024-09-02 00:00,Y,175.5
805536,1,SEO,2025-07-13 00:00,N,0
803902,2,Email,2024-08-12 00:00,N,0
800994,1,Paid Social,2025-10-01 00:00,Y,38.62
804758,2,Email,2024-07-27 00:00,N,0
802228,2,Paid Search,2024-01-15 00:00,N,0
805883,2,Email,2025-06-06 00:00,Y,158.02
805711,3,Paid Social,2024-06-30 00:00,N,0
802252,5,Paid Search,2024-07-05 00:00,Y,132.91
806420,3,Paid Search,2024-06-07 00:00,N,0
808989,4,Paid Search,2024-06-26 00:00,N,0
808067,3,Email,2025-10-20 00:00,Y,113.91
802351,3,SEO,2024-05-13 00:00,Y,208.1
805810,4,Email,2025-10-11 00:00,N,0
806663,2,Paid Social,2025-01-14 00:00,Y,66.41
803426,2,Email,2024-09-03 00:00,N,0
801969,1,SEO,2024-03-08 00:00,Y,52.8
802723,1,SEO,2025-05-15 00:00,Y,76.47
803744,1,SEO,2024-10-01 00:00,N,0
801318,3,Email,2025-07-18 00:00,Y,178.7
800980,3,Paid Social,2024-01-30 00:00,N,0
807427,2,SEO,2024-05-17 00:00,Y,159.32
807558,3,Paid Search,2025-02-28 00:00,Y,119.61
802224,1,Email,2025-02-04 00:00,N,0
805135,5,Paid Social,2024-11-08 00:00,Y,181.1
805014,2,Paid Search,2024-02-02 00:00,Y,75.5
807524,2,SEO,2024-04-17 00:00,Y,109.69
805613,2,SEO,2024-01-21 00:00,Y,211.2
804190,4,SEO,2024-11-15 00:00,Y,87.23
808835,1,Paid Search,2025-10-07 00:00,N,0
804128,1,SEO,2024-04-22 00:00,Y,91.01
806767,3,Email,2025-08-26 00:00,Y,161.94
805679,3,SEO,2025-01-28 00:00,N,0
807247,5,Email,2024-03-15 00:00,N,0
807447,1,Paid Search,2024-12-11 00:00,N,0
801194,2,Paid Search,2024-11-29 00:00,Y,102.72
801005,2,Paid Social,2025-06-27 00:00,Y,100.61
801762,4,Paid Search,2025-07-11 00:00,Y,111.72
804975,2,SEO,2024-08-18 00:00,Y,165.61
802879,2,Email,2024-12-13 00:00,Y,45.96
806397,1,Paid Social,2024-09-06 00:00,N,0
800323,1,SEO,2024-08-15 00:00,N,0
804426,4,Paid Search,2024-01-10 00:00,Y,135.59
808557,1,Paid Social,2025-04-09 00:00,Y,162.38
808641,5,Paid Search,2024-03-23 00:00,Y,52.32
806514,1,SEO,2025-10-05 00:00,N,0
804299,1,Paid Search,2024-02-18 00:00,Y,203.8
804855,5,Paid Social,2025-06-09 00:00,Y,187.54
801366,1,SEO,2024-08-10 00:00,Y,89.95
805241,1,Paid Social,2024-12-24 00:00,Y,136.69
803952,3,Paid Search,2024-06-27 00:00,Y,60.02
804573,3,Paid Search,2025-04-09 00:00,Y,218.37
808824,2,SEO,2024-09-02 00:00,Y,54.2
804907,3,Paid Search,2024-12-09 00:00,Y,152.79
807116,2,SEO,2025-04-06 00:00,Y,195.96
801413,5,Paid Search,2025-09-13 00:00,Y,194.47
802242,1,Paid Social,2024-07-17 00:00,N,0
808120,1,Email,2024-05-30 00:00,N,0
807744,1,Paid Social,2025-07-17 00:00,N,0
806801,1,Paid Social,2024-08-26 00:00,Y,197.65
806762,1,Paid Social,2025-05-04 00:00,Y,93.71
808601,1,Paid Social,2025-06-05 00:00,Y,108.68
802136,2,Paid Search,2025-02-26 00:00,Y,83.85
800988,1,SEO,2025-09-27 00:00,Y,189.32
802291,4,Email,2025-01-14 00:00,N,0
803176,1,Paid Social,2024-03-25 00:00,N,0
808637,1,Paid Social,2024-12-06 00:00,Y,191.2
804208,3,Email,2025-03-24 00:00,Y,129.9
800634,2,Email,2024-11-01 00:00,N,0
803531,1,SEO,2025-09-28 00:00,Y,205.3
802245,1,SEO,2025-10-09 00:00,Y,148.84
801933,1,Paid Social,2025-08-09 00:00,Y,88.0
801678,3,SEO,2024-12-03 00:00,N,0
803275,3,Paid Search,2024-12-24 00:00,Y,213.43
800758,1,Paid Search,2024-05-12 00:00,Y,88.38
800424,1,Paid Social,2024-11-18 00:00,Y,51.69
803470,2,Email,2024-06-22 00:00,N,0
803317,5,Paid Search,2025-09-03 00:00,Y,136.85
807514,2,Paid Social,2024-07-27 00:00,N,0
808288,1,Paid Search,2025-03-05 00:00,Y,215.32
805274,1,SEO,2024-02-11 00:00,Y,116.43
800075,4,Email,2025-06-15 00:00,Y,136.78
800220,2,Email,2025-10-11 00:00,Y,111.64
806468,2,Paid Search,2024-08-10 00:00,N,0
808094,3,SEO,2024-11-07 00:00,Y,45.9
802390,1,Paid Social,2025-10-06 00:00,N,0
807461,3,Paid Social,2025-07-28 00:00,Y,166.8
802722,5,Email,2025-01-02 00:00,Y,72.35
806195,2,Paid Search,2024-11-14 00:00,Y,152.93
807137,2,SEO,2025-06-08 00:00,N,0
808501,1,Email,2025-08-23 00:00,N,0
802327,4,Email,2024-06-01 00:00,N,0
806310,1,SEO,2025-08-02 00:00,Y,114.94
804636,2,SEO,2025-03-24 00:00,N,0
805142,1,Paid Social,2024-10-28 00:00,Y,150.66
807527,2,Email,2024-11-01 00:00,Y,77.39
800095,1,Paid Social,2025-07-12 00:00,N,0
804676,3,Paid Social,2024-01-15 00:00,N,0
803842,2,SEO,2024-11-20 00:00,Y,188.03
806148,1,Paid Search,2024-08-15 00:00,N,0
805484,3,SEO,2024-06-04 00:00,Y,102.68
804535,2,SEO,2025-07-30 00:00,Y,193.35
807997,2,Email,2025-01-22 00:00,Y,164.32
808947,3,Email,2025-08-07 00:00,Y,195.54
807813,2,Paid Social,2024-08-18 00:00,Y,145.52
803289,2,SEO,2025-07-29 00:00,N,0
808873,2,Paid Search,2024-04-14 00:00,N,0
802959,3,Paid Search,2024-12-24 00:00,N,0
808900,1,SEO,2024-07-31 00:00,Y,113.78
800715,1,Paid Social,2025-07-11 00:00,Y,135.84
807141,2,Paid Social,2025-02-14 00:00,Y,37.0
804737,3,Email,2025-10-07 00:00,N,0
801890,1,Email,2025-06-14 00:00,Y,213.94
807456,2,Email,2025-07-03 00:00,N,0
808471,2,Paid Search,2024-03-09 00:00,Y,139.34
808348,2,SEO,2024-06-30 00:00,Y,82.4
807253,4,Email,2025-02-12 00:00,N,0
804303,3,Paid Search,2025-04-05 00:00,Y,163.41
805917,1,Paid Search,2024-09-30 00:00,Y,121.17
801902,1,SEO,2024-03-30 00:00,Y,173.44
802080,2,Paid Search,2025-07-31 00:00,Y,84.98
807160,2,Paid Social,2025-03-12 00:00,Y,82.23
804523,3,SEO,2024-02-10 00:00,Y,72.83
805725,1,Paid Social,2024-08-14 00:00,N,0
807139,2,SEO,2024-09-22 00:00,N,0
807695,4,Email,2025-04-19 00:00,N,0
808269,4,Email,2025-03-27 00:00,Y,42.22
804943,3,Paid Search,2025-06-05 00:00,Y,52.43
802882,1,Email,2024-10-31 00:00,N,0
801881,2,Email,2024-07-24 00:00,Y,98.99
806457,2,Email,2025-01-04 00:00,Y,68.53
802397,1,Paid Social,2025-09-10 00:00,Y,126.3
806780,2,Paid Social,2025-08-24 00:00,N,0
803400,3,SEO,2025-02-20 00:00,Y,196.35
804364,3,Paid Search,2025-07-01 00:00,N,0
806308,2,SEO,2025-08-29 00:00,Y,113.08
807731,2,Paid Social,2024-02-14 00:00,N,0
805585,2,Paid Social,2025-04-01 00:00,Y,176.87
801331,1,SEO,2024-01-03 00:00,Y,145.91
806895,3,SEO,2024-04-09 00:00,N,0
801933,2,SEO,2025-08-10 00:00,Y,88.0
805807,1,SEO,2024-09-06 00:00,Y,159.09
804866,3,Paid Search,2024-08-02 00:00,Y,146.95
806889,2,Paid Social,2024-04-03 00:00,Y,103.44
808991,4,SEO,2025-04-24 00:00,Y,80.12
800186,3,SEO,2025-01-04 00:00,N,0
800285,1,SEO,2025-07-05 00:00,N,0
800277,1,SEO,2025-10-14 00:00,Y,74.88
803890,1,Paid Social,2024-08-04 00:00,Y,61.57
803002,1,SEO,2024-08-13 00:00,Y,61.71
806484,5,Paid Search,2024-07-01 00:00,Y,161.07
807154,1,SEO,2025-06-30 00:00,Y,134.93
803321,2,SEO,2025-04-07 00:00,Y,215.64
803511,3,Email,2025-08-03 00:00,Y,198.46
803301,1,Paid Social,2024-04-01 00:00,N,0
801955,2,Paid Social,2024-07-19 00:00,Y,78.71
808322,1,Paid Search,2024-03-12 00:00,N,0
805758,2,Paid Social,2024-10-10 00:00,Y,117.83
806358,4,SEO,2024-09-22 00:00,N,0
804616,1,Paid Social,2024-05-13 00:00,Y,146.1
808247,1,SEO,2024-09-11 00:00,N,0
803888,2,Paid Search,2024-01-13 00:00,N,0
800479,1,SEO,2024-11-25 00:00,Y,120.86
802900,4,SEO,2024-05-14 00:00,Y,46.12
800712,2,Email,2024-04-01 00:00,Y,87.07
806774,2,Paid Social,2024-08-06 00:00,N,0
801922,1,Paid Social,2025-03-05 00:00,Y,197.61
808956,3,Paid Social,2024-11-22 00:00,N,0
800423,1,SEO,2025-03-14 00:00,Y,50.43
804887,5,Paid Search,2025-08-01 00:00,Y,128.07
802640,2,Email,2025-04-28 00:00,N,0
803174,1,SEO,2025-02-13 00:00,N,0
802036,5,Email,2024-10-23 00:00,Y,185.7
805180,1,Paid Social,2025-03-31 00:00,N,0
808882,2,Paid Search,2024-07-01 00:00,N,0
807496,2,Paid Search,2024-09-16 00:00,Y,182.18
805298,1,Paid Social,2024-12-19 00:00,Y,89.93
800168,3,Email,2025-10-12 00:00,N,0
804293,2,SEO,2024-05-10 00:00,N,0
808957,2,SEO,2024-01-29 00:00,Y,141.04
807611,1,Paid Search,2024-07-13 00:00,Y,122.55
805750,3,SEO,2024-02-10 00:00,Y,58.12
800872,3,SEO,2024-06-16 00:00,Y,81.3
803214,1,Email,2024-04-08 00:00,N,0
803020,3,SEO,2025-07-28 00:00,Y,168.76
805210,1,SEO,2024-09-27 00:00,Y,97.91
805644,3,Paid Social,2025-08-15 00:00,Y,133.13
806533,1,SEO,2024-11-30 00:00,Y,98.39
807056,3,Email,2024-09-06 00:00,Y,36.7
806236,1,Paid Social,2025-10-12 00:00,Y,186.95
803474,1,Email,2024-03-29 00:00,N,0
803291,2,Paid Search,2025-03-22 00:00,N,0
800414,1,Paid Social,2024-03-31 00:00,Y,192.16
808425,1,SEO,2024-02-27 00:00,Y,146.09
802312,4,Paid Search,2024-12-31 00:00,Y,47.19
804187,1,Paid Social,2025-08-19 00:00,Y,208.28
805981,1,SEO,2024-07-18 00:00,Y,150.26
803232,3,Paid Social,2024-06-12 00:00,N,0
802426,4,Email,2024-12-05 00:00,Y,60.52
808269,2,Paid Social,2025-03-18 00:00,Y,42.22
806754,1,SEO,2025-03-28 00:00,N,0
800376,2,Paid Search,2025-06-02 00:00,N,0
806755,1,Paid Social,2024-03-27 00:00,Y,119.42
804445,3,Paid Social,2024-08-29 00:00,Y,148.46
805760,2,SEO,2024-11-03 00:00,Y,43.65
803931,2,Email,2024-12-30 00:00,Y,161.16
807300,4,Email,2025-05-22 00:00,Y,158.97
803105,1,Email,2024-11-16 00:00,Y,217.05
808309,2,Paid Social,2024-02-05 00:00,Y,69.32
808775,3,Paid Social,2025-03-14 00:00,N,0
804805,1,Paid Search,2024-04-03 00:00,Y,37.17
801471,3,Email,2024-04-13 00:00,Y,171.87
803822,2,Email,2025-04-15 00:00,Y,51.5
806597,2,Paid Search,2024-04-10 00:00,N,0
806134,1,SEO,2024-04-23 00:00,Y,134.77
802141,3,SEO,2025-08-24 00:00,Y,50.95
806592,1,SEO,2025-08-12 00:00,Y,97.09
804742,1,Email,2024-07-21 00:00,Y,48.98
801188,2,Paid Social,2024-01-14 00:00,N,0
800312,3,Paid Search,2024-07-20 00:00,Y,116.27
808935,4,Email,2024-05-26 00:00,Y,90.98
800862,1,Paid Social,2025-09-30 00:00,N,0
808442,4,Email,2024-01-31 00:00,Y,212.63
808914,3,Email,2025-08-24 00:00,Y,89.26
801285,1,Paid Social,2025-02-05 00:00,Y,209.15
805473,2,Paid Social,2024-07-19 00:00,Y,96.01
808941,1,Paid Search,2025-05-23 00:00,Y,193.68
807459,1,SEO,2025-09-30 00:00,N,0
805688,1,Paid Search,2024-09-12 00:00,N,0
802490,2,Email,2025-03-13 00:00,Y,142.62
807695,3,Paid Search,2025-04-11 00:00,N,0
807841,1,Paid Social,2025-04-25 00:00,Y,107.37
805779,2,Email,2024-10-15 00:00,Y,198.6
802780,4,Email,2024-04-01 00:00,N,0
802500,3,Paid Social,2024-05-01 00:00,Y,169.57
807323,1,Paid Search,2024-08-08 00:00,Y,120.96
807035,1,Paid Search,2025-06-08 00:00,Y,211.55
801566,1,SEO,2024-12-30 00:00,Y,41.29
801791,1,Paid Search,2024-07-25 00:00,N,0
808533,1,SEO,2024-06-12 00:00,Y,217.23
808698,1,Paid Search,2024-03-09 00:00,Y,42.4
800028,3,SEO,2024-07-26 00:00,Y,101.31
801357,4,Email,2024-05-27 00:00,Y,69.2
802281,3,Paid Search,2024-02-08 00:00,Y,192.35
806759,3,Paid Social,2024-03-03 00:00,N,0
807803,2,Email,2024-08-29 00:00,Y,175.9
805959,3,SEO,2024-11-09 00:00,N,0
801955,4,Email,2024-07-27 00:00,Y,78.71
808621,1,SEO,2025-07-04 00:00,N,0
804874,5,Email,2025-01-29 00:00,Y,74.47
806660,1,Paid Search,2025-02-13 00:00,N,0
804526,4,Paid Social,2024-10-07 00:00,Y,167.12
802431,1,SEO,2025-02-09 00:00,Y,174.91
803200,4,SEO,2024-03-10 00:00,N,0
807742,2,Paid Social,2024-06-05 00:00,N,0
804912,2,Paid Social,2025-01-15 00:00,N,0
800456,1,Email,2025-08-19 00:00,N,0
801082,1,SEO,2025-05-15 00:00,N,0
801308,3,Paid Search,2025-02-03 00:00,N,0
800497,1,SEO,2025-07-12 00:00,Y,209.11
807139,4,Email,2024-10-01 00:00,N,0
807504,3,Paid Social,2024-07-12 00:00,N,0
800582,1,Paid Social,2025-01-12 00:00,N,0
801401,2,SEO,2024-09-22 00:00,N,0
803887,1,SEO,2024-12-25 00:00,N,0
805651,3,Paid Search,2025-04-02 00:00,Y,75.01
804714,1,Paid Social,2024-12-13 00:00,Y,83.31
800172,1,Email,2024-06-02 00:00,N,0
806242,2,SEO,2024-02-07 00:00,Y,141.33
802404,1,Paid Search,2024-07-06 00:00,Y,166.13
806514,3,Paid Search,2025-10-07 00:00,N,0
807261,3,Email,2024-09-24 00:00,Y,60.64
803750,1,Paid Search,2024-04-10 00:00,N,0
803778,1,Paid Social,2025-10-06 00:00,Y,47.87
808419,1,Paid Social,2024-12-26 00:00,Y,202.26
807733,3,Email,2025-04-16 00:00,N,0
805358,1,SEO,2024-08-19 00:00,N,0
802639,3,Email,2024-05-25 00:00,Y,180.81
804414,1,Paid Search,2025-07-16 00:00,Y,65.69
801760,2,Email,2024-07-27 00:00,Y,137.21
804579,3,Paid Social,2025-01-07 00:00,Y,189.91
800614,1,SEO,2025-07-18 00:00,N,0
805896,3,Email,2025-06-11 00:00,Y,212.95
800363,1,Paid Search,2025-04-10 00:00,Y,98.62
805091,1,Paid Search,2025-01-06 00:00,Y,60.17
807030,2,SEO,2025-01-10 00:00,Y,173.34
808196,5,Paid Search,2024-12-29 00:00,Y,217.71
808500,4,SEO,2025-09-08 00:00,Y,134.85
801374,2,Paid Social,2024-06-28 00:00,N,0
801883,3,Email,2024-07-29 00:00,Y,155.9
805044,1,Paid Search,2024-05-27 00:00,N,0
804033,1,Paid Social,2025-05-11 00:00,N,0
807281,2,SEO,2024-11-12 00:00,Y,161.08
805042,4,Paid Social,2025-01-21 00:00,N,0
801840,2,SEO,2024-01-22 00:00,Y,145.52
801401,1,SEO,2024-09-19 00:00,N,0
803106,1,SEO,2024-06-26 00:00,Y,37.22
802649,1,Email,2025-02-24 00:00,N,0
804751,2,SEO,2024-05-09 00:00,Y,124.71
803094,1,Email,2024-01-22 00:00,N,0
805256,1,Paid Search,2024-08-15 00:00,Y,68.18
801022,5,Email,2025-04-15 00:00,Y,212.92
808518,2,Email,2025-09-28 00:00,Y,137.62
805447,1,SEO,2025-05-30 00:00,N,0
807945,3,Paid Search,2024-03-07 00:00,Y,43.69
808699,1,SEO,2024-08-18 00:00,N,0
806574,1,SEO,2024-08-31 00:00,N,0
808290,2,Paid Search,2024-12-15 00:00,N,0
800925,1,SEO,2024-01-05 00:00,Y,127.34
805475,2,Paid Search,2025-09-15 00:00,Y,146.86
800545,1,SEO,2024-09-29 00:00,N,0
806918,3,Paid Social,2025-10-08 00:00,Y,169.09
803820,3,Email,2025-04-15 00:00,Y,89.27
801481,1,Paid Search,2024-08-09 00:00,N,0
802148,1,Paid Social,2025-10-16 00:00,Y,102.87
807752,2,Email,2024-08-25 00:00,Y,165.42
806502,1,SEO,2024-07-18 00:00,Y,208.67
800770,3,SEO,2024-10-09 00:00,Y,38.63
801643,1,SEO,2024-08-06 00:00,Y,212.58
806599,3,Email,2025-09-09 00:00,N,0
803371,3,Paid Search,2025-04-30 00:00,N,0
801741,3,Paid Social,2024-03-31 00:00,N,0
804693,2,Paid Social,2024-07-09 00:00,Y,67.09
806616,1,Paid Social,2024-06-22 00:00,Y,135.39
803835,1,Paid Search,2024-10-31 00:00,Y,36.16
808884,2,SEO,2025-02-27 00:00,N,0
801082,2,Email,2025-05-17 00:00,N,0
805813,1,SEO,2025-09-15 00:00,N,0
803684,1,SEO,2025-02-03 00:00,Y,169.76
804170,1,Paid Social,2024-03-31 00:00,N,0
807681,4,Email,2025-07-11 00:00,Y,178.62
801770,1,SEO,2024-09-02 00:00,Y,137.66
808627,3,Email,2024-03-17 00:00,Y,50.13
802572,3,Paid Search,2024-03-05 00:00,N,0
800933,1,Paid Social,2025-08-01 00:00,N,0
801565,3,Paid Social,2025-03-27 00:00,N,0
800779,4,Email,2025-04-25 00:00,Y,132.46
808605,2,Email,2024-05-15 00:00,Y,59.71
807104,1,Email,2024-08-01 00:00,Y,70.49
804253,3,SEO,2025-02-17 00:00,N,0
800680,3,Email,2024-11-17 00:00,Y,161.55
802331,1,Paid Social,2024-06-05 00:00,N,0
807657,1,SEO,2024-03-20 00:00,N,0
800751,1,SEO,2025-05-18 00:00,Y,203.61
807986,1,Paid Social,2024-11-18 00:00,Y,45.18
801035,5,Email,2024-06-25 00:00,Y,133.51
804003,4,Email,2025-06-09 00:00,Y,72.97
803028,3,Email,2025-07-30 00:00,N,0
806588,1,SEO,2025-01-01 00:00,Y,148.11
803396,1,SEO,2024-02-20 00:00,N,0
803242,3,Email,2024-01-14 00:00,Y,82.74
802297,3,Paid Search,2024-08-14 00:00,Y,101.87
806003,2,Email,2025-01-18 00:00,Y,121.49
808656,1,Paid Search,2025-10-02 00:00,Y,126.89
802299,1,Paid Social,2024-10-18 00:00,Y,117.7
808224,2,Email,2025-03-10 00:00,N,0
806623,4,Paid Search,2024-11-18 00:00,Y,168.68
801832,2,SEO,2024-10-27 00:00,N,0
804074,1,Email,2024-09-16 00:00,Y,111.61
808919,3,Paid Social,2025-03-01 00:00,N,0
805120,2,SEO,2025-05-26 00:00,Y,76.91
807265,1,SEO,2025-06-08 00:00,Y,206.31
805512,3,Email,2024-07-19 00:00,Y,190.65
806413,1,Paid Social,2024-06-09 00:00,Y,106.52
805681,5,Email,2024-10-12 00:00,N,0
807817,2,Email,2025-08-16 00:00,Y,74.01
801978,5,Email,2025-09-07 00:00,N,0
800054,2,Email,2025-09-01 00:00,N,0
807403,2,Paid Search,2024-01-23 00:00,N,0
804003,3,SEO,2025-06-11 00:00,Y,72.97
803581,2,SEO,2024-12-13 00:00,Y,44.88
803061,1,Paid Social,2024-10-02 00:00,Y,43.89
806188,1,SEO,2024-10-06 00:00,N,0
805266,2,SEO,2024-12-10 00:00,Y,156.24
806613,4,SEO,2025-03-15 00:00,N,0
808872,3,Paid Social,2025-05-07 00:00,N,0
805324,2,SEO,2024-01-19 00:00,Y,199.83
802356,1,SEO,2025-01-05 00:00,Y,198.31
801180,2,Paid Social,2025-10-06 00:00,Y,100.81
802371,3,SEO,2025-05-14 00:00,Y,116.03
803600,3,SEO,2024-04-22 00:00,Y,72.55
803853,2,Email,2024-02-22 00:00,N,0
803212,1,SEO,2025-05-10 00:00,Y,211.76
802948,3,Email,2025-10-11 00:00,Y,156.97
805462,4,Email,2024-02-11 00:00,Y,66.07
802867,2,Email,2025-04-30 00:00,N,0
808781,1,SEO,2025-09-18 00:00,N,0
801777,4,Email,2025-10-23 00:00,Y,146.45
801746,1,SEO,2024-01-04 00:00,N,0
805924,3,Paid Search,2024-04-30 00:00,Y,89.15
804450,1,Email,2024-02-16 00:00,Y,170.12
804668,2,SEO,2024-03-16 00:00,N,0
802409,1,SEO,2024-09-10 00:00,N,0
806421,1,SEO,2024-02-25 00:00,N,0
806811,1,Paid Search,2025-08-20 00:00,N,0
807320,1,Paid Search,2025-09-06 00:00,Y,191.59
807462,5,Email,2024-12-26 00:00,Y,214.5
801112,1,Paid Social,2024-06-11 00:00,Y,47.2
803456,3,Email,2024-02-12 00:00,Y,202.26
808058,4,Paid Search,2024-05-17 00:00,N,0
801463,3,Paid Social,2025-10-19 00:00,Y,52.78
807543,1,Paid Search,2025-06-08 00:00,N,0
801139,2,Paid Search,2024-09-23 00:00,N,0
803505,2,Email,2024-09-27 00:00,Y,57.17
804328,2,Paid Search,2024-12-20 00:00,N,0
803249,3,Paid Search,2024-05-15 00:00,N,0
805277,2,Paid Search,2024-10-27 00:00,N,0
801575,1,SEO,2024-02-25 00:00,N,0
802963,1,Paid Social,2025-09-21 00:00,N,0
804717,1,Paid Search,2025-02-01 00:00,Y,172.46
807226,2,Paid Social,2025-02-16 00:00,Y,126.21
804916,1,Paid Search,2025-04-02 00:00,Y,48.94
807678,1,Paid Social,2024-09-29 00:00,N,0
808794,1,Email,2024-07-11 00:00,Y,203.6
803181,1,SEO,2025-08-18 00:00,Y,189.71
801366,2,Email,2024-08-12 00:00,Y,89.95
806639,2,Paid Social,2024-03-04 00:00,Y,179.11
807551,2,SEO,2024-12-03 00:00,Y,168.56
806273,2,Email,2025-08-20 00:00,N,0
807329,3,Paid Search,2025-09-25 00:00,Y,37.55
804041,2,Paid Social,2024-02-09 00:00,Y,54.38
804036,1,Paid Social,2024-02-12 00:00,N,0
808309,1,Paid Social,2024-02-01 00:00,Y,69.32
800046,1,Email,2024-08-11 00:00,N,0
805752,2,Paid Social,2025-09-24 00:00,N,0
803001,4,Paid Social,2024-02-06 00:00,N,0
807463,4,Paid Search,2024-09-20 00:00,N,0
808814,3,SEO,2025-09-14 00:00,Y,147.28
808879,1,Paid Search,2025-03-21 00:00,Y,81.73
808092,1,SEO,2024-06-06 00:00,Y,39.2
801446,1,SEO,2024-11-19 00:00,Y,131.52
805401,3,SEO,2025-02-03 00:00,Y,60.44
806720,4,Paid Search,2025-01-05 00:00,Y,66.58
807606,2,SEO,2025-03-01 00:00,Y,191.11
801676,2,Email,2024-02-27 00:00,Y,122.77
807602,2,Email,2025-08-04 00:00,Y,180.61
803069,2,SEO,2024-02-22 00:00,Y,182.7
808837,4,Paid Social,2024-09-12 00:00,Y,114.54
804567,3,Paid Search,2024-09-13 00:00,N,0
805851,5,Email,2024-03-04 00:00,N,0
800306,3,Paid Search,2025-08-13 00:00,Y,84.29
805292,4,Paid Social,2025-10-01 00:00,N,0
804886,2,Paid Social,2025-09-11 00:00,N,0
803179,3,Email,2025-01-14 00:00,N,0
800848,3,SEO,2025-06-28 00:00,Y,35.64
807543,3,Paid Search,2025-06-12 00:00,N,0
807190,3,Email,2024-01-31 00:00,N,0
800233,1,SEO,2024-01-02 00:00,Y,182.6
806416,3,Paid Search,2024-03-12 00:00,N,0
805831,2,SEO,2025-02-04 00:00,Y,74.62
804513,1,Paid Social,2024-10-05 00:00,Y,168.5
808184,1,Paid Social,2025-07-07 00:00,N,0
802171,1,SEO,2024-03-14 00:00,Y,41.16
805239,3,Email,2024-12-03 00:00,Y,43.16
802538,4,Paid Social,2024-12-06 00:00,Y,179.54
806434,1,Paid Search,2025-01-26 00:00,N,0
800516,1,Paid Social,2025-06-02 00:00,N,0
802009,3,Email,2025-01-14 00:00,Y,57.47
807992,1,SEO,2024-05-18 00:00,N,0
802008,3,SEO,2024-08-21 00:00,N,0
801743,4,SEO,2025-05-25 00:00,Y,73.84
800711,1,SEO,2025-10-13 00:00,Y,122.41
807346,3,Paid Search,2024-01-13 00:00,Y,137.8
803313,3,Paid Social,2024-03-21 00:00,Y,195.7
804600,3,Email,2025-09-18 00:00,N,0
802292,2,Paid Social,2025-08-02 00:00,Y,97.8
800356,3,Paid Social,2025-03-12 00:00,N,0
806569,2,SEO,2024-01-14 00:00,N,0
806139,2,Email,2025-05-07 00:00,Y,142.91
805502,2,SEO,2025-08-12 00:00,Y,211.69
806233,1,Paid Search,2024-09-23 00:00,N,0
802297,2,Paid Social,2024-08-10 00:00,Y,101.87
805059,3,Email,2025-08-01 00:00,N,0
802357,2,Email,2024-09-22 00:00,N,0
802814,1,Paid Search,2024-11-18 00:00,Y,115.51
805951,1,Paid Social,2025-03-16 00:00,Y,162.18
805255,5,Paid Social,2024-12-03 00:00,Y,148.32
801824,3,SEO,2025-04-20 00:00,Y,74.29
808540,1,SEO,2024-11-13 00:00,N,0
807385,1,Paid Social,2025-01-03 00:00,Y,75.36
805184,2,Paid Search,2025-01-09 00:00,Y,108.6
801847,5,Email,2024-09-11 00:00,N,0
800072,3,SEO,2024-02-10 00:00,Y,99.44
804848,2,Paid Social,2025-09-06 00:00,Y,104.87
805290,2,Paid Search,2024-10-06 00:00,Y,173.49
808871,1,SEO,2024-06-12 00:00,N,0
806548,3,Email,2024-05-14 00:00,Y,213.48
807347,3,SEO,2025-03-26 00:00,Y,72.88
807584,1,Paid Social,2024-11-09 00:00,N,0
803004,3,Paid Search,2024-06-28 00:00,N,0
805724,3,Email,2024-12-16 00:00,N,0
807500,1,Paid Social,2024-08-06 00:00,N,0
803378,2,Email,2024-09-07 00:00,N,0
803629,1,Paid Social,2025-02-01 00:00,N,0
808664,1,SEO,2024-09-30 00:00,N,0
806102,1,Paid Social,2024-11-30 00:00,Y,38.69
802413,1,SEO,2025-10-07 00:00,N,0
808444,2,Email,2025-02-14 00:00,Y,71.23
805849,1,SEO,2025-04-24 00:00,Y,196.95
805680,1,SEO,2025-02-07 00:00,Y,178.81
806410,1,SEO,2024-02-08 00:00,Y,173.55
803092,2,Paid Search,2024-03-31 00:00,Y,161.03
806061,2,Email,2025-06-20 00:00,Y,164.14
806507,1,Paid Social,2024-03-17 00:00,N,0
807524,1,Paid Search,2024-04-15 00:00,Y,109.69
802269,3,Email,2025-06-06 00:00,Y,197.58
802821,1,Paid Social,2024-02-02 00:00,N,0
803121,1,Email,2025-07-02 00:00,Y,57.57
805327,1,SEO,2025-06-08 00:00,N,0
802792,4,Email,2024-08-08 00:00,Y,118.7
807531,2,Paid Social,2024-09-01 00:00,Y,40.64
804905,4,Email,2025-05-19 00:00,Y,108.9
807639,2,Paid Search,2025-05-11 00:00,N,0
806239,2,Paid Search,2025-10-07 00:00,N,0
800554,2,Paid Search,2025-06-04 00:00,Y,182.1
805590,3,Email,2024-02-21 00:00,N,0
801728,1,SEO,2024-02-24 00:00,N,0
802199,1,Paid Search,2024-07-28 00:00,N,0
805002,1,Paid Social,2024-02-24 00:00,N,0
808606,2,SEO,2024-08-28 00:00,Y,215.63
808207,1,Email,2025-08-22 00:00,N,0
808534,2,Paid Search,2024-04-22 00:00,N,0
803813,2,SEO,2024-12-23 00:00,N,0
802076,2,Email,2025-08-11 00:00,Y,105.93
800865,3,Email,2024-07-05 00:00,Y,98.63
808000,2,Email,2024-10-09 00:00,N,0
804630,3,Paid Search,2025-05-30 00:00,Y,75.67
805324,4,Email,2024-01-19 00:00,Y,199.83
804360,3,Email,2025-05-14 00:00,Y,64.1
801294,2,Paid Search,2024-03-27 00:00,N,0
800936,2,Paid Social,2024-09-19 00:00,N,0
802832,2,Paid Social,2024-05-05 00:00,N,0
807268,3,Paid Social,2024-10-30 00:00,N,0
800037,1,Email,2025-07-26 00:00,N,0
808245,3,SEO,2024-09-17 00:00,Y,217.89
802128,1,Paid Social,2024-05-17 00:00,Y,67.77
807294,2,SEO,2024-01-20 00:00,Y,181.65
803528,3,Email,2025-02-18 00:00,Y,59.26
806562,3,Email,2024-10-01 00:00,Y,170.46
801719,1,SEO,2025-03-03 00:00,Y,129.04
808485,1,SEO,2024-10-17 00:00,Y,81.5
801672,1,SEO,2025-02-25 00:00,Y,100.95
804767,1,Email,2025-08-11 00:00,Y,86.49
803679,2,SEO,2024-08-31 00:00,Y,132.44
808026,1,Email,2025-04-30 00:00,N,0
802122,1,SEO,2025-04-14 00:00,N,0
808660,3,Email,2024-05-11 00:00,Y,128.73
804980,3,Paid Social,2025-05-27 00:00,N,0
806454,1,Paid Search,2025-06-05 00:00,Y,185.75
808787,3,Email,2024-03-24 00:00,Y,148.84
807532,3,Email,2024-11-26 00:00,Y,57.04
802807,3,Email,2024-11-30 00:00,Y,145.39
802526,1,Email,2024-08-08 00:00,Y,212.4
803511,1,SEO,2025-07-30 00:00,Y,198.46
805196,1,Paid Social,2024-06-21 00:00,N,0
801519,1,Email,2024-06-08 00:00,N,0
805545,2,Paid Social,2025-02-11 00:00,Y,62.37
808471,1,Paid Social,2024-03-08 00:00,Y,139.34
807774,3,SEO,2024-09-09 00:00,Y,217.99
801723,3,Paid Search,2025-01-04 00:00,N,0
807090,1,Paid Search,2024-05-31 00:00,N,0
808151,2,Paid Search,2025-08-26 00:00,Y,132.78
801595,1,Paid Search,2025-07-11 00:00,Y,136.52
803013,3,SEO,2025-05-21 00:00,Y,147.38
801083,3,Email,2025-06-08 00:00,Y,132.46
800017,3,Paid Social,2025-01-05 00:00,Y,179.46
800344,1,Email,2025-01-10 00:00,N,0
802237,1,SEO,2024-05-13 00:00,Y,203.25
804893,1,Paid Social,2024-02-21 00:00,Y,209.09
802257,3,Email,2024-04-05 00:00,Y,72.22
803156,2,SEO,2024-11-19 00:00,N,0
802121,2,SEO,2025-08-12 00:00,N,0
803289,1,Paid Social,2025-07-27 00:00,N,0
802976,5,Paid Search,2025-04-27 00:00,Y,127.14
807774,1,Paid Search,2024-09-07 00:00,Y,217.99
802791,3,SEO,2024-05-05 00:00,N,0
800906,3,Email,2025-07-14 00:00,N,0
806981,2,Email,2025-03-26 00:00,Y,92.36
804118,2,Paid Social,2024-09-28 00:00,Y,207.39
805465,2,Paid Search,2024-10-04 00:00,Y,93.11
808864,2,Paid Search,2025-06-14 00:00,Y,35.31
800138,1,Paid Search,2024-05-15 00:00,N,0
800695,4,Paid Social,2024-07-20 00:00,N,0
805953,1,Paid Social,2024-11-11 00:00,N,0
801268,4,Email,2025-05-07 00:00,N,0
802477,1,SEO,2024-05-05 00:00,N,0
801430,1,Paid Search,2024-05-23 00:00,Y,115.84
800765,1,SEO,2024-06-25 00:00,Y,43.28
807177,2,Email,2025-01-14 00:00,N,0
801256,1,SEO,2024-05-15 00:00,Y,87.18
802831,2,Paid Search,2025-07-08 00:00,Y,163.05
806803,2,Paid Social,2024-02-06 00:00,Y,76.6
807977,3,Paid Search,2024-06-10 00:00,Y,212.63
800457,1,SEO,2025-09-10 00:00,Y,192.58
802274,3,SEO,2024-07-23 00:00,Y,196.48
807455,3,Email,2025-03-20 00:00,Y,105.53
808104,1,Paid Social,2025-06-13 00:00,N,0
804297,2,SEO,2025-04-02 00:00,N,0
800789,2,SEO,2024-02-09 00:00,N,0
805431,3,Email,2025-04-21 00:00,Y,216.85
807359,2,Paid Search,2025-09-17 00:00,Y,207.82
802020,2,Paid Social,2025-10-11 00:00,N,0
804809,5,Paid Search,2025-10-09 00:00,Y,178.95
805891,4,Email,2024-12-22 00:00,N,0
804804,3,Paid Social,2025-05-03 00:00,Y,120.17
801427,1,SEO,2025-05-09 00:00,Y,149.15
802058,2,Email,2025-06-20 00:00,Y,83.83
807131,3,SEO,2024-05-13 00:00,Y,130.54
804227,1,Email,2024-10-22 00:00,N,0
801163,2,Email,2025-04-04 00:00,Y,198.79
804096,2,Paid Search,2024-08-12 00:00,N,0
803192,3,Paid Search,2025-06-21 00:00,N,0
800730,4,SEO,2025-05-31 00:00,N,0
804486,2,SEO,2024-02-02 00:00,Y,198.38
800661,2,Paid Search,2024-05-24 00:00,Y,214.4
808784,1,SEO,2024-01-08 00:00,Y,88.94
801136,2,Email,2024-05-19 00:00,Y,91.34
803058,5,Email,2025-05-25 00:00,Y,122.22
806697,2,Paid Search,2024-09-12 00:00,N,0
807261,2,Paid Search,2024-09-22 00:00,Y,60.64
808051,2,Email,2024-09-12 00:00,Y,51.58
802549,1,SEO,2025-04-05 00:00,Y,175.18
801505,3,Email,2024-04-22 00:00,Y,50.55
800646,2,SEO,2025-03-24 00:00,Y,40.62
800174,1,SEO,2025-03-09 00:00,Y,188.01
807137,3,Paid Social,2025-06-10 00:00,N,0
806629,1,Paid Social,2024-11-08 00:00,N,0
808424,1,Paid Social,2024-02-10 00:00,N,0
803610,1,Paid Social,2024-10-31 00:00,Y,109.55
808263,1,Email,2025-06-23 00:00,N,0
807673,4,Email,2024-09-27 00:00,N,0
800391,1,SEO,2024-01-17 00:00,N,0
808822,1,Paid Social,2025-01-09 00:00,N,0
800659,1,Paid Search,2025-03-25 00:00,Y,160.1
800605,2,SEO,2024-05-31 00:00,N,0
807476,1,Paid Social,2025-02-17 00:00,Y,161.44
800322,2,SEO,2025-06-11 00:00,N,0
808834,1,Paid Search,2025-07-17 00:00,Y,118.52
801120,1,Paid Social,2024-09-29 00:00,Y,37.55
807927,1,Paid Search,2025-08-11 00:00,Y,58.19
800495,4,Paid Social,2024-05-15 00:00,Y,137.71
800496,2,SEO,2025-09-01 00:00,Y,142.57
808483,1,Paid Social,2024-11-12 00:00,Y,93.63
804181,4,Paid Search,2024-09-18 00:00,N,0
807596,3,Email,2024-01-10 00:00,Y,60.18
803505,3,Paid Social,2024-09-27 00:00,Y,57.17
804201,3,Email,2025-05-24 00:00,Y,186.24
804378,2,Email,2025-05-22 00:00,Y,98.07
805567,4,Paid Search,2024-02-29 00:00,N,0
800752,3,Paid Social,2024-12-30 00:00,Y,51.08
800007,3,Paid Social,2025-06-02 00:00,Y,181.91
801667,2,Paid Social,2024-04-25 00:00,N,0
802706,1,SEO,2024-07-26 00:00,Y,135.8
807400,1,SEO,2025-06-08 00:00,Y,136.76
804211,2,Paid Social,2025-01-18 00:00,N,0
804292,1,SEO,2024-08-26 00:00,Y,127.43
801914,5,Paid Search,2025-06-01 00:00,Y,40.71
803737,4,Email,2025-04-17 00:00,N,0
805866,2,SEO,2024-02-14 00:00,N,0
805014,1,SEO,2024-01-30 00:00,Y,75.5
807904,3,Paid Search,2024-10-06 00:00,Y,55.49
802037,1,Paid Search,2024-01-19 00:00,N,0
803813,3,Email,2024-12-28 00:00,N,0
808878,4,Paid Search,2024-09-30 00:00,Y,200.11
800976,5,SEO,2024-11-30 00:00,N,0
806936,1,Email,2025-04-16 00:00,Y,47.92
806728,1,Paid Social,2024-02-15 00:00,Y,63.11
801235,3,Email,2025-01-22 00:00,N,0
800943,3,Paid Social,2024-06-21 00:00,N,0
802110,3,Email,2024-01-30 00:00,N,0
803261,2,Paid Social,2024-12-16 00:00,Y,146.64
807018,1,Paid Social,2024-02-12 00:00,Y,96.98
803470,3,Paid Search,2024-06-24 00:00,N,0
807952,5,Email,2025-10-13 00:00,Y,215.5
802806,2,Paid Search,2024-11-19 00:00,Y,74.61
803254,5,Email,2025-02-10 00:00,N,0
806502,3,Paid Social,2024-07-26 00:00,Y,208.67
808842,3,Paid Search,2024-07-05 00:00,Y,219.6
807206,3,Email,2025-04-19 00:00,N,0
800435,2,Paid Search,2025-03-30 00:00,Y,64.49
808964,1,SEO,2025-06-18 00:00,Y,46.74
808829,1,Paid Search,2024-08-20 00:00,Y,208.21
808758,1,SEO,2024-12-28 00:00,Y,44.08
803536,1,SEO,2025-07-07 00:00,Y,76.69
800254,1,Paid Search,2025-08-09 00:00,Y,162.23
805219,1,Paid Social,2024-11-07 00:00,N,0
803713,1,Paid Search,2025-03-21 00:00,Y,174.53
805244,3,Email,2024-01-23 00:00,N,0
802036,3,Email,2024-10-23 00:00,Y,185.7
803725,2,Paid Social,2025-04-01 00:00,Y,174.24
808941,4,Paid Search,2025-05-29 00:00,Y,193.68
805219,2,Email,2024-11-08 00:00,N,0
804256,3,Email,2024-01-16 00:00,Y,206.09
805930,2,SEO,2025-06-16 00:00,Y,210.41
808772,1,Paid Search,2024-05-11 00:00,Y,132.54
807983,1,Paid Social,2024-09-20 00:00,Y,94.61
800479,2,Paid Social,2024-11-28 00:00,Y,120.86
808647,1,SEO,2024-02-10 00:00,Y,100.2
801038,4,Email,2025-09-10 00:00,N,0
805285,2,Email,2025-09-30 00:00,Y,95.81
807566,3,Paid Search,2025-03-11 00:00,Y,213.21
800632,2,Paid Search,2024-08-01 00:00,Y,122.67
801256,2,SEO,2024-05-19 00:00,Y,87.18
805685,2,SEO,2025-08-04 00:00,N,0
803295,2,Paid Social,2024-08-26 00:00,Y,211.21
806527,1,Paid Social,2024-05-15 00:00,N,0
807277,2,Paid Social,2024-05-25 00:00,N,0
805843,3,Email,2025-08-30 00:00,Y,186.23
800697,2,Email,2025-08-08 00:00,N,0
808257,1,Email,2025-08-24 00:00,Y,170.48
802097,3,Email,2025-07-13 00:00,Y,152.51
803378,1,Paid Social,2024-09-03 00:00,N,0
803714,2,Paid Social,2024-06-27 00:00,N,0
807991,1,Paid Search,2025-10-08 00:00,Y,99.12
806336,2,SEO,2024-05-05 00:00,Y,201.04
802759,1,Paid Search,2025-01-24 00:00,N,0
801940,1,SEO,2024-01-09 00:00,N,0
807941,1,SEO,2024-03-06 00:00,Y,196.53
803916,3,Email,2025-06-04 00:00,Y,183.94
807523,3,Email,2024-05-20 00:00,Y,83.44
800345,2,Paid Social,2024-06-05 00:00,Y,119.64
801063,3,Paid Social,2025-06-16 00:00,N,0
801906,2,Paid Search,2024-07-23 00:00,N,0
800469,4,Email,2025-03-31 00:00,N,0
803701,2,Paid Social,2025-08-05 00:00,Y,196.85
808989,3,Paid Search,2024-06-28 00:00,N,0
806408,1,Paid Social,2025-06-16 00:00,N,0
802245,5,SEO,2025-10-17 00:00,Y,148.84
804985,1,Paid Social,2024-10-28 00:00,N,0
806260,2,Paid Search,2025-09-11 00:00,N,0
803955,1,Email,2024-10-17 00:00,Y,61.43
807249,1,SEO,2024-06-14 00:00,Y,213.25
808730,2,Paid Search,2024-09-21 00:00,Y,211.23
805784,3,Paid Search,2024-12-13 00:00,N,0
800011,2,Paid Search,2024-04-18 00:00,Y,125.0
801269,2,SEO,2025-04-03 00:00,N,0
802063,2,Paid Social,2025-10-08 00:00,N,0
807795,4,SEO,2025-02-24 00:00,N,0
803554,1,SEO,2024-06-21 00:00,N,0
805619,1,SEO,2025-01-17 00:00,N,0
805042,5,Email,2025-01-19 00:00,N,0
805906,3,Paid Search,2024-04-26 00:00,Y,212.69
807350,1,SEO,2025-10-12 00:00,Y,108.76
805144,1,SEO,2025-02-04 00:00,N,0
805597,1,SEO,2024-04-07 00:00,Y,181.12
803741,2,Paid Social,2025-10-11 00:00,Y,108.29
803140,2,Paid Social,2025-03-24 00:00,Y,180.83
800380,1,SEO,2025-04-05 00:00,N,0
802753,5,Email,2025-05-29 00:00,N,0
808098,3,Email,2025-04-27 00:00,Y,120.77
803814,2,Email,2024-04-21 00:00,Y,182.91
800772,1,Paid Search,2024-10-12 00:00,N,0
801915,1,SEO,2024-08-17 00:00,Y,148.87
800542,4,Email,2025-05-29 00:00,Y,35.81
802298,4,Email,2024-05-26 00:00,Y,96.12
803315,1,Email,2025-03-08 00:00,Y,129.32
807500,4,Email,2024-08-09 00:00,N,0
800509,2,Email,2025-02-26 00:00,N,0
801486,1,SEO,2025-03-22 00:00,Y,67.53
802357,1,Paid Social,2024-09-18 00:00,N,0
808189,1,SEO,2024-02-22 00:00,Y,93.01
804762,3,Email,2025-05-06 00:00,N,0
807621,1,Paid Search,2025-09-14 00:00,N,0
800211,2,SEO,2024-02-16 00:00,Y,80.33
806892,3,Email,2025-01-02 00:00,Y,203.26
808787,2,SEO,2024-03-19 00:00,Y,148.84
808475,4,SEO,2024-06-10 00:00,N,0
808610,3,SEO,2025-09-08 00:00,N,0
802692,1,Paid Social,2024-07-09 00:00,Y,178.15
806410,3,SEO,2024-02-12 00:00,Y,173.55
808935,5,Email,2024-05-25 00:00,Y,90.98
808131,1,SEO,2024-03-26 00:00,Y,44.22
802805,1,SEO,2024-04-20 00:00,Y,138.76
804987,2,SEO,2024-05-02 00:00,N,0
807472,2,Email,2024-08-06 00:00,Y,79.54
802976,2,SEO,2025-04-16 00:00,Y,127.14
800949,1,Email,2024-11-21 00:00,Y,122.01
807041,2,Email,2024-04-25 00:00,Y,210.84
803968,1,Email,2024-01-16 00:00,N,0
806894,3,SEO,2024-03-30 00:00,Y,128.88
804702,1,Paid Search,2025-03-27 00:00,Y,140.86
802094,1,SEO,2025-03-01 00:00,N,0
805477,4,Email,2025-03-03 00:00,N,0
802351,2,SEO,2024-05-09 00:00,Y,208.1
801314,1,Paid Search,2024-04-04 00:00,Y,145.52
802375,2,SEO,2024-07-15 00:00,Y,207.85
800439,1,SEO,2025-10-14 00:00,Y,94.62
804648,3,Email,2024-05-07 00:00,N,0
802952,1,Email,2025-07-03 00:00,N,0
807740,1,Paid Search,2024-12-20 00:00,Y,81.18
808266,1,SEO,2025-05-14 00:00,Y,194.81
802011,1,Paid Search,2025-06-29 00:00,Y,125.83
805481,2,Paid Social,2024-12-20 00:00,Y,185.97
800161,1,Email,2025-01-15 00:00,N,0
806375,1,Email,2024-05-14 00:00,Y,54.16
800593,3,SEO,2024-12-03 00:00,Y,76.59
804168,2,Paid Social,2025-06-23 00:00,Y,112.07
804405,2,Paid Search,2024-01-29 00:00,Y,53.05
808645,2,SEO,2025-03-23 00:00,Y,198.47
807691,1,SEO,2025-06-15 00:00,Y,156.22
801766,1,Email,2024-09-25 00:00,Y,214.28
803894,4,Email,2025-03-21 00:00,Y,202.57
803178,2,Paid Social,2024-10-09 00:00,Y,73.93
801184,5,Email,2024-12-29 00:00,Y,180.04
804199,2,Paid Search,2024-03-22 00:00,Y,48.03
804364,2,Paid Social,2025-07-03 00:00,N,0
804318,3,SEO,2025-03-31 00:00,Y,58.09
804141,2,Paid Social,2025-08-20 00:00,Y,104.15
807969,1,SEO,2024-09-21 00:00,Y,147.15
804224,1,Paid Social,2025-08-23 00:00,Y,125.65
806986,1,Email,2024-06-12 00:00,Y,200.44
800908,1,SEO,2025-05-12 00:00,Y,137.39
802005,1,Paid Search,2024-01-26 00:00,Y,198.23
801457,2,Paid Search,2024-06-27 00:00,Y,215.22
805189,3,Email,2025-07-29 00:00,Y,92.97
803329,1,Paid Search,2025-08-09 00:00,N,0
800292,3,Paid Social,2025-06-25 00:00,Y,152.08
802840,1,Paid Social,2025-03-26 00:00,Y,154.97
808764,2,Paid Search,2025-09-01 00:00,Y,103.46
806477,1,Email,2025-05-10 00:00,Y,43.46
801884,3,Email,2024-10-08 00:00,Y,198.53
802856,1,SEO,2024-11-29 00:00,N,0
804073,1,SEO,2025-01-24 00:00,N,0
807738,1,Paid Social,2025-01-09 00:00,Y,99.95
800824,1,Paid Social,2024-07-02 00:00,N,0
806033,1,Paid Search,2024-05-05 00:00,Y,56.99
805102,5,Email,2025-04-09 00:00,Y,167.15
801603,2,Paid Search,2025-03-28 00:00,N,0
804108,1,SEO,2025-08-02 00:00,Y,44.08
806529,1,Paid Social,2024-03-09 00:00,Y,150.63
800208,1,SEO,2025-05-04 00:00,N,0
801210,1,Email,2024-04-06 00:00,N,0
806892,1,SEO,2024-12-31 00:00,Y,203.26
808087,1,Paid Social,2024-09-04 00:00,N,0
806051,2,Email,2025-01-04 00:00,Y,160.23
803027,2,Paid Social,2025-01-24 00:00,Y,185.23
807071,3,SEO,2025-07-20 00:00,N,0
806598,2,Paid Search,2024-01-12 00:00,Y,79.55
802703,3,Paid Search,2024-11-27 00:00,N,0
801653,2,Paid Social,2025-02-18 00:00,Y,110.77
803209,1,SEO,2024-04-10 00:00,Y,168.08
807859,1,SEO,2024-07-13 00:00,Y,128.36
807847,2,Paid Search,2025-04-21 00:00,Y,53.08
807170,1,SEO,2024-07-25 00:00,N,0
804011,2,Email,2025-04-13 00:00,N,0
808177,1,Email,2025-08-27 00:00,Y,69.45
807681,2,SEO,2025-07-03 00:00,Y,178.62
800981,1,Email,2024-06-09 00:00,Y,150.35
803071,1,Paid Search,2024-11-05 00:00,N,0
808611,3,Paid Search,2024-04-28 00:00,N,0
807994,2,SEO,2025-03-10 00:00,N,0
804272,2,Email,2025-08-27 00:00,Y,39.22
800353,1,SEO,2025-10-08 00:00,N,0
802214,1,Paid Social,2025-03-08 00:00,Y,93.36
804963,2,Email,2024-11-26 00:00,Y,128.2
806547,2,Paid Social,2024-02-23 00:00,Y,60.98
805365,4,Paid Search,2025-07-31 00:00,Y,198.55
803234,2,Paid Social,2024-05-27 00:00,N,0
800067,3,Email,2025-07-03 00:00,Y,77.75
802861,3,Email,2025-07-02 00:00,Y,145.56
800823,2,Paid Search,2025-04-06 00:00,N,0
801964,4,Email,2024-11-21 00:00,Y,208.5
801807,2,Paid Social,2024-02-25 00:00,Y,97.23
801481,3,Paid Search,2024-08-15 00:00,N,0
801546,1,Paid Social,2024-10-10 00:00,Y,50.56
807071,2,Paid Search,2025-07-17 00:00,N,0
802002,5,SEO,2025-02-02 00:00,Y,124.67
802673,1,SEO,2024-11-10 00:00,Y,93.47
807138,1,Paid Social,2025-04-29 00:00,N,0
808762,1,Email,2025-10-13 00:00,Y,206.57
802159,1,SEO,2025-05-09 00:00,N,0
804247,2,Paid Search,2024-02-11 00:00,Y,192.9
805016,3,Paid Search,2025-03-24 00:00,N,0
806160,1,Paid Search,2024-07-10 00:00,N,0
807856,1,Paid Search,2025-02-13 00:00,N,0
805773,3,Email,2025-04-17 00:00,N,0
808953,1,SEO,2025-01-15 00:00,Y,117.29
807599,2,Email,2025-05-12 00:00,Y,65.89
803634,1,Email,2025-07-18 00:00,N,0
802641,2,Paid Search,2024-04-02 00:00,Y,192.15
806465,2,SEO,2024-08-01 00:00,Y,114.37
806418,3,Paid Social,2024-01-27 00:00,Y,203.82
800149,1,Paid Search,2025-09-26 00:00,N,0
802067,5,Paid Search,2024-09-02 00:00,Y,144.24
806667,2,SEO,2024-02-11 00:00,N,0
802168,2,Paid Social,2024-07-17 00:00,Y,198.04
803317,2,Email,2025-08-30 00:00,Y,136.85
805221,2,SEO,2024-02-14 00:00,Y,175.13
807642,2,SEO,2024-04-18 00:00,Y,56.77
805365,5,Paid Search,2025-08-04 00:00,Y,198.55
805986,2,Paid Search,2024-12-15 00:00,N,0
808708,1,Paid Social,2024-05-31 00:00,Y,116.74
800725,1,SEO,2024-04-16 00:00,N,0
805754,4,Paid Search,2025-08-13 00:00,N,0
807183,2,Paid Search,2025-08-31 00:00,N,0
802325,1,Paid Social,2024-09-24 00:00,Y,140.61
808230,1,Paid Search,2025-06-15 00:00,N,0
804486,4,SEO,2024-02-13 00:00,Y,198.38
807250,1,Paid Social,2025-09-21 00:00,N,0
803980,4,Paid Social,2024-11-08 00:00,N,0
806095,4,Paid Social,2025-09-06 00:00,Y,86.45
804204,2,Paid Search,2025-05-24 00:00,N,0
800522,3,Paid Search,2024-07-23 00:00,Y,51.04
803709,1,SEO,2024-03-02 00:00,Y,84.54
808173,2,Email,2025-06-06 00:00,N,0
800678,1,Paid Social,2025-06-19 00:00,N,0
801717,2,SEO,2025-01-28 00:00,Y,178.57
804271,1,SEO,2025-07-10 00:00,N,0
808013,2,SEO,2024-01-19 00:00,N,0
807369,3,Email,2024-06-28 00:00,Y,69.6
801030,3,Email,2025-06-09 00:00,N,0
807990,3,Paid Social,2025-03-26 00:00,N,0
802857,3,Email,2025-05-14 00:00,Y,113.32
806780,1,Email,2025-08-20 00:00,N,0
805262,2,Paid Social,2025-07-05 00:00,Y,53.4
804339,1,SEO,2025-09-15 00:00,N,0
806756,1,Paid Search,2025-04-19 00:00,Y,51.08
808067,4,Email,2025-10-19 00:00,Y,113.91
802766,1,Paid Search,2025-07-13 00:00,Y,103.61
808151,1,SEO,2025-08-23 00:00,Y,132.78
807712,2,Paid Search,2025-09-17 00:00,N,0
805513,1,Paid Social,2024-07-14 00:00,Y,165.93
801759,3,Paid Social,2025-03-10 00:00,Y,155.66
808533,2,Email,2024-06-15 00:00,Y,217.23
804745,2,Email,2024-07-05 00:00,Y,109.42
800128,1,SEO,2024-04-13 00:00,Y,135.26
802688,1,Paid Social,2025-10-01 00:00,N,0
808596,1,Paid Social,2024-12-12 00:00,Y,138.82
802780,2,Paid Social,2024-03-30 00:00,N,0
804745,1,SEO,2024-07-02 00:00,Y,109.42
805732,3,Paid Social,2024-10-06 00:00,N,0
803034,2,Paid Search,2024-04-30 00:00,N,0
804435,1,Paid Social,2024-05-16 00:00,N,0
807252,1,Paid Social,2024-12-18 00:00,Y,150.57
801626,1,Paid Social,2024-05-26 00:00,Y,53.27
803437,2,Paid Search,2024-02-13 00:00,Y,151.61
805836,2,Email,2024-04-23 00:00,N,0
803125,3,Email,2024-06-25 00:00,Y,201.23
805344,2,Paid Social,2025-05-27 00:00,N,0
808856,3,Paid Search,2024-08-09 00:00,Y,110.1
803181,3,Email,2025-08-24 00:00,Y,189.71
804763,2,Paid Search,2024-06-05 00:00,Y,56.51
805201,1,SEO,2024-10-21 00:00,N,0
807072,3,Paid Search,2025-01-23 00:00,Y,110.36
804250,4,Email,2025-02-01 00:00,N,0
808805,1,SEO,2024-05-05 00:00,N,0
807007,3,SEO,2025-07-24 00:00,N,0
801037,1,Email,2024-07-20 00:00,N,0
808199,1,Paid Search,2025-08-12 00:00,Y,85.37
802784,3,Paid Social,2024-08-03 00:00,Y,181.04
804130,1,SEO,2024-11-18 00:00,N,0
804645,3,Email,2025-04-09 00:00,Y,67.24
804689,3,Email,2025-03-02 00:00,N,0
804356,2,Paid Search,2025-02-04 00:00,Y,159.48
804872,1,Paid Social,2025-07-16 00:00,N,0
803007,4,Email,2024-12-20 00:00,Y,174.54
807203,2,SEO,2025-04-22 00:00,Y,174.49
801791,2,Paid Search,2024-07-26 00:00,N,0
803247,5,Paid Search,2024-04-05 00:00,Y,205.1
806965,1,Paid Social,2025-01-06 00:00,N,0
804802,2,Paid Social,2025-01-23 00:00,Y,42.65
803644,2,Email,2025-04-15 00:00,N,0
805091,3,Paid Social,2025-01-14 00:00,Y,60.17
802005,2,SEO,2024-01-28 00:00,Y,198.23
807194,2,SEO,2024-04-25 00:00,Y,94.57
803647,1,Email,2025-03-09 00:00,Y,149.73
807360,2,Email,2025-07-20 00:00,N,0
806179,1,Email,2024-06-13 00:00,N,0
807417,2,Email,2024-08-06 00:00,N,0
808418,5,Paid Search,2024-10-20 00:00,Y,193.47
800903,3,Email,2025-04-08 00:00,Y,195.9
808062,1,Paid Social,2024-02-14 00:00,Y,130.45
801137,1,SEO,2025-04-26 00:00,Y,193.28
807591,3,Paid Search,2024-03-31 00:00,N,0
800521,4,Paid Search,2024-07-18 00:00,Y,171.56
800204,4,Email,2024-11-24 00:00,Y,191.08
804732,4,Email,2025-07-29 00:00,Y,39.2
800935,1,Paid Social,2025-07-12 00:00,N,0
804321,4,Email,2024-11-29 00:00,Y,134.34
801412,5,Email,2024-07-02 00:00,Y,171.27
807830,1,Paid Social,2025-07-21 00:00,Y,86.73
807341,1,SEO,2025-02-12 00:00,Y,35.34
803036,2,Email,2024-04-22 00:00,N,0
805676,2,SEO,2024-01-31 00:00,Y,166.79
807086,2,Paid Search,2025-05-24 00:00,Y,81.96
800765,2,SEO,2024-06-28 00:00,Y,43.28
800108,1,Paid Social,2025-06-23 00:00,Y,133.04
808995,2,Email,2024-02-21 00:00,N,0
807062,2,Email,2024-11-07 00:00,Y,216.85
804263,2,Paid Search,2025-10-11 00:00,Y,215.09
800794,3,Paid Search,2024-07-16 00:00,Y,70.37
807303,3,Paid Social,2024-11-10 00:00,Y,154.53
807531,5,Paid Search,2024-09-06 00:00,Y,40.64
807614,2,Email,2024-02-22 00:00,Y,153.24
802182,1,SEO,2025-08-22 00:00,Y,94.86
804619,4,Email,2024-02-25 00:00,Y,131.33
800801,1,Paid Search,2025-10-09 00:00,Y,164.85
800541,3,Paid Search,2024-04-17 00:00,Y,119.52
801777,2,Paid Search,2025-10-20 00:00,Y,146.45
805360,2,Email,2024-09-21 00:00,Y,171.36
806366,1,Paid Social,2025-02-01 00:00,Y,79.03
808590,1,Email,2025-01-25 00:00,N,0
808656,3,Email,2025-10-10 00:00,Y,126.89
808149,1,Paid Search,2024-02-21 00:00,Y,178.94
802041,4,SEO,2025-02-02 00:00,Y,130.16
808768,1,Paid Search,2024-02-13 00:00,Y,166.88
804848,4,Email,2025-09-09 00:00,Y,104.87
805497,1,Paid Social,2025-07-28 00:00,N,0
808909,4,Paid Search,2025-02-07 00:00,N,0
804528,3,Email,2024-06-16 00:00,N,0
808156,1,Email,2025-07-30 00:00,N,0
800793,2,Email,2025-01-11 00:00,Y,201.34
804597,3,Email,2024-07-25 00:00,Y,193.43
804877,2,SEO,2025-01-22 00:00,Y,144.69
804936,2,Email,2025-01-14 00:00,N,0
800836,2,Paid Search,2024-02-25 00:00,N,0
808054,3,Paid Search,2024-01-15 00:00,Y,46.81
803972,2,Email,2025-06-26 00:00,Y,80.37
802743,3,SEO,2024-12-08 00:00,Y,203.21
803147,2,SEO,2024-05-19 00:00,N,0
802872,1,Email,2024-03-21 00:00,Y,69.99
803374,1,Paid Social,2025-07-10 00:00,Y,150.06
804706,3,Paid Social,2025-07-27 00:00,Y,131.46
804504,3,Email,2024-11-07 00:00,Y,78.26
802312,5,Email,2025-01-13 00:00,Y,47.19
805959,2,SEO,2024-11-04 00:00,N,0
805565,1,Paid Search,2024-10-07 00:00,N,0
802499,3,Paid Social,2024-05-23 00:00,Y,95.93
802841,3,Paid Social,2024-02-08 00:00,Y,77.85
806889,4,Email,2024-04-11 00:00,Y,103.44
801682,2,Email,2025-04-01 00:00,Y,214.18
807225,1,Paid Search,2025-10-17 00:00,Y,120.3
807307,1,Email,2025-08-20 00:00,N,0
805574,4,Paid Search,2025-02-04 00:00,N,0
800080,3,Paid Social,2024-09-11 00:00,Y,64.47
801690,2,Paid Search,2024-07-16 00:00,Y,39.3
801247,2,Paid Search,2024-07-11 00:00,Y,67.76
801052,3,Email,2025-10-21 00:00,N,0
806352,1,Paid Search,2025-09-12 00:00,N,0
804921,1,SEO,2024-12-25 00:00,N,0
800484,2,Paid Social,2024-01-15 00:00,Y,50.63
808629,1,SEO,2024-03-13 00:00,Y,219.59
800047,1,Paid Search,2024-11-20 00:00,Y,207.95
803458,1,Paid Social,2025-01-30 00:00,N,0
805398,2,Paid Search,2025-02-24 00:00,Y,58.82
802896,2,SEO,2025-08-19 00:00,Y,66.61
807951,3,Email,2025-10-18 00:00,Y,184.95
804689,1,SEO,2025-02-28 00:00,N,0
801677,3,Paid Search,2024-12-01 00:00,Y,112.73
806944,3,Email,2024-09-01 00:00,N,0
801504,2,SEO,2025-09-24 00:00,N,0
808224,1,Paid Social,2025-03-08 00:00,N,0
802594,3,Paid Search,2024-01-12 00:00,Y,146.81
801530,5,Paid Social,2025-06-22 00:00,N,0
802987,1,SEO,2024-04-14 00:00,N,0
804952,1,Paid Social,2025-09-24 00:00,Y,102.54
802015,2,Email,2025-06-05 00:00,N,0
803532,2,Paid Search,2024-05-21 00:00,N,0
804750,1,Email,2024-03-26 00:00,Y,151.87
803793,3,Paid Social,2024-05-02 00:00,Y,202.08
801444,5,Email,2024-08-04 00:00,Y,126.78
803345,3,Paid Social,2024-02-11 00:00,N,0
804186,3,Paid Search,2025-06-09 00:00,Y,154.31
807486,5,Paid Social,2025-01-18 00:00,Y,150.61
803843,2,Paid Social,2025-09-12 00:00,N,0
806954,1,Paid Social,2025-02-09 00:00,N,0
801622,2,SEO,2025-01-06 00:00,N,0
803408,1,Paid Social,2025-08-04 00:00,Y,132.63
803689,1,SEO,2025-05-20 00:00,Y,54.55
805531,1,Paid Social,2024-12-27 00:00,N,0
801665,2,Email,2024-09-23 00:00,Y,110.75
805363,3,Paid Search,2024-09-12 00:00,Y,39.0
803032,2,SEO,2025-05-26 00:00,Y,159.58
802463,1,Paid Social,2024-09-21 00:00,Y,191.62
800405,1,SEO,2025-08-23 00:00,N,0
800448,2,SEO,2024-08-26 00:00,N,0
808744,2,Email,2024-09-06 00:00,Y,43.24
801564,3,Email,2024-05-11 00:00,Y,95.28
801048,1,Paid Social,2025-01-09 00:00,Y,140.04
801041,1,Paid Search,2024-12-25 00:00,Y,130.37
801746,3,Email,2024-01-10 00:00,N,0
800506,5,Paid Social,2024-05-27 00:00,Y,191.33
800845,2,Email,2024-04-28 00:00,Y,56.63
806814,3,Email,2024-06-17 00:00,Y,153.48
805136,4,Paid Social,2024-11-09 00:00,Y,161.06
807907,1,Email,2024-05-30 00:00,N,0
803502,1,SEO,2025-09-17 00:00,Y,79.22
800371,2,SEO,2024-08-16 00:00,Y,219.09
804295,3,Email,2024-02-11 00:00,Y,96.94
806057,1,Email,2024-06-14 00:00,Y,85.28
808988,2,Paid Social,2025-05-18 00:00,Y,212.25
806121,1,Paid Search,2025-10-12 00:00,Y,70.23
801921,2,Email,2025-10-14 00:00,Y,88.84
802618,4,Paid Search,2024-11-05 00:00,Y,82.55
806988,2,Paid Search,2024-05-17 00:00,Y,174.11
804499,3,Paid Search,2024-08-16 00:00,N,0
806139,1,Paid Social,2025-05-04 00:00,Y,142.91
802372,2,Email,2024-04-19 00:00,Y,123.78
804790,3,Paid Search,2024-01-24 00:00,Y,119.88
808979,2,Paid Social,2025-09-14 00:00,Y,130.26
801360,1,Paid Search,2024-09-11 00:00,Y,74.68
802994,1,Paid Social,2024-12-09 00:00,Y,109.1
806106,2,Email,2024-07-15 00:00,Y,91.89
808792,2,SEO,2024-10-15 00:00,Y,174.39
800065,2,Paid Search,2025-10-10 00:00,N,0
808955,2,Paid Social,2025-06-22 00:00,Y,94.48
805213,1,Paid Social,2025-01-26 00:00,Y,174.74
803941,1,Paid Social,2025-08-06 00:00,Y,81.18
804754,2,Paid Social,2025-03-08 00:00,Y,70.21
801862,2,Email,2024-03-15 00:00,Y,40.63
806871,3,Paid Social,2025-10-09 00:00,N,0
806618,1,SEO,2024-03-22 00:00,Y,132.4
807836,3,Paid Search,2024-01-24 00:00,Y,113.59
807545,3,Email,2025-05-24 00:00,Y,124.98
801105,3,Paid Search,2025-08-22 00:00,N,0
801861,2,Paid Social,2024-06-27 00:00,Y,58.52
804675,1,SEO,2025-10-09 00:00,N,0
800185,3,Email,2024-03-29 00:00,Y,83.49
807374,1,Paid Social,2025-01-13 00:00,N,0
807252,2,Paid Social,2024-12-19 00:00,Y,150.57
801167,3,Paid Search,2024-11-25 00:00,Y,121.05
801548,1,Paid Search,2025-06-21 00:00,N,0
804510,1,Paid Social,2025-08-14 00:00,Y,57.71
805259,2,Email,2025-08-17 00:00,N,0
800362,4,Email,2024-01-24 00:00,Y,204.08
802825,1,SEO,2025-06-26 00:00,Y,132.92
806199,1,Paid Social,2024-06-27 00:00,Y,182.53
805553,4,Paid Social,2025-09-23 00:00,N,0
800999,2,Email,2024-04-10 00:00,Y,76.91
806941,1,Paid Search,2025-04-25 00:00,N,0
803997,5,Email,2024-04-15 00:00,N,0
800517,2,Paid Social,2025-04-05 00:00,Y,152.41
800265,1,SEO,2025-08-17 00:00,N,0
805885,2,Paid Search,2025-09-20 00:00,Y,122.01
806775,1,Paid Social,2025-09-28 00:00,Y,139.18
806005,2,SEO,2025-10-13 00:00,Y,132.72
802926,1,Paid Social,2024-03-01 00:00,N,0
804204,3,SEO,2025-05-24 00:00,N,0
805187,3,SEO,2024-04-08 00:00,Y,204.16
800296,1,Paid Social,2025-02-17 00:00,Y,37.99
805864,2,Email,2025-03-25 00:00,Y,51.71
806801,2,Paid Social,2024-08-28 00:00,Y,197.65
804466,2,SEO,2024-11-09 00:00,Y,112.66
808393,2,Paid Search,2025-03-22 00:00,Y,124.76
804029,1,Paid Social,2025-04-28 00:00,Y,87.29
807926,2,Paid Search,2024-08-10 00:00,Y,135.14
802411,3,Email,2024-08-17 00:00,N,0
803523,2,Paid Social,2024-12-08 00:00,Y,113.19
805934,2,Paid Search,2025-05-20 00:00,Y,208.45
802854,1,Paid Social,2025-07-03 00:00,N,0
802083,2,Paid Social,2024-01-04 00:00,Y,193.36
801508,3,Paid Search,2024-09-08 00:00,Y,96.54
804839,1,SEO,2024-05-10 00:00,Y,120.2
808237,1,Email,2024-10-10 00:00,Y,165.08
800112,5,Email,2025-02-12 00:00,Y,127.64
800221,1,SEO,2025-09-12 00:00,N,0
808274,3,Email,2025-01-08 00:00,Y,125.6
807334,3,Paid Social,2024-07-15 00:00,Y,103.38
800986,1,Paid Social,2025-06-21 00:00,Y,149.32
800413,1,SEO,2024-12-21 00:00,Y,102.61
802987,3,Paid Social,2024-04-20 00:00,N,0
804875,1,Paid Social,2025-01-02 00:00,Y,142.12
802059,4,Email,2024-08-07 00:00,N,0
806955,1,Paid Social,2024-09-21 00:00,N,0
805162,2,SEO,2025-01-10 00:00,N,0
800903,4,Email,2025-04-15 00:00,Y,195.9
804879,1,Email,2025-02-07 00:00,Y,131.92
805471,1,Paid Search,2025-02-22 00:00,Y,144.08
805642,1,Paid Social,2025-06-09 00:00,N,0
804319,2,Paid Social,2025-04-29 00:00,N,0
805124,1,SEO,2025-09-30 00:00,Y,152.21
807066,4,Paid Search,2024-10-24 00:00,N,0
808204,1,SEO,2024-01-11 00:00,Y,188.62
805267,1,Email,2025-01-05 00:00,Y,160.75
802768,2,SEO,2024-06-06 00:00,N,0
806338,5,SEO,2025-06-21 00:00,N,0
806894,4,Email,2024-04-07 00:00,Y,128.88
803925,1,SEO,2024-09-28 00:00,Y,184.42
801369,1,Paid Social,2025-08-02 00:00,N,0
801775,4,Email,2024-05-06 00:00,N,0
803695,2,Paid Search,2025-05-09 00:00,Y,146.33
808497,4,Paid Search,2025-02-06 00:00,N,0
801849,5,Paid Social,2024-07-16 00:00,N,0
800947,1,SEO,2024-11-11 00:00,Y,89.72
805431,1,SEO,2025-04-15 00:00,Y,216.85
808613,2,SEO,2025-08-13 00:00,Y,66.0
800921,2,Paid Social,2024-10-10 00:00,N,0
807097,2,Email,2025-04-22 00:00,N,0
805148,2,Paid Search,2024-09-30 00:00,Y,86.86
803304,3,Paid Search,2024-02-01 00:00,Y,96.38
805765,3,Paid Search,2025-04-30 00:00,N,0
808619,1,Paid Search,2024-11-08 00:00,N,0
808672,2,Paid Search,2025-06-19 00:00,Y,76.64
802539,1,Paid Social,2025-05-06 00:00,Y,160.92
801676,4,Paid Search,2024-03-03 00:00,Y,122.77
806986,4,Email,2024-06-18 00:00,Y,200.44
808265,3,Paid Search,2024-01-19 00:00,N,0
803620,1,Paid Social,2024-12-26 00:00,Y,116.37
800769,4,Paid Search,2025-01-24 00:00,Y,87.08
800272,3,Email,2025-01-10 00:00,N,0
806414,2,Paid Search,2024-01-31 00:00,Y,180.46
807210,1,Paid Search,2025-08-16 00:00,N,0
808330,1,Paid Social,2024-12-19 00:00,Y,168.89
804946,2,Paid Social,2024-05-17 00:00,N,0
801801,3,Email,2024-10-11 00:00,Y,193.11
800941,1,Paid Social,2024-07-05 00:00,N,0
800660,1,SEO,2024-08-18 00:00,Y,35.39
800510,1,SEO,2024-06-08 00:00,Y,209.95
806294,1,SEO,2024-05-16 00:00,N,0
806267,4,Email,2025-08-15 00:00,Y,137.19
806365,2,Paid Search,2025-05-21 00:00,Y,192.08
801600,2,Email,2025-02-19 00:00,N,0
801957,1,SEO,2025-01-29 00:00,Y,50.63
801246,2,Email,2025-05-13 00:00,Y,116.61
806136,3,Email,2024-06-30 00:00,N,0
807316,1,Paid Social,2025-02-13 00:00,Y,151.26
800237,4,Email,2025-03-30 00:00,N,0
805455,3,SEO,2025-07-25 00:00,Y,143.44
806772,1,SEO,2025-04-09 00:00,Y,149.93
805932,3,Paid Search,2024-08-26 00:00,Y,153.15
804706,4,Email,2025-07-25 00:00,Y,131.46
801175,2,Email,2024-11-08 00:00,Y,214.07
807582,1,Paid Social,2024-10-01 00:00,N,0
805522,2,Email,2025-05-02 00:00,N,0
800615,1,Paid Search,2024-02-27 00:00,N,0
807642,3,Email,2024-04-25 00:00,Y,56.77
805718,2,Paid Social,2024-08-12 00:00,N,0
802726,1,Paid Social,2024-03-26 00:00,Y,87.43
806326,2,Paid Search,2025-10-04 00:00,Y,121.15
805063,3,SEO,2024-05-04 00:00,Y,75.73
802725,2,Paid Search,2024-06-24 00:00,N,0
807914,1,Paid Social,2025-04-11 00:00,Y,132.32
801186,4,Paid Search,2024-01-14 00:00,Y,143.96
800326,4,Email,2025-09-20 00:00,Y,72.07
804350,1,Email,2024-11-16 00:00,Y,44.67
801544,2,Email,2024-09-05 00:00,Y,41.65
806701,2,Email,2025-03-09 00:00,Y,127.95
802976,4,Email,2025-04-18 00:00,Y,127.14
804268,2,Paid Social,2024-07-10 00:00,N,0
806256,1,Paid Search,2024-06-13 00:00,N,0
800591,3,Paid Search,2024-04-04 00:00,Y,150.52
801164,2,Paid Search,2024-04-16 00:00,Y,102.3
800214,1,SEO,2025-04-15 00:00,Y,70.07
800163,1,Paid Social,2025-09-11 00:00,N,0
808913,3,Email,2024-01-11 00:00,N,0
804243,1,Paid Social,2024-12-06 00:00,N,0
804400,1,SEO,2024-04-04 00:00,Y,55.91
803278,1,SEO,2025-01-01 00:00,N,0
801289,3,SEO,2025-06-18 00:00,Y,39.72
806212,3,SEO,2024-06-18 00:00,N,0
801152,3,Paid Social,2025-10-14 00:00,Y,129.91
800315,2,Paid Search,2024-07-22 00:00,Y,175.28
802252,1,SEO,2024-07-01 00:00,Y,132.91
802639,1,Paid Search,2024-05-23 00:00,Y,180.81
806765,2,Paid Search,2025-01-24 00:00,Y,63.05
806797,2,Email,2025-08-28 00:00,Y,62.47
806133,2,Email,2024-06-22 00:00,N,0
808477,1,SEO,2025-04-27 00:00,Y,114.24
806932,1,Email,2024-10-26 00:00,Y,218.95
808902,2,Email,2024-11-20 00:00,Y,147.22
805209,2,Paid Search,2024-07-23 00:00,Y,210.01
806232,1,Paid Social,2024-12-01 00:00,Y,186.61
808827,1,SEO,2024-01-17 00:00,Y,146.37
805613,3,Paid Search,2024-01-25 00:00,Y,211.2
807108,1,Paid Social,2025-04-25 00:00,Y,159.15
807023,3,Paid Search,2024-03-08 00:00,Y,152.13
801302,2,Paid Search,2024-12-27 00:00,Y,200.9
802622,3,Email,2024-09-20 00:00,N,0
807588,1,SEO,2024-03-03 00:00,Y,37.58
800703,2,Email,2024-07-21 00:00,Y,87.56
802594,1,Paid Search,2024-01-08 00:00,Y,146.81
805684,3,Email,2025-02-03 00:00,N,0
802756,3,Paid Search,2024-12-15 00:00,Y,159.4
808790,2,Paid Search,2024-02-15 00:00,Y,60.57
801430,3,SEO,2024-05-25 00:00,Y,115.84
806908,2,Paid Search,2024-12-30 00:00,Y,151.97
806631,2,Paid Social,2024-03-09 00:00,Y,42.28
800460,2,Email,2024-08-18 00:00,N,0
800891,2,Email,2024-06-11 00:00,N,0
807725,2,SEO,2025-07-01 00:00,Y,172.37
807112,1,Paid Social,2024-10-02 00:00,N,0
800988,2,SEO,2025-10-01 00:00,Y,189.32
808294,2,Paid Search,2024-10-06 00:00,N,0
806616,3,SEO,2024-06-30 00:00,Y,135.39
806375,2,Email,2024-05-18 00:00,Y,54.16
807906,3,Paid Search,2024-12-30 00:00,N,0
806198,1,Paid Search,2025-01-09 00:00,N,0
806107,1,Paid Social,2025-01-05 00:00,N,0
808022,2,SEO,2025-10-19 00:00,Y,167.87
804727,2,Email,2025-02-18 00:00,Y,55.41
803409,2,SEO,2024-02-17 00:00,Y,179.2
808631,2,Email,2024-12-16 00:00,N,0
808157,3,Email,2025-05-09 00:00,Y,191.19
806184,1,Paid Social,2025-05-27 00:00,Y,116.33
808808,1,Paid Social,2025-04-09 00:00,Y,164.17
804394,2,Paid Search,2024-06-16 00:00,Y,42.64
806424,2,Email,2025-01-09 00:00,Y,103.95
800510,2,SEO,2024-06-09 00:00,Y,209.95
802145,1,Paid Search,2024-01-09 00:00,N,0
807676,3,Email,2025-01-15 00:00,N,0
801782,4,SEO,2025-03-12 00:00,Y,188.06
805903,1,Paid Social,2024-11-24 00:00,N,0
803404,4,Email,2025-08-28 00:00,Y,45.88
804555,5,Paid Search,2024-01-23 00:00,N,0
802437,3,Email,2025-01-02 00:00,N,0
808863,1,Paid Social,2024-08-17 00:00,Y,175.5
802283,1,Email,2024-07-06 00:00,N,0
807356,1,Paid Social,2025-05-24 00:00,Y,63.25
802389,2,Paid Social,2025-07-05 00:00,Y,122.82
807424,5,Paid Search,2024-03-23 00:00,N,0
804740,2,Paid Search,2025-05-23 00:00,Y,122.4
808995,1,SEO,2024-02-19 00:00,N,0
806748,1,SEO,2024-05-06 00:00,N,0
807100,2,Email,2025-06-20 00:00,N,0
801631,1,Email,2024-12-05 00:00,Y,123.22
806405,1,SEO,2024-08-04 00:00,Y,150.56
805172,4,SEO,2025-03-13 00:00,Y,70.64
802903,2,Paid Social,2024-11-28 00:00,Y,174.42
805382,5,Paid Search,2024-02-05 00:00,N,0
807980,4,Email,2024-07-30 00:00,Y,213.04
801472,1,Paid Search,2025-09-30 00:00,N,0
808732,2,Email,2025-06-02 00:00,Y,135.75
800078,5,Email,2024-11-03 00:00,Y,64.92
803011,1,SEO,2024-07-14 00:00,N,0
807277,3,Email,2024-05-31 00:00,N,0
805349,1,Paid Social,2025-05-25 00:00,N,0
804997,1,Paid Social,2024-01-29 00:00,Y,71.77
807592,2,Email,2025-02-18 00:00,Y,79.65
808194,4,Email,2025-09-12 00:00,Y,63.38
801219,2,SEO,2024-12-02 00:00,N,0
801926,3,Paid Search,2024-02-26 00:00,Y,48.09
805556,1,SEO,2025-03-24 00:00,N,0
805202,1,SEO,2025-07-26 00:00,N,0
804263,1,SEO,2025-10-07 00:00,Y,215.09
801827,2,Paid Search,2024-10-16 00:00,Y,68.99
804839,2,Email,2024-05-13 00:00,Y,120.2
803625,1,Paid Social,2025-03-18 00:00,Y,199.06
805389,2,Paid Social,2024-04-28 00:00,Y,175.78
802508,1,SEO,2025-03-18 00:00,Y,181.66
805298,2,Email,2024-12-20 00:00,Y,89.93
801799,3,SEO,2024-11-16 00:00,Y,133.15
807998,1,Paid Search,2024-06-27 00:00,Y,146.14
807508,2,SEO,2024-01-25 00:00,Y,56.69
801649,2,SEO,2025-07-16 00:00,Y,215.77
805162,3,Email,2025-01-10 00:00,N,0
805732,2,SEO,2024-09-29 00:00,N,0
805409,1,SEO,2025-05-03 00:00,N,0
806736,4,Paid Social,2025-09-26 00:00,Y,81.95
800610,1,Paid Social,2025-03-15 00:00,N,0
805401,2,Paid Social,2025-02-01 00:00,Y,60.44
801264,2,Email,2025-05-06 00:00,N,0
804861,1,Email,2024-08-29 00:00,N,0
807580,2,Paid Social,2025-08-04 00:00,Y,161.86
808088,1,SEO,2024-10-31 00:00,Y,93.61
807164,2,Email,2025-02-15 00:00,Y,185.48
801493,3,Paid Social,2024-04-03 00:00,N,0
807931,4,Email,2024-12-26 00:00,Y,45.38
807818,2,Paid Search,2025-01-14 00:00,N,0
803422,3,Email,2024-12-16 00:00,Y,68.02
803571,1,SEO,2024-12-23 00:00,N,0
803363,2,SEO,2025-04-29 00:00,Y,54.43
805592,5,Paid Search,2024-11-15 00:00,Y,206.63
805496,3,Paid Search,2024-11-13 00:00,N,0
804126,2,SEO,2025-04-03 00:00,N,0
806403,2,Email,2025-02-15 00:00,Y,66.63
803598,2,SEO,2025-06-05 00:00,Y,190.16
801395,2,SEO,2025-03-29 00:00,Y,155.92
806857,3,Email,2024-10-19 00:00,N,0
805346,3,Paid Search,2024-09-18 00:00,N,0
800028,2,SEO,2024-07-28 00:00,Y,101.31
805322,2,Email,2024-11-06 00:00,Y,143.27
800454,5,SEO,2024-08-29 00:00,Y,213.68
806102,4,Email,2024-12-12 00:00,Y,38.69
801439,4,Paid Search,2025-02-18 00:00,N,0
805048,2,Paid Search,2025-07-19 00:00,Y,35.64
808595,1,Paid Social,2024-11-03 00:00,Y,114.61
805348,5,Email,2024-04-11 00:00,N,0
801642,2,SEO,2024-11-08 00:00,Y,205.25
801390,2,Email,2024-01-04 00:00,Y,162.0
804352,2,Paid Search,2025-03-29 00:00,N,0
801359,3,Paid Search,2024-02-06 00:00,Y,89.51
808670,2,Paid Social,2024-06-10 00:00,N,0
803764,1,Email,2024-07-31 00:00,N,0
806253,1,SEO,2024-12-31 00:00,N,0
807627,1,Paid Search,2024-05-01 00:00,Y,61.49
803380,3,Paid Search,2025-06-25 00:00,Y,214.29
807825,1,SEO,2025-08-31 00:00,Y,153.6
804885,4,Email,2024-05-02 00:00,Y,116.4
805705,4,Email,2025-09-23 00:00,N,0
805300,1,Paid Social,2025-08-25 00:00,Y,99.93
802845,1,Paid Social,2025-03-19 00:00,N,0
803695,1,Paid Social,2025-05-07 00:00,Y,146.33
802695,2,Paid Social,2025-02-17 00:00,Y,84.47
803317,1,SEO,2025-08-26 00:00,Y,136.85
808701,1,Paid Social,2024-02-20 00:00,Y,66.87
807047,1,Paid Search,2024-02-24 00:00,Y,70.8
804267,1,SEO,2024-12-10 00:00,Y,204.31
801641,2,SEO,2025-02-09 00:00,Y,60.9
802420,1,Email,2025-05-16 00:00,Y,187.29
800572,1,SEO,2025-01-01 00:00,N,0
806764,3,Paid Social,2024-01-08 00:00,Y,192.34
800652,4,Email,2024-05-04 00:00,Y,167.27
805318,2,SEO,2024-02-19 00:00,N,0
807317,2,Paid Social,2024-06-19 00:00,Y,207.16
802582,2,Email,2024-09-07 00:00,N,0
804685,3,Email,2024-04-02 00:00,Y,79.94
807918,2,Paid Social,2025-04-26 00:00,Y,168.18
806257,2,Paid Social,2025-04-15 00:00,N,0
803625,2,Paid Search,2025-03-19 00:00,Y,199.06
801189,1,Paid Social,2024-05-05 00:00,N,0
802183,3,Paid Search,2024-06-19 00:00,N,0
802549,2,SEO,2025-04-07 00:00,Y,175.18
808309,3,Paid Search,2024-02-09 00:00,Y,69.32
801011,4,Paid Social,2025-04-07 00:00,Y,185.76
804421,1,Paid Social,2025-01-26 00:00,Y,189.97
801262,3,Paid Search,2024-07-26 00:00,Y,196.13
801230,1,Paid Search,2024-08-11 00:00,N,0
800850,2,Paid Social,2024-11-23 00:00,Y,173.74
804926,2,SEO,2025-05-03 00:00,N,0
806258,1,Paid Search,2025-02-16 00:00,Y,72.85
804109,3,SEO,2024-08-03 00:00,N,0
806626,2,Paid Search,2024-06-19 00:00,Y,57.9
806069,2,Paid Social,2025-09-03 00:00,Y,205.94
802533,3,Email,2025-02-22 00:00,Y,119.1
800124,4,Paid Search,2025-01-06 00:00,N,0
808159,1,Paid Social,2024-07-17 00:00,N,0
808640,4,Email,2025-05-31 00:00,Y,70.58
804545,1,SEO,2024-07-21 00:00,Y,133.54
801435,2,Paid Social,2025-05-22 00:00,Y,72.89
808690,1,Email,2024-12-19 00:00,Y,164.96
808222,2,Paid Social,2024-05-12 00:00,N,0
803024,1,Paid Social,2025-02-15 00:00,Y,121.84
806580,1,SEO,2024-06-04 00:00,N,0
805783,2,Paid Search,2024-02-28 00:00,Y,106.22
808829,3,SEO,2024-08-28 00:00,Y,208.21
804050,1,SEO,2024-05-29 00:00,Y,176.15
805478,2,Paid Social,2025-01-15 00:00,Y,210.12
804649,3,Email,2025-06-07 00:00,N,0
800759,2,Email,2024-09-04 00:00,N,0
801171,1,Paid Social,2024-08-28 00:00,N,0
808113,2,SEO,2024-03-06 00:00,Y,97.8
800235,1,SEO,2025-09-12 00:00,Y,219.36
808258,3,Paid Social,2025-01-21 00:00,Y,35.01
803143,1,Paid Social,2025-09-24 00:00,Y,135.47
803041,3,Paid Search,2024-03-03 00:00,Y,190.19
800183,3,Paid Search,2024-04-26 00:00,Y,65.84
806280,1,Paid Social,2025-07-17 00:00,N,0
806370,1,SEO,2024-10-23 00:00,N,0
805232,3,Email,2025-07-28 00:00,Y,110.72
803034,3,SEO,2024-05-02 00:00,N,0
807492,1,Paid Social,2025-03-28 00:00,Y,210.96
804159,1,SEO,2024-03-05 00:00,Y,104.68
806573,4,Paid Search,2025-06-30 00:00,Y,70.28
802462,2,Email,2024-03-12 00:00,Y,87.77
808354,3,Email,2025-08-25 00:00,Y,170.46
807657,2,Paid Social,2024-03-23 00:00,N,0
807041,3,Paid Search,2024-04-29 00:00,Y,210.84
804402,4,Email,2024-06-15 00:00,N,0
804451,1,SEO,2024-11-23 00:00,N,0
801437,2,Email,2024-02-11 00:00,N,0
806483,2,Email,2024-11-28 00:00,N,0
802114,1,Paid Social,2024-05-20 00:00,Y,49.48
804477,3,Paid Search,2024-02-18 00:00,N,0
807925,2,Email,2025-02-28 00:00,Y,84.14
804304,3,Email,2024-06-26 00:00,Y,102.92
802810,1,Paid Social,2025-02-03 00:00,N,0
802568,1,Paid Social,2024-07-23 00:00,Y,76.13
808702,2,Email,2025-01-19 00:00,Y,59.06
804671,1,SEO,2024-02-06 00:00,N,0
808646,2,Paid Search,2024-08-06 00:00,N,0
805271,2,Email,2024-04-18 00:00,Y,113.95
806924,2,Paid Social,2024-02-29 00:00,Y,134.19
802749,1,Email,2024-06-25 00:00,Y,217.28
804505,1,SEO,2024-03-06 00:00,N,0
808836,1,SEO,2025-06-23 00:00,Y,206.07
804084,1,SEO,2024-12-22 00:00,Y,207.08
800481,2,SEO,2024-07-11 00:00,N,0
806979,1,Paid Social,2024-06-13 00:00,N,0
801254,1,Paid Social,2024-10-14 00:00,Y,72.93
804523,1,SEO,2024-02-04 00:00,Y,72.83
801914,1,Paid Social,2025-05-16 00:00,Y,40.71
803051,2,Paid Social,2024-11-13 00:00,N,0
802493,2,Paid Social,2024-12-08 00:00,N,0
801101,3,Paid Social,2024-09-19 00:00,N,0
805230,1,Paid Search,2024-02-20 00:00,Y,72.62
802385,1,SEO,2024-06-19 00:00,Y,188.95
808453,1,SEO,2025-01-30 00:00,Y,39.83
807251,1,Paid Social,2024-08-04 00:00,Y,150.59
808957,3,Email,2024-02-02 00:00,Y,141.04
803002,3,Paid Search,2024-08-17 00:00,Y,61.71
808207,2,Email,2025-08-25 00:00,N,0
802706,3,Email,2024-07-28 00:00,Y,135.8
800250,3,Email,2025-09-24 00:00,Y,127.2
803609,3,Email,2025-08-31 00:00,N,0
807287,1,SEO,2024-07-06 00:00,N,0
808175,2,Paid Social,2024-06-13 00:00,N,0
806005,3,Email,2025-10-17 00:00,Y,132.72
808019,1,SEO,2025-09-09 00:00,N,0
801648,4,Paid Search,2025-04-20 00:00,Y,164.07
802970,1,Email,2024-10-18 00:00,Y,74.1
803793,1,Paid Social,2024-04-24 00:00,Y,202.08
800952,2,SEO,2025-01-17 00:00,N,0
801897,3,Paid Search,2025-08-03 00:00,N,0
807815,1,SEO,2024-09-06 00:00,N,0
803728,2,SEO,2024-09-15 00:00,N,0
800011,1,Paid Social,2024-04-15 00:00,Y,125.0
805623,2,SEO,2025-10-06 00:00,Y,76.72
802682,2,Paid Social,2024-10-01 00:00,Y,167.85
800416,3,Paid Search,2024-05-27 00:00,Y,116.06
806175,3,Paid Search,2025-06-17 00:00,N,0
806326,3,Paid Social,2025-10-09 00:00,Y,121.15
808844,3,Email,2025-09-02 00:00,Y,41.22
806891,3,Paid Social,2024-02-15 00:00,N,0
807271,3,Email,2024-12-12 00:00,Y,173.82
808036,2,Email,2024-03-10 00:00,Y,96.06
806833,2,Paid Search,2025-01-07 00:00,Y,194.53
807414,1,SEO,2024-07-10 00:00,N,0
800738,2,Email,2024-12-15 00:00,Y,149.69
801958,3,Paid Social,2024-04-06 00:00,N,0
801701,1,Paid Search,2025-01-30 00:00,Y,111.74
805437,2,SEO,2025-10-19 00:00,N,0
800865,1,SEO,2024-07-01 00:00,Y,98.63
800980,4,Email,2024-02-05 00:00,N,0
805974,1,Email,2025-03-17 00:00,N,0
808340,2,Paid Search,2025-03-10 00:00,N,0
808807,4,Paid Search,2024-06-04 00:00,Y,119.54
801270,1,SEO,2024-07-17 00:00,N,0
808397,1,Paid Search,2024-08-27 00:00,N,0
801437,3,SEO,2024-02-15 00:00,N,0
808370,3,Paid Search,2025-06-19 00:00,Y,141.59
806250,5,Email,2025-02-10 00:00,Y,108.98
805038,1,SEO,2025-08-12 00:00,N,0
805766,5,Email,2025-06-29 00:00,Y,124.93
803352,1,Paid Search,2025-06-18 00:00,Y,197.87
805664,2,Email,2025-03-22 00:00,N,0
800109,2,Email,2024-11-18 00:00,Y,193.19
806248,4,Email,2025-04-03 00:00,N,0
808779,2,Paid Search,2024-03-10 00:00,N,0
802487,1,SEO,2024-05-23 00:00,N,0
808844,2,Paid Social,2025-09-04 00:00,Y,41.22
802046,2,SEO,2025-08-28 00:00,Y,175.51
806292,1,Email,2025-05-01 00:00,Y,153.43
801656,5,Paid Search,2024-08-08 00:00,Y,61.71
805323,3,Paid Social,2024-06-30 00:00,Y,58.45
802943,2,Paid Search,2024-10-30 00:00,Y,76.66
802499,2,Paid Social,2024-05-16 00:00,Y,95.93
804463,3,Paid Search,2024-06-15 00:00,Y,131.68
804695,3,Paid Social,2025-06-06 00:00,Y,98.31
801403,2,Paid Social,2025-01-09 00:00,Y,188.76
804934,1,SEO,2024-05-24 00:00,N,0
803782,4,Email,2025-01-02 00:00,Y,133.31
800784,2,Paid Search,2025-01-23 00:00,Y,165.18
806120,1,Email,2024-08-27 00:00,Y,187.81
801400,2,Email,2024-10-04 00:00,Y,94.15
803446,3,Paid Social,2025-04-28 00:00,Y,127.77
807145,1,Paid Search,2024-04-25 00:00,N,0
802045,2,Email,2025-01-28 00:00,Y,114.08
804687,1,Paid Search,2024-11-24 00:00,Y,109.07
805411,2,Paid Search,2024-11-24 00:00,Y,40.02
807211,1,SEO,2024-06-28 00:00,Y,168.42
805988,3,Paid Search,2024-06-04 00:00,Y,212.23
807687,4,Email,2025-02-13 00:00,N,0
807558,2,Email,2025-02-23 00:00,Y,119.61
805101,2,SEO,2025-02-09 00:00,N,0
803344,2,SEO,2024-03-18 00:00,Y,55.02
802216,3,Email,2024-02-13 00:00,Y,108.54
808219,1,Paid Search,2024-04-18 00:00,Y,188.9
803426,1,SEO,2024-09-02 00:00,N,0
808545,5,Email,2024-04-05 00:00,Y,58.5
808064,2,SEO,2024-11-26 00:00,N,0
800405,3,Email,2025-08-27 00:00,N,0
806038,3,Paid Search,2025-10-01 00:00,Y,196.72
802331,2,SEO,2024-06-06 00:00,N,0
808835,2,Email,2025-10-11 00:00,N,0
804785,2,Paid Search,2024-12-15 00:00,Y,92.89
800788,1,Paid Search,2024-09-17 00:00,Y,147.32
807251,2,Email,2024-08-08 00:00,Y,150.59
807686,1,Email,2024-05-11 00:00,N,0
803094,2,Email,2024-01-26 00:00,N,0
806391,2,Email,2024-07-30 00:00,Y,94.72
801310,3,Paid Social,2024-12-02 00:00,N,0
807782,3,Email,2024-03-15 00:00,N,0
802041,2,SEO,2025-01-22 00:00,Y,130.16
803890,2,Paid Social,2024-08-08 00:00,Y,61.57
805332,2,SEO,2025-09-01 00:00,Y,120.71
802244,3,Email,2025-02-11 00:00,N,0
800889,1,SEO,2025-01-19 00:00,Y,90.06
803850,1,Paid Search,2024-05-10 00:00,Y,193.51
808557,4,Email,2025-04-18 00:00,Y,162.38
807837,2,Paid Search,2025-05-04 00:00,Y,48.94
801172,3,SEO,2025-05-30 00:00,N,0
802026,1,Paid Social,2024-08-28 00:00,N,0
802237,2,Paid Search,2024-05-17 00:00,Y,203.25
803217,1,Paid Social,2024-06-15 00:00,Y,108.28
807409,2,Paid Search,2025-01-22 00:00,N,0
803283,4,Paid Social,2025-03-26 00:00,Y,160.32
801176,3,Email,2024-11-10 00:00,Y,86.79
807367,2,Paid Search,2024-01-02 00:00,Y,107.21
804372,1,Paid Search,2024-11-06 00:00,Y,73.43
808736,1,Paid Social,2024-02-24 00:00,N,0
801009,1,Paid Social,2025-06-17 00:00,N,0
805443,2,Paid Social,2024-01-10 00:00,Y,64.49
807899,1,Paid Search,2025-09-19 00:00,Y,82.65
805277,1,SEO,2024-10-24 00:00,N,0
802682,4,Paid Social,2024-10-03 00:00,Y,167.85
808381,4,SEO,2024-08-16 00:00,N,0
803927,2,SEO,2024-09-09 00:00,N,0
803489,1,SEO,2025-07-15 00:00,Y,57.01
804753,1,Paid Social,2024-09-09 00:00,Y,210.97
805731,2,SEO,2025-02-10 00:00,Y,97.38
803764,4,Email,2024-08-09 00:00,N,0
801437,4,Email,2024-02-19 00:00,N,0
803384,3,Paid Search,2025-05-29 00:00,Y,40.89
805036,4,Paid Search,2025-04-06 00:00,N,0
801122,4,Email,2025-07-23 00:00,N,0
805966,1,Paid Social,2025-10-15 00:00,Y,99.23
802073,2,Paid Social,2024-03-01 00:00,Y,108.56
805163,1,Paid Search,2024-02-27 00:00,Y,54.05
804517,3,Email,2025-07-15 00:00,N,0
800858,1,SEO,2024-07-18 00:00,N,0
804146,4,Email,2024-08-22 00:00,Y,144.39
807207,1,SEO,2025-07-26 00:00,N,0
805460,1,Paid Search,2024-08-05 00:00,N,0
807964,5,SEO,2025-06-16 00:00,Y,39.13
805140,2,Paid Search,2025-02-05 00:00,N,0
800520,2,Email,2024-12-24 00:00,Y,139.21
802926,4,Paid Search,2024-03-10 00:00,N,0
808643,1,SEO,2025-07-23 00:00,Y,143.91
803668,1,SEO,2024-03-17 00:00,N,0
807639,3,Email,2025-05-14 00:00,N,0
801484,2,Email,2025-06-24 00:00,Y,165.97
803781,2,Paid Search,2024-11-01 00:00,Y,142.41
804279,2,Paid Social,2024-06-07 00:00,N,0
807111,2,Email,2025-07-27 00:00,N,0
800299,5,Paid Social,2024-12-08 00:00,Y,121.66
806885,3,Paid Search,2025-07-04 00:00,Y,161.39
807495,1,Paid Social,2024-04-17 00:00,N,0
807913,1,Paid Search,2024-04-04 00:00,N,0
802161,1,Paid Social,2025-07-03 00:00,Y,151.89
801211,1,SEO,2025-07-10 00:00,N,0
803928,1,SEO,2025-02-15 00:00,Y,149.9
801935,1,SEO,2024-08-30 00:00,Y,171.22
808846,1,SEO,2025-06-12 00:00,N,0
800772,5,Email,2024-10-16 00:00,N,0
803598,1,SEO,2025-06-01 00:00,Y,190.16
803404,1,Paid Search,2025-08-22 00:00,Y,45.88
805481,1,Paid Search,2024-12-18 00:00,Y,185.97
807312,1,Paid Social,2024-10-08 00:00,Y,58.28
803422,2,Paid Search,2024-12-13 00:00,Y,68.02
800190,3,Paid Search,2024-07-11 00:00,N,0
802530,1,SEO,2024-05-19 00:00,Y,177.13
802491,1,Paid Social,2025-05-13 00:00,Y,124.51
805912,2,Paid Search,2024-10-01 00:00,Y,113.82
804897,2,Email,2024-03-18 00:00,N,0
805488,1,Paid Social,2024-08-02 00:00,Y,159.13
801747,1,Paid Social,2025-02-12 00:00,Y,90.44
808465,1,Paid Social,2025-05-25 00:00,Y,106.95
804163,2,SEO,2024-03-03 00:00,Y,218.62
806350,3,SEO,2025-07-10 00:00,Y,44.01
807615,2,SEO,2025-01-13 00:00,N,0
805612,1,SEO,2024-01-10 00:00,Y,201.6
804627,1,SEO,2024-09-11 00:00,Y,149.1
803739,2,SEO,2025-05-31 00:00,N,0
806565,2,SEO,2025-06-25 00:00,Y,89.3
807505,1,SEO,2024-07-23 00:00,Y,91.92
800872,1,Paid Social,2024-06-08 00:00,Y,81.3
803606,2,Paid Social,2025-06-26 00:00,Y,200.14
806781,1,SEO,2025-08-12 00:00,Y,218.32
802348,4,Email,2025-02-04 00:00,Y,105.42
804117,5,Email,2025-07-22 00:00,Y,89.18
806703,1,SEO,2025-01-17 00:00,N,0
802624,1,Paid Search,2024-07-20 00:00,Y,217.19
802041,5,Email,2025-02-06 00:00,Y,130.16
805518,1,Email,2024-10-16 00:00,Y,72.22
803898,1,Paid Social,2024-09-28 00:00,Y,150.56
808366,2,Paid Social,2024-09-09 00:00,Y,199.81
808833,3,Paid Search,2025-07-27 00:00,N,0
805555,1,SEO,2025-08-21 00:00,N,0
801693,3,Paid Search,2024-01-18 00:00,Y,139.47
803628,1,Paid Social,2024-04-11 00:00,N,0
802824,4,Paid Social,2024-01-29 00:00,Y,155.34
805092,2,Email,2025-07-27 00:00,N,0
801378,2,Paid Search,2025-10-09 00:00,N,0
806038,1,SEO,2025-09-29 00:00,Y,196.72
804605,2,SEO,2025-01-02 00:00,N,0
802674,2,Paid Search,2025-10-02 00:00,Y,208.49
807147,2,Paid Search,2025-04-04 00:00,Y,102.33
805416,1,Paid Social,2024-01-05 00:00,N,0
807738,4,Paid Social,2025-01-18 00:00,Y,99.95
802424,4,Paid Search,2025-08-11 00:00,Y,170.73
808442,3,Paid Social,2024-01-25 00:00,Y,212.63
808240,2,Paid Social,2024-09-18 00:00,Y,115.61
804936,3,Paid Search,2025-01-15 00:00,N,0
805978,2,Email,2024-08-29 00:00,Y,37.82
802516,3,Paid Social,2025-03-27 00:00,N,0
804893,2,Email,2024-02-25 00:00,Y,209.09
803846,3,SEO,2024-03-20 00:00,Y,65.48
804062,1,Paid Social,2025-10-11 00:00,Y,69.57
804908,2,Paid Social,2025-05-25 00:00,Y,152.94
808559,1,Paid Social,2025-05-23 00:00,Y,141.89
804957,1,Email,2024-06-04 00:00,Y,208.86
802527,1,SEO,2024-02-04 00:00,Y,143.78
804404,1,Paid Social,2025-08-21 00:00,Y,98.84
808202,1,SEO,2025-06-03 00:00,Y,116.31
807553,1,SEO,2025-06-11 00:00,Y,194.88
808463,1,Email,2024-10-04 00:00,Y,214.67
807112,4,Email,2024-10-14 00:00,N,0
806097,1,Paid Search,2025-03-05 00:00,N,0
804624,3,Email,2025-08-27 00:00,Y,86.8
804381,1,Paid Social,2025-03-07 00:00,N,0
808040,1,SEO,2024-10-17 00:00,N,0
803205,2,Paid Search,2025-04-21 00:00,Y,207.16
802007,5,Paid Search,2025-02-01 00:00,N,0
805087,2,Paid Social,2024-09-13 00:00,Y,173.63
803534,1,SEO,2024-10-17 00:00,N,0
806234,1,Email,2024-08-21 00:00,Y,58.56
802871,1,Paid Search,2024-05-11 00:00,Y,85.04
807958,1,Paid Social,2025-01-16 00:00,N,0
808950,1,Paid Social,2025-02-18 00:00,Y,73.74
803542,3,SEO,2024-11-04 00:00,Y,212.72
801993,5,Email,2025-09-08 00:00,Y,202.46
806658,2,Email,2024-09-20 00:00,N,0
805159,3,Email,2024-10-28 00:00,Y,42.86
802846,3,Email,2024-06-10 00:00,N,0
802293,2,Paid Search,2024-11-18 00:00,Y,137.35
802433,3,Paid Social,2025-05-22 00:00,N,0
806008,3,Paid Search,2025-01-05 00:00,Y,120.34
806434,5,Email,2025-02-11 00:00,N,0
805750,4,Paid Social,2024-02-14 00:00,Y,58.12
805194,1,SEO,2024-04-06 00:00,Y,55.19
806428,1,SEO,2025-02-14 00:00,Y,201.73
805492,1,SEO,2024-07-15 00:00,N,0
808504,5,Paid Search,2025-05-09 00:00,N,0
801808,2,SEO,2025-05-03 00:00,Y,142.74
801038,2,Paid Search,2025-09-02 00:00,N,0
807816,4,Email,2024-09-12 00:00,Y,81.37
801098,1,Paid Social,2025-06-07 00:00,Y,75.43
804397,1,SEO,2024-11-05 00:00,Y,118.2
801833,1,SEO,2025-07-09 00:00,Y,143.02
805477,2,Paid Search,2025-02-26 00:00,N,0
802493,3,Paid Social,2024-12-10 00:00,N,0
803401,4,Email,2025-06-15 00:00,N,0
807547,1,SEO,2025-06-11 00:00,N,0
804908,3,Paid Search,2025-05-29 00:00,Y,152.94
805637,2,Paid Search,2025-03-23 00:00,Y,214.31
800574,1,Paid Social,2024-03-16 00:00,Y,193.68
804343,1,SEO,2024-02-20 00:00,Y,105.15
802345,3,Paid Search,2024-07-16 00:00,N,0
800463,2,Email,2025-09-13 00:00,Y,148.13
802428,2,Paid Social,2025-08-15 00:00,Y,137.38
803688,1,SEO,2025-07-23 00:00,Y,78.27
806296,4,Paid Search,2024-09-27 00:00,N,0
808645,5,Email,2025-03-29 00:00,Y,198.47
806651,4,Email,2025-02-14 00:00,Y,148.52
808388,1,Paid Social,2024-09-14 00:00,Y,170.64
806576,4,Email,2024-12-26 00:00,Y,128.97
800654,5,Paid Search,2024-02-27 00:00,Y,80.67
807769,3,Paid Search,2024-10-26 00:00,N,0
801642,5,Email,2024-11-18 00:00,Y,205.25
806054,3,SEO,2025-02-03 00:00,Y,179.41
804690,1,Email,2024-06-17 00:00,N,0
807326,2,Paid Search,2024-09-03 00:00,Y,67.79
805115,1,Paid Social,2025-04-18 00:00,Y,139.08
800998,3,Email,2025-03-15 00:00,Y,73.01
805452,2,Paid Search,2025-10-04 00:00,N,0
803114,1,Paid Search,2025-04-17 00:00,Y,121.93
806467,3,Email,2024-09-27 00:00,Y,69.15
804468,2,Paid Social,2025-02-16 00:00,N,0
806217,2,Email,2024-09-29 00:00,N,0
802084,1,Email,2025-07-30 00:00,Y,52.8
806039,1,SEO,2024-09-08 00:00,Y,184.03
802931,1,SEO,2025-04-19 00:00,Y,203.22
801865,1,Paid Search,2024-03-24 00:00,N,0
807152,3,Paid Search,2024-11-02 00:00,N,0
807120,1,SEO,2024-08-28 00:00,Y,123.16
800180,2,Paid Social,2024-03-08 00:00,Y,199.72
804266,3,Email,2025-05-15 00:00,Y,121.93
805283,2,Email,2024-12-19 00:00,N,0
807197,2,SEO,2025-05-24 00:00,N,0
801659,2,Email,2024-01-07 00:00,Y,134.8
807054,1,Paid Social,2025-06-09 00:00,N,0
803524,3,SEO,2024-03-01 00:00,Y,59.9
805922,3,Email,2024-06-24 00:00,N,0
808222,1,Paid Social,2024-05-10 00:00,N,0
802565,2,Paid Search,2024-12-25 00:00,N,0
803127,2,Email,2024-01-21 00:00,Y,182.21
807463,3,Paid Search,2024-09-14 00:00,N,0
804625,3,Email,2024-01-15 00:00,N,0
808908,2,SEO,2025-06-08 00:00,Y,137.77
800713,1,Paid Social,2025-05-27 00:00,N,0
804654,2,Paid Social,2024-04-07 00:00,Y,79.23
805246,1,SEO,2025-05-11 00:00,N,0
803560,1,SEO,2024-06-26 00:00,N,0
808109,3,Paid Search,2024-08-20 00:00,Y,78.38
803162,3,Email,2025-08-19 00:00,Y,190.78
805860,2,SEO,2025-05-03 00:00,Y,35.24
808061,2,Email,2025-01-24 00:00,Y,63.34
806515,1,SEO,2024-08-22 00:00,N,0
803489,3,Paid Social,2025-07-21 00:00,Y,57.01
808799,2,SEO,2024-02-18 00:00,Y,62.19
803578,3,SEO,2025-07-03 00:00,N,0
807998,3,Email,2024-07-03 00:00,Y,146.14
800846,1,SEO,2025-07-28 00:00,Y,202.24
805529,1,Email,2025-06-24 00:00,Y,140.94
801135,1,SEO,2024-07-16 00:00,Y,218.28
801140,2,Paid Social,2024-11-13 00:00,N,0
800825,1,SEO,2024-03-10 00:00,N,0
806612,3,SEO,2024-08-16 00:00,N,0
803005,2,Paid Social,2025-05-24 00:00,Y,132.98
802412,2,SEO,2024-11-19 00:00,N,0
807577,4,Email,2024-09-17 00:00,Y,77.43
802690,2,SEO,2025-08-31 00:00,N,0
807094,4,Paid Search,2024-10-21 00:00,N,0
808375,4,Email,2024-06-15 00:00,Y,153.97
806445,1,SEO,2024-11-08 00:00,Y,51.73
804467,3,Email,2025-04-19 00:00,Y,122.39
800204,2,SEO,2024-11-23 00:00,Y,191.08
806424,3,Email,2025-01-16 00:00,Y,103.95
805945,1,SEO,2024-12-03 00:00,N,0
802870,1,Email,2025-04-16 00:00,N,0
805526,1,SEO,2025-03-18 00:00,N,0
808351,1,SEO,2024-11-19 00:00,Y,147.03
800413,2,Paid Search,2024-12-24 00:00,Y,102.61
802842,2,SEO,2024-05-08 00:00,Y,57.64
807906,2,Paid Social,2024-12-31 00:00,N,0
803611,2,Email,2024-05-22 00:00,Y,217.57
802493,1,SEO,2024-12-04 00:00,N,0
804635,1,SEO,2025-06-20 00:00,Y,83.59
808412,1,SEO,2024-01-25 00:00,Y,130.99
800503,2,Paid Social,2025-08-09 00:00,Y,157.38
800559,3,Email,2025-09-06 00:00,N,0
800341,1,SEO,2024-01-18 00:00,Y,110.23
806518,2,Paid Search,2025-08-06 00:00,Y,178.48
805641,2,Paid Search,2024-07-07 00:00,Y,183.12
804146,3,Paid Social,2024-08-18 00:00,Y,144.39
806212,2,SEO,2024-06-18 00:00,N,0
808887,3,Email,2025-06-29 00:00,N,0
802953,4,Email,2024-07-08 00:00,Y,65.19
803052,1,Paid Social,2024-12-24 00:00,Y,87.47
803776,2,Email,2025-08-01 00:00,Y,35.66
808292,1,Paid Search,2025-07-27 00:00,Y,117.8
800919,1,Email,2024-02-25 00:00,Y,175.37
804801,4,Email,2024-05-23 00:00,Y,199.01
805656,3,Paid Search,2024-07-11 00:00,N,0
801400,1,Paid Social,2024-10-03 00:00,Y,94.15
802472,1,Paid Social,2024-03-01 00:00,N,0
801031,3,Paid Search,2025-04-11 00:00,Y,67.06
805487,2,Email,2025-05-08 00:00,Y,205.94
802062,1,SEO,2024-08-06 00:00,N,0
801389,5,Email,2025-08-24 00:00,N,0
804971,3,Email,2024-07-16 00:00,Y,127.02
807268,2,Paid Search,2024-10-30 00:00,N,0
806174,3,Paid Search,2025-04-15 00:00,Y,126.33
804978,2,Email,2024-01-29 00:00,N,0
802609,1,SEO,2024-08-14 00:00,Y,64.82
806488,1,SEO,2024-07-20 00:00,N,0
805002,2,Paid Search,2024-02-25 00:00,N,0
801641,3,SEO,2025-02-10 00:00,Y,60.9
807809,1,Email,2025-02-10 00:00,Y,122.76
800951,3,Paid Search,2024-04-29 00:00,Y,46.53
807489,4,Paid Search,2024-01-15 00:00,N,0
800299,1,SEO,2024-11-26 00:00,Y,121.66
803534,3,Paid Search,2024-10-23 00:00,N,0
806713,1,Paid Social,2024-03-28 00:00,Y,72.49
802992,1,Paid Social,2025-03-20 00:00,Y,145.07
800589,4,SEO,2025-08-06 00:00,Y,219.72
806714,2,Paid Search,2024-08-20 00:00,N,0
803950,3,Paid Social,2024-04-08 00:00,Y,115.24
803239,1,Paid Search,2024-12-03 00:00,N,0
802219,1,Paid Search,2025-03-01 00:00,Y,128.15
803030,2,Paid Search,2024-06-17 00:00,Y,52.08
806041,2,SEO,2025-07-20 00:00,N,0
801987,2,Paid Search,2024-02-24 00:00,Y,181.77
801986,1,Paid Social,2024-01-02 00:00,Y,44.52
803043,1,Paid Social,2025-08-09 00:00,Y,135.32
805356,2,Paid Search,2025-09-08 00:00,Y,143.53
801175,1,SEO,2024-11-07 00:00,Y,214.07
806106,3,Paid Search,2024-07-19 00:00,Y,91.89
807529,2,Paid Search,2024-11-23 00:00,Y,188.44
804642,3,SEO,2024-08-23 00:00,N,0
805549,2,Email,2024-05-25 00:00,N,0
804025,3,Email,2024-12-22 00:00,N,0
805877,1,SEO,2025-07-24 00:00,Y,50.15
808192,1,SEO,2025-08-10 00:00,Y,57.43
804072,2,Paid Search,2025-05-11 00:00,N,0
803095,1,Paid Social,2025-07-24 00:00,Y,112.25
808586,3,Paid Social,2025-07-06 00:00,N,0
800720,3,Paid Social,2025-09-23 00:00,Y,199.07
806572,2,Email,2024-09-15 00:00,Y,123.05
808638,1,Email,2024-06-26 00:00,N,0
807785,1,Email,2025-07-14 00:00,N,0
806303,5,Paid Search,2025-09-11 00:00,Y,123.28
801552,1,Paid Search,2024-09-04 00:00,N,0
806494,2,SEO,2025-03-13 00:00,N,0
800912,3,Paid Social,2024-12-30 00:00,Y,187.26
806784,2,Email,2025-05-04 00:00,N,0
803800,2,SEO,2025-01-06 00:00,Y,91.78
800833,3,Paid Social,2024-05-25 00:00,Y,193.44
807936,2,Email,2025-03-27 00:00,N,0
807126,5,SEO,2025-06-23 00:00,Y,55.33
806495,1,Paid Social,2025-08-21 00:00,Y,106.03
804430,2,SEO,2025-01-08 00:00,Y,43.22
805684,1,SEO,2025-02-01 00:00,N,0
807337,3,Paid Search,2024-03-22 00:00,Y,84.71
804463,1,Email,2024-06-09 00:00,Y,131.68
804986,2,Paid Social,2024-09-20 00:00,Y,48.5
805750,2,SEO,2024-02-06 00:00,Y,58.12
808920,3,Email,2025-05-02 00:00,Y,92.13
801165,1,SEO,2025-08-13 00:00,N,0
802826,4,Email,2024-08-04 00:00,N,0
807636,1,Paid Social,2025-01-19 00:00,Y,194.37
804576,1,SEO,2024-01-16 00:00,Y,80.45
807777,1,Email,2025-09-13 00:00,Y,213.51
800769,3,Email,2025-01-23 00:00,Y,87.08
804254,4,SEO,2024-04-08 00:00,Y,101.99
805709,1,SEO,2025-08-22 00:00,Y,77.14
804930,1,SEO,2025-02-27 00:00,Y,202.15
805383,5,Paid Social,2024-10-07 00:00,N,0
804579,1,Paid Social,2024-12-30 00:00,Y,189.91
800686,1,Paid Social,2024-05-11 00:00,Y,151.22
805986,3,Email,2024-12-18 00:00,N,0
801599,4,Paid Search,2024-02-17 00:00,Y,161.76
803380,4,Email,2025-06-23 00:00,Y,214.29
805369,1,Paid Search,2024-09-05 00:00,Y,87.55
803388,1,SEO,2025-04-04 00:00,Y,113.02
806331,1,SEO,2024-03-29 00:00,Y,180.19
802113,3,Paid Social,2025-04-21 00:00,Y,210.39
804881,5,Email,2024-03-23 00:00,N,0
803187,3,Paid Search,2024-03-15 00:00,N,0
808278,1,Email,2024-11-23 00:00,Y,201.75
803305,3,Paid Social,2024-01-21 00:00,N,0
803856,1,SEO,2025-05-15 00:00,Y,134.48
805098,1,SEO,2024-04-29 00:00,Y,126.96
805022,1,Paid Social,2024-12-21 00:00,Y,80.39
808869,2,Paid Search,2025-09-25 00:00,Y,59.47
800311,1,Email,2025-04-08 00:00,Y,140.45
801555,2,SEO,2024-04-17 00:00,N,0
803244,3,Paid Search,2024-09-01 00:00,N,0
808496,3,Email,2024-03-19 00:00,Y,180.82
802295,3,Paid Search,2024-04-29 00:00,Y,80.84
806721,4,Paid Search,2024-01-11 00:00,Y,211.33
805064,2,Paid Search,2024-04-15 00:00,N,0
806940,1,Email,2024-04-17 00:00,Y,77.3
806447,4,Paid Social,2024-04-20 00:00,Y,54.12
806040,1,Email,2024-11-22 00:00,N,0
801739,4,Email,2024-09-20 00:00,Y,138.73
800921,4,Paid Social,2024-10-12 00:00,N,0
801021,3,Paid Search,2025-05-15 00:00,Y,39.73
805455,2,Paid Search,2025-07-26 00:00,Y,143.44
800340,3,Email,2024-12-05 00:00,Y,189.29
806315,2,Email,2024-01-09 00:00,Y,192.13
806843,5,SEO,2024-11-13 00:00,Y,146.77
806319,3,Email,2025-07-24 00:00,Y,151.28
808307,2,SEO,2025-05-25 00:00,N,0
804277,1,SEO,2024-10-11 00:00,N,0
807583,1,SEO,2025-09-29 00:00,Y,178.21
801343,1,Paid Search,2024-02-05 00:00,N,0
802053,1,Paid Social,2025-05-08 00:00,N,0
806645,3,Paid Search,2025-09-25 00:00,N,0
803451,3,Paid Search,2025-06-30 00:00,N,0
806730,1,Paid Search,2025-07-27 00:00,Y,97.78
807942,1,SEO,2024-12-08 00:00,Y,38.61
804614,3,Email,2024-10-12 00:00,Y,206.51
807214,2,Email,2024-12-11 00:00,N,0
808921,4,Email,2025-07-04 00:00,Y,147.09
802942,1,SEO,2024-03-25 00:00,Y,154.0
808227,4,SEO,2025-08-11 00:00,Y,177.53
802346,1,SEO,2024-01-17 00:00,Y,151.96
805184,1,Paid Social,2025-01-06 00:00,Y,108.6
800366,1,Email,2025-06-04 00:00,Y,169.38
806858,1,Paid Search,2024-01-28 00:00,Y,126.7
803343,3,SEO,2024-07-14 00:00,N,0
808267,4,Paid Social,2025-04-02 00:00,Y,213.46
808420,1,Email,2025-09-05 00:00,Y,211.07
800925,3,Email,2024-01-09 00:00,Y,127.34
808340,1,Paid Social,2025-03-07 00:00,N,0
800014,1,Paid Search,2025-03-14 00:00,Y,177.03
805420,1,Paid Search,2024-04-19 00:00,Y,168.05
804421,2,Email,2025-01-28 00:00,Y,189.97
802868,1,SEO,2024-07-22 00:00,Y,84.09
808923,2,Email,2024-05-06 00:00,N,0
804456,2,Email,2024-10-28 00:00,N,0
807771,1,Paid Social,2024-01-17 00:00,N,0
808077,2,Paid Search,2025-05-17 00:00,N,0
808204,2,Email,2024-01-15 00:00,Y,188.62
803503,3,Email,2025-09-21 00:00,Y,153.27
804497,4,Paid Social,2025-05-29 00:00,N,0
805101,3,SEO,2025-02-12 00:00,N,0
804289,1,SEO,2024-01-04 00:00,Y,161.07
806501,2,Paid Search,2024-12-03 00:00,N,0
802796,3,Email,2024-04-28 00:00,Y,63.15
806744,2,Email,2024-08-22 00:00,Y,79.61
806843,1,Paid Social,2024-11-09 00:00,Y,146.77
807581,4,Email,2024-12-14 00:00,Y,180.19
802288,1,Paid Social,2024-02-02 00:00,Y,77.5
802713,1,Paid Search,2025-01-28 00:00,Y,183.96
801627,4,SEO,2024-01-17 00:00,N,0
808978,1,Paid Social,2024-09-25 00:00,Y,54.73
808476,1,SEO,2025-03-03 00:00,Y,119.26
808849,1,Paid Search,2024-10-02 00:00,N,0
800350,1,Paid Social,2024-05-27 00:00,N,0
800307,4,Paid Search,2025-04-20 00:00,Y,38.24
804245,1,Paid Social,2025-01-01 00:00,N,0
807747,4,Email,2025-07-26 00:00,Y,71.46
802841,1,Paid Social,2024-02-04 00:00,Y,77.85
805024,2,Email,2025-10-08 00:00,N,0
807488,1,SEO,2024-11-25 00:00,N,0
804570,1,Paid Social,2024-01-30 00:00,N,0
804435,3,Paid Social,2024-05-24 00:00,N,0
806163,3,Paid Search,2025-05-20 00:00,N,0
804167,4,Email,2024-02-28 00:00,Y,48.54
804520,2,SEO,2025-06-23 00:00,Y,51.37
806699,5,Paid Search,2024-06-10 00:00,N,0
802543,3,Email,2024-01-09 00:00,Y,179.52
800068,4,Paid Search,2025-08-14 00:00,Y,65.35
804695,1,Email,2025-05-29 00:00,Y,98.31
804484,2,Paid Search,2024-07-18 00:00,N,0
804582,1,SEO,2024-04-16 00:00,N,0
804315,4,Paid Search,2024-02-19 00:00,N,0
808131,5,Email,2024-04-11 00:00,Y,44.22
808119,3,SEO,2024-06-14 00:00,N,0
806797,3,Email,2025-09-02 00:00,Y,62.47
804955,4,Email,2025-05-05 00:00,N,0
805741,3,Email,2024-02-11 00:00,Y,83.23
802183,1,SEO,2024-06-11 00:00,N,0
801147,1,SEO,2024-06-26 00:00,Y,160.43
800395,1,Paid Social,2024-08-16 00:00,Y,185.82
807676,5,Paid Search,2025-01-23 00:00,N,0
800148,1,Email,2024-05-23 00:00,N,0
808132,3,SEO,2024-12-28 00:00,Y,95.41
801247,1,Paid Social,2024-07-07 00:00,Y,67.76
805963,2,Email,2024-12-14 00:00,Y,105.92
801921,5,Paid Social,2025-10-24 00:00,Y,88.84
806527,3,Email,2024-05-21 00:00,N,0
805082,2,Email,2025-06-17 00:00,Y,128.71
806699,1,Email,2024-05-25 00:00,N,0
805636,3,SEO,2024-09-19 00:00,Y,143.73
807776,2,SEO,2024-11-07 00:00,Y,214.68
806347,3,Paid Search,2024-04-14 00:00,N,0
807656,2,SEO,2024-10-24 00:00,N,0
801100,1,Paid Social,2024-05-28 00:00,Y,86.7
805196,2,Paid Search,2024-06-25 00:00,N,0
805831,1,SEO,2025-01-31 00:00,Y,74.62
805094,5,Paid Social,2024-07-21 00:00,N,0
807652,1,Paid Social,2024-07-17 00:00,N,0
800768,5,Email,2024-05-17 00:00,Y,116.14
801687,2,Paid Search,2025-05-21 00:00,N,0
804331,3,Email,2024-11-19 00:00,Y,180.89
801213,2,Paid Search,2024-02-14 00:00,Y,182.39
805067,2,Email,2024-12-03 00:00,Y,100.5
802546,1,Email,2025-07-24 00:00,Y,155.74
806181,4,Paid Social,2024-09-06 00:00,N,0
800859,1,Paid Social,2025-02-08 00:00,N,0
806240,3,Paid Social,2024-03-09 00:00,Y,159.81
803924,3,Paid Social,2024-01-29 00:00,Y,195.01
808193,3,Email,2024-01-15 00:00,Y,62.0
800286,2,Email,2025-05-06 00:00,Y,178.01
805392,4,Paid Search,2025-02-06 00:00,Y,131.77
804278,2,SEO,2024-08-04 00:00,Y,176.29
802448,1,Email,2024-04-03 00:00,N,0
802147,1,Paid Social,2024-11-18 00:00,Y,86.04
807994,3,Paid Social,2025-03-11 00:00,N,0
800441,1,Paid Social,2025-07-01 00:00,Y,100.03
806414,1,SEO,2024-01-29 00:00,Y,180.46
806011,3,Paid Social,2024-03-18 00:00,N,0
807952,1,Paid Social,2025-10-01 00:00,Y,215.5
808335,4,Email,2024-01-12 00:00,Y,122.88
805199,2,Paid Social,2025-06-20 00:00,N,0
802047,5,Email,2024-03-08 00:00,Y,88.28
805425,1,Email,2025-08-12 00:00,Y,115.77
805057,1,SEO,2024-10-14 00:00,Y,151.54
805662,4,Paid Search,2025-01-26 00:00,Y,46.18
808780,2,Email,2024-04-26 00:00,N,0
801907,1,SEO,2024-02-29 00:00,N,0
801362,1,Paid Social,2025-07-13 00:00,Y,208.46
801943,2,SEO,2025-02-10 00:00,Y,120.9
802151,1,SEO,2025-03-04 00:00,Y,132.37
808279,3,Email,2025-01-16 00:00,N,0
803552,2,Email,2025-08-12 00:00,Y,106.15
801588,3,Paid Social,2025-10-03 00:00,N,0
801748,2,Paid Search,2024-06-06 00:00,N,0
806316,2,Email,2025-06-27 00:00,N,0
804804,2,Email,2025-05-03 00:00,Y,120.17
805514,2,Paid Social,2024-02-13 00:00,Y,170.8
804962,1,Email,2024-01-19 00:00,Y,196.0
803468,3,Paid Search,2025-05-07 00:00,Y,67.0
800544,1,SEO,2024-11-01 00:00,Y,73.37
805919,2,Paid Search,2025-04-12 00:00,N,0
806713,3,Paid Search,2024-03-30 00:00,Y,72.49
800326,1,Paid Social,2025-09-11 00:00,Y,72.07
804682,1,Paid Social,2025-10-03 00:00,N,0
807685,3,Paid Search,2024-04-01 00:00,Y,60.54
807838,4,Email,2024-08-13 00:00,N,0
802013,1,SEO,2025-07-22 00:00,N,0
808766,1,Paid Social,2024-03-24 00:00,N,0
803853,1,Paid Social,2024-02-18 00:00,N,0
807798,5,Email,2024-03-14 00:00,Y,156.32
808737,1,Paid Social,2025-06-26 00:00,Y,50.84
801048,2,Paid Search,2025-01-13 00:00,Y,140.04
803887,2,Email,2024-12-27 00:00,N,0
803236,1,Paid Social,2024-05-07 00:00,N,0
800066,1,SEO,2025-04-17 00:00,N,0
807516,3,SEO,2024-10-07 00:00,N,0
808133,2,Email,2025-06-17 00:00,N,0
808648,2,Paid Social,2025-08-31 00:00,N,0
800558,2,Paid Social,2024-12-11 00:00,Y,190.72
804188,3,Paid Search,2024-09-22 00:00,N,0
804213,1,SEO,2024-04-13 00:00,Y,112.45
804766,2,Email,2024-08-14 00:00,Y,91.92
805681,2,Paid Social,2024-10-02 00:00,N,0
804911,1,Email,2025-09-30 00:00,N,0
801462,2,Paid Social,2024-04-17 00:00,Y,37.09
804654,4,Email,2024-04-16 00:00,Y,79.23
806933,2,Email,2025-07-04 00:00,Y,166.42
802054,2,SEO,2025-04-17 00:00,Y,124.81
800271,1,Email,2025-01-13 00:00,N,0
802762,1,Paid Social,2025-01-24 00:00,Y,194.42
806688,2,Paid Social,2024-10-03 00:00,N,0
803472,2,SEO,2025-02-16 00:00,Y,197.43
801438,1,Paid Social,2024-04-02 00:00,N,0
802662,2,Email,2025-07-29 00:00,Y,52.93
801637,1,Paid Social,2024-10-22 00:00,Y,192.07
802100,1,SEO,2024-10-27 00:00,Y,125.73
804003,1,Paid Social,2025-06-03 00:00,Y,72.97
801829,2,Paid Social,2024-08-11 00:00,Y,169.86
807575,5,Paid Search,2024-12-01 00:00,Y,209.94
801857,2,Paid Search,2025-01-17 00:00,Y,64.0
808659,1,Paid Social,2025-03-20 00:00,Y,187.86
808641,1,SEO,2024-03-19 00:00,Y,52.32
805736,1,SEO,2025-07-31 00:00,Y,66.93
802391,2,Email,2025-09-19 00:00,Y,35.07
805073,1,Paid Search,2024-07-18 00:00,Y,122.91
808051,5,Email,2024-09-12 00:00,Y,51.58
807622,1,Paid Social,2024-07-11 00:00,Y,67.37
805135,2,Paid Social,2024-11-06 00:00,Y,181.1
802746,2,Email,2025-06-30 00:00,N,0
801149,2,Paid Social,2024-09-11 00:00,N,0
807190,2,SEO,2024-01-31 00:00,N,0
802546,5,Email,2025-08-01 00:00,Y,155.74
805114,1,Paid Search,2025-02-18 00:00,Y,177.73
800246,3,Paid Search,2025-05-16 00:00,N,0
804244,1,Paid Search,2024-02-09 00:00,Y,123.9
803550,4,Email,2024-05-29 00:00,N,0
802848,4,Paid Search,2024-11-22 00:00,N,0
806927,2,Email,2024-06-04 00:00,N,0
804781,3,Paid Search,2024-11-12 00:00,N,0
804702,3,Paid Social,2025-03-29 00:00,Y,140.86
807623,4,Email,2024-02-20 00:00,N,0
800404,1,SEO,2025-06-17 00:00,Y,209.56
805613,1,Paid Social,2024-01-19 00:00,Y,211.2
803705,1,SEO,2024-08-06 00:00,Y,100.42
807211,3,Email,2024-07-02 00:00,Y,168.42
807476,4,Email,2025-03-01 00:00,Y,161.44
801799,4,Email,2024-11-13 00:00,Y,133.15
801748,3,SEO,2024-06-06 00:00,N,0
802689,2,SEO,2025-06-07 00:00,Y,194.65
802238,2,Paid Social,2025-08-07 00:00,Y,120.75
807860,4,Paid Social,2024-08-29 00:00,N,0
805910,1,SEO,2024-05-10 00:00,Y,206.92
801329,1,Paid Social,2024-08-11 00:00,Y,166.5
800941,3,Paid Social,2024-07-11 00:00,N,0
805861,1,SEO,2024-06-27 00:00,Y,43.75
803261,4,SEO,2024-12-27 00:00,Y,146.64
808710,1,Paid Search,2024-04-25 00:00,Y,180.85
805132,2,SEO,2024-12-24 00:00,Y,102.29
806929,1,SEO,2024-10-20 00:00,Y,123.33
804157,1,Email,2025-08-30 00:00,Y,98.71
805775,3,Email,2024-08-15 00:00,N,0
806775,3,SEO,2025-10-06 00:00,Y,139.18
808215,4,Email,2025-02-15 00:00,Y,114.66
801021,2,SEO,2025-05-10 00:00,Y,39.73
803865,1,Paid Search,2025-01-07 00:00,N,0
801950,1,Paid Social,2024-04-22 00:00,N,0
804252,2,SEO,2024-10-11 00:00,Y,152.19
802354,1,Email,2025-10-15 00:00,Y,209.27
808387,3,Email,2025-10-18 00:00,N,0
801910,1,Paid Social,2024-08-22 00:00,N,0
802610,1,SEO,2024-12-25 00:00,Y,209.53
806058,4,Paid Search,2024-10-19 00:00,N,0
804572,3,Paid Search,2024-03-08 00:00,Y,45.19
808462,4,Paid Search,2025-01-31 00:00,Y,127.93
801551,2,SEO,2024-07-04 00:00,Y,184.46
802884,1,SEO,2025-09-11 00:00,Y,64.71
804498,2,SEO,2025-10-10 00:00,Y,86.81
801109,1,Paid Social,2024-02-29 00:00,Y,129.42
802093,3,SEO,2024-04-28 00:00,Y,36.23
800555,1,Email,2024-03-05 00:00,Y,138.38
807431,4,SEO,2025-08-13 00:00,Y,129.52
805238,1,Paid Social,2024-02-12 00:00,Y,126.62
808180,2,Paid Search,2024-12-22 00:00,Y,56.52
807977,1,Paid Social,2024-06-06 00:00,Y,212.63
801908,2,Paid Social,2024-06-29 00:00,Y,97.45
808978,2,Paid Search,2024-09-28 00:00,Y,54.73
800780,2,Paid Search,2024-06-05 00:00,Y,196.31
806265,1,Paid Search,2024-04-25 00:00,N,0
800674,3,Paid Social,2025-06-17 00:00,N,0
804899,3,Paid Search,2024-05-27 00:00,N,0
808369,3,Paid Search,2024-02-02 00:00,N,0
807895,2,Email,2024-02-01 00:00,Y,105.7
802173,1,Email,2025-02-12 00:00,N,0
801110,2,Email,2024-01-26 00:00,N,0
801072,4,Paid Search,2024-10-09 00:00,N,0
801846,4,SEO,2025-05-07 00:00,Y,36.87
800946,1,SEO,2025-05-28 00:00,N,0
807435,1,Paid Social,2024-02-01 00:00,N,0
804823,4,SEO,2025-05-29 00:00,N,0
802791,5,SEO,2024-05-19 00:00,N,0
806339,4,Paid Social,2025-05-16 00:00,Y,203.1
805035,3,SEO,2025-06-11 00:00,Y,114.21
801450,2,Email,2024-09-04 00:00,Y,144.26
807636,2,Email,2025-01-20 00:00,Y,194.37
805159,1,SEO,2024-10-24 00:00,Y,42.86
801507,2,Paid Social,2025-06-04 00:00,Y,60.63
806495,2,Email,2025-08-25 00:00,Y,106.03
806778,1,SEO,2025-08-18 00:00,Y,130.77
803553,1,Paid Social,2024-12-10 00:00,Y,133.51
804263,3,Email,2025-10-15 00:00,Y,215.09
804890,1,SEO,2024-05-06 00:00,Y,161.84
801475,2,SEO,2025-07-05 00:00,N,0
805278,3,Paid Search,2024-05-08 00:00,N,0
808853,1,Paid Social,2024-05-14 00:00,Y,75.97
803358,5,Email,2025-01-16 00:00,Y,41.53
804164,1,SEO,2024-04-12 00:00,Y,108.39
801836,3,Paid Social,2025-03-26 00:00,Y,153.18
805078,1,Paid Search,2024-11-09 00:00,Y,151.88
800470,1,Email,2024-08-25 00:00,N,0
802057,1,SEO,2024-09-30 00:00,N,0
803292,3,Email,2025-05-21 00:00,N,0
801234,3,Paid Search,2024-09-18 00:00,N,0
801114,1,Paid Social,2025-10-13 00:00,N,0
806122,2,Email,2025-05-13 00:00,Y,142.31
800791,1,Email,2025-09-08 00:00,N,0
808588,3,Email,2024-03-16 00:00,Y,81.53
808227,1,SEO,2025-08-02 00:00,Y,177.53
805672,5,Paid Search,2024-02-22 00:00,Y,37.6
802835,1,Paid Social,2025-09-04 00:00,Y,200.99
801514,3,SEO,2025-10-11 00:00,Y,49.96
807133,2,Paid Search,2025-09-22 00:00,N,0
805474,3,Email,2025-10-15 00:00,Y,121.49
801712,2,Email,2024-02-19 00:00,Y,196.2
806233,2,Email,2024-09-25 00:00,N,0
806572,1,Paid Social,2024-09-11 00:00,Y,123.05
802603,1,Paid Social,2025-08-07 00:00,Y,143.79
803171,4,Paid Search,2024-05-03 00:00,N,0
800538,1,Paid Social,2025-03-07 00:00,N,0
803817,1,Paid Social,2025-04-23 00:00,Y,38.96
808076,1,Email,2024-01-05 00:00,Y,53.01
808930,1,Paid Social,2025-09-13 00:00,Y,156.8
803642,2,Email,2024-04-09 00:00,N,0
800293,2,SEO,2024-02-01 00:00,N,0
800167,2,Paid Social,2024-01-17 00:00,Y,196.76
806087,1,SEO,2024-02-06 00:00,Y,216.07
801999,3,Email,2025-01-07 00:00,N,0
801138,4,Paid Search,2024-07-21 00:00,Y,140.12
803961,1,SEO,2024-05-09 00:00,Y,185.19
803512,2,Email,2025-03-04 00:00,Y,161.46
807115,1,SEO,2024-09-21 00:00,Y,148.2
807174,1,Paid Search,2024-05-26 00:00,N,0
803202,2,Email,2025-03-12 00:00,Y,57.15
804169,2,Email,2025-09-11 00:00,N,0
804937,5,Paid Search,2024-12-15 00:00,N,0
808107,1,Paid Social,2024-04-16 00:00,Y,136.01
805026,1,Paid Social,2024-07-25 00:00,N,0
807209,1,Email,2024-09-23 00:00,Y,70.44
801991,2,Email,2024-09-13 00:00,Y,60.13
806161,1,SEO,2024-03-12 00:00,Y,118.08
807429,1,Paid Social,2025-03-17 00:00,Y,101.48
800771,3,SEO,2024-07-26 00:00,N,0
802621,2,Paid Search,2024-05-01 00:00,Y,58.32
807555,1,SEO,2024-06-10 00:00,N,0
806918,1,Paid Social,2025-10-02 00:00,Y,169.09
806890,1,SEO,2025-07-20 00:00,N,0
800411,4,Email,2024-12-28 00:00,Y,111.08
807825,3,Paid Search,2025-09-06 00:00,Y,153.6
805127,3,Email,2024-09-06 00:00,N,0
807716,1,Paid Social,2025-03-02 00:00,Y,50.78
800727,1,Paid Social,2024-06-27 00:00,Y,207.45
803023,3,SEO,2024-05-26 00:00,Y,111.69
802474,1,SEO,2025-05-20 00:00,N,0
802969,2,Paid Search,2025-09-02 00:00,Y,168.19
802829,3,Paid Search,2025-04-03 00:00,Y,100.46
804543,2,Paid Search,2024-07-06 00:00,N,0
806199,2,Paid Search,2024-06-30 00:00,Y,182.53
807289,1,SEO,2024-11-18 00:00,N,0
802678,5,Email,2025-06-06 00:00,Y,93.86
807925,4,Email,2025-03-11 00:00,Y,84.14
808624,1,Paid Social,2024-01-04 00:00,N,0
801325,1,Email,2024-10-28 00:00,Y,177.41
800727,2,SEO,2024-07-01 00:00,Y,207.45
801057,1,SEO,2024-04-13 00:00,N,0
803286,2,Paid Search,2025-02-23 00:00,Y,186.35
805472,3,Email,2024-10-09 00:00,Y,151.89
801916,1,Email,2025-06-01 00:00,Y,166.86
801273,1,Email,2024-02-09 00:00,N,0
807557,4,Paid Search,2024-11-23 00:00,Y,115.18
805650,2,SEO,2024-04-13 00:00,Y,211.74
803208,1,Paid Social,2025-09-19 00:00,Y,109.62
806379,2,Email,2025-08-27 00:00,Y,198.56
806755,3,Paid Search,2024-04-04 00:00,Y,119.42
804626,2,Email,2024-09-24 00:00,Y,188.16
807902,2,Paid Social,2024-09-07 00:00,N,0
807113,2,Email,2025-08-08 00:00,Y,199.54
803141,1,SEO,2024-03-07 00:00,Y,97.61
801527,2,Email,2024-12-29 00:00,Y,116.44
800736,1,SEO,2025-07-31 00:00,Y,139.21
808427,1,Email,2024-11-11 00:00,Y,170.72
802300,2,Paid Social,2025-04-26 00:00,Y,112.27
806021,1,SEO,2024-01-08 00:00,N,0
803757,2,Paid Social,2024-11-08 00:00,Y,66.22
807750,2,Paid Social,2025-07-05 00:00,Y,135.89
801287,1,SEO,2025-09-24 00:00,N,0
804314,1,Paid Social,2025-07-27 00:00,N,0
806460,1,Paid Social,2024-12-06 00:00,Y,104.67
807014,5,SEO,2024-08-04 00:00,N,0
803330,3,Paid Search,2024-12-24 00:00,Y,45.75
804183,2,SEO,2025-07-12 00:00,Y,65.47
806905,2,Paid Search,2024-02-24 00:00,Y,156.84
804270,3,SEO,2024-11-04 00:00,N,0
803142,2,SEO,2025-02-09 00:00,Y,129.01
806955,4,Paid Search,2024-09-30 00:00,N,0
800333,1,SEO,2025-05-25 00:00,N,0
801458,1,Paid Social,2024-12-16 00:00,N,0
808789,2,Email,2025-10-06 00:00,N,0
806411,3,Paid Social,2024-12-23 00:00,Y,215.26
801661,1,SEO,2024-04-23 00:00,N,0
800283,3,Email,2024-04-06 00:00,N,0
802619,2,Paid Search,2025-07-06 00:00,N,0
804121,1,Email,2024-07-07 00:00,Y,144.16
803343,2,Email,2024-07-12 00:00,N,0
808271,1,Paid Social,2024-05-22 00:00,N,0
806244,1,SEO,2024-08-02 00:00,Y,35.28
800048,3,SEO,2025-08-14 00:00,Y,42.85
806847,1,Paid Search,2025-06-19 00:00,N,0
806620,1,SEO,2025-03-12 00:00,Y,76.44
805305,3,Paid Search,2025-10-14 00:00,N,0
803686,2,Paid Search,2024-01-09 00:00,N,0
802538,2,Paid Search,2024-12-04 00:00,Y,179.54
803057,4,Paid Social,2024-03-30 00:00,Y,128.9
801060,2,Paid Search,2024-02-01 00:00,N,0
801911,4,Paid Search,2025-03-02 00:00,Y,197.91
800039,2,SEO,2025-02-02 00:00,N,0
805955,4,Paid Search,2024-02-28 00:00,N,0
802002,1,SEO,2025-01-29 00:00,Y,124.67
805932,1,SEO,2024-08-18 00:00,Y,153.15
808817,3,SEO,2024-06-12 00:00,Y,178.77
807113,3,Email,2025-08-07 00:00,Y,199.54
808129,2,Paid Search,2024-01-22 00:00,N,0
807592,3,Paid Search,2025-02-20 00:00,Y,79.65
801428,1,SEO,2025-01-09 00:00,Y,125.54
808993,1,Paid Social,2025-10-12 00:00,N,0
802101,1,Paid Search,2025-06-16 00:00,Y,54.11
801058,1,Paid Social,2025-09-22 00:00,Y,218.0
803672,3,SEO,2024-04-14 00:00,Y,46.26
804353,2,SEO,2025-07-09 00:00,N,0
803788,1,Paid Social,2024-09-16 00:00,Y,170.02
807690,3,Paid Social,2025-07-13 00:00,N,0
808319,1,Paid Social,2024-10-28 00:00,N,0
803672,2,Paid Search,2024-04-12 00:00,Y,46.26
806582,1,Paid Social,2024-06-09 00:00,Y,109.18
808696,1,Paid Search,2024-08-08 00:00,Y,103.21
806925,3,Paid Search,2024-06-23 00:00,Y,75.77
806153,1,SEO,2025-01-04 00:00,N,0
800986,2,Paid Search,2025-06-22 00:00,Y,149.32
801518,3,Paid Search,2025-03-04 00:00,Y,84.8
805015,2,Paid Social,2025-08-14 00:00,Y,122.6
802304,2,SEO,2025-05-14 00:00,Y,176.42
807019,2,Paid Search,2025-07-24 00:00,Y,35.67
800706,1,Paid Social,2024-11-13 00:00,Y,166.21
807315,1,Paid Social,2024-08-07 00:00,Y,52.1
805317,1,SEO,2024-07-08 00:00,Y,55.82
801835,1,Email,2024-09-19 00:00,Y,148.51
801102,2,SEO,2025-09-13 00:00,Y,63.78
807258,2,SEO,2025-08-17 00:00,Y,211.84
804229,1,SEO,2025-08-06 00:00,N,0
800902,3,SEO,2024-04-10 00:00,Y,45.73
805348,3,Email,2024-03-30 00:00,N,0
801641,4,SEO,2025-02-20 00:00,Y,60.9
800610,2,Paid Search,2025-03-19 00:00,N,0
806313,3,Paid Search,2024-01-13 00:00,N,0
802147,3,SEO,2024-11-26 00:00,Y,86.04
801618,2,Paid Social,2024-10-12 00:00,Y,62.46
801942,1,Paid Social,2024-09-24 00:00,Y,140.54
807383,2,SEO,2024-09-28 00:00,Y,114.45
808098,5,Paid Search,2025-04-27 00:00,Y,120.77
804898,3,Email,2024-11-03 00:00,N,0
805419,1,Email,2025-08-15 00:00,N,0
805455,4,SEO,2025-07-26 00:00,Y,143.44
802987,5,Email,2024-04-22 00:00,N,0
803452,2,SEO,2025-03-02 00:00,Y,98.63
801631,3,SEO,2024-12-09 00:00,Y,123.22
801968,4,Paid Search,2024-11-22 00:00,Y,151.49
802276,1,Paid Social,2024-02-14 00:00,Y,201.56
801132,5,Paid Social,2024-05-08 00:00,N,0
800576,1,Paid Search,2025-06-15 00:00,N,0
802977,3,Paid Search,2024-02-25 00:00,N,0
807577,3,Paid Search,2024-09-16 00:00,Y,77.43
808232,3,Paid Social,2025-03-31 00:00,N,0
804157,2,Paid Search,2025-09-03 00:00,Y,98.71
807502,1,Paid Social,2024-10-21 00:00,Y,79.36
801851,1,SEO,2024-01-07 00:00,Y,176.04
804091,1,SEO,2025-03-24 00:00,N,0
807967,1,Paid Social,2025-06-09 00:00,Y,93.71
804391,1,SEO,2024-06-02 00:00,N,0
807577,1,Paid Social,2024-09-08 00:00,Y,77.43
807554,5,Email,2025-10-30 00:00,N,0
801110,1,Paid Social,2024-01-23 00:00,N,0
804111,1,Paid Search,2024-03-18 00:00,N,0
807582,2,Paid Social,2024-10-05 00:00,N,0
802002,4,Paid Search,2025-02-10 00:00,Y,124.67
807533,1,SEO,2024-10-26 00:00,Y,90.82
805194,3,SEO,2024-04-08 00:00,Y,55.19
807780,3,Email,2025-06-13 00:00,N,0
801841,1,SEO,2024-12-05 00:00,Y,43.43
804233,2,Paid Social,2025-07-07 00:00,Y,122.77
808491,2,SEO,2024-11-14 00:00,Y,170.08
803540,2,Email,2025-09-21 00:00,Y,81.83
803641,1,SEO,2025-10-07 00:00,Y,51.83
806781,4,Paid Search,2025-08-15 00:00,Y,218.32
805271,3,Paid Social,2024-04-25 00:00,Y,113.95
803951,2,Email,2025-01-21 00:00,N,0
800410,2,Email,2025-01-07 00:00,Y,194.39
800923,1,SEO,2024-12-18 00:00,N,0
804497,1,Paid Search,2025-05-20 00:00,N,0
804143,4,Email,2025-05-12 00:00,Y,170.12
807800,1,SEO,2024-07-29 00:00,Y,49.46
808171,1,SEO,2025-03-19 00:00,Y,217.33
801443,1,SEO,2025-04-06 00:00,N,0
800345,1,SEO,2024-06-04 00:00,Y,119.64
803800,1,Paid Social,2025-01-02 00:00,Y,91.78
803721,1,Paid Social,2024-08-12 00:00,Y,55.87
800044,2,Paid Search,2024-06-06 00:00,Y,201.62
805420,3,Paid Social,2024-04-23 00:00,Y,168.05
804062,2,Email,2025-10-14 00:00,Y,69.57
800826,4,Paid Search,2025-05-19 00:00,Y,179.55
804403,3,Email,2024-01-15 00:00,Y,206.75
807489,2,SEO,2024-01-07 00:00,N,0
808968,1,SEO,2024-07-03 00:00,Y,217.65
801913,1,Paid Social,2025-04-30 00:00,N,0
804262,1,SEO,2025-08-13 00:00,Y,134.85
805946,2,Email,2024-09-17 00:00,N,0
808996,1,Email,2024-09-27 00:00,N,0
802572,1,Paid Search,2024-03-01 00:00,N,0
800345,3,Email,2024-06-10 00:00,Y,119.64
801605,2,Paid Social,2024-07-27 00:00,N,0
806705,2,Paid Search,2025-10-03 00:00,Y,41.22
805373,1,Paid Social,2024-02-03 00:00,Y,83.2
801852,4,Email,2024-10-06 00:00,N,0
802131,2,Paid Search,2025-01-09 00:00,Y,99.64
807363,5,Paid Search,2025-08-12 00:00,N,0
807966,3,Email,2025-06-06 00:00,Y,161.12
805257,1,SEO,2025-06-07 00:00,N,0
803638,3,Paid Social,2024-01-12 00:00,N,0
808081,1,Paid Search,2024-08-07 00:00,Y,145.37
806876,2,Paid Social,2025-06-05 00:00,Y,52.08
800153,1,Paid Search,2025-09-20 00:00,Y,200.62
805751,1,Paid Search,2025-09-08 00:00,N,0
800474,1,Paid Social,2025-03-27 00:00,N,0
801088,2,SEO,2024-07-23 00:00,Y,132.1
806205,1,Paid Search,2024-12-17 00:00,N,0
806804,1,Paid Social,2024-12-31 00:00,Y,68.44
803779,2,Paid Search,2025-09-27 00:00,N,0
802886,3,SEO,2025-05-01 00:00,Y,46.56
804774,2,Email,2025-01-02 00:00,Y,182.36
800979,4,Paid Social,2024-08-18 00:00,Y,141.13
807078,1,Email,2025-05-03 00:00,N,0
806407,4,Email,2025-09-02 00:00,Y,196.72
802782,1,SEO,2025-04-25 00:00,Y,206.33
807159,1,Email,2024-02-26 00:00,N,0
806649,1,Paid Social,2024-05-17 00:00,N,0
801071,2,Paid Social,2024-03-25 00:00,Y,45.1
804524,1,Paid Social,2024-07-15 00:00,N,0
803065,4,Paid Search,2025-01-28 00:00,Y,77.5
806879,5,Paid Search,2025-03-15 00:00,Y,52.0
801095,2,Paid Search,2024-08-20 00:00,Y,46.31
806949,1,SEO,2024-08-14 00:00,Y,81.08
804178,3,Paid Search,2024-02-12 00:00,Y,102.43
803262,3,Paid Search,2024-09-28 00:00,Y,98.35
801111,2,Paid Search,2024-12-05 00:00,Y,160.55
807450,1,Paid Social,2024-02-18 00:00,N,0
806389,1,SEO,2025-08-18 00:00,Y,61.08
802546,3,Paid Social,2025-07-30 00:00,Y,155.74
800098,2,Paid Search,2025-07-24 00:00,Y,112.6
802892,1,SEO,2025-07-28 00:00,Y,85.3
804247,3,Email,2024-02-10 00:00,Y,192.9
803478,2,Paid Search,2025-07-24 00:00,N,0
802772,1,Paid Social,2025-07-03 00:00,Y,157.28
804618,2,SEO,2024-11-03 00:00,N,0
806519,1,Email,2024-06-20 00:00,N,0
801524,3,Paid Social,2024-04-07 00:00,N,0
808064,4,Paid Social,2024-12-01 00:00,N,0
803130,3,Email,2024-01-15 00:00,Y,89.76
803494,2,Email,2025-02-21 00:00,Y,57.58
807734,1,SEO,2025-03-20 00:00,Y,36.65
805219,4,SEO,2024-11-10 00:00,N,0
800911,2,Email,2024-01-08 00:00,N,0
807958,2,Email,2025-01-17 00:00,N,0
804613,1,Email,2024-08-14 00:00,N,0
804345,1,SEO,2025-09-27 00:00,Y,60.81
808530,1,Paid Social,2024-02-13 00:00,Y,41.43
803849,1,SEO,2024-07-28 00:00,Y,55.92
801027,2,Paid Social,2025-07-05 00:00,N,0
801853,2,Email,2025-05-07 00:00,Y,148.37
803581,4,Paid Social,2024-12-19 00:00,Y,44.88
800966,1,Paid Search,2024-08-12 00:00,N,0
808474,1,Paid Social,2025-07-23 00:00,Y,205.72
800135,1,Email,2025-03-19 00:00,Y,113.82
801568,1,Paid Social,2024-05-11 00:00,Y,157.45
800534,2,Email,2024-11-17 00:00,N,0
807926,1,SEO,2024-08-08 00:00,Y,135.14
803371,2,Email,2025-04-25 00:00,N,0
800580,3,Paid Social,2024-02-18 00:00,N,0
801883,1,Paid Social,2024-07-27 00:00,Y,155.9
804526,1,SEO,2024-10-01 00:00,Y,167.12
807590,1,Paid Social,2024-09-27 00:00,Y,36.44
803580,1,SEO,2024-04-29 00:00,Y,131.68
800339,2,Paid Social,2025-01-23 00:00,Y,151.61
806813,2,Paid Social,2025-02-19 00:00,Y,111.44
801408,1,Email,2024-05-19 00:00,N,0
807269,4,Paid Social,2025-05-19 00:00,Y,65.31
803722,1,Paid Search,2025-08-22 00:00,Y,139.24
800030,2,Paid Social,2024-06-20 00:00,N,0
801951,2,Paid Search,2024-03-25 00:00,N,0
803976,1,SEO,2025-02-11 00:00,N,0
806607,1,SEO,2024-10-02 00:00,N,0
807389,2,Email,2025-01-12 00:00,Y,211.52
806952,2,Email,2025-08-26 00:00,Y,94.78
800020,2,Paid Search,2024-04-11 00:00,Y,153.89
802347,1,Paid Search,2024-01-11 00:00,Y,127.35
804995,4,SEO,2025-05-01 00:00,Y,45.08
803232,4,Email,2024-06-10 00:00,N,0
800330,2,Paid Social,2025-02-10 00:00,N,0
804638,1,Paid Social,2024-03-08 00:00,N,0
801975,2,Paid Search,2024-06-30 00:00,N,0
802311,4,Email,2024-07-22 00:00,Y,48.44
803168,4,Email,2025-08-23 00:00,Y,82.68
801461,2,SEO,2025-09-14 00:00,Y,72.94
806659,2,SEO,2024-01-23 00:00,Y,151.52
803931,3,Email,2024-12-31 00:00,Y,161.16
803265,1,Paid Search,2025-03-10 00:00,Y,74.22
804536,2,Paid Social,2024-05-14 00:00,N,0
808132,2,Paid Search,2024-12-28 00:00,Y,95.41
801665,1,Paid Social,2024-09-21 00:00,Y,110.75
803261,5,Email,2024-12-31 00:00,Y,146.64
807630,2,Paid Search,2025-03-09 00:00,Y,123.09
800724,1,SEO,2024-12-05 00:00,Y,163.2
805212,1,Paid Search,2024-12-10 00:00,N,0
801103,2,Email,2025-01-23 00:00,Y,218.2
806331,3,Paid Search,2024-04-04 00:00,Y,180.19
808364,1,SEO,2024-08-29 00:00,N,0
802970,2,Email,2024-10-21 00:00,Y,74.1
801131,3,Email,2024-11-27 00:00,Y,197.28
800402,3,Email,2025-01-03 00:00,Y,51.31
808720,3,SEO,2024-07-20 00:00,Y,171.02
807835,2,Paid Social,2025-04-29 00:00,N,0
803547,5,Paid Search,2025-06-16 00:00,Y,179.92
805243,2,Email,2025-01-21 00:00,Y,98.48
800329,1,SEO,2024-07-05 00:00,N,0
808236,2,SEO,2025-09-08 00:00,N,0
801104,1,Paid Social,2024-11-13 00:00,N,0
800878,4,Email,2024-07-04 00:00,Y,42.14
803681,3,Email,2025-01-08 00:00,N,0
800626,4,Email,2025-09-01 00:00,N,0
806003,1,SEO,2025-01-17 00:00,Y,121.49
807933,4,Email,2024-04-01 00:00,N,0
808782,1,Paid Search,2024-11-29 00:00,N,0
803979,1,Paid Social,2025-06-24 00:00,N,0
807933,3,Paid Social,2024-04-01 00:00,N,0
806638,2,Paid Search,2025-08-20 00:00,Y,219.47
805282,3,SEO,2025-06-04 00:00,Y,167.64
808244,1,Paid Search,2024-09-20 00:00,Y,163.1
806171,2,Email,2025-08-04 00:00,Y,85.48
807393,1,SEO,2025-03-30 00:00,N,0
804404,4,Paid Search,2025-08-24 00:00,Y,98.84
805712,1,SEO,2025-07-24 00:00,Y,194.38
803491,1,Email,2024-09-18 00:00,Y,81.03
807705,1,SEO,2024-06-24 00:00,N,0
807398,1,SEO,2024-08-20 00:00,Y,182.17
806542,1,SEO,2025-06-10 00:00,Y,79.2
807944,1,SEO,2024-07-07 00:00,Y,36.28
801600,1,Paid Search,2025-02-15 00:00,N,0
805264,3,Paid Search,2025-07-22 00:00,Y,48.7
807176,2,Paid Search,2024-02-04 00:00,Y,45.11
806417,4,Paid Social,2025-08-31 00:00,Y,137.35
803588,2,SEO,2024-11-27 00:00,Y,183.44
802989,4,Email,2024-10-09 00:00,Y,71.08
806388,1,SEO,2025-07-09 00:00,Y,66.83
800009,3,Email,2025-02-07 00:00,Y,62.59
804239,2,Paid Search,2024-01-14 00:00,Y,163.86
801866,5,Paid Search,2025-05-19 00:00,Y,166.0
804152,3,Paid Search,2025-01-29 00:00,Y,157.31
808880,2,SEO,2025-07-01 00:00,Y,162.83
804182,2,Paid Search,2025-05-13 00:00,N,0
800188,3,SEO,2024-12-20 00:00,Y,195.26
801146,1,Paid Social,2024-09-08 00:00,Y,215.9
807510,1,Paid Social,2024-09-16 00:00,N,0
807082,1,SEO,2025-06-26 00:00,Y,197.0
801903,1,SEO,2025-07-14 00:00,Y,158.97
803268,1,Paid Social,2025-05-27 00:00,Y,60.98
802281,1,Email,2024-02-06 00:00,Y,192.35
803439,1,SEO,2025-05-26 00:00,N,0
803319,1,Paid Search,2024-03-24 00:00,Y,40.18
806163,2,SEO,2025-05-22 00:00,N,0
802763,1,SEO,2024-10-29 00:00,N,0
804092,4,Email,2025-06-21 00:00,N,0
801256,5,Email,2024-05-19 00:00,Y,87.18
803432,3,Email,2024-09-03 00:00,N,0
801211,2,Email,2025-07-11 00:00,N,0
804310,3,Email,2025-06-20 00:00,Y,176.16
806271,1,SEO,2024-01-15 00:00,N,0
805006,2,SEO,2025-05-06 00:00,Y,205.29
805370,4,Email,2024-01-14 00:00,Y,52.57
802762,2,Email,2025-01-25 00:00,Y,194.42
801628,3,Email,2025-03-21 00:00,N,0
802067,2,Email,2024-08-30 00:00,Y,144.24
808958,2,SEO,2025-01-13 00:00,Y,196.28
801024,1,SEO,2025-01-29 00:00,Y,41.61
800389,3,Email,2025-06-26 00:00,Y,35.05
801842,1,SEO,2024-09-10 00:00,Y,43.04
805578,1,Paid Social,2024-11-21 00:00,N,0
807069,1,Paid Social,2025-03-23 00:00,N,0
806111,2,SEO,2024-10-05 00:00,Y,105.9
800752,1,Paid Social,2024-12-26 00:00,Y,51.08
806318,1,SEO,2025-03-28 00:00,Y,66.73
801052,2,Paid Social,2025-10-14 00:00,N,0
808798,2,SEO,2024-09-04 00:00,Y,211.66
803174,5,Paid Search,2025-02-17 00:00,N,0
804084,2,Paid Social,2024-12-26 00:00,Y,207.08
801014,2,Paid Search,2025-04-25 00:00,N,0
806255,2,Paid Search,2025-04-25 00:00,Y,174.66
805103,1,Paid Social,2024-04-24 00:00,Y,104.68
802127,1,Paid Search,2025-05-02 00:00,N,0
806771,1,Paid Social,2025-07-19 00:00,N,0
806624,2,SEO,2024-02-22 00:00,Y,64.22
802803,2,SEO,2024-11-15 00:00,Y,60.43
805261,2,Paid Social,2025-05-21 00:00,Y,64.9
805058,5,SEO,2024-07-09 00:00,Y,188.96
802019,1,SEO,2025-05-09 00:00,N,0
807841,2,Paid Search,2025-04-27 00:00,Y,107.37
804730,2,SEO,2025-01-20 00:00,Y,85.88
806142,3,SEO,2025-10-21 00:00,N,0
805928,1,SEO,2025-09-11 00:00,Y,142.83
807838,2,SEO,2024-08-06 00:00,N,0
801316,2,Email,2024-04-26 00:00,N,0
801735,2,SEO,2024-10-06 00:00,Y,167.75
806263,3,Email,2025-07-20 00:00,N,0
806785,2,Email,2024-10-24 00:00,Y,78.23
806320,3,SEO,2025-04-30 00:00,Y,203.83
807184,3,Paid Social,2025-09-10 00:00,Y,106.45
807131,4,SEO,2024-05-18 00:00,Y,130.54
804226,4,Paid Search,2025-08-29 00:00,N,0
805988,1,Email,2024-05-27 00:00,Y,212.23
800741,1,Paid Search,2025-09-27 00:00,Y,53.34
802078,2,Paid Social,2024-10-22 00:00,Y,167.18
806260,3,Email,2025-09-16 00:00,N,0
800082,5,Email,2024-04-11 00:00,Y,212.17
802400,4,SEO,2024-02-07 00:00,Y,214.59
803902,1,Paid Social,2024-08-09 00:00,N,0
803658,5,Email,2025-03-31 00:00,Y,138.73
808122,2,Paid Search,2024-10-02 00:00,N,0
806634,2,Email,2025-08-04 00:00,Y,179.9
807709,1,SEO,2024-06-24 00:00,N,0
806276,4,Email,2025-03-18 00:00,N,0
808011,1,SEO,2025-02-15 00:00,Y,133.3
802187,1,SEO,2024-12-29 00:00,N,0
802137,3,Email,2025-08-25 00:00,Y,144.46
804432,3,Email,2024-10-23 00:00,Y,195.32
806869,1,Paid Social,2024-11-25 00:00,N,0
803823,3,Paid Social,2025-03-28 00:00,Y,82.02
807515,2,SEO,2024-05-28 00:00,N,0
807616,1,SEO,2025-04-06 00:00,Y,43.83
808741,2,Paid Search,2024-07-28 00:00,N,0
802896,5,Email,2025-08-19 00:00,Y,66.61
807864,1,SEO,2025-02-14 00:00,N,0
806050,3,Email,2024-03-18 00:00,Y,152.17
804887,2,Paid Social,2025-07-18 00:00,Y,128.07
802322,2,Paid Social,2024-10-12 00:00,N,0
807701,1,Paid Search,2025-05-06 00:00,N,0
802227,3,Email,2024-04-13 00:00,Y,196.17
808614,3,Paid Social,2024-05-29 00:00,Y,108.45
802466,3,Paid Search,2025-08-03 00:00,N,0
808785,1,SEO,2025-07-20 00:00,Y,46.62
806072,1,SEO,2025-10-10 00:00,N,0
807907,3,SEO,2024-06-05 00:00,N,0
803058,3,Paid Search,2025-05-13 00:00,Y,122.22
808197,1,Email,2025-09-29 00:00,N,0
808917,1,Paid Search,2025-09-16 00:00,N,0
806349,3,Email,2024-07-07 00:00,N,0
806688,3,SEO,2024-10-03 00:00,N,0
804360,2,Paid Search,2025-05-12 00:00,Y,64.1
806023,2,Email,2025-09-24 00:00,Y,150.61
805339,1,Paid Social,2024-05-28 00:00,Y,101.11
804123,2,SEO,2025-02-28 00:00,N,0
808402,2,SEO,2024-11-21 00:00,N,0
800359,2,SEO,2024-08-09 00:00,N,0
801213,1,SEO,2024-02-11 00:00,Y,182.39
801029,1,Email,2025-05-27 00:00,Y,112.24
802172,2,Email,2025-05-03 00:00,N,0
802497,1,Paid Search,2025-06-15 00:00,Y,88.8
801193,2,SEO,2025-07-22 00:00,N,0
805819,1,Paid Search,2025-07-12 00:00,Y,122.02
801593,2,Paid Search,2024-09-17 00:00,N,0
802903,1,Email,2024-11-27 00:00,Y,174.42
802694,1,Paid Social,2024-11-09 00:00,Y,39.71
804375,2,Email,2024-05-28 00:00,Y,214.48
800030,1,SEO,2024-06-17 00:00,N,0
807875,3,Paid Search,2024-07-06 00:00,Y,202.88
808368,1,SEO,2025-02-13 00:00,Y,128.02
806487,2,Email,2024-04-20 00:00,N,0
804379,3,SEO,2024-05-02 00:00,Y,96.54
803076,1,SEO,2025-03-05 00:00,Y,187.12
800267,2,SEO,2025-10-02 00:00,Y,148.14
804384,2,Paid Search,2024-02-12 00:00,Y,205.52
802890,2,Email,2025-05-01 00:00,Y,217.55
801286,1,SEO,2025-10-03 00:00,Y,86.47
805826,2,Email,2025-05-18 00:00,N,0
808311,3,Email,2024-04-17 00:00,Y,137.1
807075,1,Paid Social,2024-09-04 00:00,Y,145.62
808426,1,SEO,2024-07-25 00:00,N,0
808904,4,Email,2025-06-14 00:00,N,0
806591,1,Paid Social,2024-06-10 00:00,Y,90.75
807694,1,SEO,2025-10-13 00:00,Y,168.6
801360,2,Email,2024-09-14 00:00,Y,74.68
801584,1,Paid Search,2025-05-04 00:00,Y,215.91
806833,1,Paid Search,2025-01-04 00:00,Y,194.53
802984,3,Paid Search,2024-07-31 00:00,N,0
804174,1,SEO,2024-08-27 00:00,Y,212.39
808289,1,SEO,2024-10-02 00:00,N,0
808644,5,Email,2025-09-06 00:00,Y,166.56
802401,4,Email,2024-11-25 00:00,N,0
803079,3,Paid Social,2024-04-14 00:00,Y,49.38
800134,1,SEO,2024-04-20 00:00,N,0
802894,2,Paid Search,2024-07-26 00:00,N,0
801919,1,Paid Social,2025-05-14 00:00,N,0
807206,4,Email,2025-04-27 00:00,N,0
801024,2,Email,2025-01-31 00:00,Y,41.61
805778,4,Email,2024-05-03 00:00,Y,112.22
800074,1,SEO,2025-05-17 00:00,Y,194.18
802581,3,SEO,2024-08-30 00:00,Y,214.38
805998,1,SEO,2024-05-22 00:00,N,0
803588,4,Email,2024-11-26 00:00,Y,183.44
800624,2,Paid Search,2025-02-23 00:00,Y,154.55
807568,1,Paid Social,2024-09-25 00:00,N,0
806044,1,Paid Search,2024-06-04 00:00,Y,60.12
804158,1,SEO,2024-07-30 00:00,N,0
808520,2,Paid Search,2025-08-07 00:00,Y,131.26
803594,2,Paid Social,2024-12-16 00:00,N,0
803854,3,Paid Search,2025-05-08 00:00,Y,52.09
804588,5,Paid Social,2024-12-28 00:00,N,0
808350,4,Paid Search,2025-02-01 00:00,Y,151.8
806177,2,Email,2024-04-20 00:00,Y,194.75
806288,2,SEO,2025-05-25 00:00,N,0
802281,4,Email,2024-02-09 00:00,Y,192.35
802296,1,SEO,2024-12-08 00:00,N,0
801429,3,Paid Search,2024-06-19 00:00,N,0
802121,5,Paid Social,2025-08-23 00:00,N,0
805004,3,Email,2025-05-28 00:00,N,0
800904,2,Paid Search,2024-07-24 00:00,Y,137.73
804392,1,Paid Social,2024-05-28 00:00,Y,193.23
807232,1,Paid Social,2025-07-17 00:00,Y,125.85
803949,2,Email,2024-10-23 00:00,N,0
801224,3,SEO,2025-06-24 00:00,N,0
808250,2,Paid Search,2024-12-18 00:00,N,0
803596,2,Email,2025-02-19 00:00,Y,133.81
802429,2,Email,2024-11-21 00:00,Y,195.48
800679,2,Paid Social,2025-04-03 00:00,Y,74.58
804291,1,Paid Social,2024-01-03 00:00,Y,124.93
805452,1,SEO,2025-10-03 00:00,N,0
808695,5,Email,2024-02-12 00:00,Y,150.92
807549,3,Paid Search,2025-01-26 00:00,Y,109.89
808536,3,Email,2025-04-21 00:00,N,0
801741,1,Paid Social,2024-03-29 00:00,N,0
803109,2,Paid Social,2024-07-21 00:00,N,0
804260,1,SEO,2025-03-05 00:00,N,0
802843,1,SEO,2025-04-13 00:00,N,0
801936,2,Email,2024-04-26 00:00,Y,99.07
801534,2,Paid Search,2024-06-20 00:00,Y,61.91
808078,3,Paid Search,2024-05-13 00:00,N,0
802636,2,Email,2025-07-24 00:00,Y,45.79
804875,2,Paid Social,2025-01-03 00:00,Y,142.12
803311,1,SEO,2025-04-15 00:00,Y,110.42
806817,1,SEO,2025-08-28 00:00,Y,162.79
808724,1,Paid Social,2024-06-16 00:00,N,0
803827,1,SEO,2025-07-23 00:00,N,0
805031,3,Paid Search,2025-06-09 00:00,Y,171.95
804970,2,Paid Social,2025-06-29 00:00,N,0
803170,3,SEO,2024-06-20 00:00,N,0
808233,3,Email,2025-04-15 00:00,N,0
804808,3,Paid Search,2025-03-16 00:00,Y,106.47
806381,1,SEO,2024-10-18 00:00,N,0
800798,2,Paid Search,2024-08-31 00:00,N,0
800673,1,Email,2024-08-25 00:00,N,0
805926,2,Paid Social,2025-10-08 00:00,Y,89.02
804223,1,SEO,2025-09-04 00:00,N,0
805909,2,Paid Social,2025-08-21 00:00,Y,50.61
801195,1,Paid Search,2024-12-25 00:00,N,0
801487,2,Paid Social,2025-05-14 00:00,Y,39.45
806104,1,Email,2025-05-27 00:00,Y,60.92
802047,3,Paid Search,2024-03-08 00:00,Y,88.28
801249,1,Email,2025-03-27 00:00,N,0
804355,1,Paid Social,2025-01-02 00:00,Y,60.23
806829,3,SEO,2025-08-01 00:00,Y,72.86
802306,1,SEO,2024-03-13 00:00,Y,151.76
803006,1,SEO,2024-08-16 00:00,N,0
808921,3,Email,2025-07-02 00:00,Y,147.09
804897,4,Email,2024-03-29 00:00,N,0
806271,2,Paid Social,2024-01-19 00:00,N,0
801008,3,Paid Search,2025-05-26 00:00,N,0
806785,1,SEO,2024-10-22 00:00,Y,78.23
808937,3,Paid Search,2025-02-11 00:00,Y,96.43
800105,1,SEO,2025-03-24 00:00,Y,175.57
804005,1,Paid Search,2024-04-19 00:00,Y,65.34
806398,1,SEO,2024-09-02 00:00,Y,177.33
803614,3,Email,2025-03-11 00:00,Y,73.83
807168,2,Paid Social,2025-07-29 00:00,Y,156.89
801230,2,Paid Search,2024-08-12 00:00,N,0
808217,4,Paid Search,2025-06-19 00:00,N,0
802678,2,Email,2025-05-23 00:00,Y,93.86
805705,2,Paid Social,2025-09-20 00:00,N,0
800078,2,SEO,2024-10-31 00:00,Y,64.92
806965,2,Paid Social,2025-01-09 00:00,N,0
801691,1,Paid Social,2024-08-26 00:00,Y,71.71
805006,4,Email,2025-05-05 00:00,Y,205.29
800754,3,Paid Search,2025-01-28 00:00,Y,68.34
800113,2,SEO,2024-05-04 00:00,Y,130.16
804539,1,Paid Search,2025-01-14 00:00,Y,213.81
806896,3,Paid Social,2024-03-13 00:00,N,0
806493,1,SEO,2024-06-15 00:00,Y,94.35
808096,2,Paid Search,2024-02-29 00:00,Y,135.0
803919,3,Paid Search,2024-09-11 00:00,Y,136.02
800589,1,SEO,2025-07-28 00:00,Y,219.72
804009,2,Paid Search,2024-09-11 00:00,Y,208.72
801493,1,Paid Search,2024-03-28 00:00,N,0
800111,1,Paid Social,2024-05-16 00:00,N,0
800957,2,Paid Social,2024-03-03 00:00,Y,186.86
804541,1,SEO,2025-10-01 00:00,N,0
805620,2,Email,2024-07-10 00:00,N,0
806155,2,Paid Social,2024-11-12 00:00,Y,183.28
806881,1,Email,2025-03-26 00:00,N,0
805728,1,SEO,2024-07-05 00:00,Y,126.1
802290,3,Paid Search,2025-10-09 00:00,Y,78.4
806756,4,Email,2025-04-28 00:00,Y,51.08
804029,2,Email,2025-05-01 00:00,Y,87.29
807720,4,Email,2025-02-24 00:00,Y,62.95
805556,4,SEO,2025-04-02 00:00,N,0
802102,1,SEO,2024-10-02 00:00,Y,219.2
803927,1,Paid Social,2024-09-05 00:00,N,0
802445,1,Paid Search,2024-01-04 00:00,Y,144.18
808891,1,SEO,2024-07-17 00:00,Y,158.26
803140,5,Email,2025-04-01 00:00,Y,180.83
808256,3,Paid Social,2025-04-19 00:00,Y,107.33
806673,5,Paid Social,2025-05-11 00:00,N,0
803086,1,Email,2024-09-07 00:00,N,0
803492,1,SEO,2024-03-08 00:00,Y,162.03
800215,1,Paid Social,2025-07-06 00:00,N,0
803158,2,Email,2024-11-10 00:00,Y,58.15
808531,2,Paid Social,2024-07-18 00:00,Y,53.76
808195,2,Email,2025-02-01 00:00,Y,100.94
800181,5,Paid Search,2024-12-23 00:00,Y,193.22
800884,3,Email,2024-11-11 00:00,Y,179.1
801427,3,Email,2025-05-17 00:00,Y,149.15
805126,1,SEO,2024-11-01 00:00,N,0
803432,1,SEO,2024-08-28 00:00,N,0
806719,1,Paid Search,2024-04-06 00:00,N,0
801346,1,SEO,2024-11-26 00:00,N,0
800549,2,Paid Social,2024-07-15 00:00,N,0
805011,2,Email,2024-07-30 00:00,Y,83.32
808284,1,Email,2025-01-23 00:00,Y,92.36
806268,4,Paid Search,2025-01-01 00:00,Y,178.71
804389,2,Paid Search,2024-06-07 00:00,Y,134.33
804302,4,Paid Social,2025-01-30 00:00,Y,186.54
800324,1,SEO,2025-01-24 00:00,Y,104.7
800686,3,SEO,2024-05-15 00:00,Y,151.22
803323,3,Paid Social,2024-12-21 00:00,Y,38.02
801897,2,Paid Social,2025-07-29 00:00,N,0
804853,2,Paid Social,2024-08-05 00:00,N,0
802361,1,Email,2024-10-06 00:00,Y,182.93
806076,1,Paid Social,2024-07-21 00:00,Y,213.05
807737,2,Paid Social,2024-12-13 00:00,Y,62.94
802157,1,Paid Social,2024-09-14 00:00,Y,120.35
800096,1,Paid Social,2025-10-05 00:00,Y,197.44
803459,2,Paid Social,2025-06-21 00:00,Y,82.01
801364,2,Paid Search,2024-01-30 00:00,Y,64.04
807485,2,Email,2024-04-10 00:00,Y,67.36
806596,3,SEO,2025-02-16 00:00,Y,111.19
800908,2,Paid Social,2025-05-15 00:00,Y,137.39
801232,2,Email,2025-05-27 00:00,N,0
801145,2,SEO,2024-05-27 00:00,N,0
804091,3,Paid Search,2025-04-01 00:00,N,0
802064,3,Email,2024-07-15 00:00,Y,173.86
801806,1,SEO,2025-09-11 00:00,Y,219.3
803152,1,Paid Social,2024-01-03 00:00,Y,124.93
804490,1,SEO,2025-01-20 00:00,Y,184.48
808661,1,SEO,2025-09-30 00:00,Y,130.74
801427,4,Paid Search,2025-05-12 00:00,Y,149.15
800513,4,Email,2025-08-31 00:00,Y,101.33
807243,3,Email,2025-09-20 00:00,N,0
807804,4,SEO,2024-06-02 00:00,N,0
806192,4,Email,2025-01-17 00:00,N,0
806630,1,Paid Social,2024-04-02 00:00,Y,177.46
800339,1,SEO,2025-01-22 00:00,Y,151.61
804873,1,SEO,2025-01-02 00:00,Y,190.99
800930,5,Paid Social,2025-10-05 00:00,N,0
802975,1,SEO,2024-11-20 00:00,N,0
806116,1,Paid Social,2024-07-07 00:00,N,0
805275,1,SEO,2024-12-07 00:00,Y,182.28
807270,3,Paid Search,2024-08-15 00:00,Y,204.7
806164,3,Email,2024-09-12 00:00,Y,204.76
801687,3,Paid Search,2025-05-20 00:00,N,0
808060,3,SEO,2024-08-07 00:00,Y,170.48
808908,1,SEO,2025-06-07 00:00,Y,137.77
801382,2,Paid Search,2025-04-14 00:00,Y,66.79
805386,3,Paid Search,2024-06-01 00:00,Y,93.25
808928,1,SEO,2024-12-22 00:00,Y,112.67
807155,1,SEO,2024-03-16 00:00,Y,99.35
805770,1,Email,2025-08-30 00:00,Y,83.02
805382,4,SEO,2024-02-07 00:00,N,0
806744,1,SEO,2024-08-20 00:00,Y,79.61
806335,3,Paid Social,2024-03-22 00:00,N,0
800684,1,Paid Social,2024-06-08 00:00,Y,188.93
800193,1,Email,2024-11-26 00:00,N,0
804041,3,SEO,2024-02-14 00:00,Y,54.38
801785,2,Paid Search,2025-02-01 00:00,Y,74.3
803871,2,SEO,2024-01-23 00:00,N,0
806357,2,Paid Search,2025-02-14 00:00,N,0
807993,1,SEO,2024-12-06 00:00,Y,71.44
806448,1,SEO,2025-07-18 00:00,Y,66.77
806389,4,Email,2025-08-21 00:00,Y,61.08
805782,1,Paid Search,2024-06-08 00:00,Y,59.22
806763,2,SEO,2024-08-20 00:00,Y,212.34
808162,3,Email,2024-02-06 00:00,Y,216.13
801108,2,Email,2024-03-31 00:00,N,0
806769,2,Email,2024-05-11 00:00,N,0
804726,1,SEO,2024-02-15 00:00,Y,131.53
807189,1,SEO,2024-03-22 00:00,Y,108.17
804376,1,Paid Social,2024-06-06 00:00,Y,120.13
807003,2,Email,2025-10-07 00:00,Y,74.98
804442,1,Email,2024-06-30 00:00,N,0
807471,4,Email,2025-03-11 00:00,N,0
803117,1,Email,2024-01-15 00:00,Y,97.44
801500,3,Email,2025-03-08 00:00,Y,38.72
804113,2,Email,2025-01-29 00:00,Y,160.89
808863,4,SEO,2024-08-23 00:00,Y,175.5
807783,1,SEO,2024-01-28 00:00,N,0
807610,3,Paid Search,2024-04-03 00:00,Y,190.88
800380,2,Email,2025-04-09 00:00,N,0
807988,1,Email,2025-07-18 00:00,Y,129.24
805241,3,Paid Search,2024-12-30 00:00,Y,136.69
801868,2,Paid Search,2025-07-02 00:00,N,0
801764,1,SEO,2025-03-25 00:00,N,0
801353,1,Paid Social,2025-06-10 00:00,N,0
802191,4,Paid Search,2024-03-16 00:00,Y,84.96
807724,2,Email,2025-06-23 00:00,Y,138.44
801941,1,SEO,2024-12-29 00:00,Y,167.97
803669,1,Paid Social,2024-02-21 00:00,N,0
802073,4,Email,2024-03-02 00:00,Y,108.56
801657,5,Email,2024-08-28 00:00,Y,183.46
802352,2,Paid Social,2024-07-14 00:00,Y,99.12
807854,2,Paid Search,2024-05-16 00:00,Y,69.21
803621,1,Email,2025-03-29 00:00,N,0
808033,3,Email,2024-02-15 00:00,Y,207.09
801315,3,Email,2024-01-19 00:00,Y,108.55
806001,1,Paid Social,2024-11-25 00:00,N,0
801426,2,Paid Search,2024-10-07 00:00,N,0
802841,2,Email,2024-02-06 00:00,Y,77.85
802271,1,Paid Search,2025-01-27 00:00,N,0
803631,1,SEO,2024-06-09 00:00,N,0
802517,2,Email,2024-11-23 00:00,Y,179.9
801571,3,Paid Social,2024-10-29 00:00,N,0
802910,1,SEO,2024-03-14 00:00,Y,46.79
807097,1,Paid Social,2025-04-18 00:00,N,0
806676,2,Paid Social,2024-10-26 00:00,N,0
804344,3,Email,2024-05-25 00:00,Y,128.45
802990,3,Email,2024-02-16 00:00,Y,61.6
807048,3,Email,2024-04-05 00:00,Y,163.6
804577,2,Paid Search,2024-03-31 00:00,Y,133.36
807634,2,Email,2024-08-24 00:00,N,0
806210,1,Paid Search,2025-04-28 00:00,N,0
804014,1,Paid Social,2024-10-12 00:00,Y,138.2
808314,3,Paid Social,2025-03-01 00:00,Y,162.53
805532,1,SEO,2025-09-07 00:00,Y,195.4
806037,2,SEO,2024-01-26 00:00,N,0
804064,3,SEO,2025-03-19 00:00,Y,203.9
804838,1,SEO,2024-06-19 00:00,Y,159.51
800019,2,Paid Search,2024-04-01 00:00,Y,156.98
805858,5,Paid Search,2024-07-12 00:00,Y,68.37
808812,2,Paid Social,2024-09-04 00:00,Y,183.44
802675,2,Email,2025-10-04 00:00,Y,200.8
807364,2,Email,2025-09-14 00:00,N,0
806342,1,SEO,2025-01-21 00:00,Y,159.46
801945,1,Paid Social,2025-05-20 00:00,Y,123.99
806717,3,Email,2025-09-12 00:00,Y,69.32
800820,4,Paid Search,2025-05-12 00:00,Y,125.88
808267,2,Paid Social,2025-03-23 00:00,Y,213.46
808072,4,Email,2024-09-20 00:00,N,0
807449,1,Paid Social,2024-07-17 00:00,Y,160.67
804158,2,Paid Social,2024-08-02 00:00,N,0
804554,2,Email,2024-11-09 00:00,Y,105.42
808305,3,Email,2024-02-19 00:00,N,0
801550,2,Paid Search,2025-08-18 00:00,Y,191.32
808967,1,SEO,2024-03-29 00:00,Y,140.7
806112,1,SEO,2024-11-25 00:00,Y,35.28
808836,2,SEO,2025-06-26 00:00,Y,206.07
806789,3,Paid Search,2025-10-08 00:00,Y,200.5
806974,1,SEO,2024-02-28 00:00,N,0
801357,2,Paid Search,2024-05-17 00:00,Y,69.2
802225,2,Paid Social,2025-06-23 00:00,Y,121.83
807068,1,Paid Social,2025-03-30 00:00,Y,78.4
808294,4,Paid Search,2024-10-14 00:00,N,0
800827,1,SEO,2025-02-15 00:00,N,0
803581,3,Paid Search,2024-12-12 00:00,Y,44.88
808446,2,Email,2025-03-27 00:00,N,0
806073,2,SEO,2025-09-03 00:00,Y,183.85
807691,3,SEO,2025-06-23 00:00,Y,156.22
806062,2,Paid Social,2024-12-20 00:00,Y,144.31
800513,1,Paid Social,2025-08-19 00:00,Y,101.33
806623,1,SEO,2024-11-15 00:00,Y,168.68
808854,1,Paid Social,2024-11-22 00:00,N,0
800651,4,Paid Social,2025-04-24 00:00,N,0
800441,2,Email,2025-07-05 00:00,Y,100.03
803800,3,Email,2025-01-10 00:00,Y,91.78
802329,1,Paid Social,2025-10-09 00:00,N,0
808589,1,Email,2024-01-17 00:00,Y,179.43
806723,3,Email,2025-06-17 00:00,Y,92.08
806894,2,Paid Search,2024-03-27 00:00,Y,128.88
807301,3,SEO,2024-12-19 00:00,N,0
801705,4,Paid Search,2025-09-12 00:00,Y,166.78
803388,4,Paid Search,2025-04-07 00:00,Y,113.02
808874,1,Paid Social,2025-08-10 00:00,N,0
805627,2,Email,2025-01-17 00:00,Y,84.02
806837,2,Email,2025-07-28 00:00,N,0
806165,3,Email,2025-09-02 00:00,N,0
801106,2,SEO,2025-10-07 00:00,N,0
808836,3,Email,2025-06-29 00:00,Y,206.07
807570,2,Email,2024-04-10 00:00,Y,163.37
807962,4,SEO,2024-08-05 00:00,Y,148.36
803795,2,Paid Social,2024-10-17 00:00,Y,95.31
800654,3,Email,2024-02-19 00:00,Y,80.67
808278,2,SEO,2024-11-24 00:00,Y,201.75
808262,1,Email,2024-05-06 00:00,Y,142.85
804310,1,SEO,2025-06-16 00:00,Y,176.16
808869,1,Email,2025-09-24 00:00,Y,59.47
801802,2,Email,2024-09-11 00:00,N,0
806912,3,Paid Social,2025-06-10 00:00,N,0
808799,1,Paid Social,2024-02-17 00:00,Y,62.19
803220,1,Paid Social,2024-10-19 00:00,Y,209.42
800937,2,Paid Search,2025-01-05 00:00,N,0
807145,3,Paid Social,2024-05-03 00:00,N,0
803239,2,Paid Social,2024-12-05 00:00,N,0
807998,4,Paid Social,2024-06-30 00:00,Y,146.14
807091,1,Email,2025-08-01 00:00,Y,203.14
801666,2,SEO,2024-01-31 00:00,N,0
804824,2,Email,2024-09-12 00:00,Y,96.72
804768,5,Paid Search,2024-04-27 00:00,N,0
805661,2,Paid Search,2025-08-02 00:00,Y,124.11
806879,4,Paid Social,2025-03-12 00:00,Y,52.0
800631,2,SEO,2025-04-27 00:00,Y,44.46
803617,1,Paid Social,2025-09-21 00:00,N,0
808739,1,SEO,2025-03-20 00:00,N,0
807872,3,Paid Search,2025-04-01 00:00,Y,114.92
803631,3,Email,2024-06-11 00:00,N,0
801529,2,Paid Social,2025-04-21 00:00,N,0
800522,2,Paid Social,2024-07-16 00:00,Y,51.04
802590,1,Paid Social,2025-05-24 00:00,N,0
807543,2,SEO,2025-06-09 00:00,N,0
805769,1,Paid Social,2025-03-27 00:00,N,0
807062,3,SEO,2024-11-13 00:00,Y,216.85
808366,4,Email,2024-09-16 00:00,Y,199.81
803033,2,Email,2024-01-26 00:00,N,0
805599,1,Paid Social,2025-01-13 00:00,Y,120.03
800559,4,Email,2025-09-01 00:00,N,0
806398,3,Email,2024-09-04 00:00,Y,177.33
801843,3,Email,2025-08-02 00:00,Y,71.22
802209,1,Paid Social,2024-06-29 00:00,Y,114.33
806886,1,SEO,2025-08-26 00:00,Y,122.27
804630,2,Paid Social,2025-05-29 00:00,Y,75.67
806213,1,Paid Social,2024-01-28 00:00,Y,138.4
800930,1,Paid Social,2025-09-19 00:00,N,0
803245,3,Paid Search,2025-01-28 00:00,Y,47.07
806766,2,Paid Search,2024-09-13 00:00,N,0
808901,1,Paid Social,2024-08-30 00:00,Y,164.57
805781,2,Paid Search,2024-09-13 00:00,Y,81.99
808512,4,Paid Search,2025-03-18 00:00,N,0
800826,1,SEO,2025-05-13 00:00,Y,179.55
807675,1,Email,2025-02-19 00:00,N,0
807348,2,Email,2025-04-19 00:00,Y,126.08
806921,3,Email,2024-07-31 00:00,N,0
807430,1,SEO,2024-09-26 00:00,Y,67.15
806205,2,Email,2024-12-20 00:00,N,0
805662,2,Email,2025-01-25 00:00,Y,46.18
800724,2,SEO,2024-12-07 00:00,Y,163.2
807576,3,Email,2024-02-24 00:00,Y,162.94
808746,2,Paid Social,2024-09-05 00:00,N,0
808947,1,SEO,2025-07-30 00:00,Y,195.54
803586,1,SEO,2025-02-15 00:00,N,0
806996,2,Paid Search,2024-12-24 00:00,N,0
808948,1,Paid Social,2024-07-25 00:00,N,0
804942,1,SEO,2025-01-13 00:00,Y,121.63
806291,4,Email,2024-06-19 00:00,N,0
801417,1,Paid Social,2024-07-01 00:00,Y,121.05
804217,3,Email,2024-03-20 00:00,Y,217.53
804573,2,SEO,2025-04-04 00:00,Y,218.37
808245,4,Paid Social,2024-09-22 00:00,Y,217.89
805007,1,SEO,2025-03-10 00:00,Y,127.61
805519,1,Paid Social,2024-12-28 00:00,N,0
803338,3,SEO,2025-07-09 00:00,N,0
806979,4,SEO,2024-06-19 00:00,N,0
803643,2,Paid Search,2025-03-23 00:00,Y,63.5
804026,3,Paid Social,2024-10-23 00:00,Y,158.78
800466,1,SEO,2025-09-17 00:00,N,0
806450,5,Paid Social,2025-07-17 00:00,Y,114.24
800873,2,SEO,2025-05-25 00:00,Y,158.08
808296,1,SEO,2025-05-29 00:00,Y,182.09
803995,2,Email,2024-09-25 00:00,Y,138.15
806070,1,Paid Social,2025-08-28 00:00,N,0
805740,3,Paid Social,2024-08-09 00:00,N,0
800422,3,Paid Search,2024-12-27 00:00,Y,134.21
808482,2,Paid Search,2024-10-19 00:00,Y,173.9
805295,1,Paid Social,2025-04-17 00:00,Y,104.41
802818,1,Email,2024-10-21 00:00,N,0
801214,1,Paid Search,2025-09-08 00:00,N,0
803775,2,Email,2024-10-19 00:00,Y,108.98
802548,3,Email,2025-04-02 00:00,Y,96.61
806162,1,SEO,2024-01-30 00:00,N,0
808264,1,Paid Search,2024-09-06 00:00,Y,77.38
802715,1,Paid Search,2024-11-26 00:00,Y,205.35
800476,1,Paid Search,2024-10-11 00:00,Y,52.43
806852,1,SEO,2025-06-09 00:00,Y,63.34
803407,1,Paid Search,2025-03-15 00:00,N,0
807933,2,SEO,2024-03-29 00:00,N,0
807683,3,SEO,2025-04-13 00:00,N,0
806024,1,SEO,2024-09-15 00:00,N,0
808130,1,Email,2025-08-01 00:00,N,0
808068,1,SEO,2025-05-09 00:00,N,0
802787,3,Email,2024-05-22 00:00,N,0
805983,1,SEO,2024-06-01 00:00,Y,46.12
807935,2,Email,2025-09-24 00:00,Y,205.46
807639,1,SEO,2025-05-08 00:00,N,0
807540,4,Paid Social,2025-01-31 00:00,Y,82.49
800785,1,SEO,2025-07-10 00:00,N,0
806567,1,SEO,2024-01-06 00:00,N,0
806125,2,Paid Search,2024-03-08 00:00,N,0
802611,1,Paid Social,2024-05-16 00:00,N,0
801458,4,Email,2024-12-28 00:00,N,0
807626,1,Paid Social,2024-06-08 00:00,Y,149.26
803717,2,Email,2024-07-11 00:00,Y,127.42
803569,1,SEO,2025-02-18 00:00,Y,190.08
801850,2,Paid Social,2024-09-20 00:00,Y,118.73
800609,2,SEO,2024-12-19 00:00,Y,168.96
802066,4,SEO,2025-04-02 00:00,Y,166.84
808423,1,SEO,2025-07-29 00:00,N,0
806140,1,Paid Social,2024-10-02 00:00,Y,153.98
800198,3,SEO,2025-03-08 00:00,Y,215.29
808211,2,Paid Search,2025-01-19 00:00,N,0
804726,2,Paid Search,2024-02-19 00:00,Y,131.53
807578,4,Email,2025-10-02 00:00,N,0
807816,3,SEO,2024-09-10 00:00,Y,81.37
802162,1,SEO,2024-09-21 00:00,N,0
804293,1,SEO,2024-05-09 00:00,N,0
806725,1,Paid Search,2024-04-26 00:00,N,0
803254,3,Paid Search,2025-02-14 00:00,N,0
801328,3,Paid Social,2025-01-05 00:00,N,0
802143,2,Paid Search,2024-11-29 00:00,N,0
804276,4,Paid Search,2025-01-27 00:00,Y,73.79
804645,2,Paid Social,2025-04-07 00:00,Y,67.24
802885,2,SEO,2025-09-09 00:00,Y,134.41
807006,2,Paid Search,2025-01-28 00:00,N,0
806516,2,SEO,2025-08-06 00:00,Y,81.33
803159,2,Paid Social,2025-05-30 00:00,Y,211.27
800123,2,SEO,2024-11-13 00:00,Y,128.37
802621,1,Paid Social,2024-04-27 00:00,Y,58.32
808308,3,Paid Search,2024-06-05 00:00,Y,167.8
800370,3,Paid Search,2025-04-06 00:00,N,0
801688,1,SEO,2024-01-30 00:00,Y,123.13
807754,2,SEO,2024-11-19 00:00,Y,180.45
808688,2,Paid Search,2024-08-13 00:00,Y,211.69
801869,3,Paid Search,2025-04-21 00:00,Y,179.5
805054,5,Paid Search,2025-01-27 00:00,N,0
803801,4,Paid Social,2025-07-06 00:00,N,0
804620,2,SEO,2025-02-13 00:00,Y,99.5
806474,1,Paid Social,2025-08-15 00:00,N,0
801097,1,SEO,2024-10-23 00:00,Y,171.55
807215,2,Paid Social,2024-06-15 00:00,N,0
806834,1,SEO,2024-08-31 00:00,Y,118.19
807399,1,Paid Search,2025-02-11 00:00,N,0
808644,1,Paid Social,2025-08-21 00:00,Y,166.56
801885,2,SEO,2024-09-10 00:00,Y,37.74
803225,2,SEO,2024-05-12 00:00,Y,120.69
807550,2,Email,2024-02-01 00:00,Y,98.11
801174,1,Paid Social,2024-05-26 00:00,Y,131.72
807884,1,Paid Search,2025-09-21 00:00,Y,79.47
801798,1,Paid Search,2024-07-28 00:00,Y,42.81
800514,1,SEO,2024-04-28 00:00,N,0
808412,2,Paid Social,2024-01-26 00:00,Y,130.99
801392,4,Paid Social,2025-09-06 00:00,Y,176.95
808432,2,SEO,2024-03-26 00:00,Y,93.92
807848,2,Paid Search,2024-12-22 00:00,Y,81.3
804688,1,SEO,2025-01-12 00:00,Y,123.21
802639,2,Email,2024-05-27 00:00,Y,180.81
800257,1,SEO,2024-05-08 00:00,N,0
801523,4,Email,2025-02-20 00:00,Y,39.75
803044,2,Paid Search,2024-05-22 00:00,Y,210.06
801239,3,Email,2024-08-13 00:00,N,0
802958,2,Paid Search,2025-03-16 00:00,N,0
807759,2,Paid Social,2024-02-21 00:00,Y,185.39
803924,1,Paid Social,2024-01-25 00:00,Y,195.01
808971,1,SEO,2025-04-03 00:00,N,0
801742,1,Paid Social,2024-11-22 00:00,Y,141.61
806887,1,Email,2025-01-31 00:00,N,0
803470,1,SEO,2024-06-18 00:00,N,0
801773,2,Paid Search,2024-06-17 00:00,N,0
802802,2,SEO,2024-03-11 00:00,Y,190.85
806094,1,SEO,2024-04-11 00:00,Y,179.01
803113,1,Paid Social,2025-03-09 00:00,Y,97.58
801840,4,Email,2024-02-01 00:00,Y,145.52
803532,3,Email,2024-05-21 00:00,N,0
803284,1,Paid Social,2024-04-01 00:00,Y,200.81
808164,2,Paid Social,2024-05-23 00:00,N,0
805424,1,Email,2025-02-17 00:00,Y,70.12
804437,3,Email,2024-03-16 00:00,Y,46.0
803777,1,SEO,2025-03-26 00:00,N,0
802446,4,Paid Social,2025-02-05 00:00,N,0
800247,1,Paid Search,2024-12-13 00:00,Y,180.44
800507,1,SEO,2024-02-18 00:00,Y,215.41
807335,4,Paid Search,2025-03-17 00:00,N,0
806427,1,Paid Social,2024-12-30 00:00,Y,88.91
802757,4,Email,2024-09-29 00:00,N,0
805811,2,Paid Search,2024-05-26 00:00,Y,103.27
802747,2,Email,2024-04-24 00:00,N,0
806597,1,Paid Social,2024-04-07 00:00,N,0
808122,5,Email,2024-10-11 00:00,N,0
806796,2,Email,2024-01-12 00:00,Y,184.62
800203,2,Email,2025-07-31 00:00,N,0
805486,2,Paid Social,2025-05-04 00:00,N,0
807195,4,Paid Social,2025-03-07 00:00,Y,158.12
803223,4,Paid Search,2024-07-26 00:00,Y,109.11
802672,2,Paid Search,2025-05-29 00:00,Y,143.52
808123,3,Paid Search,2025-06-24 00:00,N,0
804374,1,Paid Social,2024-12-22 00:00,Y,196.1
800194,2,Email,2025-05-26 00:00,Y,192.45
800995,1,SEO,2025-02-22 00:00,Y,60.36
805860,1,Paid Social,2025-05-01 00:00,Y,35.24
800498,2,Paid Search,2024-11-05 00:00,Y,60.9
804808,1,Paid Social,2025-03-12 00:00,Y,106.47
806738,2,Paid Search,2024-01-24 00:00,N,0
807753,1,Paid Social,2024-05-23 00:00,N,0
807437,4,Paid Search,2024-01-10 00:00,Y,107.85
807874,3,Email,2025-04-12 00:00,Y,162.59
802658,2,Paid Search,2024-12-31 00:00,Y,129.8
805844,4,Paid Search,2024-07-15 00:00,Y,168.91
808127,1,Paid Social,2025-09-24 00:00,Y,71.32
807568,4,Email,2024-10-07 00:00,N,0
802388,2,Email,2024-09-27 00:00,N,0
804370,1,Email,2025-07-21 00:00,N,0
808025,1,SEO,2025-07-27 00:00,Y,164.67
804393,1,Paid Search,2024-01-11 00:00,N,0
805963,5,Paid Social,2024-12-21 00:00,Y,105.92
803350,2,SEO,2025-01-28 00:00,Y,66.69
801449,2,SEO,2024-07-09 00:00,Y,63.57
806312,1,SEO,2025-06-07 00:00,Y,150.99
800474,3,Email,2025-03-31 00:00,N,0
800616,1,Paid Social,2024-10-12 00:00,N,0
804199,1,Paid Search,2024-03-18 00:00,Y,48.03
802504,3,Paid Search,2024-04-16 00:00,N,0
806238,1,SEO,2025-08-17 00:00,Y,166.9
805163,3,Email,2024-02-29 00:00,Y,54.05
802382,1,Email,2025-10-03 00:00,Y,130.17
800422,1,SEO,2024-12-25 00:00,Y,134.21
801056,1,Paid Search,2024-09-04 00:00,Y,53.95
801541,3,SEO,2024-05-20 00:00,Y,196.31
808233,2,SEO,2025-04-14 00:00,N,0
807118,2,Paid Search,2025-08-19 00:00,Y,104.16
805475,1,Email,2025-09-12 00:00,Y,146.86
805157,1,Email,2025-08-30 00:00,Y,63.17
807666,2,Paid Search,2024-02-25 00:00,N,0
807811,1,SEO,2025-01-19 00:00,N,0
807541,1,Email,2024-05-18 00:00,Y,157.61
807828,2,Paid Search,2024-08-30 00:00,Y,84.94
806072,3,SEO,2025-10-18 00:00,N,0
807617,2,SEO,2024-05-10 00:00,N,0
806216,1,Paid Social,2024-01-27 00:00,Y,181.09
801921,4,Paid Search,2025-10-15 00:00,Y,88.84
802567,3,Paid Search,2025-01-13 00:00,Y,82.84
802120,1,Paid Social,2024-11-20 00:00,Y,128.28
804109,1,Paid Social,2024-07-26 00:00,N,0
808445,2,Paid Search,2024-04-06 00:00,N,0
804908,1,Paid Social,2025-05-23 00:00,Y,152.94
805667,2,Paid Search,2025-09-01 00:00,N,0
805554,2,Paid Search,2024-12-17 00:00,Y,173.11
801268,2,Email,2025-04-26 00:00,N,0
806108,1,Email,2024-06-30 00:00,N,0
808351,3,Paid Social,2024-11-27 00:00,Y,147.03
807652,2,Paid Social,2024-07-18 00:00,N,0
800176,3,Email,2024-12-01 00:00,Y,159.29
807046,3,Email,2025-05-04 00:00,Y,167.87
800958,1,SEO,2024-10-20 00:00,N,0
802869,1,Paid Search,2025-10-08 00:00,N,0
807289,4,SEO,2024-11-27 00:00,N,0
806562,4,Paid Search,2024-10-07 00:00,Y,170.46
803316,1,SEO,2024-08-07 00:00,N,0
808499,1,Paid Social,2024-08-30 00:00,Y,84.18
802426,5,Paid Search,2024-12-14 00:00,Y,60.52
803354,2,Paid Search,2024-12-07 00:00,N,0
803238,1,Paid Social,2024-05-11 00:00,Y,97.97
808642,1,SEO,2024-02-03 00:00,Y,208.01
800859,4,Paid Search,2025-02-11 00:00,N,0
806032,2,Paid Social,2025-09-29 00:00,N,0
801127,2,Email,2025-03-20 00:00,N,0
807452,2,Paid Social,2024-05-18 00:00,Y,183.1
804067,4,Paid Social,2024-11-24 00:00,Y,185.05
805870,2,SEO,2024-06-13 00:00,N,0
802077,2,Paid Search,2024-03-15 00:00,Y,175.66
806228,3,Paid Search,2025-05-15 00:00,N,0
800419,3,Paid Social,2024-10-16 00:00,N,0
803545,3,Email,2024-09-30 00:00,N,0
801224,1,SEO,2025-06-20 00:00,N,0
800331,4,Email,2024-07-30 00:00,Y,182.66
800165,1,Paid Social,2024-02-03 00:00,Y,59.7
802254,1,SEO,2025-10-13 00:00,Y,171.13
806629,3,Paid Social,2024-11-14 00:00,N,0
805081,1,Paid Social,2024-07-17 00:00,N,0
805375,1,SEO,2025-02-03 00:00,N,0
806105,3,Email,2024-08-25 00:00,N,0
800009,2,SEO,2025-02-05 00:00,Y,62.59
802960,2,Paid Social,2025-02-26 00:00,N,0
805742,1,Email,2024-09-22 00:00,N,0
802150,2,Paid Search,2024-01-08 00:00,N,0
803155,1,Email,2024-08-08 00:00,N,0
800467,2,SEO,2024-06-01 00:00,N,0
801085,3,SEO,2025-03-03 00:00,Y,146.73
807225,5,Paid Social,2025-10-25 00:00,Y,120.3
801050,2,Email,2025-06-15 00:00,N,0
807511,1,SEO,2024-01-11 00:00,Y,204.38
802949,2,Paid Search,2025-07-28 00:00,Y,161.07
807847,1,Email,2025-04-17 00:00,Y,53.08
802095,1,Paid Social,2025-09-18 00:00,Y,187.79
803129,3,SEO,2024-10-07 00:00,Y,196.77
806801,3,Paid Social,2024-09-03 00:00,Y,197.65
802634,4,Paid Search,2024-08-07 00:00,N,0
804543,1,Paid Social,2024-07-02 00:00,N,0
805723,1,Paid Social,2025-04-23 00:00,Y,176.88
802694,2,Email,2024-11-13 00:00,Y,39.71
806141,2,Paid Search,2024-12-15 00:00,N,0
803444,1,SEO,2025-08-18 00:00,Y,210.98
804844,1,Email,2024-02-22 00:00,N,0
801102,1,Paid Social,2025-09-11 00:00,Y,63.78
803921,4,Email,2025-08-06 00:00,Y,153.69
804591,1,Paid Social,2025-02-26 00:00,Y,47.7
807118,1,Paid Social,2025-08-17 00:00,Y,104.16
808634,1,Paid Social,2024-04-25 00:00,Y,196.69
805244,4,Paid Search,2024-01-23 00:00,N,0
806923,1,Email,2024-02-19 00:00,Y,120.96
804729,1,Email,2024-09-02 00:00,N,0
801421,4,Email,2024-01-07 00:00,N,0
803890,4,Email,2024-08-16 00:00,Y,61.57
802658,3,Email,2025-01-02 00:00,Y,129.8
806509,5,Paid Social,2025-05-17 00:00,Y,205.14
807163,1,Email,2024-10-25 00:00,Y,161.19
805849,3,Paid Social,2025-05-02 00:00,Y,196.95
802020,1,Paid Social,2025-10-07 00:00,N,0
802573,3,Email,2024-03-19 00:00,Y,205.3
806886,2,Paid Search,2025-08-29 00:00,Y,122.27
808299,2,Paid Social,2025-07-18 00:00,Y,139.19
805456,1,Paid Search,2024-06-14 00:00,N,0
806649,3,Paid Search,2024-05-19 00:00,N,0
803544,1,SEO,2024-09-22 00:00,Y,160.0
803379,4,SEO,2024-07-08 00:00,Y,145.26
803606,4,Email,2025-07-01 00:00,Y,200.14
801832,4,Paid Social,2024-10-29 00:00,N,0
802651,1,Email,2024-01-07 00:00,N,0
803567,1,SEO,2025-05-17 00:00,Y,54.52
806178,2,Paid Search,2024-03-07 00:00,N,0
806761,1,SEO,2024-03-13 00:00,Y,62.46
800751,3,Paid Search,2025-05-24 00:00,Y,203.61
803949,1,Paid Social,2024-10-19 00:00,N,0
805565,2,Paid Search,2024-10-08 00:00,N,0
800407,1,SEO,2025-10-09 00:00,N,0
805572,1,Email,2025-08-12 00:00,Y,110.18
802697,1,SEO,2025-02-19 00:00,Y,138.27
802150,1,Paid Social,2024-01-04 00:00,N,0
802817,1,Paid Search,2024-02-17 00:00,Y,104.24
808210,2,Paid Search,2024-05-15 00:00,Y,161.33
801259,2,Paid Search,2024-10-05 00:00,Y,87.45
806508,4,Email,2024-07-08 00:00,Y,92.08
807974,1,SEO,2024-07-03 00:00,N,0
800496,1,SEO,2025-08-30 00:00,Y,142.57
802022,2,Paid Social,2024-09-28 00:00,N,0
807407,1,SEO,2025-07-29 00:00,Y,82.97
803161,2,Email,2024-05-28 00:00,Y,176.42
807044,1,SEO,2024-05-01 00:00,Y,168.73
803537,1,Paid Search,2024-02-09 00:00,Y,51.41
808227,2,SEO,2025-08-04 00:00,Y,177.53
808468,1,Paid Social,2024-02-24 00:00,N,0
805979,2,Paid Search,2025-01-07 00:00,Y,58.5
806149,4,Email,2024-09-12 00:00,Y,121.36
806208,2,Paid Social,2024-11-10 00:00,N,0
808215,3,SEO,2025-02-08 00:00,Y,114.66
802300,1,Paid Search,2025-04-25 00:00,Y,112.27
800759,1,Paid Social,2024-08-31 00:00,N,0
803516,1,Email,2024-11-19 00:00,Y,166.56
803286,4,Paid Search,2025-02-28 00:00,Y,186.35
802887,2,Email,2024-12-25 00:00,N,0
806962,1,SEO,2025-07-18 00:00,N,0
801678,1,SEO,2024-11-25 00:00,N,0
806796,1,SEO,2024-01-08 00:00,Y,184.62
808950,4,Paid Search,2025-03-02 00:00,Y,73.74
800782,1,SEO,2025-02-09 00:00,N,0
807001,2,Email,2024-05-27 00:00,Y,105.43
800147,1,Paid Search,2025-03-20 00:00,Y,198.43
801405,2,Paid Social,2025-07-26 00:00,N,0
808576,2,Paid Social,2025-10-20 00:00,N,0
803376,3,SEO,2025-09-18 00:00,N,0
800213,2,Paid Social,2024-02-15 00:00,N,0
807807,2,Paid Search,2024-03-30 00:00,Y,179.05
806374,2,SEO,2024-04-16 00:00,Y,116.12
803150,4,Email,2024-07-12 00:00,Y,145.16
804393,2,Email,2024-01-15 00:00,N,0
807205,1,Paid Social,2025-06-18 00:00,N,0
804823,5,Email,2025-05-21 00:00,N,0
804353,3,Paid Search,2025-07-11 00:00,N,0
806425,3,Email,2024-01-31 00:00,N,0
801856,1,Paid Search,2024-06-15 00:00,Y,167.32
801485,1,Paid Search,2024-05-11 00:00,N,0
806956,3,Paid Social,2025-02-20 00:00,Y,57.97
807397,3,Email,2025-01-27 00:00,N,0
804086,5,Paid Search,2024-09-25 00:00,N,0
808892,2,Email,2024-03-17 00:00,Y,120.04
800229,1,SEO,2025-06-26 00:00,Y,112.84
801769,2,Email,2024-04-26 00:00,Y,184.32
807748,2,Paid Search,2025-10-17 00:00,N,0
806059,3,SEO,2025-08-20 00:00,Y,79.3
803654,3,Paid Social,2025-05-08 00:00,N,0
800580,4,Email,2024-02-19 00:00,N,0
801972,1,Paid Social,2024-09-08 00:00,Y,46.32
807187,2,Paid Social,2024-12-21 00:00,Y,173.21
804818,2,SEO,2025-06-23 00:00,Y,84.88
802346,3,Email,2024-01-21 00:00,Y,151.96
805031,1,SEO,2025-06-03 00:00,Y,171.95
801578,1,SEO,2024-10-29 00:00,Y,215.79
804820,2,Paid Search,2024-08-23 00:00,Y,57.38
806267,3,Paid Search,2025-08-05 00:00,Y,137.19
808824,1,SEO,2024-08-29 00:00,Y,54.2
808277,3,Paid Search,2024-03-14 00:00,N,0
800902,1,SEO,2024-04-08 00:00,Y,45.73
803644,5,Email,2025-04-27 00:00,N,0
805242,2,Paid Search,2025-07-11 00:00,Y,205.32
800972,2,Email,2025-04-22 00:00,N,0
803824,1,SEO,2025-03-18 00:00,Y,194.0
802835,2,Paid Social,2025-09-07 00:00,Y,200.99
805651,4,Paid Search,2025-04-03 00:00,Y,75.01
804140,1,Paid Search,2025-07-22 00:00,Y,83.15
804763,4,SEO,2024-06-12 00:00,Y,56.51
805353,4,Email,2024-03-21 00:00,Y,142.13
808519,1,Paid Social,2025-09-28 00:00,Y,55.6
803700,4,Email,2024-08-12 00:00,Y,154.12
804713,2,Paid Search,2024-12-10 00:00,N,0
806807,3,SEO,2024-02-05 00:00,N,0
805316,1,Email,2024-10-08 00:00,Y,216.47
804443,2,SEO,2025-05-11 00:00,Y,176.58
800342,2,Email,2025-07-12 00:00,N,0
807352,3,Email,2025-05-12 00:00,Y,170.3
803533,1,Email,2024-06-05 00:00,Y,118.39
808234,3,Paid Search,2025-09-12 00:00,Y,148.68
806224,1,Email,2025-02-12 00:00,N,0
804084,3,SEO,2024-12-26 00:00,Y,207.08
806071,3,Email,2024-09-10 00:00,Y,187.31
806525,3,SEO,2024-04-01 00:00,Y,153.3
803403,2,Paid Search,2024-03-31 00:00,N,0
806514,4,Paid Social,2025-10-14 00:00,N,0
801026,5,Email,2024-07-25 00:00,Y,165.7
803554,4,Paid Social,2024-06-27 00:00,N,0
808260,1,Paid Social,2024-11-10 00:00,Y,150.07
802362,2,SEO,2024-07-29 00:00,Y,168.87
802476,1,Paid Social,2024-06-29 00:00,Y,62.05
803183,2,Paid Search,2025-08-06 00:00,Y,169.78
804841,1,SEO,2024-12-21 00:00,Y,212.74
806093,4,Email,2025-08-11 00:00,Y,162.96
807981,1,Paid Social,2024-05-26 00:00,Y,200.94
803318,2,SEO,2025-01-22 00:00,N,0
800598,3,Email,2025-02-10 00:00,Y,204.33
806551,1,SEO,2025-03-17 00:00,N,0
801512,2,Paid Social,2025-10-17 00:00,N,0
801834,2,Paid Social,2025-02-16 00:00,Y,199.83
801998,1,Email,2024-06-02 00:00,N,0
803823,2,SEO,2025-03-27 00:00,Y,82.02
801310,2,Paid Social,2024-11-30 00:00,N,0
803907,1,SEO,2025-02-05 00:00,Y,177.75
802416,1,SEO,2024-06-26 00:00,Y,90.38
802399,3,Paid Search,2025-04-10 00:00,Y,202.17
800466,2,Paid Social,2025-09-18 00:00,N,0
802102,2,Paid Search,2024-10-05 00:00,Y,219.2
802402,1,Paid Social,2025-03-28 00:00,Y,80.78
808626,4,Email,2024-11-26 00:00,N,0
800644,1,SEO,2024-07-08 00:00,Y,155.56
803834,1,SEO,2024-12-06 00:00,N,0
804310,2,Paid Social,2025-06-20 00:00,Y,176.16
800352,1,Paid Search,2024-06-23 00:00,N,0
802843,3,Email,2025-04-19 00:00,N,0
805052,1,Paid Search,2024-02-19 00:00,Y,174.68
805223,2,Paid Search,2024-01-27 00:00,Y,51.14
804171,2,Email,2025-03-21 00:00,Y,44.31
807350,2,Paid Social,2025-10-16 00:00,Y,108.76
808848,1,Paid Social,2024-01-28 00:00,N,0
808428,2,Email,2025-01-22 00:00,N,0
808240,4,Email,2024-09-26 00:00,Y,115.61
807131,1,Paid Social,2024-05-09 00:00,Y,130.54
806788,2,Paid Search,2024-09-01 00:00,Y,161.03
805348,4,Paid Social,2024-04-07 00:00,N,0
802140,1,SEO,2024-06-03 00:00,Y,133.25
807390,1,Paid Social,2025-07-24 00:00,Y,140.74
805537,2,Paid Search,2025-02-24 00:00,Y,154.9
805428,2,Paid Social,2024-05-11 00:00,Y,39.65
805533,1,Paid Social,2025-02-04 00:00,N,0
801263,3,SEO,2025-07-15 00:00,Y,155.47
802060,3,Paid Search,2024-12-30 00:00,N,0
803741,1,Paid Social,2025-10-07 00:00,Y,108.29
803648,3,SEO,2024-05-31 00:00,N,0
802739,1,SEO,2024-04-24 00:00,N,0
804030,1,Paid Social,2025-04-30 00:00,Y,74.68
806651,5,Email,2025-02-27 00:00,Y,148.52
801994,3,Paid Search,2025-08-31 00:00,N,0
803506,3,Email,2024-12-03 00:00,N,0
802656,3,SEO,2024-12-20 00:00,N,0
806497,1,Paid Search,2024-04-26 00:00,N,0
806136,2,SEO,2024-06-26 00:00,N,0
800721,1,Paid Social,2024-01-22 00:00,Y,136.11
803068,2,SEO,2024-09-06 00:00,N,0
804311,1,Paid Social,2024-01-05 00:00,Y,71.19
802081,4,Paid Social,2025-01-02 00:00,Y,217.43
807709,2,Paid Search,2024-06-28 00:00,N,0
805366,5,Email,2024-06-25 00:00,N,0
807317,4,SEO,2024-06-21 00:00,Y,207.16
803798,3,Email,2024-01-15 00:00,Y,166.79
801873,3,Paid Search,2024-10-26 00:00,Y,50.34
803815,2,Paid Social,2024-08-25 00:00,Y,143.26
801737,1,Paid Social,2025-03-05 00:00,Y,209.93
805884,1,Paid Search,2024-10-30 00:00,N,0
804749,4,SEO,2024-11-19 00:00,N,0
801201,1,Email,2025-09-15 00:00,Y,130.89
808072,3,Paid Social,2024-09-19 00:00,N,0
801184,1,Paid Social,2024-12-21 00:00,Y,180.04
804874,1,SEO,2025-01-17 00:00,Y,74.47
808314,1,Paid Social,2025-02-23 00:00,Y,162.53
800684,3,Email,2024-06-16 00:00,Y,188.93
806797,1,SEO,2025-08-27 00:00,Y,62.47
803546,3,Paid Search,2024-06-04 00:00,N,0
800575,2,Email,2025-01-10 00:00,Y,45.05
806961,1,Paid Social,2024-06-29 00:00,Y,200.42
807780,1,SEO,2025-06-07 00:00,N,0
804604,3,Email,2024-06-01 00:00,N,0
801296,1,Paid Social,2024-05-09 00:00,Y,73.9
804821,4,Email,2025-05-28 00:00,N,0
802035,2,SEO,2025-01-17 00:00,Y,156.23
805581,2,Paid Social,2024-01-24 00:00,Y,189.07
800333,2,SEO,2025-05-27 00:00,N,0
800947,2,Email,2024-11-12 00:00,Y,89.72
804913,2,SEO,2024-07-13 00:00,Y,81.79
806431,1,Email,2024-09-17 00:00,Y,146.08
808246,2,SEO,2024-03-15 00:00,Y,36.89
801071,3,Email,2024-03-28 00:00,Y,45.1
804961,1,Email,2024-07-20 00:00,Y,122.44
803796,2,Paid Search,2024-04-22 00:00,Y,174.54
801053,2,SEO,2025-06-13 00:00,N,0
800651,2,SEO,2025-04-22 00:00,N,0
806090,1,SEO,2025-04-15 00:00,Y,145.52
806783,2,Paid Social,2024-02-16 00:00,Y,65.2
803750,2,SEO,2024-04-14 00:00,N,0
800938,2,Email,2024-06-18 00:00,Y,162.97
802412,3,Paid Search,2024-11-21 00:00,N,0
800247,2,Paid Search,2024-12-16 00:00,Y,180.44
807687,3,Email,2025-02-09 00:00,N,0
802206,2,Paid Search,2025-02-27 00:00,N,0
807208,1,Paid Social,2024-01-13 00:00,N,0
808375,2,Paid Search,2024-06-08 00:00,Y,153.97
803848,2,Paid Social,2025-09-13 00:00,Y,110.85
803716,1,Paid Social,2024-12-14 00:00,N,0
803144,2,SEO,2025-06-13 00:00,Y,212.65
801525,4,Email,2025-02-10 00:00,Y,186.86
808032,2,SEO,2025-03-30 00:00,Y,202.43
808304,1,Paid Social,2024-04-02 00:00,Y,217.12
806950,3,Paid Social,2025-05-28 00:00,Y,207.18
805412,2,Paid Search,2025-03-05 00:00,Y,57.82
805405,1,SEO,2024-02-19 00:00,Y,196.27
803845,3,Email,2024-10-06 00:00,N,0
801156,3,Paid Social,2025-09-16 00:00,N,0
801565,4,Paid Search,2025-03-28 00:00,N,0
801207,1,SEO,2025-07-07 00:00,Y,196.48
802878,2,Email,2024-06-04 00:00,Y,129.11
807204,2,Paid Social,2025-06-08 00:00,N,0
808853,5,Paid Social,2024-05-18 00:00,Y,75.97
801190,3,SEO,2025-06-16 00:00,Y,183.19
801894,2,Paid Social,2024-07-26 00:00,Y,71.5
802881,1,SEO,2024-08-11 00:00,Y,75.14
807513,1,SEO,2024-06-30 00:00,Y,55.25
803600,1,Paid Social,2024-04-18 00:00,Y,72.55
806259,3,Email,2024-07-09 00:00,N,0
807313,1,Email,2025-03-21 00:00,N,0
805711,1,SEO,2024-06-26 00:00,N,0
801852,3,Email,2024-10-05 00:00,N,0
804731,1,SEO,2024-11-18 00:00,N,0
808537,4,Paid Social,2024-02-13 00:00,Y,200.77
803340,1,SEO,2024-02-24 00:00,N,0
804871,1,Email,2024-07-13 00:00,N,0
803487,3,Email,2024-02-21 00:00,Y,80.39
806602,4,Email,2024-08-31 00:00,N,0
807551,4,Paid Search,2024-12-04 00:00,Y,168.56
807880,4,Paid Search,2024-04-30 00:00,Y,117.33
805570,1,Email,2025-01-18 00:00,Y,81.73
807772,2,Paid Search,2025-01-10 00:00,N,0
806426,1,SEO,2025-05-31 00:00,N,0
805983,3,Email,2024-06-05 00:00,Y,46.12
805537,1,Paid Social,2025-02-23 00:00,Y,154.9
804631,2,SEO,2024-11-16 00:00,Y,54.97
808935,2,Paid Social,2024-05-20 00:00,Y,90.98
801640,3,Email,2024-12-27 00:00,Y,81.48
803657,1,Paid Social,2024-04-04 00:00,N,0
800364,1,SEO,2024-05-25 00:00,N,0
801921,1,SEO,2025-10-12 00:00,Y,88.84
808387,2,SEO,2025-10-17 00:00,N,0
800293,4,Email,2024-02-06 00:00,N,0
800563,2,Paid Search,2025-04-09 00:00,N,0
802797,3,Email,2025-09-10 00:00,Y,146.28
807564,1,Paid Social,2024-12-14 00:00,N,0
808645,1,SEO,2025-03-21 00:00,Y,198.47
802164,1,Paid Search,2025-01-12 00:00,N,0
805976,2,Email,2024-02-18 00:00,Y,195.28
805824,2,Paid Social,2024-10-24 00:00,N,0
807453,3,Paid Social,2025-06-29 00:00,N,0
802222,2,Email,2025-01-30 00:00,Y,177.48
806089,2,Paid Search,2025-05-16 00:00,Y,90.94
801157,1,Paid Social,2024-07-18 00:00,Y,123.21
802874,2,Paid Social,2024-09-16 00:00,Y,114.68
805683,1,Paid Search,2024-07-24 00:00,Y,216.95
807973,1,Email,2025-08-29 00:00,Y,163.16
807885,2,Paid Search,2024-01-17 00:00,N,0
803310,2,Email,2025-07-18 00:00,Y,143.41
801415,3,SEO,2024-10-31 00:00,N,0
804217,1,Paid Social,2024-03-18 00:00,Y,217.53
804366,1,Paid Search,2025-01-14 00:00,N,0
801703,1,Email,2025-05-11 00:00,Y,112.86
801112,3,Email,2024-06-13 00:00,Y,47.2
806931,2,Email,2024-02-08 00:00,N,0
803590,2,Paid Social,2025-03-17 00:00,Y,56.59
805036,2,Paid Search,2025-04-04 00:00,N,0
801981,1,Email,2025-10-15 00:00,N,0
807734,2,Email,2025-03-23 00:00,Y,36.65
806109,2,Email,2024-05-22 00:00,Y,171.12
802062,3,Email,2024-08-12 00:00,N,0
806704,2,Email,2025-02-02 00:00,Y,187.32
800124,2,Paid Search,2025-01-04 00:00,N,0
801905,1,Email,2025-01-06 00:00,N,0
807975,2,SEO,2024-10-22 00:00,Y,207.37
808049,4,Paid Search,2025-03-19 00:00,Y,174.06
803605,1,SEO,2025-06-14 00:00,Y,101.43
801900,3,Paid Social,2025-06-13 00:00,Y,42.14
806484,2,SEO,2024-06-18 00:00,Y,161.07
806626,3,SEO,2024-06-17 00:00,Y,57.9
800720,2,Paid Search,2025-09-22 00:00,Y,199.07
804026,1,SEO,2024-10-21 00:00,Y,158.78
804885,1,Paid Social,2024-04-29 00:00,Y,116.4
803761,1,SEO,2024-10-09 00:00,Y,135.05
801299,2,Email,2025-02-22 00:00,Y,108.51
801389,4,Paid Social,2025-09-01 00:00,N,0
806435,1,Paid Social,2024-09-22 00:00,Y,168.17
807665,1,Paid Search,2024-01-26 00:00,N,0
802271,3,Paid Search,2025-01-31 00:00,N,0
800001,1,SEO,2024-09-03 00:00,Y,181.6
800190,2,Email,2024-07-11 00:00,N,0
808574,1,Paid Social,2024-08-06 00:00,Y,89.48
803206,3,Email,2024-06-08 00:00,Y,200.87
805486,3,Paid Search,2025-05-11 00:00,N,0
801683,3,Paid Social,2025-04-01 00:00,N,0
802226,1,SEO,2025-05-24 00:00,Y,71.78
808554,2,Paid Search,2024-02-25 00:00,Y,56.05
805877,2,Paid Search,2025-07-26 00:00,Y,50.15
800296,2,Paid Search,2025-02-18 00:00,Y,37.99
806133,1,Paid Search,2024-06-18 00:00,N,0
801886,1,Paid Social,2024-04-10 00:00,N,0
804104,2,Paid Social,2025-03-22 00:00,Y,58.64
803168,2,Email,2025-08-16 00:00,Y,82.68
800652,2,Email,2024-04-24 00:00,Y,167.27
801786,1,Paid Search,2024-03-12 00:00,Y,202.86
809000,3,Paid Social,2025-02-25 00:00,Y,176.55
802213,2,Paid Social,2025-09-25 00:00,Y,216.88
804250,5,Email,2025-02-08 00:00,N,0
802585,4,SEO,2025-06-25 00:00,Y,206.24
807747,1,SEO,2025-07-20 00:00,Y,71.46
804897,3,Paid Search,2024-03-25 00:00,N,0
807559,2,SEO,2025-08-22 00:00,N,0
804184,1,SEO,2024-02-13 00:00,Y,166.89
807681,1,Email,2025-06-29 00:00,Y,178.62
801793,2,Paid Social,2024-01-12 00:00,Y,208.54
804858,2,Paid Social,2024-01-31 00:00,Y,45.2
805077,1,Email,2025-08-25 00:00,Y,210.79
803041,2,Paid Search,2024-03-02 00:00,Y,190.19
807099,2,Paid Search,2024-08-11 00:00,N,0
805892,4,Email,2024-08-26 00:00,N,0
800431,1,Paid Social,2025-08-15 00:00,Y,213.35
800924,1,SEO,2024-08-06 00:00,Y,78.67
803058,4,Email,2025-05-21 00:00,Y,122.22
802083,1,Paid Social,2024-01-02 00:00,Y,193.36
801736,3,Paid Search,2024-01-24 00:00,N,0
800006,3,SEO,2025-02-25 00:00,Y,101.24
806141,1,Paid Social,2024-12-11 00:00,N,0
802889,1,SEO,2024-01-08 00:00,Y,180.47
802178,1,SEO,2025-09-03 00:00,N,0
800289,2,SEO,2025-05-31 00:00,Y,145.29
807628,3,Paid Search,2024-12-30 00:00,Y,39.68
802144,1,Paid Social,2025-02-01 00:00,N,0
802739,3,SEO,2024-05-02 00:00,N,0
803175,2,Paid Social,2025-08-16 00:00,Y,179.46
808743,3,SEO,2024-10-12 00:00,Y,150.18
802942,3,Email,2024-04-02 00:00,Y,154.0
802559,1,SEO,2025-09-24 00:00,N,0
806068,3,Email,2024-09-03 00:00,N,0
807702,1,Paid Search,2024-06-04 00:00,N,0
804624,4,Email,2025-09-06 00:00,Y,86.8
805277,3,Paid Search,2024-10-30 00:00,N,0
807489,3,Paid Social,2024-01-09 00:00,N,0
805516,1,Paid Social,2025-09-20 00:00,N,0
807221,2,Paid Search,2025-06-02 00:00,Y,45.16
804401,1,Paid Search,2024-06-25 00:00,Y,62.16
805014,3,Paid Social,2024-02-01 00:00,Y,75.5
804686,1,Paid Social,2024-08-17 00:00,N,0
800098,4,Paid Search,2025-07-29 00:00,Y,112.6
800905,4,Paid Social,2025-05-15 00:00,N,0
801046,1,Paid Search,2025-08-30 00:00,N,0
808144,2,Paid Social,2024-05-02 00:00,N,0
807011,1,Paid Search,2024-01-05 00:00,Y,164.5
802755,1,Paid Social,2025-07-08 00:00,Y,66.45
808516,1,SEO,2025-03-16 00:00,N,0
807730,2,Paid Search,2025-09-19 00:00,Y,187.07
808992,1,SEO,2024-06-05 00:00,Y,157.9
800130,4,Paid Search,2025-07-16 00:00,Y,189.88
805372,2,Paid Social,2024-11-12 00:00,Y,108.76
803847,4,Email,2025-07-16 00:00,N,0
805280,2,Paid Social,2025-07-04 00:00,N,0
806905,3,Paid Social,2024-03-02 00:00,Y,156.84
805692,1,SEO,2024-08-29 00:00,Y,86.06
808281,3,SEO,2024-01-10 00:00,Y,62.55
808720,5,Email,2024-07-16 00:00,Y,171.02
805689,2,Paid Search,2025-04-10 00:00,Y,214.59
807178,2,Paid Search,2025-10-06 00:00,Y,118.58
807645,1,SEO,2025-08-10 00:00,N,0
808391,2,Email,2025-09-10 00:00,Y,146.35
805327,2,Email,2025-06-12 00:00,N,0
806538,1,Paid Search,2024-08-27 00:00,Y,61.66
800657,2,Paid Search,2024-02-15 00:00,Y,85.9
804265,2,SEO,2025-05-12 00:00,Y,187.75
800295,1,SEO,2025-02-25 00:00,Y,108.29
808662,3,SEO,2024-08-24 00:00,N,0
801696,2,Paid Search,2024-04-05 00:00,Y,77.64
807192,1,Email,2025-04-12 00:00,Y,122.31
804158,4,Email,2024-08-05 00:00,N,0
800034,4,Email,2024-02-09 00:00,Y,96.22
801336,2,Email,2025-09-20 00:00,Y,109.64
807131,5,Paid Search,2024-05-25 00:00,Y,130.54
802703,2,SEO,2024-11-27 00:00,N,0
800755,1,SEO,2024-01-05 00:00,N,0
801036,2,Email,2024-01-10 00:00,Y,106.68
807815,3,Email,2024-09-08 00:00,N,0
802521,4,Paid Social,2024-10-25 00:00,Y,153.25
801186,3,SEO,2024-01-16 00:00,Y,143.96
801980,2,Email,2024-03-23 00:00,N,0
808325,1,Paid Social,2025-08-30 00:00,N,0
800106,2,Email,2024-06-01 00:00,Y,49.69
805856,2,Email,2024-11-04 00:00,Y,70.16
806492,3,Paid Search,2024-01-15 00:00,Y,81.09
800469,3,Paid Social,2025-03-26 00:00,N,0
807332,2,Email,2025-08-14 00:00,Y,185.19
804039,1,Paid Social,2025-04-08 00:00,Y,120.74
806202,2,Email,2025-01-14 00:00,N,0
806594,2,Paid Social,2024-05-30 00:00,Y,79.72
801071,4,Paid Social,2024-03-25 00:00,Y,45.1
802740,1,Paid Social,2024-05-15 00:00,Y,82.64
808179,2,SEO,2025-10-06 00:00,Y,153.35
808557,5,Paid Search,2025-04-13 00:00,Y,162.38
807657,3,Paid Social,2024-03-26 00:00,N,0
805167,2,Email,2024-06-24 00:00,N,0
803749,3,Email,2024-10-18 00:00,Y,185.22
804641,3,Paid Search,2024-05-21 00:00,Y,98.69
805786,1,SEO,2025-08-10 00:00,N,0
802659,3,Email,2025-08-13 00:00,Y,199.69
803933,3,Paid Search,2025-03-13 00:00,N,0
805758,1,Paid Search,2024-10-09 00:00,Y,117.83
805604,3,Email,2024-02-14 00:00,Y,42.17
800103,2,SEO,2024-09-26 00:00,N,0
808665,2,Paid Social,2024-06-22 00:00,Y,118.57
800974,1,Email,2024-01-17 00:00,N,0
807615,5,Email,2025-01-25 00:00,N,0
801950,3,Email,2024-04-28 00:00,N,0
805622,2,SEO,2025-05-31 00:00,Y,104.17
802125,1,Email,2024-07-09 00:00,Y,75.83
804205,2,SEO,2025-03-20 00:00,Y,63.97
808002,2,SEO,2024-09-07 00:00,N,0
802191,2,Paid Social,2024-03-09 00:00,Y,84.96
806895,5,Email,2024-04-15 00:00,N,0
802384,2,Email,2024-06-29 00:00,Y,63.72
804559,1,SEO,2024-10-24 00:00,Y,44.09
805556,2,SEO,2025-03-28 00:00,N,0
801257,1,SEO,2024-03-22 00:00,N,0
808981,2,Email,2025-01-06 00:00,N,0
806103,3,Email,2024-08-23 00:00,Y,66.85
808421,2,Email,2024-04-26 00:00,Y,54.82
801288,1,Email,2025-01-26 00:00,N,0
805020,1,Email,2024-05-26 00:00,N,0
806573,2,Paid Search,2025-06-19 00:00,Y,70.28
806269,3,SEO,2024-11-02 00:00,N,0
807050,1,SEO,2024-10-25 00:00,Y,147.29
806898,1,Paid Social,2025-09-18 00:00,N,0
808218,1,Paid Social,2024-05-13 00:00,Y,181.59
807300,2,SEO,2025-05-17 00:00,Y,158.97
800667,1,SEO,2024-11-18 00:00,Y,117.6
800027,2,Paid Search,2024-09-20 00:00,Y,143.86
801038,3,Email,2025-09-02 00:00,N,0
801978,2,Paid Social,2025-08-25 00:00,N,0
804462,2,Paid Social,2024-04-02 00:00,Y,130.32
806198,4,Paid Search,2025-01-18 00:00,N,0
804637,3,SEO,2025-08-01 00:00,Y,58.94
802645,2,Email,2024-10-15 00:00,N,0
802756,1,SEO,2024-12-07 00:00,Y,159.4
801683,1,Email,2025-03-26 00:00,N,0
801589,1,Paid Social,2025-01-27 00:00,N,0
803588,1,Paid Social,2024-11-23 00:00,Y,183.44
801020,3,Paid Search,2024-11-22 00:00,Y,90.66
801076,1,Email,2024-05-29 00:00,N,0
802813,1,Paid Social,2024-09-11 00:00,N,0
806648,1,SEO,2024-05-28 00:00,N,0
800458,5,Paid Search,2024-09-07 00:00,Y,183.12
804581,1,Paid Social,2024-09-08 00:00,Y,175.32
801755,3,Paid Search,2024-04-06 00:00,Y,202.82
801231,3,SEO,2024-07-29 00:00,N,0
801025,1,SEO,2024-01-24 00:00,N,0
807857,1,SEO,2025-10-06 00:00,Y,169.03
805808,1,SEO,2024-06-17 00:00,N,0
800504,1,SEO,2025-03-20 00:00,Y,175.84
801874,1,Paid Social,2024-03-02 00:00,N,0
806219,2,Paid Search,2024-01-15 00:00,Y,161.95
802168,4,Paid Search,2024-07-22 00:00,Y,198.04
802681,1,SEO,2025-07-02 00:00,Y,44.97
802454,4,Email,2025-01-22 00:00,Y,184.51
807247,3,Paid Social,2024-03-15 00:00,N,0
805139,1,Paid Social,2024-11-16 00:00,Y,39.37
806192,3,Email,2025-01-17 00:00,N,0
802504,2,Email,2024-04-14 00:00,N,0
800748,1,Email,2024-11-25 00:00,N,0
806630,2,SEO,2024-04-03 00:00,Y,177.46
800560,2,Paid Search,2025-09-12 00:00,N,0
800416,2,SEO,2024-05-24 00:00,Y,116.06
801904,2,Email,2024-05-03 00:00,Y,68.28
807023,1,Paid Social,2024-02-29 00:00,Y,152.13
803703,2,Paid Search,2024-05-31 00:00,N,0
808948,2,Paid Search,2024-07-27 00:00,N,0
806101,1,SEO,2024-02-13 00:00,N,0
800155,3,Email,2024-01-16 00:00,Y,193.24
803057,3,SEO,2024-03-26 00:00,Y,128.9
800127,1,Paid Social,2025-06-09 00:00,N,0
800136,2,Paid Search,2025-08-18 00:00,Y,42.3
804841,5,Paid Search,2024-12-29 00:00,Y,212.74
808403,2,Paid Search,2024-07-02 00:00,Y,219.92
803847,2,Paid Search,2025-07-11 00:00,N,0
801080,2,SEO,2024-05-11 00:00,Y,90.7
802880,1,Paid Search,2025-01-03 00:00,Y,186.97
801496,1,Email,2024-09-28 00:00,N,0
803390,1,SEO,2024-12-29 00:00,Y,199.15
806812,2,Paid Search,2024-03-18 00:00,Y,41.3
803901,1,Paid Social,2025-02-09 00:00,N,0
802700,1,Paid Search,2024-01-01 00:00,Y,56.23
805424,3,SEO,2025-02-25 00:00,Y,70.12
801413,1,Paid Social,2025-09-01 00:00,Y,194.47
803805,4,Paid Search,2024-02-06 00:00,N,0
802268,3,Paid Social,2025-08-26 00:00,Y,52.81
805977,3,Paid Search,2024-11-30 00:00,N,0
807121,1,Paid Search,2024-06-28 00:00,Y,200.21
806696,4,Paid Search,2024-05-03 00:00,Y,110.1
803221,3,Email,2025-01-23 00:00,Y,161.91
804094,4,Email,2024-05-30 00:00,Y,203.5
800723,1,Paid Search,2024-03-11 00:00,Y,147.78
801453,3,Paid Social,2024-04-03 00:00,Y,154.8
807820,2,Email,2024-06-06 00:00,N,0
804007,2,Paid Search,2024-06-09 00:00,Y,43.31
805166,3,Paid Search,2025-09-16 00:00,N,0
801730,3,Email,2024-03-28 00:00,Y,156.68
805754,3,SEO,2025-08-09 00:00,N,0
806802,4,Paid Social,2024-02-12 00:00,N,0
805379,2,Paid Social,2024-04-07 00:00,N,0
801298,4,Paid Search,2025-04-09 00:00,N,0
803703,1,Paid Social,2024-05-28 00:00,N,0
801235,1,Paid Social,2025-01-18 00:00,N,0
805766,4,Paid Social,2025-07-04 00:00,Y,124.93
800977,1,Paid Social,2025-04-21 00:00,N,0
803453,2,Email,2024-08-09 00:00,Y,58.38
807750,1,Paid Social,2025-07-01 00:00,Y,135.89
801809,3,Paid Search,2025-06-07 00:00,N,0
800932,1,SEO,2025-04-15 00:00,Y,62.11
805278,1,Paid Search,2024-05-02 00:00,N,0
806916,1,SEO,2025-09-12 00:00,Y,99.34
802544,1,Paid Social,2025-05-16 00:00,Y,124.48
803253,2,Email,2025-05-15 00:00,Y,97.83
801622,3,SEO,2025-01-05 00:00,N,0
801738,1,Paid Search,2025-05-23 00:00,N,0
803624,3,Email,2024-11-21 00:00,Y,140.75
801407,4,Paid Social,2025-09-22 00:00,N,0
801323,1,Email,2024-08-07 00:00,Y,94.67
807284,1,SEO,2025-10-03 00:00,Y,186.79
807590,3,SEO,2024-10-05 00:00,Y,36.44
805931,2,Email,2025-08-06 00:00,N,0
801289,1,Paid Social,2025-06-12 00:00,Y,39.72
807739,3,Paid Search,2024-11-10 00:00,Y,148.97
806286,1,SEO,2025-09-10 00:00,Y,167.85
802339,3,Paid Search,2024-03-05 00:00,Y,48.89
806782,2,Paid Search,2024-08-16 00:00,Y,82.8
804863,3,Email,2024-02-12 00:00,Y,160.1
804746,1,Paid Social,2024-09-08 00:00,Y,128.23
800326,3,Paid Social,2025-09-13 00:00,Y,72.07
807197,4,Paid Search,2025-05-31 00:00,N,0
805846,1,SEO,2024-10-20 00:00,N,0
804666,3,Paid Search,2025-06-07 00:00,Y,86.93
800874,1,Paid Social,2024-06-02 00:00,Y,94.75
805235,1,SEO,2024-01-26 00:00,Y,147.03
801184,4,Paid Search,2024-12-27 00:00,Y,180.04
805702,4,Paid Social,2025-10-02 00:00,Y,45.35
800312,1,Paid Social,2024-07-14 00:00,Y,116.27
804898,1,Paid Social,2024-10-30 00:00,N,0
801617,2,Email,2024-03-08 00:00,Y,120.39
804061,1,SEO,2025-03-26 00:00,Y,57.35
805592,3,SEO,2024-11-15 00:00,Y,206.63
805116,2,Email,2024-12-26 00:00,Y,201.33
805049,2,Paid Social,2025-06-17 00:00,N,0
803378,3,SEO,2024-09-09 00:00,N,0
805861,5,Email,2024-07-13 00:00,Y,43.75
806627,1,SEO,2025-10-10 00:00,Y,198.83
800415,2,Paid Social,2024-02-09 00:00,N,0
802043,3,Paid Search,2025-07-24 00:00,Y,156.19
803046,4,SEO,2025-04-13 00:00,Y,85.38
803218,1,Paid Social,2024-02-19 00:00,Y,57.36
801190,2,Email,2025-06-11 00:00,Y,183.19
801413,4,SEO,2025-09-07 00:00,Y,194.47
800473,4,SEO,2025-04-18 00:00,N,0
806231,4,Paid Search,2025-04-23 00:00,Y,82.06
805745,1,SEO,2025-08-21 00:00,N,0
803893,2,SEO,2025-02-04 00:00,N,0
803068,1,Paid Social,2024-09-04 00:00,N,0
801371,1,Paid Search,2025-05-12 00:00,N,0
808714,1,Paid Social,2025-06-01 00:00,N,0
803795,4,Paid Social,2024-10-18 00:00,Y,95.31
804466,1,Paid Search,2024-11-08 00:00,Y,112.66
800882,2,Paid Search,2025-09-04 00:00,Y,158.73
807282,1,Paid Social,2025-04-21 00:00,Y,184.05
803788,3,SEO,2024-09-24 00:00,Y,170.02
800730,1,SEO,2025-05-22 00:00,N,0
808809,2,Paid Search,2024-03-09 00:00,N,0
803999,2,Paid Search,2025-07-24 00:00,Y,218.44
803436,1,Paid Social,2024-12-10 00:00,N,0
807889,1,Paid Social,2024-10-18 00:00,Y,183.91
806416,1,Paid Search,2024-03-10 00:00,N,0
800125,2,Paid Social,2024-07-23 00:00,Y,78.42
805488,2,Paid Social,2024-08-06 00:00,Y,159.13
802727,1,SEO,2024-09-04 00:00,Y,64.13
802897,2,Email,2025-08-20 00:00,N,0
806964,5,Paid Social,2025-07-17 00:00,Y,216.31
808587,1,SEO,2025-03-25 00:00,Y,142.18
805207,1,SEO,2024-07-11 00:00,N,0
802798,1,Paid Social,2025-02-06 00:00,N,0
807036,1,Email,2025-05-27 00:00,N,0
801717,1,Paid Social,2025-01-27 00:00,Y,178.57
802302,4,SEO,2024-08-22 00:00,N,0
806138,1,Paid Social,2024-04-28 00:00,Y,56.01
804492,3,Paid Social,2025-05-04 00:00,Y,117.01
806480,2,Paid Social,2025-10-06 00:00,Y,42.64
802419,3,Paid Social,2024-08-08 00:00,N,0
805503,2,Paid Search,2025-06-19 00:00,Y,80.98
808798,3,Paid Social,2024-09-06 00:00,Y,211.66
806723,2,Paid Search,2025-06-17 00:00,Y,92.08
803766,1,Paid Search,2024-05-05 00:00,Y,45.61
804163,3,Paid Social,2024-03-04 00:00,Y,218.62
807421,3,Paid Search,2024-12-25 00:00,N,0
803113,3,Paid Search,2025-03-11 00:00,Y,97.58
804319,3,Email,2025-04-29 00:00,N,0
802195,2,Email,2024-03-09 00:00,Y,103.48
802110,2,Email,2024-01-23 00:00,N,0
800899,1,Paid Search,2024-11-08 00:00,Y,190.47
804606,2,Paid Search,2025-05-01 00:00,N,0
802272,1,Paid Search,2025-06-21 00:00,Y,84.32
806129,1,Paid Search,2024-07-07 00:00,Y,155.09
802057,3,SEO,2024-10-06 00:00,N,0
805386,4,Paid Social,2024-06-08 00:00,Y,93.25
800864,2,Paid Social,2025-06-30 00:00,Y,67.87
802599,1,Paid Social,2025-07-28 00:00,Y,167.91
800894,1,Paid Social,2024-05-17 00:00,Y,103.6
803640,1,Paid Search,2025-05-29 00:00,Y,123.08
805832,2,Email,2024-03-30 00:00,N,0
806811,3,Email,2025-08-28 00:00,N,0
806613,1,Paid Social,2025-03-06 00:00,N,0
800883,1,Paid Social,2024-04-02 00:00,Y,78.3
804707,2,SEO,2025-08-27 00:00,Y,207.53
806951,2,SEO,2024-03-04 00:00,Y,131.4
801565,1,SEO,2025-03-25 00:00,N,0
801647,2,Paid Social,2024-12-08 00:00,N,0
807491,1,Email,2024-09-19 00:00,N,0
808286,1,SEO,2024-05-24 00:00,N,0
806264,2,Paid Social,2024-06-09 00:00,Y,94.51
801081,1,SEO,2024-10-24 00:00,Y,152.2
803123,2,Email,2024-01-21 00:00,Y,171.91
807518,1,Paid Social,2024-05-02 00:00,Y,181.79
800885,3,SEO,2024-06-27 00:00,Y,165.35
808232,1,SEO,2025-03-29 00:00,N,0
802267,2,Email,2025-03-10 00:00,Y,130.88
806970,5,SEO,2024-04-19 00:00,N,0
802534,1,Paid Search,2024-08-16 00:00,Y,43.87
802371,1,SEO,2025-05-08 00:00,Y,116.03
806787,1,Paid Social,2024-03-30 00:00,N,0
806165,4,Paid Search,2025-09-06 00:00,N,0
803623,3,Email,2024-07-11 00:00,Y,96.89
801148,1,Paid Search,2025-01-30 00:00,Y,151.14
808144,4,Email,2024-05-02 00:00,N,0
808498,1,SEO,2024-02-22 00:00,N,0
807990,2,Paid Social,2025-03-27 00:00,N,0
805923,2,SEO,2024-01-18 00:00,Y,191.69
807002,2,Paid Social,2025-02-16 00:00,N,0
800157,3,Email,2024-02-08 00:00,N,0
808059,2,Email,2025-09-05 00:00,Y,157.64
807250,4,Paid Social,2025-09-24 00:00,N,0
801805,2,SEO,2024-03-15 00:00,Y,74.89
804112,1,Email,2024-06-29 00:00,N,0
808592,2,Paid Search,2024-05-17 00:00,Y,141.5
801750,1,Paid Social,2024-07-30 00:00,Y,152.88
803237,2,Paid Social,2025-07-15 00:00,Y,94.77
802735,2,Email,2025-09-19 00:00,Y,79.72
807709,3,Paid Social,2024-06-26 00:00,N,0
803457,2,Paid Social,2024-05-27 00:00,Y,218.38
804270,2,Paid Search,2024-11-03 00:00,N,0
804525,4,Email,2024-09-06 00:00,Y,113.38
807924,3,Paid Search,2024-06-19 00:00,Y,56.07
808997,2,Email,2025-05-19 00:00,N,0
802834,2,SEO,2024-05-05 00:00,N,0
802959,4,Email,2025-01-01 00:00,N,0
805782,3,SEO,2024-06-12 00:00,Y,59.22
804515,1,Email,2025-06-29 00:00,Y,160.41
804098,2,SEO,2024-10-26 00:00,Y,165.6
802490,1,Paid Social,2025-03-12 00:00,Y,142.62
800278,3,Email,2024-12-24 00:00,N,0
805363,1,SEO,2024-09-08 00:00,Y,39.0
801373,3,Email,2024-11-18 00:00,Y,175.59
800976,1,Email,2024-11-14 00:00,N,0
804707,1,Email,2025-08-25 00:00,Y,207.53
801090,2,Paid Search,2025-08-08 00:00,Y,106.68
801140,1,SEO,2024-11-12 00:00,N,0
808939,2,Paid Search,2025-07-22 00:00,N,0
805847,3,SEO,2024-01-21 00:00,N,0
800122,2,Email,2024-10-08 00:00,N,0
804389,1,SEO,2024-06-03 00:00,Y,134.33
800390,1,SEO,2025-04-25 00:00,N,0
804058,3,Email,2025-02-02 00:00,Y,108.46
808225,1,Paid Social,2024-11-21 00:00,Y,95.32
804722,1,Email,2024-02-02 00:00,Y,48.2
802419,1,Paid Social,2024-08-06 00:00,N,0
808210,1,SEO,2024-05-11 00:00,Y,161.33
805843,4,Email,2025-09-04 00:00,Y,186.23
807142,2,Email,2025-01-27 00:00,N,0
808169,2,Paid Search,2024-09-20 00:00,Y,86.89
805635,1,Paid Social,2025-02-09 00:00,Y,144.38
802642,2,Paid Search,2025-06-12 00:00,N,0
803517,4,Paid Search,2025-09-20 00:00,Y,189.54
803272,2,Paid Social,2025-10-14 00:00,N,0
802735,1,Paid Social,2025-09-18 00:00,Y,79.72
804998,1,Paid Social,2024-05-06 00:00,N,0
803884,1,SEO,2025-09-26 00:00,Y,58.09
807850,3,SEO,2024-08-27 00:00,Y,102.75
803304,1,Paid Search,2024-01-24 00:00,Y,96.38
808870,1,SEO,2024-07-03 00:00,N,0
800305,1,Email,2024-05-25 00:00,N,0
808043,1,Email,2024-09-05 00:00,N,0
800061,1,Paid Search,2025-05-26 00:00,Y,49.91
803913,3,Paid Social,2024-05-16 00:00,Y,65.31
808050,1,SEO,2025-10-17 00:00,Y,134.86
805404,1,Paid Social,2025-08-04 00:00,Y,61.84
800496,4,Email,2025-09-02 00:00,Y,142.57
805688,3,Email,2024-09-18 00:00,N,0
807546,3,Email,2024-03-12 00:00,N,0
800337,1,Paid Social,2024-08-20 00:00,Y,197.13
806631,4,Paid Search,2024-03-18 00:00,Y,42.28
808859,2,Email,2025-01-10 00:00,Y,128.33
804492,2,Email,2025-05-01 00:00,Y,117.01
800164,1,Email,2025-09-29 00:00,Y,53.88
806322,2,Paid Social,2024-08-11 00:00,Y,84.38
801049,2,Paid Search,2025-02-16 00:00,Y,127.33
808981,1,Paid Social,2025-01-02 00:00,N,0
804856,2,Paid Social,2024-11-23 00:00,N,0
802846,4,Paid Social,2024-06-09 00:00,N,0
802635,2,Email,2024-02-21 00:00,N,0
801497,1,SEO,2024-06-03 00:00,N,0
806674,2,SEO,2025-02-05 00:00,Y,198.64
804056,1,Paid Social,2025-05-03 00:00,Y,213.69
808081,3,Email,2024-08-15 00:00,Y,145.37
804507,1,Email,2025-08-02 00:00,Y,70.57
805351,1,Paid Social,2024-08-31 00:00,Y,174.04
801656,1,SEO,2024-07-27 00:00,Y,61.71
805734,2,Paid Social,2024-12-23 00:00,Y,38.76
800590,2,Paid Search,2025-08-30 00:00,Y,130.73
804713,1,SEO,2024-12-09 00:00,N,0
803149,2,Paid Search,2025-05-26 00:00,N,0
806805,2,SEO,2025-06-10 00:00,Y,113.87
804974,4,Paid Search,2025-05-02 00:00,Y,100.26
802392,3,Paid Social,2024-11-21 00:00,N,0
800123,3,SEO,2024-11-18 00:00,Y,128.37
806593,3,Email,2025-08-16 00:00,N,0
808773,2,Paid Search,2025-05-29 00:00,Y,81.57
804868,3,Paid Search,2024-06-14 00:00,N,0
805948,3,Paid Search,2024-08-20 00:00,N,0
800823,1,Paid Social,2025-04-05 00:00,N,0
808635,3,Paid Social,2024-01-20 00:00,Y,193.97
805899,1,Paid Search,2025-05-06 00:00,Y,94.57
803871,1,Paid Social,2024-01-21 00:00,N,0
804578,4,Paid Search,2024-01-15 00:00,Y,55.26
803473,1,Paid Search,2024-04-04 00:00,Y,179.0
803270,1,Paid Search,2025-04-18 00:00,Y,98.28
803862,1,Paid Social,2025-01-21 00:00,Y,139.48
805711,2,SEO,2024-06-27 00:00,N,0
807288,3,Email,2024-02-17 00:00,Y,205.24
808004,1,SEO,2024-08-10 00:00,Y,84.39
803468,2,Email,2025-05-09 00:00,Y,67.0
805601,1,SEO,2025-08-13 00:00,N,0
803842,1,Paid Social,2024-11-17 00:00,Y,188.03
801963,1,Paid Social,2024-07-25 00:00,Y,206.74
807914,3,Email,2025-04-13 00:00,Y,132.32
800453,3,Email,2025-01-25 00:00,Y,107.71
802883,1,Paid Social,2024-06-21 00:00,Y,205.62
805767,1,Paid Search,2024-04-11 00:00,N,0
805384,3,SEO,2024-10-10 00:00,Y,95.98
807898,1,Email,2024-02-08 00:00,N,0
806194,2,Paid Social,2024-07-19 00:00,Y,205.38
805936,2,Email,2024-10-10 00:00,Y,59.87
800687,2,Paid Search,2025-04-03 00:00,N,0
806736,1,Paid Social,2025-09-23 00:00,Y,81.95
804884,4,Email,2025-08-26 00:00,Y,63.92
808671,2,SEO,2025-07-28 00:00,N,0
807246,1,Paid Search,2025-01-15 00:00,N,0
802418,4,Paid Search,2024-01-29 00:00,Y,157.62
803311,2,SEO,2025-04-19 00:00,Y,110.42
801072,3,Paid Search,2024-09-29 00:00,N,0
805186,2,Paid Social,2024-02-26 00:00,Y,76.74
804846,1,Paid Social,2025-06-07 00:00,N,0
804106,1,Paid Social,2024-10-11 00:00,Y,168.77
802190,3,SEO,2024-07-26 00:00,N,0
804474,4,Paid Search,2025-09-20 00:00,N,0
807819,1,Paid Social,2024-06-07 00:00,N,0
802438,2,Paid Search,2024-09-21 00:00,N,0
808382,1,Email,2024-01-09 00:00,N,0
806215,1,Paid Social,2024-03-02 00:00,Y,195.85
804087,3,SEO,2025-06-20 00:00,N,0
803772,5,Email,2025-08-27 00:00,N,0
800040,1,SEO,2024-04-17 00:00,N,0
806367,2,Paid Search,2025-09-18 00:00,Y,158.94
804305,2,Email,2025-02-19 00:00,N,0
805196,3,Email,2024-06-27 00:00,N,0
806190,1,SEO,2024-05-10 00:00,Y,183.32
801747,2,Paid Search,2025-02-15 00:00,Y,90.44
802583,2,SEO,2024-03-19 00:00,N,0
808940,1,Paid Search,2024-10-06 00:00,Y,152.07
801709,2,Paid Search,2025-01-11 00:00,Y,112.5
803455,1,Email,2024-03-20 00:00,Y,74.64
806415,2,Paid Search,2024-03-28 00:00,Y,173.54
805172,2,SEO,2025-03-14 00:00,Y,70.64
805187,2,Paid Search,2024-04-08 00:00,Y,204.16
806083,1,Email,2025-01-26 00:00,Y,139.08
804028,2,Email,2024-01-18 00:00,N,0
808166,3,SEO,2024-04-02 00:00,Y,140.41
806770,1,SEO,2024-04-07 00:00,Y,174.77
803182,1,Paid Social,2025-02-10 00:00,N,0
805303,1,Email,2024-03-20 00:00,N,0
803204,2,Paid Search,2025-07-01 00:00,Y,219.02
806442,2,SEO,2024-07-26 00:00,N,0
807157,3,Paid Social,2024-02-24 00:00,N,0
805390,2,Email,2025-06-22 00:00,Y,216.57
805147,2,Paid Search,2024-09-10 00:00,Y,108.16
805002,4,Email,2024-03-01 00:00,N,0
807723,3,Email,2025-02-01 00:00,Y,180.32
800458,4,Paid Search,2024-09-01 00:00,Y,183.12
807735,5,SEO,2025-03-31 00:00,Y,181.77
802393,3,Email,2024-11-03 00:00,N,0
806695,1,Paid Social,2024-01-26 00:00,N,0
805962,1,SEO,2024-05-31 00:00,N,0
806820,1,Email,2024-03-02 00:00,N,0
803947,2,Paid Social,2024-07-05 00:00,Y,65.05
805225,1,SEO,2025-04-18 00:00,N,0
803786,1,SEO,2024-11-23 00:00,N,0
802184,1,SEO,2025-05-01 00:00,Y,128.56
802676,1,Paid Social,2024-12-16 00:00,Y,42.5
802586,2,Email,2025-04-26 00:00,N,0
800136,3,Paid Search,2025-08-23 00:00,Y,42.3
800248,2,SEO,2025-10-09 00:00,N,0
804205,1,SEO,2025-03-18 00:00,Y,63.97
805466,2,SEO,2025-02-12 00:00,Y,153.34
805153,1,Paid Search,2024-11-20 00:00,N,0
805239,1,SEO,2024-11-27 00:00,Y,43.16
800150,4,Paid Social,2024-06-17 00:00,Y,148.75
805827,1,Paid Social,2025-03-19 00:00,Y,144.04
800499,1,Paid Social,2024-08-09 00:00,Y,35.03
807605,3,SEO,2024-01-11 00:00,Y,111.48
803613,3,Email,2025-04-13 00:00,Y,61.66
806103,1,Paid Search,2024-08-21 00:00,Y,66.85
806172,1,Paid Search,2024-10-01 00:00,Y,168.75
806565,3,SEO,2025-06-29 00:00,Y,89.3
806525,1,Paid Social,2024-03-30 00:00,Y,153.3
804543,3,Email,2024-07-08 00:00,N,0
808037,2,Paid Search,2024-07-25 00:00,N,0
804037,2,Paid Search,2024-05-02 00:00,N,0
802410,1,Paid Search,2025-03-24 00:00,Y,214.7
808812,4,Paid Search,2024-09-09 00:00,Y,183.44
806321,1,Paid Social,2024-04-27 00:00,N,0
808263,3,Email,2025-06-29 00:00,N,0
806565,4,Paid Search,2025-07-03 00:00,Y,89.3
805221,3,Email,2024-02-14 00:00,Y,175.13
806908,1,SEO,2024-12-27 00:00,Y,151.97
806616,2,Paid Search,2024-06-23 00:00,Y,135.39
801315,2,Email,2024-01-19 00:00,Y,108.55
807116,1,SEO,2025-04-05 00:00,Y,195.96
804363,1,SEO,2024-09-15 00:00,N,0
803415,1,Paid Search,2025-03-30 00:00,N,0
807801,1,Paid Social,2024-01-05 00:00,Y,117.18
803194,3,Paid Search,2024-08-16 00:00,Y,147.84
803585,1,Email,2024-10-21 00:00,N,0
803260,3,Email,2025-05-19 00:00,N,0
806730,2,Paid Social,2025-07-31 00:00,Y,97.78
803211,4,Email,2024-10-21 00:00,N,0
806791,2,Paid Social,2025-10-14 00:00,N,0
805816,1,Paid Social,2025-01-06 00:00,Y,132.39
806562,2,Email,2024-09-28 00:00,Y,170.46
808680,2,Email,2024-06-14 00:00,Y,140.28
803002,5,Paid Search,2024-08-25 00:00,Y,61.71
805524,1,SEO,2024-08-09 00:00,Y,81.88
805994,2,Paid Search,2024-05-07 00:00,N,0
801080,4,Paid Social,2024-05-18 00:00,Y,90.7
804265,3,Paid Search,2025-05-13 00:00,Y,187.75
804637,2,Paid Search,2025-07-28 00:00,Y,58.94
802207,3,Email,2024-10-12 00:00,N,0
802024,3,Paid Search,2024-05-08 00:00,Y,125.32
808770,2,Email,2025-08-01 00:00,Y,177.84
808765,3,Paid Search,2025-06-04 00:00,Y,45.57
800212,1,Paid Social,2024-11-07 00:00,Y,173.97
800293,3,Paid Search,2024-02-06 00:00,N,0
800076,3,Paid Social,2025-04-19 00:00,Y,57.67
805200,1,Paid Social,2024-11-20 00:00,Y,213.49
800849,1,SEO,2024-08-11 00:00,Y,218.22
806949,2,SEO,2024-08-15 00:00,Y,81.08
800603,1,Paid Social,2024-01-04 00:00,N,0
807747,3,Paid Social,2025-07-24 00:00,Y,71.46
802893,1,Paid Search,2025-06-19 00:00,Y,76.84
808239,2,Email,2025-04-13 00:00,N,0
802290,2,SEO,2025-10-09 00:00,Y,78.4
807769,1,Paid Social,2024-10-24 00:00,N,0
801275,2,Email,2024-01-10 00:00,N,0
805782,2,Paid Search,2024-06-12 00:00,Y,59.22
801734,2,Paid Search,2025-02-21 00:00,Y,135.49
800197,1,Paid Social,2025-05-03 00:00,Y,177.13
806331,5,Email,2024-04-02 00:00,Y,180.19
808754,1,Paid Social,2024-10-20 00:00,Y,138.89
802786,2,Paid Search,2025-01-29 00:00,N,0
803341,2,Paid Social,2025-08-31 00:00,N,0
806591,3,Paid Search,2024-06-16 00:00,Y,90.75
802174,4,Email,2025-05-16 00:00,N,0
806682,2,Paid Social,2025-03-01 00:00,Y,40.15
808350,2,Email,2025-02-01 00:00,Y,151.8
808619,3,SEO,2024-11-10 00:00,N,0
801067,3,Paid Social,2024-07-10 00:00,N,0
807719,1,SEO,2025-01-27 00:00,N,0
804787,1,Paid Search,2025-07-10 00:00,N,0
802843,2,Paid Social,2025-04-15 00:00,N,0
808421,3,Paid Search,2024-04-27 00:00,Y,54.82
807147,3,Email,2025-04-07 00:00,Y,102.33
805072,1,Paid Social,2024-01-21 00:00,Y,149.05
804298,3,SEO,2024-02-01 00:00,N,0
803039,2,Paid Social,2024-03-08 00:00,N,0
805416,3,Email,2024-01-09 00:00,N,0
806950,2,SEO,2025-05-23 00:00,Y,207.18
806350,2,Paid Search,2025-07-10 00:00,Y,44.01
800044,1,SEO,2024-06-05 00:00,Y,201.62
803933,2,Paid Search,2025-03-06 00:00,N,0
808238,4,Email,2025-05-19 00:00,N,0
802596,3,Email,2024-09-11 00:00,N,0
804911,2,SEO,2025-10-01 00:00,N,0
800743,1,SEO,2024-06-30 00:00,Y,184.2
800484,1,Paid Social,2024-01-14 00:00,Y,50.63
801651,3,SEO,2024-04-02 00:00,N,0
807156,1,SEO,2024-03-21 00:00,Y,144.33
801996,4,Paid Search,2024-08-19 00:00,N,0
800033,1,Paid Social,2024-11-16 00:00,N,0
802190,4,Paid Social,2024-07-27 00:00,N,0
805834,4,Email,2025-06-21 00:00,Y,110.5
804953,2,Paid Search,2025-09-30 00:00,Y,71.22
803953,2,Paid Search,2025-04-02 00:00,Y,207.53
806152,2,Email,2025-01-13 00:00,Y,126.23
806509,1,SEO,2025-05-09 00:00,Y,205.14
807382,2,Paid Search,2024-01-19 00:00,Y,84.54
808819,2,SEO,2025-05-08 00:00,Y,112.18
802175,1,Paid Social,2025-03-10 00:00,Y,85.03
806157,2,SEO,2024-12-03 00:00,Y,108.79
807508,3,Paid Search,2024-01-31 00:00,Y,56.69
800753,1,Email,2024-02-12 00:00,N,0
806950,4,Paid Search,2025-05-26 00:00,Y,207.18
800236,4,Email,2025-07-06 00:00,N,0
805374,1,SEO,2024-06-26 00:00,Y,74.46
802896,1,SEO,2025-08-15 00:00,Y,66.61
808725,3,Email,2024-04-02 00:00,Y,189.78
801144,2,Email,2024-03-17 00:00,N,0
800747,4,Email,2024-12-23 00:00,Y,186.36
807808,1,SEO,2025-10-06 00:00,N,0
807907,2,Email,2024-05-31 00:00,N,0
803486,3,Email,2024-06-25 00:00,N,0
802290,1,Paid Social,2025-10-07 00:00,Y,78.4
804945,2,Paid Social,2025-08-12 00:00,N,0
803063,2,Paid Social,2024-03-31 00:00,N,0
808868,2,Paid Social,2025-04-27 00:00,N,0
802014,1,Paid Social,2025-08-24 00:00,Y,207.58
801398,2,Paid Social,2024-08-05 00:00,Y,35.5
803270,2,Email,2025-04-20 00:00,Y,98.28
804655,3,Paid Social,2025-08-18 00:00,N,0
804674,2,SEO,2024-03-25 00:00,Y,84.61
804694,1,SEO,2025-08-16 00:00,Y,121.45
804270,1,SEO,2024-10-31 00:00,N,0
807657,4,Paid Search,2024-03-29 00:00,N,0
803343,1,Paid Social,2024-07-10 00:00,N,0
802332,1,Email,2024-08-02 00:00,Y,81.77
806170,1,Paid Social,2025-02-15 00:00,Y,66.36
805520,1,Paid Search,2024-10-14 00:00,Y,84.0
801451,2,SEO,2025-06-16 00:00,Y,54.56
807021,1,SEO,2024-11-02 00:00,N,0
800355,3,SEO,2025-10-01 00:00,N,0
808009,1,Paid Search,2024-10-28 00:00,Y,163.68
808872,1,SEO,2025-04-29 00:00,N,0
806650,1,Paid Social,2024-02-24 00:00,Y,115.65
803454,2,SEO,2025-04-08 00:00,N,0
802596,2,Paid Social,2024-09-06 00:00,N,0
807245,3,Paid Search,2025-05-07 00:00,Y,75.11
806664,3,Paid Social,2025-03-25 00:00,Y,150.77
802632,1,Paid Search,2025-08-04 00:00,N,0
807542,1,Paid Social,2025-03-24 00:00,Y,150.7
801416,1,Paid Social,2025-02-25 00:00,Y,108.42
805954,3,Paid Search,2025-03-20 00:00,Y,161.59
800320,2,SEO,2024-07-11 00:00,Y,106.66
802096,1,SEO,2025-07-11 00:00,Y,219.34
801043,2,Paid Social,2024-06-13 00:00,Y,119.23
808549,1,Paid Social,2025-06-04 00:00,N,0
807281,1,SEO,2024-11-11 00:00,Y,161.08
802213,1,SEO,2025-09-21 00:00,Y,216.88
803770,2,Email,2025-10-02 00:00,Y,170.29
803054,2,Email,2025-07-28 00:00,N,0
805145,1,SEO,2024-03-02 00:00,Y,180.11
801214,2,Email,2025-09-11 00:00,N,0
802651,4,Paid Social,2024-01-19 00:00,N,0
803164,1,Paid Social,2024-08-10 00:00,Y,120.33
804648,4,SEO,2024-05-15 00:00,N,0
804850,1,Paid Search,2024-04-14 00:00,N,0
807182,3,Paid Social,2024-11-25 00:00,N,0
800598,1,SEO,2025-02-08 00:00,Y,204.33
808016,5,Paid Search,2025-10-13 00:00,N,0
806607,4,Email,2024-10-08 00:00,N,0
807703,2,Email,2024-10-20 00:00,Y,102.53
808480,1,Paid Social,2024-04-05 00:00,Y,186.76
802947,2,Paid Search,2024-08-28 00:00,Y,201.54
807923,2,Paid Social,2025-08-19 00:00,Y,187.68
804626,1,Paid Search,2024-09-23 00:00,Y,188.16
803083,1,SEO,2024-10-20 00:00,Y,91.65
803359,3,Email,2024-01-09 00:00,Y,141.82
804859,1,Paid Search,2024-11-04 00:00,Y,135.73
802358,1,SEO,2025-07-28 00:00,Y,101.37
805472,1,Paid Social,2024-10-03 00:00,Y,151.89
807474,4,Paid Search,2024-12-26 00:00,Y,119.49
805515,4,Paid Search,2025-10-02 00:00,Y,184.67
800730,2,Paid Search,2025-05-25 00:00,N,0
807432,2,Email,2024-11-20 00:00,Y,142.45
808488,3,Paid Search,2025-09-20 00:00,Y,101.01
801249,5,Email,2025-04-04 00:00,N,0
808159,2,Email,2024-07-19 00:00,N,0
805423,1,Paid Social,2025-05-09 00:00,Y,175.3
806570,2,SEO,2025-06-29 00:00,N,0
801054,3,Paid Search,2025-05-15 00:00,Y,120.76
802248,2,Email,2024-02-04 00:00,N,0
802047,1,Paid Search,2024-02-29 00:00,Y,88.28
808555,1,Email,2025-03-30 00:00,Y,101.55
807351,1,Paid Social,2025-01-23 00:00,Y,182.98
804770,1,SEO,2024-01-25 00:00,N,0
805928,2,Email,2025-09-13 00:00,Y,142.83
804720,3,Email,2024-11-22 00:00,N,0
801250,1,Paid Social,2025-08-10 00:00,Y,110.03
805170,1,SEO,2025-06-03 00:00,Y,101.46
803220,2,Paid Social,2024-10-23 00:00,Y,209.42
805919,1,Paid Social,2025-04-08 00:00,N,0
801341,2,Email,2024-01-09 00:00,N,0
800033,2,Paid Search,2024-11-19 00:00,N,0
805449,2,Email,2024-06-25 00:00,N,0
803033,1,SEO,2024-01-23 00:00,N,0
804326,1,Paid Social,2024-07-10 00:00,N,0
803886,3,Paid Social,2024-01-12 00:00,Y,171.68
807577,5,Paid Search,2024-09-12 00:00,Y,77.43
808102,4,Email,2024-09-02 00:00,N,0
804853,4,Email,2024-08-16 00:00,N,0
804712,3,SEO,2024-12-21 00:00,N,0
806803,1,SEO,2024-02-02 00:00,Y,76.6
803832,4,Paid Search,2024-04-22 00:00,N,0
800218,1,Paid Social,2024-12-05 00:00,Y,128.25
800194,1,Email,2025-05-24 00:00,Y,192.45
808069,4,Email,2024-10-23 00:00,N,0
808361,2,Email,2025-10-03 00:00,N,0
808632,3,Email,2025-09-09 00:00,Y,89.81
804559,3,SEO,2024-10-26 00:00,Y,44.09
801130,2,Email,2024-03-10 00:00,Y,135.14
800912,4,SEO,2024-12-25 00:00,Y,187.26
801189,3,Email,2024-05-13 00:00,N,0
804163,4,Email,2024-03-11 00:00,Y,218.62
804523,5,SEO,2024-02-16 00:00,Y,72.83
804775,3,Paid Search,2024-03-19 00:00,N,0
803460,1,Paid Search,2025-07-21 00:00,Y,80.26
807028,2,Paid Social,2025-09-24 00:00,N,0
800432,1,SEO,2025-03-27 00:00,N,0
802020,3,Email,2025-10-13 00:00,N,0
803952,1,SEO,2024-06-23 00:00,Y,60.02
800831,2,Paid Social,2024-07-10 00:00,Y,154.73
805541,2,Email,2024-02-22 00:00,N,0
800263,2,Email,2024-12-25 00:00,N,0
802288,2,Paid Search,2024-02-04 00:00,Y,77.5
800085,3,Paid Search,2025-09-30 00:00,N,0
804647,2,Paid Social,2024-05-18 00:00,Y,96.9
806896,1,Paid Social,2024-03-09 00:00,N,0
803347,1,SEO,2024-04-29 00:00,N,0
805659,1,SEO,2024-09-21 00:00,N,0
806571,2,Paid Social,2024-08-29 00:00,Y,39.04
805290,1,SEO,2024-10-02 00:00,Y,173.49
802353,1,Paid Social,2024-01-06 00:00,Y,51.94
806336,1,SEO,2024-05-04 00:00,Y,201.04
805883,4,SEO,2025-06-12 00:00,Y,158.02
803826,1,Paid Social,2025-03-28 00:00,Y,126.75
801971,3,SEO,2025-10-19 00:00,N,0
808660,1,Paid Social,2024-05-07 00:00,Y,128.73
807771,2,Email,2024-01-21 00:00,N,0
802066,2,Email,2025-03-27 00:00,Y,166.84
807172,1,SEO,2024-11-23 00:00,N,0
808696,5,Paid Social,2024-08-16 00:00,Y,103.21
808358,1,Paid Social,2025-08-30 00:00,N,0
804828,2,Paid Search,2024-11-04 00:00,N,0
801715,1,Paid Social,2024-11-18 00:00,Y,153.13
808300,2,SEO,2025-06-01 00:00,Y,88.39
808812,1,Paid Search,2024-08-31 00:00,Y,183.44
801780,1,SEO,2025-06-10 00:00,N,0
802511,1,Paid Search,2025-03-19 00:00,Y,131.59
804235,3,Email,2024-04-14 00:00,Y,133.47
808345,1,SEO,2024-05-24 00:00,Y,115.73
804588,3,Email,2024-12-30 00:00,N,0
805380,3,Email,2025-01-13 00:00,Y,72.96
805801,2,Paid Social,2025-04-13 00:00,Y,45.85
806861,1,Paid Social,2024-01-23 00:00,Y,119.49
805010,2,Paid Search,2024-07-31 00:00,N,0
801259,4,Paid Search,2024-10-16 00:00,Y,87.45
806721,5,Paid Search,2024-01-16 00:00,Y,211.33
805243,1,Email,2025-01-19 00:00,Y,98.48
801239,1,Paid Social,2024-08-05 00:00,N,0
800820,2,Paid Search,2025-05-05 00:00,Y,125.88
802672,3,Email,2025-05-29 00:00,Y,143.52
801576,2,Email,2025-07-22 00:00,N,0
805703,1,Paid Search,2024-09-25 00:00,Y,153.92
802019,2,Paid Search,2025-05-10 00:00,N,0
804667,2,Email,2025-08-01 00:00,Y,92.3
806768,1,SEO,2024-02-06 00:00,Y,55.13
807451,1,Paid Search,2024-08-02 00:00,Y,115.19
800593,4,SEO,2024-12-06 00:00,Y,76.59
806789,4,Paid Search,2025-10-08 00:00,Y,200.5
802109,2,Paid Search,2025-01-27 00:00,N,0
807166,4,Paid Search,2025-03-30 00:00,N,0
802072,4,Email,2024-12-23 00:00,N,0
808469,1,SEO,2024-07-08 00:00,N,0
801632,3,Paid Search,2025-04-21 00:00,Y,125.15
801660,1,Paid Social,2024-03-15 00:00,Y,158.41
800820,1,Paid Social,2025-05-03 00:00,Y,125.88
807832,2,Email,2024-07-29 00:00,Y,46.0
808444,5,Paid Social,2025-02-23 00:00,Y,71.23
800980,1,SEO,2024-01-24 00:00,N,0
806102,3,Paid Search,2024-12-06 00:00,Y,38.69
803746,1,SEO,2025-03-26 00:00,Y,80.67
805433,2,SEO,2025-10-16 00:00,Y,44.35
808987,1,Paid Social,2024-10-01 00:00,N,0
800787,1,Email,2024-02-03 00:00,Y,75.04
801927,3,Email,2024-02-03 00:00,Y,83.49
806114,1,SEO,2025-10-03 00:00,N,0
806587,3,Email,2025-04-15 00:00,Y,195.45
807235,3,Email,2024-07-09 00:00,Y,82.77
807618,1,SEO,2024-08-28 00:00,Y,135.26
801634,3,Email,2024-12-08 00:00,Y,180.83
808659,4,Paid Search,2025-04-01 00:00,Y,187.86
800503,1,Paid Social,2025-08-08 00:00,Y,157.38
808355,1,Paid Search,2024-09-23 00:00,N,0
804979,1,SEO,2025-02-20 00:00,Y,131.86
802296,3,Email,2024-12-10 00:00,N,0
807891,2,Email,2025-08-01 00:00,Y,79.15
804823,3,SEO,2025-05-19 00:00,N,0
804100,2,Paid Social,2025-02-16 00:00,Y,208.86
803767,1,Paid Social,2024-02-12 00:00,Y,187.56
805669,2,Paid Search,2025-02-10 00:00,N,0
803627,5,Email,2024-12-21 00:00,N,0
802665,1,SEO,2024-06-16 00:00,Y,105.51
805414,1,Paid Social,2024-12-22 00:00,Y,152.08
806961,2,Email,2024-07-02 00:00,Y,200.42
807898,3,Paid Social,2024-02-10 00:00,N,0
808808,3,Email,2025-04-15 00:00,Y,164.17
800374,2,Paid Social,2025-04-12 00:00,Y,116.43
802308,1,SEO,2025-05-30 00:00,Y,90.34
808066,1,Email,2025-05-28 00:00,Y,79.29
808792,1,SEO,2024-10-13 00:00,Y,174.39
800486,2,Email,2025-02-06 00:00,Y,75.09
807634,4,Email,2024-09-03 00:00,N,0
802994,2,SEO,2024-12-12 00:00,Y,109.1
808093,2,Paid Search,2024-06-20 00:00,N,0
801396,1,SEO,2024-10-15 00:00,N,0
800047,5,Paid Search,2024-12-02 00:00,Y,207.95
802184,2,Paid Search,2025-05-02 00:00,Y,128.56
805771,1,Email,2025-09-06 00:00,N,0
808441,2,Email,2024-08-06 00:00,Y,132.19
808145,3,SEO,2025-08-30 00:00,Y,80.89
806434,3,Paid Social,2025-02-03 00:00,N,0
801589,2,Paid Search,2025-01-28 00:00,N,0
807250,2,Paid Social,2025-09-25 00:00,N,0
806632,3,Paid Search,2025-09-15 00:00,N,0
808147,1,Email,2024-06-20 00:00,Y,126.16
805071,4,Email,2025-06-27 00:00,N,0
805611,3,Paid Search,2024-10-02 00:00,N,0
801120,3,Paid Search,2024-10-01 00:00,Y,37.55
806545,2,Email,2025-03-26 00:00,Y,73.2
802937,3,Email,2024-10-21 00:00,N,0
802748,2,Paid Search,2025-07-23 00:00,Y,184.21
804840,1,Email,2024-11-11 00:00,Y,127.15
801014,1,Paid Social,2025-04-21 00:00,N,0
806066,1,SEO,2025-01-16 00:00,Y,157.56
803703,4,Paid Search,2024-06-09 00:00,N,0
802950,3,SEO,2025-04-04 00:00,Y,54.89
802739,4,Email,2024-04-30 00:00,N,0
803069,3,Paid Search,2024-02-21 00:00,Y,182.7
802534,2,Paid Search,2024-08-19 00:00,Y,43.87
800524,1,Email,2024-01-13 00:00,N,0
806684,1,Paid Social,2025-03-30 00:00,N,0
808953,2,Paid Social,2025-01-19 00:00,Y,117.29
803526,1,Paid Social,2025-09-16 00:00,Y,183.29
804095,2,Email,2024-09-26 00:00,N,0
801848,1,Paid Social,2024-06-15 00:00,N,0
803770,3,Paid Social,2025-10-07 00:00,Y,170.29
800039,3,SEO,2025-02-05 00:00,N,0
806808,3,SEO,2025-04-20 00:00,Y,39.92
806406,1,SEO,2024-05-07 00:00,Y,106.58
802551,1,SEO,2024-08-17 00:00,Y,144.54
804954,1,Paid Search,2025-06-22 00:00,Y,199.34
808071,3,Paid Search,2024-12-08 00:00,Y,143.92
808745,2,Paid Search,2025-02-13 00:00,N,0
803990,1,Paid Social,2024-08-31 00:00,N,0
802683,2,Email,2024-10-14 00:00,N,0
806839,1,Paid Search,2025-06-08 00:00,Y,117.22
805161,2,Paid Social,2025-09-29 00:00,N,0
801154,4,Paid Social,2024-11-21 00:00,N,0
804678,2,SEO,2025-04-12 00:00,N,0
808359,1,Email,2025-02-15 00:00,Y,155.33
801846,3,Email,2025-05-06 00:00,Y,36.87
806389,3,Email,2025-08-22 00:00,Y,61.08
802822,1,Email,2024-03-24 00:00,Y,42.65
803579,1,SEO,2024-01-24 00:00,N,0
802776,4,SEO,2025-01-18 00:00,Y,82.02
800987,1,SEO,2025-04-08 00:00,Y,194.03
807687,1,SEO,2025-02-07 00:00,N,0
802532,3,Email,2025-02-16 00:00,N,0
803753,1,Paid Social,2024-11-26 00:00,Y,115.16
805107,1,Paid Social,2024-04-26 00:00,Y,57.64
802643,2,Email,2025-06-10 00:00,Y,50.04
808673,1,SEO,2024-03-11 00:00,N,0
804809,3,Paid Social,2025-10-11 00:00,Y,178.95
806374,4,Paid Search,2024-04-26 00:00,Y,116.12
803797,1,Paid Social,2025-09-23 00:00,N,0
808950,2,Paid Social,2025-02-19 00:00,Y,73.74
807311,2,Email,2024-10-15 00:00,N,0
808020,2,Email,2025-03-17 00:00,Y,49.29
801948,2,Paid Social,2024-03-18 00:00,Y,202.79
803801,3,Paid Search,2025-07-05 00:00,N,0
807952,3,Email,2025-10-07 00:00,Y,215.5
800100,1,SEO,2024-07-10 00:00,N,0
808449,5,Email,2024-09-04 00:00,N,0
800448,3,SEO,2024-08-28 00:00,N,0
801621,1,Email,2025-04-05 00:00,Y,43.09
805729,3,Paid Search,2025-09-19 00:00,Y,123.79
803411,1,SEO,2025-01-17 00:00,N,0
805800,2,Paid Social,2024-03-01 00:00,Y,79.45
800519,1,Paid Social,2025-02-18 00:00,N,0
808486,2,Email,2025-04-12 00:00,Y,181.92
806603,3,Paid Search,2024-05-04 00:00,Y,124.33
801544,1,Paid Social,2024-09-03 00:00,Y,41.65
805802,3,Email,2024-12-06 00:00,N,0
807301,2,SEO,2024-12-20 00:00,N,0
804890,2,Paid Social,2024-05-10 00:00,Y,161.84
803874,1,Paid Social,2024-06-17 00:00,Y,170.95
808715,1,Paid Search,2024-11-17 00:00,Y,41.47
801006,1,SEO,2024-06-12 00:00,Y,185.29
806497,2,SEO,2024-04-29 00:00,N,0
805344,4,Email,2025-05-27 00:00,N,0
800527,5,Paid Search,2025-03-25 00:00,N,0
802392,2,Paid Social,2024-11-18 00:00,N,0
807294,1,SEO,2024-01-17 00:00,Y,181.65
808346,4,Paid Search,2024-07-22 00:00,Y,214.79
801168,1,SEO,2024-11-15 00:00,Y,209.05
800626,3,Email,2025-09-04 00:00,N,0
803042,1,SEO,2024-03-30 00:00,Y,76.51
804657,1,Paid Social,2024-01-25 00:00,N,0
803095,3,Paid Social,2025-07-26 00:00,Y,112.25
800881,3,Email,2025-03-26 00:00,N,0
806745,4,Email,2025-10-03 00:00,N,0
801464,3,Paid Search,2024-07-27 00:00,N,0
804665,2,Email,2025-06-17 00:00,Y,159.48
805040,3,Email,2024-05-31 00:00,Y,106.6
808229,1,Email,2025-02-15 00:00,N,0
802689,1,Paid Social,2025-06-03 00:00,Y,194.65
803207,4,Paid Search,2025-09-13 00:00,Y,90.45
801505,2,Paid Social,2024-04-22 00:00,Y,50.55
807047,3,Paid Search,2024-02-26 00:00,Y,70.8
803241,1,Paid Social,2025-05-12 00:00,Y,90.99
804778,4,SEO,2025-08-06 00:00,Y,175.03
807931,1,Email,2024-12-23 00:00,Y,45.38
807797,3,Email,2024-02-14 00:00,Y,38.58
804888,1,Email,2025-02-21 00:00,N,0
807838,1,Paid Search,2024-08-04 00:00,N,0
803651,1,Paid Social,2025-07-13 00:00,N,0
800241,2,Paid Search,2025-06-24 00:00,N,0
807846,1,Paid Social,2025-04-01 00:00,Y,171.56
801117,1,Paid Social,2024-01-12 00:00,Y,36.13
806053,2,Email,2024-12-13 00:00,Y,119.63
805760,1,Paid Search,2024-10-31 00:00,Y,43.65
806293,3,Paid Social,2025-08-24 00:00,N,0
800542,2,SEO,2025-05-22 00:00,Y,35.81
804645,1,Paid Social,2025-04-05 00:00,Y,67.24
806253,2,Paid Search,2025-01-01 00:00,N,0
804861,2,Paid Social,2024-09-02 00:00,N,0
805582,1,SEO,2024-11-28 00:00,N,0
800156,3,Paid Search,2024-05-21 00:00,Y,189.58
803676,3,Email,2025-06-22 00:00,N,0
800688,1,Paid Social,2025-09-01 00:00,Y,51.84
808315,2,Paid Social,2024-07-31 00:00,Y,38.72
801740,3,Email,2024-10-16 00:00,N,0
806617,2,Email,2024-10-31 00:00,N,0
804709,2,Paid Social,2025-08-13 00:00,Y,70.67
808655,1,Paid Search,2024-05-31 00:00,Y,208.35
802824,1,Email,2024-01-23 00:00,Y,155.34
805590,1,Paid Social,2024-02-15 00:00,N,0
807716,2,SEO,2025-03-06 00:00,Y,50.78
806916,3,Email,2025-09-16 00:00,Y,99.34
802559,3,SEO,2025-09-26 00:00,N,0
800342,1,Paid Search,2025-07-10 00:00,N,0
807264,2,Email,2025-02-09 00:00,Y,176.06
804117,2,Paid Social,2025-07-20 00:00,Y,89.18
800314,1,SEO,2024-12-16 00:00,Y,155.08
808894,1,Email,2024-12-25 00:00,N,0
801884,2,Email,2024-10-05 00:00,Y,198.53
805561,3,Paid Social,2024-07-21 00:00,Y,38.82
804143,1,Paid Search,2025-05-09 00:00,Y,170.12
801954,2,Email,2024-10-03 00:00,Y,200.06
808703,2,Paid Social,2024-09-07 00:00,Y,35.57
800253,2,Email,2024-10-07 00:00,N,0
800355,1,SEO,2025-09-23 00:00,N,0
805880,1,Email,2025-10-05 00:00,N,0
807723,4,Email,2025-01-27 00:00,Y,180.32
800327,1,SEO,2024-08-26 00:00,Y,119.32
808542,2,Paid Search,2024-06-02 00:00,Y,54.92
801552,3,Paid Social,2024-09-06 00:00,N,0
802854,5,Email,2025-07-07 00:00,N,0
801001,1,Paid Social,2025-03-05 00:00,Y,89.84
805420,4,Email,2024-04-28 00:00,Y,168.05
808880,1,SEO,2025-06-28 00:00,Y,162.83
803690,3,Email,2024-06-15 00:00,N,0
802449,1,Paid Social,2025-07-23 00:00,N,0
806470,2,Paid Search,2025-02-21 00:00,Y,197.18
804306,3,Paid Search,2025-10-19 00:00,Y,205.11
805673,5,SEO,2024-11-03 00:00,Y,204.31
800754,2,Paid Search,2025-01-27 00:00,Y,68.34
808866,2,Email,2025-09-16 00:00,Y,183.45
806166,2,Email,2025-08-12 00:00,Y,217.58
807122,1,Paid Social,2024-07-24 00:00,N,0
802248,1,SEO,2024-02-02 00:00,N,0
806520,2,SEO,2025-03-03 00:00,N,0
801602,2,SEO,2025-09-30 00:00,N,0
805605,4,Email,2024-09-23 00:00,Y,92.44
805512,2,Paid Social,2024-07-15 00:00,Y,190.65
801286,3,SEO,2025-10-11 00:00,Y,86.47
804031,2,SEO,2024-08-08 00:00,Y,162.69
804206,3,Email,2024-07-10 00:00,Y,72.29
804014,2,Paid Search,2024-10-16 00:00,Y,138.2
805598,2,Paid Social,2025-09-05 00:00,Y,123.66
805602,2,Paid Search,2024-06-25 00:00,Y,161.58
808242,2,SEO,2025-06-22 00:00,Y,129.5
804060,3,Email,2025-04-29 00:00,Y,202.19
804644,2,Email,2024-01-14 00:00,Y,118.48
800112,3,Email,2025-02-02 00:00,Y,127.64
806569,3,Paid Search,2024-01-18 00:00,N,0
804562,1,Email,2024-01-19 00:00,N,0
808875,3,SEO,2024-07-02 00:00,Y,105.69
800116,3,Paid Social,2024-02-10 00:00,Y,168.33
802365,3,Email,2025-04-17 00:00,N,0
806250,1,SEO,2025-02-02 00:00,Y,108.98
800080,2,Email,2024-09-09 00:00,Y,64.47
805552,4,SEO,2024-05-16 00:00,Y,153.02
802342,1,SEO,2024-04-24 00:00,N,0
805380,1,SEO,2025-01-07 00:00,Y,72.96
804962,3,Paid Search,2024-01-25 00:00,Y,196.0
807199,1,Paid Social,2025-06-17 00:00,N,0
801040,2,Email,2024-07-18 00:00,Y,64.73
800015,1,SEO,2025-07-01 00:00,Y,60.45
802346,2,Paid Social,2024-01-18 00:00,Y,151.96
804565,1,Paid Social,2024-03-18 00:00,Y,158.86
808538,2,SEO,2025-08-28 00:00,Y,209.59
806873,1,SEO,2025-08-18 00:00,Y,156.72
806766,3,Email,2024-09-18 00:00,N,0
800038,4,Paid Search,2025-06-30 00:00,Y,165.73
806746,4,Paid Search,2025-10-28 00:00,Y,108.35
804839,3,Email,2024-05-16 00:00,Y,120.2
802139,3,Email,2024-01-14 00:00,Y,42.19
801958,1,SEO,2024-03-29 00:00,N,0
806066,4,Email,2025-01-19 00:00,Y,157.56
804564,2,Paid Social,2025-09-13 00:00,N,0
802953,2,SEO,2024-06-28 00:00,Y,65.19
803838,1,Email,2025-04-09 00:00,N,0
807221,3,Email,2025-06-03 00:00,Y,45.16
800719,2,Paid Search,2025-05-27 00:00,Y,93.6
804096,1,SEO,2024-08-11 00:00,N,0
805625,2,Email,2024-10-19 00:00,N,0
804586,3,Paid Social,2024-05-23 00:00,Y,209.99
803128,2,Email,2024-09-04 00:00,Y,107.2
800243,3,Email,2025-02-10 00:00,Y,163.21
802744,1,Paid Search,2025-02-28 00:00,Y,204.32
807781,3,Paid Search,2025-07-13 00:00,Y,148.87
801628,1,Paid Social,2025-03-19 00:00,N,0
805013,3,Paid Search,2024-05-22 00:00,Y,38.75
807190,1,Paid Search,2024-01-29 00:00,N,0
801614,5,Email,2025-05-15 00:00,Y,48.35
804487,1,Email,2024-05-12 00:00,N,0
807970,1,Paid Social,2025-10-11 00:00,Y,87.77
801185,2,Paid Social,2025-04-16 00:00,N,0
803801,2,SEO,2025-06-28 00:00,N,0
800694,1,Paid Search,2024-04-19 00:00,Y,117.79
805463,3,Paid Search,2024-10-12 00:00,N,0
807271,1,SEO,2024-12-04 00:00,Y,173.82
804318,1,Paid Search,2025-03-29 00:00,Y,58.09
802799,2,Email,2025-02-12 00:00,Y,52.89
808812,5,Email,2024-09-04 00:00,Y,183.44
806468,3,Paid Search,2024-08-09 00:00,N,0
805040,2,Paid Search,2024-05-25 00:00,Y,106.6
801115,2,Email,2025-04-30 00:00,Y,189.17
807619,1,Paid Social,2025-05-01 00:00,N,0
805677,4,Email,2024-04-26 00:00,Y,76.38
802476,2,Paid Search,2024-07-02 00:00,Y,62.05
801434,4,Paid Search,2024-11-17 00:00,N,0
808475,3,SEO,2024-06-08 00:00,N,0
804567,1,Paid Search,2024-09-11 00:00,N,0
805925,2,Paid Social,2025-04-25 00:00,Y,106.82
808388,5,Email,2024-09-26 00:00,Y,170.64
802218,3,Email,2024-09-14 00:00,N,0
804321,1,SEO,2024-11-17 00:00,Y,134.34
801330,2,Paid Search,2024-12-26 00:00,Y,103.0
804910,2,SEO,2025-03-31 00:00,N,0
804216,4,Email,2025-10-13 00:00,N,0
800402,1,SEO,2024-12-30 00:00,Y,51.31
800670,4,Paid Social,2025-07-22 00:00,Y,165.26
805629,1,Email,2024-05-09 00:00,N,0
803878,3,Email,2024-08-12 00:00,Y,69.74
803172,1,Paid Search,2024-05-05 00:00,N,0
805487,1,Paid Social,2025-05-07 00:00,Y,205.94
804163,1,SEO,2024-03-02 00:00,Y,218.62
808784,2,Email,2024-01-11 00:00,Y,88.94
808701,3,Email,2024-02-26 00:00,Y,66.87
800879,2,Paid Social,2024-11-26 00:00,Y,214.74
804922,1,Email,2024-11-07 00:00,N,0
808498,3,Paid Social,2024-03-01 00:00,N,0
803752,4,Paid Search,2024-12-03 00:00,Y,89.69
808537,5,Paid Social,2024-02-20 00:00,Y,200.77
806327,3,SEO,2024-10-24 00:00,Y,177.5
801429,2,Paid Search,2024-06-13 00:00,N,0
801851,2,Email,2024-01-09 00:00,Y,176.04
805887,4,Paid Search,2024-02-25 00:00,N,0
806211,2,Paid Search,2024-11-27 00:00,N,0
804542,2,Paid Social,2024-01-17 00:00,Y,59.86
800399,1,SEO,2025-01-01 00:00,Y,185.39
807933,1,Email,2024-03-26 00:00,N,0
800097,1,Email,2025-04-20 00:00,Y,119.61
802425,1,SEO,2025-08-19 00:00,Y,152.94
802181,2,Email,2024-05-15 00:00,N,0
805963,1,SEO,2024-12-13 00:00,Y,105.92
803508,1,Email,2024-03-03 00:00,Y,72.88
805132,1,SEO,2024-12-22 00:00,Y,102.29
807952,4,Paid Search,2025-10-04 00:00,Y,215.5
807167,2,Paid Search,2025-04-04 00:00,Y,44.93
804910,3,SEO,2025-04-03 00:00,N,0
806615,2,Paid Search,2025-01-05 00:00,N,0
805666,3,Email,2024-08-27 00:00,Y,94.82
801814,1,SEO,2025-04-22 00:00,Y,214.65
801615,2,Paid Social,2025-04-11 00:00,Y,128.07
800558,4,Email,2024-12-19 00:00,Y,190.72
807626,3,Email,2024-06-10 00:00,Y,149.26
802666,3,Email,2024-12-01 00:00,Y,114.88
807209,2,Paid Search,2024-09-27 00:00,Y,70.44
805574,1,Paid Social,2025-02-01 00:00,N,0
807234,1,SEO,2024-08-30 00:00,Y,154.24
803242,1,Email,2024-01-10 00:00,Y,82.74
804755,2,Email,2024-09-18 00:00,Y,91.6
808820,2,Paid Search,2025-03-09 00:00,Y,131.77
808847,1,Paid Search,2025-01-16 00:00,Y,194.78
804535,1,SEO,2025-07-29 00:00,Y,193.35
805013,1,Paid Search,2024-05-18 00:00,Y,38.75
806908,3,Email,2024-12-29 00:00,Y,151.97
807204,1,SEO,2025-06-04 00:00,N,0
807184,2,SEO,2025-09-04 00:00,Y,106.45
806305,2,Paid Search,2024-07-03 00:00,N,0
800688,2,Paid Search,2025-09-03 00:00,Y,51.84
805286,2,Paid Search,2025-03-22 00:00,Y,44.39
801429,1,Paid Search,2024-06-11 00:00,N,0
801350,3,Email,2024-01-29 00:00,Y,119.81
800152,1,Paid Social,2025-04-08 00:00,N,0
806456,3,Paid Search,2024-04-23 00:00,Y,134.65
802190,1,SEO,2024-07-18 00:00,N,0
806307,2,Email,2024-03-31 00:00,Y,94.19
804315,3,Paid Search,2024-02-11 00:00,N,0
802138,3,Paid Social,2025-01-15 00:00,Y,168.21
802374,2,Email,2025-02-19 00:00,Y,103.7
807973,2,Paid Social,2025-09-02 00:00,Y,163.16
806644,4,Email,2024-08-01 00:00,Y,35.69
808234,4,Paid Social,2025-09-18 00:00,Y,148.68
802470,1,Paid Social,2024-12-29 00:00,Y,163.35
804917,1,Email,2024-11-07 00:00,Y,193.45
805792,3,SEO,2024-07-28 00:00,N,0
806410,2,Paid Search,2024-02-10 00:00,Y,173.55
802539,3,Email,2025-05-14 00:00,Y,160.92
801850,1,Email,2024-09-16 00:00,Y,118.73
806473,2,Paid Search,2025-01-08 00:00,Y,215.12
805530,1,SEO,2024-11-08 00:00,Y,174.3
808067,2,Paid Social,2025-10-18 00:00,Y,113.91
800114,2,Email,2024-11-01 00:00,Y,54.12
806172,2,Email,2024-10-05 00:00,Y,168.75
801032,1,SEO,2024-05-09 00:00,Y,137.39
801342,1,SEO,2024-07-03 00:00,N,0
802152,1,Paid Social,2024-02-03 00:00,Y,106.59
807925,3,Paid Social,2025-03-01 00:00,Y,84.14
801879,1,SEO,2024-11-03 00:00,Y,179.57
801944,2,Paid Social,2024-02-13 00:00,N,0
808904,3,Paid Search,2025-06-19 00:00,N,0
802847,2,SEO,2025-10-08 00:00,N,0
805595,3,Paid Social,2025-04-19 00:00,N,0
803933,1,Paid Social,2025-03-05 00:00,N,0
802449,2,Email,2025-07-26 00:00,N,0
805245,1,Paid Search,2024-08-09 00:00,Y,133.52
807382,1,Paid Social,2024-01-16 00:00,Y,84.54
806812,1,SEO,2024-03-17 00:00,Y,41.3
800853,4,Email,2025-03-23 00:00,N,0
806493,2,Email,2024-06-16 00:00,Y,94.35
807301,4,Paid Search,2024-12-29 00:00,N,0
800047,3,SEO,2024-11-24 00:00,Y,207.95
800242,1,Paid Social,2024-11-21 00:00,N,0
801108,3,Email,2024-03-31 00:00,N,0
808048,2,Paid Social,2025-01-31 00:00,Y,162.71
805625,3,Paid Search,2024-10-25 00:00,N,0
802031,1,Paid Search,2025-07-14 00:00,N,0
805908,2,Email,2025-05-03 00:00,Y,143.54
802916,3,Email,2024-12-20 00:00,N,0
805312,3,SEO,2024-05-04 00:00,N,0
806907,3,Email,2024-10-04 00:00,N,0
806234,3,Paid Social,2024-08-29 00:00,Y,58.56
807337,2,Paid Social,2024-03-16 00:00,Y,84.71
805402,2,Paid Search,2025-03-10 00:00,Y,57.22
804826,2,Paid Social,2025-03-28 00:00,Y,111.58
802642,1,Paid Social,2025-06-11 00:00,N,0
805780,1,SEO,2024-06-19 00:00,Y,77.02
808989,1,Paid Social,2024-06-20 00:00,N,0
808084,3,Paid Social,2024-12-11 00:00,Y,68.37
804016,1,SEO,2025-01-25 00:00,N,0
804641,2,Paid Search,2024-05-19 00:00,Y,98.69
801817,3,Paid Search,2024-08-31 00:00,N,0
806834,3,Paid Search,2024-09-08 00:00,Y,118.19
803025,2,Paid Social,2024-11-16 00:00,N,0
807096,2,SEO,2024-10-10 00:00,Y,52.96
803622,1,Paid Social,2025-10-04 00:00,Y,41.66
804089,1,SEO,2025-04-21 00:00,Y,103.49
806203,1,SEO,2025-05-09 00:00,N,0
802875,1,Paid Search,2024-08-14 00:00,N,0
808160,1,Paid Social,2024-09-21 00:00,N,0
802245,2,Paid Search,2025-10-10 00:00,Y,148.84
802761,1,Paid Social,2025-09-27 00:00,N,0
802922,3,Paid Social,2025-10-06 00:00,Y,181.95
803241,5,Email,2025-05-28 00:00,Y,90.99
808498,4,SEO,2024-02-28 00:00,N,0
805342,2,Email,2024-12-28 00:00,N,0
807198,2,Email,2024-12-23 00:00,Y,75.77
808874,2,Email,2025-08-13 00:00,N,0
804283,3,SEO,2025-02-25 00:00,N,0
803959,2,Email,2025-08-30 00:00,Y,137.31
808331,3,Email,2025-03-02 00:00,N,0
805093,1,SEO,2024-07-14 00:00,Y,49.3
807565,1,Paid Social,2024-02-03 00:00,Y,159.02
806629,2,SEO,2024-11-10 00:00,N,0
804410,4,Paid Search,2025-05-17 00:00,Y,35.7
805076,4,Email,2025-07-03 00:00,Y,202.16
802446,3,Email,2025-01-29 00:00,N,0
805740,1,Paid Social,2024-08-03 00:00,N,0
807164,1,SEO,2025-02-12 00:00,Y,185.48
800534,1,Paid Search,2024-11-13 00:00,N,0
805261,1,Paid Search,2025-05-20 00:00,Y,64.9
803497,4,Paid Search,2024-03-07 00:00,Y,182.83
804930,2,Email,2025-03-03 00:00,Y,202.15
808168,3,SEO,2025-03-28 00:00,Y,116.81
805592,4,Paid Social,2024-11-16 00:00,Y,206.63
803612,2,SEO,2025-01-27 00:00,N,0
803167,2,Paid Social,2025-10-20 00:00,N,0
805672,4,Email,2024-02-16 00:00,Y,37.6
804424,2,Paid Search,2024-04-29 00:00,N,0
801013,4,Email,2024-11-28 00:00,N,0
802022,1,SEO,2024-09-24 00:00,N,0
803396,2,Paid Search,2024-02-24 00:00,N,0
804198,3,SEO,2024-12-12 00:00,N,0
806296,1,Email,2024-09-18 00:00,N,0
807591,1,SEO,2024-03-27 00:00,N,0
804270,4,Paid Social,2024-11-06 00:00,N,0
801207,2,SEO,2025-07-11 00:00,Y,196.48
806380,3,Paid Search,2025-09-28 00:00,N,0
801023,3,Paid Search,2025-09-06 00:00,N,0
803241,4,SEO,2025-05-15 00:00,Y,90.99
806974,3,Paid Search,2024-03-01 00:00,N,0
804746,3,Paid Search,2024-09-16 00:00,Y,128.23
805593,1,Paid Social,2025-05-07 00:00,N,0
806804,2,SEO,2025-01-01 00:00,Y,68.44
804866,4,SEO,2024-08-09 00:00,Y,146.95
803009,1,Email,2024-07-15 00:00,Y,148.61
806256,2,Paid Social,2024-06-16 00:00,N,0
804723,2,Paid Search,2025-06-20 00:00,Y,63.51
803044,1,SEO,2024-05-18 00:00,Y,210.06
800048,5,Email,2025-08-18 00:00,Y,42.85
804597,1,Paid Search,2024-07-19 00:00,Y,193.43
805810,3,Paid Social,2025-10-13 00:00,N,0
801938,3,SEO,2024-08-28 00:00,Y,217.5
800467,4,SEO,2024-06-12 00:00,N,0
802208,3,Paid Search,2024-01-21 00:00,Y,73.0
801332,4,Paid Social,2024-01-16 00:00,Y,126.42
805570,3,Paid Search,2025-01-24 00:00,Y,81.73
800729,3,Email,2024-03-21 00:00,Y,200.02
807579,2,SEO,2024-08-04 00:00,N,0
806125,1,Paid Social,2024-03-07 00:00,N,0
805861,3,SEO,2024-07-03 00:00,Y,43.75
803380,2,Paid Social,2025-06-19 00:00,Y,214.29
802826,1,SEO,2024-07-29 00:00,N,0
807078,5,Paid Social,2025-05-15 00:00,N,0
803193,3,SEO,2024-01-24 00:00,Y,110.93
804667,1,Paid Search,2025-07-28 00:00,Y,92.3
805950,1,SEO,2025-10-15 00:00,Y,171.84
802237,4,Paid Search,2024-05-25 00:00,Y,203.25
803799,3,Paid Social,2024-06-15 00:00,N,0
803136,3,Email,2024-05-03 00:00,Y,60.85
804243,2,Paid Search,2024-12-08 00:00,N,0
805447,2,Email,2025-06-03 00:00,N,0
800016,5,Email,2024-08-21 00:00,N,0
801255,2,Paid Social,2025-04-03 00:00,N,0
801267,2,SEO,2024-01-30 00:00,Y,177.94
805088,1,Paid Search,2024-04-25 00:00,Y,192.75
801561,1,SEO,2025-09-14 00:00,Y,73.12
808171,2,Email,2025-03-23 00:00,Y,217.33
807760,2,Paid Search,2024-08-26 00:00,Y,87.2
804615,2,Email,2025-08-03 00:00,Y,148.65
800700,2,Paid Social,2025-01-07 00:00,Y,169.54
801947,1,SEO,2024-08-08 00:00,N,0
808583,2,Paid Social,2024-05-29 00:00,Y,125.93
804340,1,Paid Social,2025-08-15 00:00,Y,40.28
800698,3,Email,2024-12-01 00:00,Y,145.63
807554,4,Paid Search,2025-10-26 00:00,N,0
802757,2,Paid Social,2024-09-28 00:00,N,0
808390,2,Email,2025-08-16 00:00,N,0
804334,1,SEO,2025-09-26 00:00,N,0
804446,1,Paid Search,2025-04-24 00:00,N,0
802398,1,Paid Social,2025-03-31 00:00,Y,141.91
800188,2,SEO,2024-12-14 00:00,Y,195.26
802268,2,SEO,2025-08-24 00:00,Y,52.81
801911,3,SEO,2025-03-07 00:00,Y,197.91
808525,1,Paid Social,2024-02-12 00:00,N,0
803846,2,Email,2024-03-18 00:00,Y,65.48
804005,3,Email,2024-04-21 00:00,Y,65.34
807064,3,Paid Social,2025-02-28 00:00,Y,183.05
805345,3,Email,2025-07-04 00:00,Y,167.72
808444,1,Paid Social,2025-02-11 00:00,Y,71.23
803987,3,Paid Social,2024-09-19 00:00,Y,173.38
801241,1,Paid Search,2025-07-15 00:00,N,0
801743,2,SEO,2025-05-23 00:00,Y,73.84
806955,2,Email,2024-09-22 00:00,N,0
800802,3,SEO,2024-03-26 00:00,Y,146.51
801272,2,Email,2025-03-16 00:00,N,0
805819,3,Paid Search,2025-07-20 00:00,Y,122.02
802366,1,SEO,2025-07-23 00:00,N,0
800294,2,Paid Search,2025-05-29 00:00,Y,138.11
800345,5,SEO,2024-06-12 00:00,Y,119.64
802631,2,Email,2025-06-23 00:00,Y,187.6
803565,2,Paid Search,2025-04-02 00:00,Y,176.28
805774,1,Paid Search,2025-09-28 00:00,N,0
804799,2,Paid Search,2025-09-17 00:00,N,0
800701,2,Paid Search,2024-05-01 00:00,Y,191.41
802607,5,SEO,2024-01-28 00:00,N,0
805684,2,SEO,2025-02-05 00:00,N,0
805517,3,Paid Search,2024-08-24 00:00,Y,67.72
801871,2,Paid Search,2024-11-24 00:00,Y,97.02
800646,3,Paid Search,2025-03-24 00:00,Y,40.62
805451,2,Paid Search,2024-02-21 00:00,Y,48.35
803082,1,SEO,2024-04-12 00:00,Y,66.86
800089,1,Paid Social,2024-09-28 00:00,Y,155.52
803508,2,Email,2024-03-06 00:00,Y,72.88
808509,2,Paid Search,2024-08-25 00:00,N,0
802664,3,Email,2025-06-18 00:00,N,0
804107,1,Email,2025-05-08 00:00,Y,52.95
807901,1,Paid Social,2025-10-03 00:00,N,0
800975,1,Paid Social,2025-06-26 00:00,Y,185.09
802264,2,Email,2024-04-08 00:00,Y,205.24
802078,1,SEO,2024-10-20 00:00,Y,167.18
800195,2,Paid Search,2024-09-25 00:00,Y,115.24
803493,1,Paid Search,2024-09-14 00:00,Y,162.18
801208,5,Paid Social,2024-11-09 00:00,N,0
807997,1,SEO,2025-01-18 00:00,Y,164.32
800967,3,Paid Social,2024-02-05 00:00,Y,51.29
801731,1,SEO,2024-02-16 00:00,Y,68.03
807543,4,Paid Search,2025-06-14 00:00,N,0
801721,2,Email,2025-04-05 00:00,Y,214.27
807658,1,SEO,2024-08-16 00:00,N,0
803515,2,SEO,2025-02-18 00:00,N,0
806900,3,Paid Search,2024-12-09 00:00,Y,91.87
808392,1,SEO,2024-01-14 00:00,N,0
805929,3,Paid Search,2025-05-10 00:00,Y,149.5
805468,2,Email,2025-04-06 00:00,Y,88.31
802582,3,Paid Search,2024-09-14 00:00,N,0
806729,3,Email,2025-03-19 00:00,Y,150.25
801101,5,Email,2024-09-29 00:00,N,0
802627,2,SEO,2024-10-20 00:00,Y,126.97
800651,3,Paid Social,2025-04-26 00:00,N,0
806045,3,Paid Social,2024-01-19 00:00,Y,38.84
802418,2,Paid Search,2024-01-22 00:00,Y,157.62
803098,1,SEO,2025-04-15 00:00,N,0
802664,4,Email,2025-06-18 00:00,N,0
806119,1,SEO,2025-05-22 00:00,Y,167.7
806587,2,Paid Search,2025-04-15 00:00,Y,195.45
807541,2,Paid Search,2024-05-20 00:00,Y,157.61
802566,4,SEO,2025-06-30 00:00,N,0
805631,2,Paid Search,2025-06-17 00:00,Y,184.29
806995,1,Paid Social,2025-01-22 00:00,Y,167.68
803261,1,Paid Social,2024-12-15 00:00,Y,146.64
807614,1,Paid Search,2024-02-20 00:00,Y,153.24
801781,2,Paid Social,2025-03-02 00:00,Y,134.36
804681,1,SEO,2024-05-03 00:00,Y,109.79
804373,1,Paid Social,2025-01-17 00:00,Y,175.96
807281,3,Paid Social,2024-11-13 00:00,Y,161.08
805595,2,Paid Search,2025-04-13 00:00,N,0
805345,1,Email,2025-06-28 00:00,Y,167.72
805035,2,Paid Social,2025-06-10 00:00,Y,114.21
805019,3,Email,2024-08-29 00:00,N,0
801630,1,Paid Social,2024-03-11 00:00,Y,205.14
804592,1,SEO,2025-09-20 00:00,N,0
808384,2,Email,2025-02-09 00:00,N,0
804175,1,Paid Social,2025-07-24 00:00,Y,82.33
807066,3,Email,2024-10-19 00:00,N,0
807115,2,SEO,2024-09-25 00:00,Y,148.2
807495,3,Email,2024-04-19 00:00,N,0
806528,1,SEO,2025-10-14 00:00,N,0
805019,5,Email,2024-08-31 00:00,N,0
801331,4,Email,2024-01-06 00:00,Y,145.91
805700,4,Email,2024-10-12 00:00,Y,134.24
804698,3,Email,2024-08-21 00:00,N,0
808380,3,Paid Search,2024-08-24 00:00,Y,93.76
806498,2,Paid Search,2024-11-12 00:00,Y,111.44
804249,4,SEO,2025-09-12 00:00,Y,56.6
803552,1,Email,2025-08-09 00:00,Y,106.15
804994,5,Email,2025-06-13 00:00,Y,202.07
802509,2,Email,2025-04-16 00:00,N,0
800739,2,Email,2025-09-19 00:00,Y,104.9
808674,1,SEO,2024-06-21 00:00,Y,39.1
807728,1,SEO,2025-06-25 00:00,N,0
806916,4,SEO,2025-09-24 00:00,Y,99.34
801023,2,Email,2025-09-04 00:00,N,0
802730,1,Email,2025-09-25 00:00,Y,129.15
806882,2,Email,2024-02-17 00:00,Y,74.35
804303,2,SEO,2025-04-02 00:00,Y,163.41
804553,3,Paid Social,2025-05-11 00:00,Y,73.09
800308,2,SEO,2024-09-15 00:00,N,0
806718,4,Paid Social,2024-09-11 00:00,Y,209.07
803816,2,SEO,2024-10-09 00:00,N,0
806751,1,Paid Social,2025-01-20 00:00,Y,39.31
801472,2,Email,2025-10-04 00:00,N,0
800548,1,Paid Social,2025-01-21 00:00,Y,103.52
806516,3,Email,2025-08-10 00:00,Y,81.33
803400,4,Paid Search,2025-02-27 00:00,Y,196.35
800749,1,Paid Search,2025-10-17 00:00,N,0
801407,1,Paid Social,2025-09-10 00:00,N,0
807215,1,SEO,2024-06-13 00:00,N,0
803943,5,SEO,2024-06-02 00:00,Y,164.71
805411,1,SEO,2024-11-23 00:00,Y,40.02
800399,3,Paid Search,2025-01-07 00:00,Y,185.39
800985,1,Email,2024-06-10 00:00,N,0
801856,3,Email,2024-06-17 00:00,Y,167.32
802180,1,SEO,2024-05-06 00:00,N,0
807865,3,Paid Search,2024-06-08 00:00,Y,140.36
806708,1,SEO,2024-07-04 00:00,Y,150.66
800361,1,SEO,2024-04-25 00:00,N,0
808666,1,SEO,2024-02-24 00:00,Y,39.81
803284,3,Paid Search,2024-04-05 00:00,Y,200.81
800162,2,SEO,2024-07-20 00:00,N,0
800567,3,Email,2025-01-29 00:00,Y,169.55
807612,1,SEO,2024-07-11 00:00,N,0
808628,1,Paid Social,2025-10-11 00:00,N,0
800979,3,Paid Social,2024-08-20 00:00,Y,141.13
801828,5,Paid Social,2024-03-11 00:00,Y,42.47
807544,1,Paid Social,2025-05-11 00:00,Y,100.88
808788,2,SEO,2025-09-07 00:00,Y,94.94
805493,4,Paid Search,2025-04-09 00:00,N,0
801646,2,SEO,2025-04-06 00:00,Y,219.29
800303,1,Paid Social,2024-05-03 00:00,Y,105.35
800895,3,SEO,2024-01-22 00:00,Y,204.62
807245,2,SEO,2025-05-03 00:00,Y,75.11
802252,2,Email,2024-07-04 00:00,Y,132.91
801996,3,SEO,2024-08-16 00:00,N,0
801211,3,Email,2025-07-12 00:00,N,0
804663,2,Paid Search,2024-06-29 00:00,Y,138.28
805225,2,Paid Social,2025-04-21 00:00,N,0
806580,2,Email,2024-06-06 00:00,N,0
802423,2,Email,2024-10-13 00:00,Y,163.75
803216,1,Paid Search,2024-12-27 00:00,Y,160.4
801337,1,Paid Search,2024-05-22 00:00,N,0
804739,2,Paid Search,2024-09-07 00:00,Y,209.75
803042,3,Paid Search,2024-04-05 00:00,Y,76.51
808622,3,SEO,2025-05-30 00:00,N,0
807336,4,Paid Social,2024-12-20 00:00,Y,41.9
802418,1,SEO,2024-01-20 00:00,Y,157.62
801642,4,Email,2024-11-18 00:00,Y,205.25
800400,1,SEO,2025-04-16 00:00,Y,119.4
801225,3,Email,2024-03-23 00:00,N,0
807400,2,Paid Search,2025-06-10 00:00,Y,136.76
805809,3,Paid Social,2025-08-07 00:00,Y,136.01
806377,1,Paid Search,2025-03-18 00:00,N,0
807571,1,Email,2024-06-14 00:00,Y,92.07
808203,1,Paid Social,2025-04-16 00:00,Y,100.04
801872,1,Paid Search,2024-01-24 00:00,Y,167.62
805551,1,SEO,2025-05-02 00:00,Y,199.81
803697,1,SEO,2025-05-16 00:00,N,0
808138,4,Email,2025-04-11 00:00,N,0
808152,1,Paid Social,2025-08-23 00:00,Y,78.15
802108,4,Email,2025-06-30 00:00,N,0
803246,2,SEO,2024-09-04 00:00,Y,130.68
803652,3,Email,2025-09-28 00:00,N,0
806770,3,Paid Social,2024-04-11 00:00,Y,174.77
806228,1,Paid Social,2025-05-09 00:00,N,0
804841,3,Paid Search,2024-12-27 00:00,Y,212.74
801797,3,Paid Search,2025-02-25 00:00,N,0
803384,4,Paid Search,2025-05-30 00:00,Y,40.89
807380,1,SEO,2024-11-03 00:00,Y,69.41
807955,2,Paid Search,2024-11-19 00:00,Y,179.91
806631,5,Paid Search,2024-03-14 00:00,Y,42.28
800123,1,SEO,2024-11-10 00:00,Y,128.37
805741,2,SEO,2024-02-12 00:00,Y,83.23
802121,1,SEO,2025-08-11 00:00,N,0
805439,2,Email,2025-05-29 00:00,N,0
807114,1,Paid Search,2024-04-22 00:00,Y,76.32
806676,5,Paid Social,2024-11-04 00:00,N,0
800331,1,Email,2024-07-27 00:00,Y,182.66
807864,2,SEO,2025-02-16 00:00,N,0
800698,4,Paid Search,2024-11-29 00:00,Y,145.63
800779,5,Email,2025-05-04 00:00,Y,132.46
805505,1,SEO,2025-09-16 00:00,N,0
806386,2,Paid Social,2024-12-26 00:00,N,0
807071,4,Email,2025-07-20 00:00,N,0
800021,1,SEO,2024-06-10 00:00,N,0
802186,3,Email,2024-06-07 00:00,Y,169.67
804328,1,Paid Search,2024-12-19 00:00,N,0
806666,1,Paid Social,2025-01-27 00:00,N,0
805955,1,Paid Social,2024-02-19 00:00,N,0
804611,1,Paid Social,2025-06-15 00:00,Y,98.7
807054,2,Email,2025-06-13 00:00,N,0
801635,1,Email,2025-02-20 00:00,N,0
801322,1,Paid Search,2025-03-24 00:00,Y,140.06
807826,2,Paid Search,2024-05-18 00:00,Y,96.4
802131,1,Paid Social,2025-01-07 00:00,Y,99.64
806231,2,SEO,2025-04-17 00:00,Y,82.06
805350,3,Email,2024-02-28 00:00,Y,119.04
804495,3,Paid Search,2024-03-29 00:00,N,0
804020,1,SEO,2024-04-05 00:00,N,0
806127,4,Paid Search,2024-09-18 00:00,Y,165.97
805458,1,Email,2024-11-04 00:00,N,0
801674,3,Email,2024-05-09 00:00,Y,89.21
808696,4,Paid Search,2024-08-17 00:00,Y,103.21
805419,3,SEO,2025-08-17 00:00,N,0
807858,2,Email,2024-02-11 00:00,Y,111.61
805611,4,Paid Search,2024-10-05 00:00,N,0
803234,3,Paid Search,2024-05-31 00:00,N,0
801396,2,Email,2024-10-17 00:00,N,0
808411,1,SEO,2025-09-24 00:00,Y,97.72
801490,5,Email,2024-06-28 00:00,Y,159.24
804585,2,Paid Social,2025-09-24 00:00,Y,207.69
804571,3,Paid Search,2024-11-10 00:00,N,0
801556,1,Paid Social,2025-02-15 00:00,N,0
805343,1,SEO,2024-06-09 00:00,N,0
806074,1,SEO,2025-03-16 00:00,N,0
807767,1,Paid Social,2025-05-01 00:00,Y,128.29
804108,3,Paid Social,2025-08-06 00:00,Y,44.08
808162,4,Email,2024-02-04 00:00,Y,216.13
801487,3,SEO,2025-05-14 00:00,Y,39.45
806805,3,Paid Search,2025-06-14 00:00,Y,113.87
808688,3,Paid Social,2024-08-13 00:00,Y,211.69
805123,3,SEO,2024-12-16 00:00,Y,217.37
806440,2,SEO,2025-10-02 00:00,Y,38.21
803884,2,Paid Search,2025-09-29 00:00,Y,58.09
800064,1,SEO,2024-12-03 00:00,N,0
801475,5,SEO,2025-07-16 00:00,N,0
806568,1,SEO,2024-11-21 00:00,Y,107.8
802905,1,Paid Social,2025-03-01 00:00,Y,124.25
807191,2,Paid Social,2025-03-21 00:00,Y,111.99
808780,1,Paid Search,2024-04-24 00:00,N,0
805209,4,Email,2024-07-25 00:00,Y,210.01
806742,3,Paid Search,2025-04-11 00:00,Y,163.52
801942,3,Paid Search,2024-09-30 00:00,Y,140.54
808037,3,Email,2024-07-26 00:00,N,0
802833,3,Email,2025-09-17 00:00,N,0
805674,3,Email,2025-01-09 00:00,N,0
801055,1,Paid Social,2024-09-06 00:00,Y,38.75
807330,3,SEO,2025-06-24 00:00,N,0
800752,2,Paid Social,2024-12-28 00:00,Y,51.08
807685,1,Paid Search,2024-03-24 00:00,Y,60.54
808478,3,Email,2024-03-11 00:00,N,0
804267,3,Paid Search,2024-12-16 00:00,Y,204.31
800117,4,SEO,2024-08-07 00:00,N,0
807651,1,Paid Social,2024-03-29 00:00,Y,67.27
800287,2,Email,2024-06-30 00:00,Y,146.85
804278,1,SEO,2024-08-02 00:00,Y,176.29
806639,4,Paid Social,2024-03-12 00:00,Y,179.11
807412,1,Paid Search,2025-01-15 00:00,Y,159.54
807424,3,SEO,2024-03-21 00:00,N,0
803960,3,Email,2025-09-16 00:00,Y,143.46
803072,2,Email,2025-01-06 00:00,N,0
807729,2,SEO,2025-04-03 00:00,Y,69.95
804795,1,Paid Search,2025-05-30 00:00,Y,76.19
808815,2,Email,2024-06-10 00:00,N,0
800649,4,Email,2024-10-15 00:00,N,0
800698,2,Email,2024-11-26 00:00,Y,145.63
806607,2,Paid Social,2024-10-06 00:00,N,0
802926,5,Paid Search,2024-03-13 00:00,N,0
804477,1,SEO,2024-02-16 00:00,N,0
805966,2,SEO,2025-10-17 00:00,Y,99.23
806187,1,Paid Search,2024-08-31 00:00,Y,44.87
808592,1,SEO,2024-05-15 00:00,Y,141.5
805029,2,SEO,2024-05-13 00:00,Y,215.44
801339,2,Email,2025-03-04 00:00,Y,38.85
802921,3,Email,2025-01-04 00:00,Y,210.1
802499,1,SEO,2024-05-15 00:00,Y,95.93
806460,2,Paid Social,2024-12-10 00:00,Y,104.67
800992,1,SEO,2024-05-16 00:00,Y,42.01
803273,1,Paid Search,2025-06-27 00:00,Y,141.64
805922,1,Paid Search,2024-06-22 00:00,N,0
804520,3,Paid Search,2025-06-25 00:00,Y,51.37
806417,2,Paid Social,2025-08-26 00:00,Y,137.35
801783,1,Paid Social,2024-12-07 00:00,Y,52.22
803652,1,SEO,2025-09-26 00:00,N,0
807615,3,Paid Social,2025-01-11 00:00,N,0
803648,4,Paid Search,2024-06-04 00:00,N,0
802231,3,Paid Social,2024-02-25 00:00,Y,201.88
801428,2,Paid Social,2025-01-13 00:00,Y,125.54
807484,1,Paid Social,2024-11-20 00:00,Y,214.67
802032,1,Paid Search,2024-10-08 00:00,Y,38.62
801380,1,SEO,2024-06-27 00:00,N,0
804553,1,Paid Social,2025-05-03 00:00,Y,73.09
808230,4,SEO,2025-06-18 00:00,N,0
801771,1,Paid Search,2024-05-08 00:00,Y,176.56
804948,2,Paid Social,2024-08-06 00:00,Y,180.78
804730,3,Paid Search,2025-01-20 00:00,Y,85.88
800573,3,Paid Search,2025-07-25 00:00,Y,87.34
804055,1,Email,2024-04-04 00:00,Y,45.33
805335,2,SEO,2024-11-14 00:00,Y,38.24
801619,2,Paid Search,2024-11-01 00:00,Y,166.53
801630,2,Email,2024-03-14 00:00,Y,205.14
805768,1,Paid Search,2024-05-07 00:00,N,0
804855,4,Email,2025-06-14 00:00,Y,187.54
807504,2,Paid Social,2024-07-07 00:00,N,0
806686,2,Paid Search,2024-08-29 00:00,Y,175.83
808416,2,Paid Social,2025-04-25 00:00,N,0
801523,3,SEO,2025-02-14 00:00,Y,39.75
808845,1,Email,2024-11-29 00:00,Y,190.1
800711,2,Paid Search,2025-10-15 00:00,Y,122.41
808131,2,Paid Social,2024-03-29 00:00,Y,44.22
802995,2,SEO,2024-08-09 00:00,Y,203.96
801723,1,Paid Social,2024-12-29 00:00,N,0
808433,1,SEO,2024-02-15 00:00,Y,107.72
801240,2,Paid Social,2025-06-02 00:00,Y,85.33
802320,1,SEO,2024-06-02 00:00,N,0
808361,3,Paid Search,2025-10-03 00:00,N,0
806391,1,Paid Social,2024-07-27 00:00,Y,94.72
802317,4,Paid Search,2024-10-25 00:00,Y,171.78
800431,5,Paid Search,2025-08-19 00:00,Y,213.35
807294,4,Email,2024-01-26 00:00,Y,181.65
808854,3,Paid Social,2024-11-28 00:00,N,0
800425,1,Paid Search,2025-04-25 00:00,N,0
804420,2,Paid Search,2025-01-05 00:00,Y,169.4
802762,3,Paid Search,2025-02-01 00:00,Y,194.42
806900,4,Email,2024-12-08 00:00,Y,91.87
801558,1,SEO,2024-08-12 00:00,N,0
802065,1,SEO,2024-01-02 00:00,Y,153.27
802123,2,Email,2024-10-26 00:00,Y,201.17
808764,1,SEO,2025-08-30 00:00,Y,103.46
804398,4,Email,2025-04-29 00:00,N,0
800383,1,Paid Social,2025-09-05 00:00,N,0
803552,4,Paid Search,2025-08-12 00:00,Y,106.15
806430,1,SEO,2024-09-02 00:00,N,0
808726,3,Paid Search,2024-10-30 00:00,Y,77.72
805117,1,Email,2025-05-03 00:00,Y,107.8
808309,4,Paid Social,2024-02-10 00:00,Y,69.32
801540,2,Paid Search,2024-08-28 00:00,Y,202.23
803154,2,Email,2025-09-12 00:00,Y,85.03
802044,3,Paid Social,2024-06-15 00:00,Y,85.16
805372,4,SEO,2024-11-20 00:00,Y,108.76
805822,3,Paid Social,2025-05-30 00:00,N,0
808986,3,Paid Search,2024-03-01 00:00,N,0
803599,2,Email,2024-10-03 00:00,Y,141.68
805766,2,Paid Social,2025-06-28 00:00,Y,124.93
803304,2,SEO,2024-01-26 00:00,Y,96.38
806619,2,SEO,2025-06-16 00:00,Y,126.04
808197,2,Paid Search,2025-10-01 00:00,N,0
801595,2,Email,2025-07-14 00:00,Y,136.52
804829,2,Paid Search,2025-07-26 00:00,N,0
801966,1,Paid Social,2024-03-31 00:00,N,0
804956,2,Email,2024-02-09 00:00,N,0
806391,5,Paid Search,2024-08-12 00:00,Y,94.72
800990,1,Paid Social,2025-09-12 00:00,Y,72.52
801744,2,Email,2025-09-03 00:00,Y,215.37
806456,1,Paid Search,2024-04-15 00:00,Y,134.65
804944,1,SEO,2024-12-07 00:00,Y,111.22
806878,3,Paid Search,2025-05-31 00:00,Y,214.02
803524,2,Paid Search,2024-03-01 00:00,Y,59.9
806955,5,Paid Search,2024-09-25 00:00,N,0
806980,3,Email,2025-01-21 00:00,Y,197.09
808977,1,Email,2024-06-22 00:00,N,0
800914,2,Paid Search,2025-05-10 00:00,Y,40.66
806969,1,Paid Search,2025-08-30 00:00,Y,126.27
803417,3,Paid Search,2024-08-16 00:00,N,0
805005,2,SEO,2024-05-02 00:00,Y,137.56
801096,2,Paid Search,2024-03-13 00:00,Y,210.07
808104,2,Paid Social,2025-06-14 00:00,N,0
801394,1,Paid Search,2025-07-04 00:00,Y,90.08
806050,2,Paid Social,2024-03-18 00:00,Y,152.17
803302,3,SEO,2025-09-06 00:00,N,0
807012,1,SEO,2025-05-31 00:00,N,0
807924,2,SEO,2024-06-14 00:00,Y,56.07
800826,2,Email,2025-05-14 00:00,Y,179.55
808217,1,SEO,2025-06-07 00:00,N,0
808077,4,Email,2025-05-20 00:00,N,0
805255,4,Paid Social,2024-11-20 00:00,Y,148.32
800674,4,Paid Search,2025-06-16 00:00,N,0
805198,1,Paid Search,2024-06-09 00:00,Y,154.01
803541,1,SEO,2024-03-30 00:00,Y,57.87
803016,1,Paid Social,2024-10-01 00:00,N,0
807446,2,Email,2025-06-05 00:00,N,0
802849,1,Email,2024-06-27 00:00,N,0
805829,1,Email,2024-07-30 00:00,Y,126.14
807626,2,Email,2024-06-11 00:00,Y,149.26
808789,4,Email,2025-10-16 00:00,N,0
801500,1,Paid Social,2025-03-04 00:00,Y,38.72
807659,3,Paid Search,2025-09-28 00:00,Y,114.11
805461,3,Paid Search,2025-08-28 00:00,Y,95.5
807589,3,Paid Social,2024-11-26 00:00,N,0
800965,2,SEO,2024-12-11 00:00,N,0
806453,2,Paid Search,2024-01-28 00:00,Y,130.82
802464,2,SEO,2025-07-11 00:00,N,0
800218,4,Email,2024-12-08 00:00,Y,128.25
806832,5,Email,2024-09-30 00:00,Y,133.52
805722,2,Email,2025-09-20 00:00,N,0
801590,2,Paid Search,2025-04-21 00:00,Y,127.81
801619,1,Paid Social,2024-10-29 00:00,Y,166.53
806290,5,Paid Social,2025-07-03 00:00,Y,218.88
808838,5,Paid Search,2024-09-11 00:00,Y,195.28
807309,1,SEO,2025-07-08 00:00,N,0
808558,3,Paid Social,2024-11-18 00:00,N,0
804649,2,SEO,2025-06-06 00:00,N,0
803586,3,Email,2025-02-19 00:00,N,0
801087,5,Paid Social,2025-03-10 00:00,Y,198.25
804178,4,SEO,2024-02-18 00:00,Y,102.43
807829,1,Paid Social,2025-04-06 00:00,Y,74.23
802500,5,Email,2024-04-27 00:00,Y,169.57
804354,1,SEO,2024-03-25 00:00,Y,123.4
801943,1,Paid Social,2025-02-06 00:00,Y,120.9
800543,1,Paid Social,2024-04-08 00:00,Y,67.75
804248,1,Paid Search,2024-06-18 00:00,Y,163.19
803547,3,Paid Search,2025-06-12 00:00,Y,179.92
803982,1,SEO,2024-08-11 00:00,Y,62.18
802913,3,Email,2024-08-30 00:00,Y,187.7
803819,2,Paid Search,2025-01-19 00:00,N,0
801657,1,SEO,2024-08-16 00:00,Y,183.46
808401,3,Email,2024-05-03 00:00,Y,54.3
805757,2,Paid Social,2025-05-24 00:00,Y,139.09
805906,1,Paid Social,2024-04-18 00:00,Y,212.69
805583,2,Paid Social,2025-08-03 00:00,N,0
804604,5,Email,2024-06-11 00:00,N,0
805733,2,SEO,2024-11-17 00:00,Y,154.49
803456,2,Email,2024-02-08 00:00,Y,202.26
805229,1,SEO,2025-05-02 00:00,Y,162.42
802798,2,Paid Search,2025-02-07 00:00,N,0
807737,5,Paid Social,2024-12-26 00:00,Y,62.94
801898,2,SEO,2024-08-05 00:00,Y,143.37
805111,2,Email,2024-11-05 00:00,N,0
807649,1,SEO,2024-10-11 00:00,Y,114.44
800027,1,Paid Search,2024-09-19 00:00,Y,143.86
804675,2,Paid Search,2025-10-12 00:00,N,0
808277,1,Email,2024-03-08 00:00,N,0
801068,1,SEO,2024-11-05 00:00,N,0
800863,3,SEO,2024-04-03 00:00,N,0
801487,4,Paid Search,2025-05-13 00:00,Y,39.45
806701,1,Paid Social,2025-03-08 00:00,Y,127.95
807698,1,Email,2025-01-23 00:00,Y,96.47
800519,2,SEO,2025-02-21 00:00,N,0
800609,3,Email,2024-12-24 00:00,Y,168.96
804008,1,Email,2025-01-02 00:00,Y,70.6
807791,1,SEO,2025-06-26 00:00,Y,210.82
805261,4,Paid Social,2025-05-23 00:00,Y,64.9
808770,1,Paid Social,2025-07-31 00:00,Y,177.84
808498,2,SEO,2024-02-24 00:00,N,0
803815,3,Paid Search,2024-08-30 00:00,Y,143.26
806679,5,Paid Social,2024-11-24 00:00,Y,83.06
800024,1,Paid Search,2025-02-01 00:00,Y,91.45
806507,3,Paid Search,2024-03-23 00:00,N,0
806212,4,Paid Search,2024-06-20 00:00,N,0
803095,4,SEO,2025-08-05 00:00,Y,112.25
803717,1,Paid Social,2024-07-10 00:00,Y,127.42
806961,3,Paid Social,2024-07-07 00:00,Y,200.42
805825,1,SEO,2024-12-15 00:00,Y,139.59
802560,1,Paid Social,2024-10-20 00:00,N,0
803414,1,Email,2024-03-07 00:00,Y,201.43
804205,3,Email,2025-03-22 00:00,Y,63.97
802660,1,Paid Social,2025-01-13 00:00,Y,160.92
806921,4,SEO,2024-07-30 00:00,N,0
803104,1,Paid Social,2025-10-15 00:00,Y,165.09
800868,1,Paid Search,2025-02-05 00:00,Y,81.16
806772,2,Paid Search,2025-04-11 00:00,Y,149.93
800244,1,SEO,2024-02-28 00:00,Y,194.55
805470,1,Email,2024-10-23 00:00,Y,145.11
802118,1,Paid Search,2024-04-20 00:00,Y,51.19
801042,3,Paid Search,2024-09-15 00:00,Y,174.72
804391,3,Email,2024-06-06 00:00,N,0
807851,1,SEO,2024-06-16 00:00,N,0
802827,1,Paid Social,2025-07-22 00:00,N,0
801384,1,SEO,2025-03-25 00:00,Y,100.11
806303,2,SEO,2025-09-02 00:00,Y,123.28
807125,1,Paid Social,2024-05-25 00:00,N,0
808462,5,SEO,2025-02-05 00:00,Y,127.93
806103,2,Paid Search,2024-08-23 00:00,Y,66.85
804877,3,Email,2025-01-23 00:00,Y,144.69
807492,2,Paid Social,2025-03-29 00:00,Y,210.96
800902,2,Paid Social,2024-04-11 00:00,Y,45.73
802984,1,Paid Social,2024-07-23 00:00,N,0
803591,2,SEO,2024-03-30 00:00,N,0
806244,2,SEO,2024-08-04 00:00,Y,35.28
800512,2,SEO,2024-07-14 00:00,N,0
802431,2,Paid Search,2025-02-11 00:00,Y,174.91
806948,2,Email,2025-09-08 00:00,Y,102.15
806789,1,Email,2025-10-02 00:00,Y,200.5
804035,1,SEO,2025-08-26 00:00,N,0
808147,2,SEO,2024-06-22 00:00,Y,126.16
808925,2,Paid Social,2025-01-06 00:00,N,0
803049,1,SEO,2025-08-18 00:00,Y,205.49
802971,3,Paid Search,2024-12-05 00:00,N,0
801213,4,Paid Search,2024-02-17 00:00,Y,182.39
808664,3,Paid Search,2024-10-06 00:00,N,0
806234,2,Paid Search,2024-08-23 00:00,Y,58.56
801132,2,Paid Search,2024-05-04 00:00,N,0
804422,1,Email,2024-05-05 00:00,N,0
803593,2,Paid Social,2025-10-20 00:00,Y,121.69
802436,2,Email,2024-11-27 00:00,Y,117.28
805822,2,SEO,2025-05-24 00:00,N,0
806600,2,Email,2024-09-22 00:00,Y,65.63
805484,1,Paid Social,2024-05-27 00:00,Y,102.68
802399,2,Paid Search,2025-04-04 00:00,Y,202.17
800489,2,Email,2025-08-16 00:00,Y,139.0
804514,1,Paid Social,2024-11-25 00:00,N,0
808176,3,Paid Search,2024-12-21 00:00,Y,172.05
806745,1,Paid Social,2025-09-30 00:00,N,0
805704,3,Email,2025-01-14 00:00,Y,213.18
805534,4,Email,2025-02-20 00:00,Y,53.56
801905,5,Email,2025-01-18 00:00,N,0
804861,3,Email,2024-08-31 00:00,N,0
805572,3,Email,2025-08-14 00:00,Y,110.18
800938,1,Paid Search,2024-06-15 00:00,Y,162.97
806223,1,Email,2024-10-05 00:00,N,0
803280,1,SEO,2024-09-10 00:00,Y,198.58
801592,1,SEO,2024-06-21 00:00,Y,57.32
804742,3,Paid Search,2024-07-29 00:00,Y,48.98
801456,1,Paid Social,2024-04-07 00:00,Y,82.07
805592,1,Paid Social,2024-11-07 00:00,Y,206.63
802377,4,Paid Search,2024-07-22 00:00,N,0
806107,2,SEO,2025-01-06 00:00,N,0
807788,1,Email,2025-04-20 00:00,N,0
802462,1,Paid Social,2024-03-11 00:00,Y,87.77
805018,2,Email,2024-04-10 00:00,Y,159.0
806914,1,Paid Social,2025-09-21 00:00,Y,69.67
807860,5,Paid Search,2024-09-07 00:00,N,0
803084,1,SEO,2024-12-19 00:00,N,0
803656,1,SEO,2025-04-07 00:00,Y,207.56
807352,2,SEO,2025-05-09 00:00,Y,170.3
808997,1,SEO,2025-05-17 00:00,N,0
805616,1,Paid Search,2024-10-23 00:00,N,0
801481,2,Email,2024-08-11 00:00,N,0
801980,1,Paid Social,2024-03-19 00:00,N,0
801522,1,Paid Social,2024-09-25 00:00,Y,114.15
801700,1,SEO,2025-05-17 00:00,Y,104.0
806877,1,Email,2025-06-15 00:00,Y,180.93
806328,2,Email,2024-12-01 00:00,Y,135.38
803254,4,Email,2025-02-12 00:00,N,0
808410,3,Paid Search,2024-06-21 00:00,Y,158.28
807433,3,Email,2024-11-22 00:00,Y,71.98
801258,5,Email,2025-08-08 00:00,Y,72.46
803895,1,Paid Social,2025-06-26 00:00,Y,219.1
807633,2,Paid Social,2024-09-11 00:00,Y,39.44
805950,2,Email,2025-10-17 00:00,Y,171.84
801532,1,Paid Social,2025-08-24 00:00,Y,192.02
805770,3,Email,2025-09-07 00:00,Y,83.02
804134,2,Email,2024-12-25 00:00,Y,90.77
805837,2,Email,2024-09-11 00:00,N,0
805063,1,Paid Social,2024-04-26 00:00,Y,75.73
803280,4,Paid Social,2024-09-19 00:00,Y,198.58
804347,1,SEO,2025-01-10 00:00,Y,94.55
802497,2,Paid Search,2025-06-16 00:00,Y,88.8
802972,3,Email,2025-01-11 00:00,Y,88.53
804118,4,Email,2024-10-05 00:00,Y,207.39
803111,2,Paid Search,2025-10-06 00:00,Y,110.4
801530,4,Email,2025-06-19 00:00,N,0
805062,1,SEO,2025-02-20 00:00,Y,64.85
808126,5,Paid Search,2024-08-27 00:00,Y,115.66
802757,5,Paid Social,2024-10-08 00:00,N,0
805837,1,Paid Search,2024-09-10 00:00,N,0
800378,1,Paid Search,2024-06-13 00:00,Y,113.12
801898,4,Paid Social,2024-08-04 00:00,Y,143.37
804671,5,Paid Search,2024-02-10 00:00,N,0
803384,5,Email,2025-06-06 00:00,Y,40.89
801622,1,Email,2025-01-03 00:00,N,0
808927,4,Paid Search,2025-05-21 00:00,N,0
808264,2,Paid Social,2024-09-09 00:00,Y,77.38
804410,1,Paid Search,2025-05-11 00:00,Y,35.7
803362,1,Paid Search,2025-01-03 00:00,Y,54.51
808889,1,Paid Social,2024-06-19 00:00,N,0
806090,2,Email,2025-04-16 00:00,Y,145.52
804870,1,Paid Social,2024-08-23 00:00,Y,87.19
803766,2,SEO,2024-05-07 00:00,Y,45.61
804921,2,Email,2024-12-28 00:00,N,0
803697,3,SEO,2025-05-22 00:00,N,0
800925,4,Paid Search,2024-01-11 00:00,Y,127.34
804408,1,SEO,2024-05-08 00:00,N,0
802904,3,SEO,2025-08-24 00:00,Y,93.64
808333,1,SEO,2024-04-25 00:00,Y,60.27
802227,4,Paid Search,2024-04-11 00:00,Y,196.17
805651,2,Paid Search,2025-04-04 00:00,Y,75.01
801515,2,Email,2024-07-22 00:00,Y,38.72
801773,3,SEO,2024-06-17 00:00,N,0
801265,2,Email,2024-03-10 00:00,Y,67.78
806735,2,Email,2025-03-14 00:00,Y,138.57
807670,2,Paid Social,2025-08-30 00:00,Y,88.35
803927,4,Email,2024-09-08 00:00,N,0
808055,1,Email,2025-08-24 00:00,N,0
808038,2,Paid Search,2024-08-17 00:00,Y,107.82
806395,2,Paid Search,2025-02-15 00:00,N,0
806392,1,Email,2024-10-18 00:00,Y,188.93
801276,3,Paid Social,2024-09-22 00:00,N,0
805180,5,Email,2025-04-08 00:00,N,0
804112,4,Paid Social,2024-07-08 00:00,N,0
806909,1,SEO,2025-05-03 00:00,Y,177.25
807656,3,Email,2024-10-31 00:00,N,0
802059,1,Email,2024-08-01 00:00,N,0
801768,2,Paid Search,2025-02-12 00:00,Y,138.48
805316,3,Email,2024-10-16 00:00,Y,216.47
803528,2,Paid Search,2025-02-18 00:00,Y,59.26
806531,2,Email,2024-01-13 00:00,Y,206.77
805083,1,Paid Search,2024-09-23 00:00,Y,148.29
801749,2,Paid Social,2025-05-06 00:00,N,0
801966,2,SEO,2024-04-01 00:00,N,0
805272,2,Paid Social,2025-02-03 00:00,Y,89.03
805939,1,Paid Search,2024-03-18 00:00,Y,190.39
805676,1,SEO,2024-01-28 00:00,Y,166.79
803368,1,Email,2025-08-29 00:00,Y,62.16
800934,3,Paid Search,2024-09-11 00:00,N,0
805528,2,Paid Search,2025-02-11 00:00,Y,43.78
804590,1,SEO,2024-08-21 00:00,Y,39.03
803038,4,SEO,2024-07-28 00:00,Y,182.85
808351,2,Paid Social,2024-11-20 00:00,Y,147.03
804198,2,Email,2024-12-05 00:00,N,0
803624,2,Paid Social,2024-11-18 00:00,Y,140.75
803540,3,Email,2025-09-23 00:00,Y,81.83
808085,1,Paid Search,2025-05-11 00:00,Y,141.3
804712,4,Paid Social,2024-12-29 00:00,N,0
801206,2,Paid Social,2025-03-31 00:00,N,0
805595,1,SEO,2025-04-11 00:00,N,0
804571,1,SEO,2024-11-06 00:00,N,0
805610,1,Paid Social,2025-04-04 00:00,Y,170.51
801773,1,Paid Social,2024-06-15 00:00,N,0
808711,1,Paid Social,2024-12-06 00:00,Y,113.69
804034,3,Paid Social,2024-12-02 00:00,Y,141.28
805833,1,Email,2025-05-25 00:00,Y,174.34
805969,1,Paid Social,2025-06-28 00:00,N,0
802488,2,Email,2024-02-29 00:00,Y,128.29
806288,3,Paid Social,2025-05-25 00:00,N,0
800270,1,SEO,2024-06-25 00:00,Y,82.92
806819,1,Paid Search,2025-02-24 00:00,N,0
801759,2,Paid Social,2025-03-09 00:00,Y,155.66
804512,3,SEO,2025-07-16 00:00,Y,146.17
807082,2,SEO,2025-06-28 00:00,Y,197.0
801005,3,Paid Social,2025-07-02 00:00,Y,100.61
807024,2,Paid Search,2024-05-19 00:00,N,0
805502,3,Email,2025-08-11 00:00,Y,211.69
807445,1,Paid Social,2025-10-12 00:00,N,0
802253,2,SEO,2024-09-22 00:00,N,0
807598,2,Email,2025-10-07 00:00,N,0
803894,2,Paid Social,2025-03-17 00:00,Y,202.57
808201,3,Email,2024-04-08 00:00,N,0
804126,4,SEO,2025-04-10 00:00,N,0
808495,1,Paid Social,2025-03-14 00:00,N,0
805942,3,Paid Social,2025-08-23 00:00,Y,198.66
800636,1,SEO,2025-01-01 00:00,N,0
806268,1,SEO,2024-12-20 00:00,Y,178.71
807408,2,Email,2024-10-19 00:00,Y,77.2
808690,4,SEO,2024-12-28 00:00,Y,164.96
801298,3,Email,2025-04-01 00:00,N,0
807820,1,Paid Search,2024-06-04 00:00,N,0
801573,4,Paid Search,2025-04-19 00:00,Y,154.75
808431,1,Paid Social,2024-04-26 00:00,Y,83.53
807466,2,Paid Search,2025-10-01 00:00,Y,132.43
800540,2,SEO,2024-08-16 00:00,Y,171.32
804413,3,Paid Social,2024-02-25 00:00,N,0
805731,3,Paid Social,2025-02-09 00:00,Y,97.38
803327,1,SEO,2025-03-15 00:00,Y,95.33
807720,1,Paid Search,2025-02-12 00:00,Y,62.95
808170,1,SEO,2025-05-28 00:00,Y,77.51
801176,1,Paid Social,2024-11-08 00:00,Y,86.79
803658,4,Paid Social,2025-03-18 00:00,Y,138.73
807861,3,Email,2025-10-16 00:00,N,0
802345,2,Paid Social,2024-07-17 00:00,N,0
804302,2,SEO,2025-01-19 00:00,Y,186.54
801631,2,Paid Social,2024-12-07 00:00,Y,123.22
808001,3,SEO,2024-09-27 00:00,Y,100.0
806360,1,SEO,2024-03-22 00:00,Y,121.07
807339,3,Paid Social,2024-07-25 00:00,Y,162.64
804311,2,SEO,2024-01-07 00:00,Y,71.19
802215,1,Paid Social,2025-04-24 00:00,N,0
808662,1,Paid Search,2024-08-16 00:00,N,0
802393,1,Paid Social,2024-10-26 00:00,N,0
802477,2,Paid Social,2024-05-08 00:00,N,0
802613,2,Paid Search,2024-09-28 00:00,Y,70.5
808003,2,Paid Search,2025-01-06 00:00,Y,155.76
802509,1,SEO,2025-04-14 00:00,N,0
800627,2,Email,2024-05-05 00:00,Y,159.31
801206,4,Email,2025-03-30 00:00,N,0
808298,2,Paid Social,2025-08-08 00:00,Y,155.6
805504,4,SEO,2025-05-18 00:00,N,0
802090,1,Email,2025-04-11 00:00,Y,185.82
800367,1,Paid Search,2024-02-01 00:00,N,0
806884,4,Email,2024-07-08 00:00,N,0
808607,3,SEO,2024-10-31 00:00,N,0
801283,1,Paid Social,2025-02-16 00:00,N,0
803841,1,SEO,2025-03-27 00:00,Y,49.3
805306,2,Paid Search,2024-02-03 00:00,Y,191.29
807662,2,Email,2024-11-07 00:00,N,0
800182,2,SEO,2024-11-12 00:00,Y,161.53
805240,4,Paid Search,2024-07-14 00:00,N,0
801874,3,Paid Search,2024-03-06 00:00,N,0
807052,1,Email,2025-09-27 00:00,Y,142.36
800137,3,Paid Search,2024-09-04 00:00,Y,58.94
800681,1,SEO,2025-07-20 00:00,N,0
802231,2,Paid Search,2024-02-22 00:00,Y,201.88
804489,1,Paid Social,2024-02-09 00:00,Y,65.47
805978,1,Paid Search,2024-08-28 00:00,Y,37.82
802848,2,Paid Social,2024-11-22 00:00,N,0
805421,2,Paid Search,2025-08-30 00:00,Y,108.5
804712,2,Paid Social,2024-12-18 00:00,N,0
808377,3,Paid Search,2025-02-26 00:00,Y,82.44
807823,1,Email,2024-01-26 00:00,Y,108.44
801918,3,SEO,2024-02-24 00:00,Y,77.17
801286,2,Paid Search,2025-10-05 00:00,Y,86.47
807589,4,SEO,2024-12-03 00:00,N,0
802389,1,SEO,2025-07-01 00:00,Y,122.82
800587,3,Paid Search,2024-10-13 00:00,Y,194.61
802552,1,Email,2025-02-22 00:00,N,0
808649,2,Paid Search,2024-02-07 00:00,Y,69.22
804298,1,Paid Social,2024-01-26 00:00,N,0
806080,1,Paid Search,2025-06-25 00:00,N,0
804920,5,Paid Search,2025-08-03 00:00,N,0
807501,1,Email,2024-09-10 00:00,Y,157.34
802114,2,Paid Social,2024-05-21 00:00,Y,49.48
803299,2,SEO,2025-04-16 00:00,Y,199.95
802545,1,Paid Social,2024-05-18 00:00,Y,217.51
807724,1,Paid Social,2025-06-20 00:00,Y,138.44
804363,3,SEO,2024-09-19 00:00,N,0
800359,1,SEO,2024-08-08 00:00,N,0
800101,1,Paid Search,2024-12-07 00:00,Y,159.82
802689,3,Email,2025-06-07 00:00,Y,194.65
804329,1,SEO,2024-11-27 00:00,Y,56.04
805894,3,Paid Search,2024-03-04 00:00,Y,120.92
808526,4,Email,2024-06-30 00:00,Y,91.7
801675,3,SEO,2024-03-27 00:00,Y,116.69
807717,1,Email,2025-09-30 00:00,Y,128.53
803970,1,Email,2025-07-08 00:00,Y,140.04
808729,3,Paid Search,2025-10-20 00:00,N,0
805300,3,Paid Search,2025-08-31 00:00,Y,99.93
808972,1,Paid Social,2024-05-24 00:00,Y,133.43
802885,5,Paid Social,2025-09-10 00:00,Y,134.41
803841,2,Paid Search,2025-03-28 00:00,Y,49.3
803101,1,SEO,2024-08-06 00:00,N,0
805119,1,Paid Social,2024-02-04 00:00,N,0
802488,1,SEO,2024-02-27 00:00,Y,128.29
806450,4,Paid Search,2025-07-14 00:00,Y,114.24
806405,3,Email,2024-08-08 00:00,Y,150.56
801866,1,Paid Search,2025-05-11 00:00,Y,166.0
801087,3,Paid Social,2025-03-02 00:00,Y,198.25
803832,3,Email,2024-04-18 00:00,N,0
808197,3,Paid Social,2025-10-03 00:00,N,0
804050,5,Paid Search,2024-06-02 00:00,Y,176.15
804934,2,SEO,2024-05-27 00:00,N,0
807874,1,Paid Search,2025-04-08 00:00,Y,162.59
803883,2,Paid Social,2025-01-18 00:00,N,0
801002,1,Email,2024-09-20 00:00,N,0
800468,1,Paid Social,2024-11-06 00:00,N,0
804518,1,SEO,2024-08-14 00:00,Y,165.19
800776,1,Paid Social,2024-01-16 00:00,Y,88.28
801463,1,Paid Social,2025-10-17 00:00,Y,52.78
804425,1,SEO,2025-08-16 00:00,Y,89.67
807532,1,SEO,2024-11-20 00:00,Y,57.04
807646,2,Paid Social,2024-04-25 00:00,N,0
802452,1,Paid Social,2025-07-15 00:00,N,0
804862,2,Paid Search,2024-12-26 00:00,N,0
803267,1,SEO,2024-02-27 00:00,N,0
808496,2,SEO,2024-03-20 00:00,Y,180.82
806959,2,Paid Search,2025-10-18 00:00,Y,105.79
807546,1,Paid Social,2024-03-08 00:00,N,0
800892,3,Paid Social,2024-04-05 00:00,N,0
808223,5,Paid Search,2025-04-22 00:00,Y,219.18
805444,2,SEO,2025-07-13 00:00,N,0
802107,1,SEO,2024-12-07 00:00,N,0
808202,4,Email,2025-06-06 00:00,Y,116.31
802050,2,Paid Search,2025-10-05 00:00,Y,82.6
806119,2,Paid Social,2025-05-26 00:00,Y,167.7
808747,1,Paid Search,2024-05-29 00:00,Y,46.41
800888,1,Paid Social,2024-10-11 00:00,N,0
808397,3,Email,2024-09-02 00:00,N,0
807648,1,SEO,2025-02-27 00:00,Y,123.69
801343,2,Email,2024-02-07 00:00,N,0
805644,2,SEO,2025-08-11 00:00,Y,133.13
803193,4,Email,2024-01-29 00:00,Y,110.93
808640,3,Paid Search,2025-05-25 00:00,Y,70.58
808733,2,Paid Search,2025-06-19 00:00,Y,107.49
803007,3,Email,2024-12-20 00:00,Y,174.54
800118,1,Paid Search,2024-07-12 00:00,Y,192.99
802783,2,Email,2024-10-16 00:00,Y,79.79
808557,3,Paid Social,2025-04-15 00:00,Y,162.38
808653,1,Email,2025-05-11 00:00,Y,121.74
800946,2,Email,2025-05-29 00:00,N,0
804343,3,Paid Search,2024-02-22 00:00,Y,105.15
806330,2,Paid Search,2025-02-26 00:00,Y,195.44
808394,1,Paid Search,2025-08-02 00:00,Y,108.58
802595,2,Email,2024-10-30 00:00,Y,43.75
801303,2,SEO,2024-07-03 00:00,Y,174.55
802253,4,Paid Search,2024-10-03 00:00,N,0
808281,1,Paid Social,2024-01-02 00:00,Y,62.55
804231,2,Paid Search,2025-04-29 00:00,Y,97.37
805179,2,Paid Social,2024-10-02 00:00,Y,161.57
805984,1,SEO,2025-01-23 00:00,N,0
801197,3,Paid Social,2024-12-01 00:00,N,0
805717,1,Paid Social,2025-08-03 00:00,N,0
804082,2,Email,2025-08-14 00:00,N,0
802094,4,Paid Search,2025-03-07 00:00,N,0
805127,2,Paid Search,2024-09-08 00:00,N,0
803555,1,Paid Search,2025-01-28 00:00,Y,187.21
804027,3,Email,2024-01-26 00:00,Y,122.45
803250,1,Paid Social,2024-03-25 00:00,N,0
802592,1,SEO,2024-08-16 00:00,Y,47.69
800117,5,Paid Search,2024-08-02 00:00,N,0
800931,3,Email,2024-12-26 00:00,Y,167.58
801411,3,Email,2025-01-31 00:00,Y,50.74
805890,1,Paid Social,2024-09-23 00:00,N,0
807214,3,Paid Social,2024-12-14 00:00,N,0
803415,5,Paid Search,2025-04-11 00:00,N,0
800565,3,Paid Search,2024-04-01 00:00,N,0
808306,1,Paid Search,2024-10-19 00:00,Y,112.15
804086,1,Paid Social,2024-09-21 00:00,N,0
801305,1,Paid Search,2025-04-27 00:00,Y,169.96
801818,3,Email,2025-03-22 00:00,Y,61.78
801177,4,Paid Search,2025-06-03 00:00,N,0
807691,5,Email,2025-06-19 00:00,Y,156.22
806328,1,Paid Search,2024-11-27 00:00,Y,135.38
806709,3,Paid Search,2025-09-02 00:00,N,0
801198,2,Email,2024-02-13 00:00,Y,145.07
808517,2,SEO,2025-10-09 00:00,Y,88.81
804814,2,SEO,2025-05-14 00:00,Y,49.78
803312,2,Paid Social,2025-08-28 00:00,Y,58.39
802119,3,Paid Social,2024-03-30 00:00,Y,81.89
802692,2,Email,2024-07-13 00:00,Y,178.15
808584,1,SEO,2024-06-17 00:00,N,0
800589,2,Paid Social,2025-07-31 00:00,Y,219.72
805628,2,Paid Search,2024-08-10 00:00,Y,168.79
807839,3,SEO,2024-09-08 00:00,Y,187.29
802251,2,Paid Search,2024-06-17 00:00,Y,144.56
802623,2,Paid Social,2024-03-04 00:00,N,0
807778,1,Paid Social,2025-10-10 00:00,Y,182.27
805173,3,SEO,2024-03-12 00:00,Y,72.16
804470,1,Paid Search,2025-07-25 00:00,Y,215.27
800131,1,Paid Social,2024-11-24 00:00,N,0
807413,1,Paid Social,2024-12-28 00:00,Y,153.02
808016,1,Paid Social,2025-10-05 00:00,N,0
800214,2,Paid Search,2025-04-16 00:00,Y,70.07
807219,1,SEO,2025-08-20 00:00,Y,201.86
801521,1,Paid Search,2025-06-03 00:00,Y,115.84
808398,2,Email,2024-04-20 00:00,N,0
801484,1,Paid Social,2025-06-21 00:00,Y,165.97
801884,1,SEO,2024-10-02 00:00,Y,198.53
800371,3,Email,2024-08-19 00:00,Y,219.09
801269,3,SEO,2025-04-03 00:00,N,0
807802,1,Paid Social,2024-07-29 00:00,Y,83.45
803364,1,Paid Search,2024-03-27 00:00,Y,36.62
802436,1,SEO,2024-11-26 00:00,Y,117.28
807516,1,Paid Social,2024-10-03 00:00,N,0
805029,3,Paid Search,2024-05-17 00:00,Y,215.44
802439,2,Email,2025-07-18 00:00,Y,170.96
800457,2,Email,2025-09-11 00:00,Y,192.58
806435,4,Paid Social,2024-09-25 00:00,Y,168.17
803049,2,Paid Search,2025-08-22 00:00,Y,205.49
806315,1,Paid Social,2024-01-06 00:00,Y,192.13
800250,2,Email,2025-09-22 00:00,Y,127.2
807145,2,Email,2024-04-28 00:00,N,0
805238,2,Paid Search,2024-02-14 00:00,Y,126.62
806061,1,SEO,2025-06-16 00:00,Y,164.14
807187,3,Paid Search,2024-12-26 00:00,Y,173.21
808753,5,Paid Social,2024-09-10 00:00,Y,88.12
803773,1,SEO,2024-04-24 00:00,Y,127.02
801656,4,Email,2024-08-05 00:00,Y,61.71
803697,2,Email,2025-05-20 00:00,N,0
808983,4,Email,2025-09-02 00:00,Y,164.24
808035,3,Email,2025-10-12 00:00,Y,159.61
802089,2,Paid Search,2024-09-18 00:00,Y,183.22
803909,1,Email,2025-08-14 00:00,Y,152.21
807523,1,SEO,2024-05-16 00:00,Y,83.44
803260,2,Paid Social,2025-05-15 00:00,N,0
803320,2,Email,2024-05-08 00:00,N,0
805896,1,SEO,2025-06-03 00:00,Y,212.95
800680,2,SEO,2024-11-13 00:00,Y,161.55
801070,3,Paid Search,2025-01-05 00:00,N,0
806202,1,SEO,2025-01-11 00:00,N,0
800082,4,Paid Search,2024-04-19 00:00,Y,212.17
802278,2,SEO,2024-05-12 00:00,N,0
807844,2,Paid Social,2025-01-25 00:00,N,0
806259,1,SEO,2024-07-05 00:00,N,0
800974,2,SEO,2024-01-20 00:00,N,0
808991,5,Paid Search,2025-04-19 00:00,Y,80.12
808537,2,Email,2024-02-06 00:00,Y,200.77
803196,2,Email,2024-07-06 00:00,N,0
801240,3,Paid Social,2025-06-08 00:00,Y,85.33
808934,1,SEO,2025-10-01 00:00,N,0
808174,2,Email,2025-05-01 00:00,N,0
800893,2,SEO,2025-05-18 00:00,Y,140.48
800347,3,Paid Search,2025-05-11 00:00,N,0
806644,1,Paid Social,2024-07-20 00:00,Y,35.69
807025,3,Paid Search,2025-03-06 00:00,Y,217.2
805727,2,Email,2024-11-04 00:00,N,0
802287,1,SEO,2025-10-02 00:00,Y,163.23
803224,3,Paid Search,2025-10-18 00:00,Y,170.12
806746,3,SEO,2025-10-22 00:00,Y,108.35
803921,2,SEO,2025-08-05 00:00,Y,153.69
800508,2,Paid Search,2024-07-08 00:00,Y,183.12
807034,3,Paid Social,2024-05-01 00:00,N,0
801788,2,Paid Search,2024-04-09 00:00,N,0
807293,2,Paid Search,2024-03-29 00:00,N,0
804265,1,SEO,2025-05-11 00:00,Y,187.75
808715,2,Paid Search,2024-11-19 00:00,Y,41.47
807021,2,Paid Search,2024-11-03 00:00,N,0
808553,1,Paid Search,2025-05-30 00:00,N,0
806943,2,Paid Social,2024-03-19 00:00,Y,94.43
802968,2,Email,2025-09-01 00:00,Y,72.89
804997,2,Paid Social,2024-01-30 00:00,Y,71.77
800594,3,Email,2024-01-12 00:00,Y,79.42
804883,2,Paid Search,2025-04-16 00:00,N,0
804071,2,SEO,2025-10-03 00:00,Y,190.62
804967,1,SEO,2024-02-28 00:00,Y,58.27
803201,1,Paid Social,2024-01-03 00:00,Y,93.7
803673,1,Email,2024-08-13 00:00,N,0
802791,4,Paid Search,2024-05-06 00:00,N,0
806115,2,Email,2025-05-14 00:00,Y,53.61
808695,4,Email,2024-02-06 00:00,Y,150.92
804920,2,Paid Social,2025-08-03 00:00,N,0
808058,3,SEO,2024-05-09 00:00,N,0
807603,2,Paid Search,2024-05-25 00:00,N,0
807214,1,Paid Social,2024-12-10 00:00,N,0
805608,2,Paid Search,2024-12-27 00:00,N,0
806534,2,Email,2025-08-24 00:00,N,0
804315,2,Paid Social,2024-02-11 00:00,N,0
801447,3,Paid Search,2025-06-27 00:00,Y,154.09
808198,3,Paid Social,2025-09-25 00:00,N,0
808439,1,SEO,2025-08-08 00:00,Y,106.85
805976,1,SEO,2024-02-17 00:00,Y,195.28
804985,2,Paid Search,2024-10-31 00:00,N,0
801540,3,SEO,2024-08-28 00:00,Y,202.23
804106,2,Email,2024-10-13 00:00,Y,168.77
807684,1,SEO,2025-07-04 00:00,Y,213.84
802430,2,Paid Social,2024-07-18 00:00,Y,89.02
801671,3,Paid Search,2025-06-15 00:00,N,0
804552,1,Email,2025-05-25 00:00,N,0
808508,3,Email,2024-04-13 00:00,N,0
801932,1,Email,2025-04-08 00:00,N,0
807416,2,Paid Social,2024-02-21 00:00,N,0
801339,1,Paid Social,2025-02-28 00:00,Y,38.85
805356,1,Paid Social,2025-09-04 00:00,Y,143.53
808077,5,Paid Search,2025-05-30 00:00,N,0
802515,1,Paid Social,2024-10-01 00:00,Y,53.67
804444,1,Email,2024-11-02 00:00,Y,112.64
801759,4,Paid Search,2025-03-20 00:00,Y,155.66
808112,4,Email,2025-03-26 00:00,Y,161.78
803516,3,Paid Social,2024-11-25 00:00,Y,166.56
805108,3,Email,2025-02-23 00:00,Y,186.73
806183,2,Paid Social,2025-03-01 00:00,Y,39.72
803812,1,SEO,2025-03-15 00:00,Y,90.42
804755,1,Paid Social,2024-09-17 00:00,Y,91.6
803567,3,Email,2025-05-19 00:00,Y,54.52
800283,2,SEO,2024-04-04 00:00,N,0
804566,1,Paid Search,2025-06-06 00:00,Y,195.49
804655,4,SEO,2025-08-25 00:00,N,0
800906,2,Email,2025-07-09 00:00,N,0
806187,2,Paid Social,2024-09-03 00:00,Y,44.87
805660,1,SEO,2025-01-29 00:00,N,0
806300,2,Paid Social,2024-01-31 00:00,Y,112.89
803991,2,Email,2024-05-14 00:00,Y,157.45
805517,1,Paid Social,2024-08-22 00:00,Y,67.72
802250,2,Paid Search,2025-04-18 00:00,Y,87.42
803920,1,SEO,2024-07-11 00:00,Y,107.63
801899,3,Email,2025-01-27 00:00,N,0
803385,2,Email,2025-03-24 00:00,N,0
808249,2,Paid Search,2025-08-25 00:00,N,0
800551,2,Paid Search,2025-08-26 00:00,N,0
805586,2,Paid Search,2025-07-03 00:00,Y,200.22
800266,1,Paid Social,2025-05-23 00:00,N,0
801254,2,SEO,2024-10-16 00:00,Y,72.93
800204,1,Email,2024-11-21 00:00,Y,191.08
801614,4,Paid Social,2025-05-14 00:00,Y,48.35
807739,4,Paid Social,2024-11-18 00:00,Y,148.97
808434,2,Paid Search,2025-01-12 00:00,Y,150.8
805539,1,Paid Social,2025-06-08 00:00,N,0
806867,2,Paid Search,2025-08-15 00:00,Y,99.02
800549,4,Paid Social,2024-07-17 00:00,N,0
803296,2,SEO,2025-03-31 00:00,Y,119.07
805918,1,Paid Social,2024-04-29 00:00,N,0
803963,2,Email,2025-06-15 00:00,N,0
805325,1,Paid Social,2024-10-08 00:00,Y,41.68
802410,2,Email,2025-03-28 00:00,Y,214.7
803233,1,SEO,2025-01-15 00:00,Y,127.55
800906,1,SEO,2025-07-06 00:00,N,0
804309,2,SEO,2025-08-03 00:00,Y,58.35
802732,1,SEO,2024-05-01 00:00,Y,180.73
804958,2,Paid Search,2025-03-17 00:00,N,0
800069,1,Email,2024-01-20 00:00,N,0
801177,1,SEO,2025-05-28 00:00,N,0
802760,1,Email,2024-07-27 00:00,N,0
805908,1,Paid Social,2025-05-02 00:00,Y,143.54
807681,5,Paid Search,2025-07-11 00:00,Y,178.62
802266,2,SEO,2025-01-02 00:00,Y,54.82
806917,3,Paid Search,2024-03-07 00:00,Y,167.63
806683,1,Email,2025-07-05 00:00,N,0
803698,1,Email,2025-04-20 00:00,N,0
804193,3,SEO,2024-07-03 00:00,N,0
804831,1,Paid Social,2024-11-07 00:00,N,0
808720,2,SEO,2024-07-13 00:00,Y,171.02
807859,2,Paid Social,2024-07-15 00:00,Y,128.36
806994,1,Paid Social,2025-01-17 00:00,Y,35.24
803017,4,Paid Social,2025-02-07 00:00,Y,56.32
801613,1,SEO,2025-02-28 00:00,N,0
805054,1,Paid Social,2025-01-23 00:00,N,0
805121,2,Email,2025-05-28 00:00,N,0
804638,5,Email,2024-03-24 00:00,N,0
806305,1,Email,2024-06-30 00:00,N,0
801899,1,Paid Search,2025-01-25 00:00,N,0
800206,2,SEO,2024-02-12 00:00,Y,202.61
800900,2,Paid Social,2024-01-16 00:00,Y,126.33
800354,2,SEO,2025-06-16 00:00,Y,163.99
805555,2,SEO,2025-08-24 00:00,N,0
806928,2,SEO,2025-01-21 00:00,N,0
804249,3,Email,2025-09-05 00:00,Y,56.6
806466,2,SEO,2024-05-20 00:00,Y,37.88
808396,3,Paid Social,2025-05-04 00:00,Y,91.93
803662,2,Email,2024-09-19 00:00,N,0
806829,1,Email,2025-07-30 00:00,Y,72.86
802794,3,SEO,2024-04-27 00:00,Y,41.58
804946,3,SEO,2024-05-24 00:00,N,0
807922,2,Paid Social,2025-01-08 00:00,Y,167.87
803425,4,Email,2024-05-19 00:00,Y,64.93
805215,2,Paid Social,2025-01-05 00:00,Y,142.68
803030,1,SEO,2024-06-15 00:00,Y,52.08
802634,2,SEO,2024-08-05 00:00,N,0
807037,1,SEO,2025-02-01 00:00,Y,54.88
803352,2,SEO,2025-06-21 00:00,Y,197.87
800511,3,Paid Social,2025-08-08 00:00,Y,59.5
802959,1,SEO,2024-12-20 00:00,N,0
803663,1,Paid Social,2025-10-01 00:00,Y,159.65
806903,1,Paid Social,2024-04-06 00:00,Y,99.4
803864,3,Email,2024-11-25 00:00,Y,70.22
804786,2,Email,2024-01-12 00:00,Y,37.06
801891,2,Paid Social,2024-07-14 00:00,Y,75.37
803201,3,Paid Social,2024-01-09 00:00,Y,93.7
807329,1,Paid Search,2025-09-23 00:00,Y,37.55
801560,1,Paid Social,2025-08-16 00:00,N,0
805951,3,Paid Search,2025-03-24 00:00,Y,162.18
807243,2,SEO,2025-09-20 00:00,N,0
804779,1,SEO,2025-05-22 00:00,Y,106.78
803391,1,Email,2024-09-22 00:00,N,0
806977,1,Paid Social,2025-05-02 00:00,Y,155.97
807174,2,Email,2024-05-30 00:00,N,0
804708,1,Paid Social,2025-05-09 00:00,Y,180.46
808391,1,Paid Search,2025-09-07 00:00,Y,146.35
806498,1,Paid Social,2024-11-11 00:00,Y,111.44
805152,1,Paid Social,2024-03-04 00:00,Y,160.84
806487,1,Email,2024-04-17 00:00,N,0
807671,2,Paid Social,2024-01-05 00:00,Y,132.84
801836,1,SEO,2025-03-20 00:00,Y,153.18
804478,1,Email,2024-09-17 00:00,Y,134.21
803443,1,Email,2024-11-13 00:00,N,0
803571,2,SEO,2024-12-25 00:00,N,0
801601,1,SEO,2024-08-29 00:00,N,0
805457,3,Paid Search,2024-12-17 00:00,Y,58.48
807004,4,Email,2025-08-22 00:00,Y,197.98
803815,1,Paid Social,2024-08-22 00:00,Y,143.26
802944,1,Paid Social,2024-03-18 00:00,N,0
806760,3,Paid Search,2024-04-26 00:00,Y,124.61
801754,2,SEO,2024-12-02 00:00,Y,200.6
803531,2,Paid Search,2025-10-02 00:00,Y,205.3
808361,1,Paid Social,2025-10-01 00:00,N,0
806345,2,SEO,2024-07-30 00:00,Y,80.43
801219,1,SEO,2024-11-29 00:00,N,0
801421,1,SEO,2024-01-04 00:00,N,0
806922,1,Paid Social,2024-01-07 00:00,Y,35.05
800650,1,SEO,2024-09-22 00:00,Y,174.04
801042,2,Email,2024-09-14 00:00,Y,174.72
800676,4,Email,2024-02-12 00:00,Y,156.96
804423,1,Paid Search,2025-03-01 00:00,N,0
800968,1,Paid Social,2024-08-14 00:00,Y,141.37
808506,1,SEO,2024-07-16 00:00,Y,52.62
800623,1,SEO,2025-04-04 00:00,Y,51.82
808245,1,SEO,2024-09-13 00:00,Y,217.89
805754,1,SEO,2025-08-07 00:00,N,0
806459,2,SEO,2024-08-12 00:00,Y,46.15
804130,2,Paid Social,2024-11-21 00:00,N,0
802585,2,Paid Search,2025-06-16 00:00,Y,206.24
805756,2,Paid Search,2024-02-06 00:00,Y,86.91
806988,1,Paid Social,2024-05-13 00:00,Y,174.11
807516,4,Email,2024-10-15 00:00,N,0
801259,3,Paid Social,2024-10-10 00:00,Y,87.45
805378,1,Paid Social,2025-03-20 00:00,N,0
800999,1,SEO,2024-04-09 00:00,Y,76.91
806882,1,SEO,2024-02-15 00:00,Y,74.35
805301,2,Paid Search,2025-08-03 00:00,Y,46.73
801914,3,Paid Search,2025-05-24 00:00,Y,40.71
807594,3,Paid Search,2025-08-20 00:00,Y,115.72
804147,1,Paid Social,2025-04-16 00:00,N,0
805677,3,Paid Search,2024-04-27 00:00,Y,76.38
803001,2,Paid Search,2024-01-29 00:00,N,0
803578,2,SEO,2025-07-02 00:00,N,0
806757,4,Email,2024-10-27 00:00,N,0
803050,3,Paid Social,2025-03-08 00:00,Y,141.55
800747,3,Email,2024-12-18 00:00,Y,186.36
804167,1,Paid Social,2024-02-19 00:00,Y,48.54
805556,3,Paid Social,2025-04-01 00:00,N,0
808575,2,SEO,2024-10-26 00:00,N,0
802320,2,Paid Search,2024-06-04 00:00,N,0
806143,2,Email,2024-04-21 00:00,N,0
807659,2,Email,2025-09-21 00:00,Y,114.11
801903,2,Paid Search,2025-07-17 00:00,Y,158.97
808087,4,Paid Social,2024-09-07 00:00,N,0
808369,2,Paid Social,2024-01-27 00:00,N,0
801218,1,SEO,2025-08-29 00:00,N,0
800237,2,Paid Social,2025-03-20 00:00,N,0
802633,1,Paid Social,2024-07-14 00:00,Y,118.33
802348,2,SEO,2025-02-02 00:00,Y,105.42
806876,3,Paid Search,2025-06-11 00:00,Y,52.08
800052,1,Paid Search,2024-05-13 00:00,Y,184.71
802282,3,Paid Social,2025-03-07 00:00,Y,124.62
802373,1,SEO,2024-01-09 00:00,N,0
802709,2,SEO,2024-09-24 00:00,N,0
807481,2,Paid Search,2024-02-18 00:00,N,0
804736,1,Paid Search,2025-03-26 00:00,Y,146.67
802832,3,Paid Search,2024-05-12 00:00,N,0
804758,3,Paid Search,2024-07-31 00:00,N,0
808550,3,Paid Social,2025-09-30 00:00,Y,174.78
807053,5,Email,2025-06-15 00:00,Y,182.41
804786,1,Paid Search,2024-01-09 00:00,Y,37.06
805901,1,Paid Social,2025-01-02 00:00,N,0
803517,2,Paid Social,2025-09-19 00:00,Y,189.54
802486,3,Paid Search,2025-07-21 00:00,N,0
803626,1,Paid Social,2025-09-26 00:00,Y,152.48
806716,2,Email,2024-06-10 00:00,Y,59.33
806798,1,Paid Search,2025-04-03 00:00,Y,190.61
801690,1,SEO,2024-07-15 00:00,Y,39.3
802608,1,SEO,2024-04-19 00:00,Y,192.46
807180,1,Paid Search,2024-01-25 00:00,Y,82.56
805608,1,Paid Search,2024-12-24 00:00,N,0
804931,1,Paid Search,2024-09-15 00:00,Y,85.62
806525,4,Paid Social,2024-04-05 00:00,Y,153.3
802663,1,Paid Social,2025-09-16 00:00,Y,180.57
805131,3,Paid Search,2025-01-29 00:00,Y,69.38
805878,3,Email,2024-07-29 00:00,N,0
807184,1,Paid Search,2025-09-02 00:00,Y,106.45
801217,4,Email,2024-06-14 00:00,Y,96.99
804697,3,Email,2025-07-25 00:00,N,0
803039,3,Email,2024-03-09 00:00,N,0
804987,3,Email,2024-04-30 00:00,N,0
800044,4,Email,2024-06-14 00:00,Y,201.62
800970,1,Paid Search,2024-01-01 00:00,Y,68.62
806423,1,SEO,2024-01-30 00:00,N,0
800276,2,Email,2025-08-13 00:00,Y,57.56
804866,5,Paid Search,2024-08-12 00:00,Y,146.95
806980,1,SEO,2025-01-19 00:00,Y,197.09
802719,3,Email,2024-02-28 00:00,Y,141.72
801748,5,Email,2024-06-12 00:00,N,0
805296,1,SEO,2024-10-02 00:00,Y,43.39
803517,5,Email,2025-09-21 00:00,Y,189.54
802896,3,Paid Social,2025-08-21 00:00,Y,66.61
804121,2,Email,2024-07-10 00:00,Y,144.16
804104,1,SEO,2025-03-18 00:00,Y,58.64
800038,3,SEO,2025-06-24 00:00,Y,165.73
805391,2,Paid Search,2024-04-22 00:00,Y,102.57
807376,1,Paid Social,2025-03-17 00:00,Y,95.27
801008,2,Paid Search,2025-05-19 00:00,N,0
803482,3,Paid Search,2025-03-22 00:00,Y,203.31
803939,2,Paid Social,2024-12-28 00:00,Y,128.11
802026,2,Paid Social,2024-09-01 00:00,N,0
808607,2,Email,2024-10-27 00:00,N,0
800001,4,SEO,2024-09-15 00:00,Y,181.6
808001,1,SEO,2024-09-23 00:00,Y,100.0
805464,2,Paid Search,2024-12-22 00:00,N,0
800666,2,Email,2025-06-26 00:00,N,0
803021,2,Paid Search,2024-08-24 00:00,N,0
802809,3,Paid Search,2024-02-23 00:00,Y,65.35
802738,4,Email,2024-11-04 00:00,N,0
805389,1,Paid Social,2024-04-27 00:00,Y,175.78
805025,1,SEO,2025-06-28 00:00,Y,135.26
803375,1,SEO,2025-06-05 00:00,Y,154.0
803556,2,SEO,2025-10-08 00:00,N,0
804993,3,Paid Search,2024-02-14 00:00,N,0
807892,2,Paid Social,2024-04-28 00:00,N,0
801504,1,Paid Search,2025-09-22 00:00,N,0
808674,2,Paid Social,2024-06-24 00:00,Y,39.1
808453,2,Paid Search,2025-01-31 00:00,Y,39.83
800528,1,SEO,2024-05-21 00:00,N,0
801347,1,SEO,2024-10-03 00:00,N,0
804034,4,Email,2024-12-06 00:00,Y,141.28
800646,4,Paid Search,2025-04-03 00:00,Y,40.62
807754,3,Email,2024-11-22 00:00,Y,180.45
807897,3,Paid Social,2024-06-19 00:00,N,0
804692,2,Paid Social,2024-04-25 00:00,Y,177.2
800817,1,SEO,2024-09-14 00:00,N,0
801694,2,Email,2024-09-11 00:00,Y,214.15
808791,2,Email,2024-12-06 00:00,Y,64.06
808858,1,Email,2024-11-30 00:00,Y,198.55
804678,1,Paid Social,2025-04-11 00:00,N,0
803084,3,Email,2024-12-21 00:00,N,0
801644,2,Email,2024-02-14 00:00,Y,155.28
808525,4,Paid Social,2024-02-24 00:00,N,0
800360,1,Paid Social,2025-08-19 00:00,Y,53.61
804832,1,SEO,2024-01-04 00:00,Y,215.79
805558,1,SEO,2025-02-10 00:00,N,0
802417,1,Paid Social,2024-12-10 00:00,Y,199.5
801630,3,Paid Search,2024-03-17 00:00,Y,205.14
807278,1,Email,2025-05-11 00:00,Y,42.12
804124,1,Paid Social,2024-04-30 00:00,Y,153.05
806512,1,Paid Social,2025-08-21 00:00,Y,94.42
804854,5,Email,2024-06-04 00:00,Y,201.85
807428,1,Paid Social,2024-03-20 00:00,Y,130.35
807425,1,SEO,2024-08-13 00:00,Y,201.19
800904,3,Paid Search,2024-07-23 00:00,Y,137.73
803162,1,SEO,2025-08-13 00:00,Y,190.78
800943,2,Paid Search,2024-06-17 00:00,N,0
801125,4,Paid Search,2024-08-20 00:00,Y,135.02
803372,4,Email,2025-01-11 00:00,Y,122.96
802259,4,Email,2024-09-22 00:00,Y,184.81
802366,4,SEO,2025-08-01 00:00,N,0
805129,1,Paid Social,2025-08-14 00:00,N,0
803807,2,Paid Social,2024-03-28 00:00,N,0
801200,1,Paid Social,2024-06-06 00:00,Y,90.97
805915,3,Paid Search,2025-03-25 00:00,N,0
803782,1,SEO,2024-12-30 00:00,Y,133.31
807233,1,SEO,2024-06-22 00:00,Y,38.96
804283,2,Email,2025-02-23 00:00,N,0
803720,2,Email,2024-04-30 00:00,Y,207.29
801918,1,Paid Social,2024-02-16 00:00,Y,77.17
802293,3,Paid Search,2024-11-19 00:00,Y,137.35
802266,4,Email,2025-01-13 00:00,Y,54.82
802875,3,Paid Social,2024-08-22 00:00,N,0
807661,1,Email,2024-02-03 00:00,Y,214.66
807436,3,SEO,2024-05-13 00:00,Y,153.17
803675,3,Paid Search,2024-08-25 00:00,Y,154.93
800374,1,SEO,2025-04-09 00:00,Y,116.43
804397,3,Email,2024-11-13 00:00,Y,118.2
808248,3,Paid Search,2025-08-09 00:00,N,0
806275,3,Email,2024-07-21 00:00,Y,113.44
800562,1,Email,2024-08-17 00:00,N,0
800794,4,Email,2024-07-14 00:00,Y,70.37
805328,1,Paid Social,2025-07-25 00:00,Y,162.79
804258,1,SEO,2024-01-12 00:00,Y,132.26
808373,1,Paid Social,2025-10-06 00:00,Y,193.17
807520,1,SEO,2025-01-01 00:00,N,0
803778,2,Email,2025-10-09 00:00,Y,47.87
808695,3,Email,2024-02-06 00:00,Y,150.92
802900,3,SEO,2024-05-08 00:00,Y,46.12
803533,2,Email,2024-06-09 00:00,Y,118.39
805307,2,Email,2024-05-14 00:00,N,0
805223,3,Email,2024-01-27 00:00,Y,51.14
801660,2,Paid Search,2024-03-17 00:00,Y,158.41
801025,2,Paid Social,2024-01-26 00:00,N,0
806409,2,Email,2024-09-01 00:00,Y,73.24
806581,3,Email,2024-02-15 00:00,Y,89.81
801580,4,SEO,2024-08-21 00:00,Y,68.18
801275,1,Paid Search,2024-01-09 00:00,N,0
808965,2,Paid Social,2025-02-02 00:00,N,0
803283,3,Paid Social,2025-03-26 00:00,Y,160.32
807678,2,SEO,2024-10-02 00:00,N,0
801101,1,Paid Social,2024-09-17 00:00,N,0
805076,3,Paid Social,2025-06-27 00:00,Y,202.16
800261,2,Email,2024-03-15 00:00,Y,132.56
803872,1,Paid Social,2024-09-24 00:00,Y,105.31
807975,1,SEO,2024-10-19 00:00,Y,207.37
800005,3,Email,2024-08-07 00:00,N,0
807337,1,Paid Social,2024-03-14 00:00,Y,84.71
804128,2,Email,2024-04-24 00:00,Y,91.01
806203,2,Paid Social,2025-05-11 00:00,N,0
805879,1,SEO,2024-12-05 00:00,N,0
802440,2,SEO,2025-04-03 00:00,Y,177.04
803696,2,SEO,2024-03-06 00:00,N,0
805611,1,SEO,2024-09-26 00:00,N,0
800836,1,Paid Social,2024-02-22 00:00,N,0
801088,1,Paid Social,2024-07-22 00:00,Y,132.1
800413,3,Paid Search,2024-12-25 00:00,Y,102.61
804584,1,SEO,2025-03-20 00:00,Y,186.54
800396,2,Paid Search,2024-11-12 00:00,Y,64.31
804739,1,Paid Search,2024-09-05 00:00,Y,209.75
801545,1,Paid Search,2025-02-13 00:00,Y,197.83
803543,2,SEO,2024-07-10 00:00,Y,88.4
801905,4,Paid Search,2025-01-15 00:00,N,0
808850,3,Email,2025-04-14 00:00,Y,197.91
802688,3,Paid Social,2025-10-03 00:00,N,0
801863,1,SEO,2024-06-02 00:00,Y,178.35
804771,2,Paid Social,2024-07-31 00:00,Y,140.15
803759,1,SEO,2025-04-02 00:00,N,0
806290,2,SEO,2025-06-25 00:00,Y,218.88
804116,1,Paid Search,2025-08-22 00:00,Y,177.99
807668,2,Email,2024-10-22 00:00,Y,107.01
808161,3,Paid Search,2024-11-27 00:00,Y,60.77
802594,2,Paid Social,2024-01-09 00:00,Y,146.81
803471,3,Paid Search,2025-01-11 00:00,Y,202.38
801318,4,Paid Search,2025-07-13 00:00,Y,178.7
807947,1,Paid Social,2025-05-13 00:00,N,0
806055,1,Paid Search,2024-10-19 00:00,Y,159.32
803052,4,Paid Search,2024-12-30 00:00,Y,87.47
806775,5,SEO,2025-10-02 00:00,Y,139.18
807388,4,Email,2024-02-29 00:00,Y,203.91
807812,1,Email,2024-07-03 00:00,N,0
801028,2,Email,2024-04-11 00:00,Y,203.89
800860,1,Paid Search,2025-10-03 00:00,N,0
804673,2,Paid Search,2025-01-09 00:00,N,0
805634,1,Paid Search,2024-07-20 00:00,Y,101.76
802581,4,Email,2024-08-29 00:00,Y,214.38
807073,1,Paid Social,2025-10-05 00:00,N,0
808371,1,Paid Social,2024-08-03 00:00,Y,199.28
803818,2,Paid Search,2025-09-25 00:00,Y,99.42
803739,3,Paid Search,2025-05-31 00:00,N,0
800006,2,Paid Social,2025-02-21 00:00,Y,101.24
803017,5,Email,2025-02-06 00:00,Y,56.32
806458,1,SEO,2025-01-04 00:00,Y,77.38
808154,1,Paid Social,2024-06-14 00:00,Y,73.01
808150,2,Paid Search,2024-04-21 00:00,N,0
800906,4,Paid Search,2025-07-12 00:00,N,0
801847,4,Paid Social,2024-09-11 00:00,N,0
808532,3,SEO,2025-03-17 00:00,N,0
800228,5,SEO,2025-08-08 00:00,Y,140.81
801454,3,Paid Social,2025-08-02 00:00,N,0
803705,2,Paid Search,2024-08-07 00:00,Y,100.42
801583,1,Paid Search,2025-01-27 00:00,Y,127.54
804629,1,Email,2024-02-19 00:00,N,0
801609,2,Paid Social,2024-07-17 00:00,Y,103.03
803743,2,Email,2024-10-16 00:00,N,0
805892,3,SEO,2024-08-16 00:00,N,0
802846,2,SEO,2024-06-07 00:00,N,0
807696,1,SEO,2025-01-05 00:00,N,0
803694,1,Paid Social,2024-04-04 00:00,N,0
808944,2,Email,2024-08-05 00:00,N,0
807540,2,SEO,2025-01-27 00:00,Y,82.49
806495,3,SEO,2025-08-29 00:00,Y,106.03
803886,4,Paid Search,2024-01-19 00:00,Y,171.68
804527,2,SEO,2024-02-03 00:00,Y,217.39
804528,1,Email,2024-06-10 00:00,N,0
800683,2,SEO,2025-01-28 00:00,Y,154.7
804692,5,Paid Social,2024-05-05 00:00,Y,177.2
802940,2,SEO,2025-06-16 00:00,N,0
800065,1,Email,2025-10-09 00:00,N,0
807260,1,Paid Social,2025-05-21 00:00,N,0
808626,5,Email,2024-11-30 00:00,N,0
803846,1,Paid Social,2024-03-16 00:00,Y,65.48
808003,1,Paid Social,2025-01-02 00:00,Y,155.76
804453,2,Email,2024-02-08 00:00,N,0
806301,3,Paid Search,2025-02-14 00:00,Y,163.4
801941,2,Paid Social,2024-12-30 00:00,Y,167.97
801810,1,Paid Search,2024-09-20 00:00,Y,60.25
803362,2,SEO,2025-01-06 00:00,Y,54.51
805390,1,Paid Social,2025-06-21 00:00,Y,216.57
803727,2,SEO,2024-04-11 00:00,N,0
802006,1,SEO,2024-06-03 00:00,Y,134.77
800473,2,Paid Search,2025-04-11 00:00,N,0
807360,1,Paid Search,2025-07-17 00:00,N,0
807078,2,Paid Search,2025-05-06 00:00,N,0
805100,1,Paid Social,2025-07-11 00:00,Y,79.87
805770,2,SEO,2025-09-01 00:00,Y,83.02
804114,1,Paid Search,2025-10-02 00:00,Y,70.5
806895,4,Paid Search,2024-04-10 00:00,N,0
805744,1,SEO,2024-07-08 00:00,Y,94.59
802156,1,Paid Search,2025-06-17 00:00,N,0
805230,2,SEO,2024-02-21 00:00,Y,72.62
804969,2,Paid Search,2025-04-15 00:00,Y,178.86
808114,1,Paid Search,2025-07-20 00:00,Y,148.88
806771,4,Paid Search,2025-07-25 00:00,N,0
807640,3,Paid Social,2025-08-10 00:00,Y,92.45
800768,4,Email,2024-05-10 00:00,Y,116.14
805172,3,Email,2025-03-12 00:00,Y,70.64
807366,2,Email,2024-01-08 00:00,N,0
808989,2,Email,2024-06-24 00:00,N,0
803525,1,Paid Search,2025-09-18 00:00,Y,173.73
805408,1,Paid Social,2024-05-01 00:00,Y,57.11
801897,4,Paid Search,2025-08-06 00:00,N,0
808476,3,Paid Search,2025-03-05 00:00,Y,119.26
800803,1,SEO,2024-12-20 00:00,N,0
807461,4,Email,2025-07-28 00:00,Y,166.8
803876,2,SEO,2024-04-25 00:00,Y,188.8
802564,1,Paid Search,2024-08-07 00:00,Y,123.11
807169,1,Paid Search,2025-03-12 00:00,N,0
805741,4,Email,2024-02-15 00:00,Y,83.23
808580,1,SEO,2024-08-08 00:00,Y,88.55
806091,2,Email,2025-01-31 00:00,N,0
807979,2,Email,2024-03-27 00:00,Y,75.28
807516,2,SEO,2024-10-05 00:00,N,0
806077,3,Paid Social,2024-04-08 00:00,N,0
807297,2,Paid Social,2024-11-20 00:00,Y,135.37
802477,3,Paid Search,2024-05-13 00:00,N,0
806870,4,Email,2025-05-08 00:00,Y,114.23
804533,2,Paid Social,2024-09-07 00:00,N,0
802566,2,SEO,2025-06-27 00:00,N,0
806413,3,Email,2024-06-15 00:00,Y,106.52
800412,1,SEO,2024-04-24 00:00,N,0
806077,1,Paid Social,2024-03-31 00:00,N,0
805865,1,SEO,2025-05-05 00:00,N,0
806143,3,Email,2024-04-19 00:00,N,0
804826,1,SEO,2025-03-27 00:00,Y,111.58
808505,2,Email,2025-09-27 00:00,Y,53.16
804653,1,SEO,2024-07-20 00:00,N,0
803505,1,SEO,2024-09-25 00:00,Y,57.17
805579,1,SEO,2025-06-21 00:00,N,0
802909,2,Paid Search,2025-07-01 00:00,N,0
805835,1,Paid Social,2024-05-02 00:00,Y,180.88
807862,1,Email,2024-08-11 00:00,Y,130.94
801649,3,Email,2025-07-18 00:00,Y,215.77
802897,3,Email,2025-08-18 00:00,N,0
806724,3,Email,2024-02-06 00:00,N,0
800954,3,Email,2024-02-07 00:00,N,0
803591,4,Email,2024-04-01 00:00,N,0
802891,2,Paid Social,2024-11-02 00:00,N,0
808941,2,Email,2025-05-25 00:00,Y,193.68
803292,2,SEO,2025-05-18 00:00,N,0
800096,2,Email,2025-10-07 00:00,Y,197.44
802738,1,Paid Search,2024-10-23 00:00,N,0
803372,1,SEO,2025-01-08 00:00,Y,122.96
804608,1,SEO,2025-06-13 00:00,N,0
801008,1,SEO,2025-05-18 00:00,N,0
808143,2,Paid Search,2024-01-25 00:00,Y,139.76
805336,1,SEO,2025-03-30 00:00,N,0
803726,1,SEO,2025-02-11 00:00,N,0
800392,2,SEO,2024-04-09 00:00,N,0
805031,4,Email,2025-06-12 00:00,Y,171.95
807676,4,SEO,2025-01-14 00:00,N,0
806268,2,SEO,2024-12-24 00:00,Y,178.71
801402,4,Email,2024-03-27 00:00,Y,124.81
807712,1,SEO,2025-09-13 00:00,N,0
802121,4,Paid Social,2025-08-14 00:00,N,0
803996,1,Email,2024-07-03 00:00,Y,54.86
804403,4,Paid Social,2024-01-23 00:00,Y,206.75
806299,1,Paid Search,2025-02-24 00:00,Y,147.03
807506,2,Email,2025-06-23 00:00,N,0
807339,2,SEO,2024-07-21 00:00,Y,162.64
801732,3,Email,2024-08-21 00:00,Y,36.34
807432,1,SEO,2024-11-16 00:00,Y,142.45
801430,2,SEO,2024-05-26 00:00,Y,115.84
805641,1,Paid Social,2024-07-06 00:00,Y,183.12
806314,2,Email,2024-11-28 00:00,Y,154.8
804250,2,Email,2025-01-27 00:00,N,0
800622,4,Email,2025-10-17 00:00,N,0
805838,4,Email,2025-10-06 00:00,N,0
806113,1,Paid Social,2024-04-29 00:00,Y,192.48
804228,2,SEO,2024-10-23 00:00,N,0
807056,1,Paid Social,2024-09-02 00:00,Y,36.7
802517,4,Email,2024-11-25 00:00,Y,179.9
806345,3,SEO,2024-08-02 00:00,Y,80.43
803881,2,Email,2024-08-25 00:00,Y,123.89
802654,4,Paid Search,2024-11-09 00:00,N,0
801050,3,Email,2025-06-13 00:00,N,0
803991,1,Paid Social,2024-05-11 00:00,Y,157.45
800038,2,SEO,2025-06-20 00:00,Y,165.73
802088,2,Paid Social,2025-08-08 00:00,Y,170.56
801359,2,Paid Social,2024-02-05 00:00,Y,89.51
805445,1,SEO,2024-07-24 00:00,Y,37.1
804485,2,SEO,2024-03-19 00:00,Y,129.26
804428,2,Email,2024-02-03 00:00,Y,107.13
807599,1,Paid Social,2025-05-08 00:00,Y,65.89
800179,1,Paid Search,2025-02-13 00:00,Y,197.33
805913,1,Email,2025-07-28 00:00,Y,157.91
801010,2,Email,2024-02-05 00:00,Y,77.03
801990,4,Email,2024-06-09 00:00,N,0
804475,1,SEO,2024-08-06 00:00,N,0
801054,2,Email,2025-05-09 00:00,Y,120.76
805814,1,Paid Search,2025-04-03 00:00,Y,134.46
801770,2,Paid Search,2024-09-04 00:00,Y,137.66
804175,2,Paid Search,2025-07-27 00:00,Y,82.33
805747,1,SEO,2024-12-19 00:00,N,0
806169,1,Paid Search,2025-06-05 00:00,Y,217.09
804115,3,SEO,2025-08-19 00:00,N,0
800702,1,Paid Social,2025-04-05 00:00,Y,186.54
804467,2,Email,2025-04-19 00:00,Y,122.39
800201,1,Email,2024-12-16 00:00,Y,60.12
801553,2,Paid Social,2024-01-17 00:00,Y,180.2
802189,2,Paid Social,2025-10-16 00:00,N,0
808399,2,Paid Search,2024-02-03 00:00,Y,81.56
801373,4,Paid Search,2024-11-20 00:00,Y,175.59
802734,3,Paid Social,2025-01-06 00:00,N,0
804809,1,Paid Social,2025-10-05 00:00,Y,178.95
807459,3,Paid Search,2025-10-04 00:00,N,0
800421,3,Paid Search,2025-04-19 00:00,Y,146.42
804959,1,Paid Social,2024-02-19 00:00,Y,60.33
800461,2,SEO,2025-02-28 00:00,Y,51.23
800614,2,Email,2025-07-21 00:00,N,0
808659,3,Paid Social,2025-03-28 00:00,Y,187.86
802574,1,Paid Social,2024-10-03 00:00,Y,41.54
807095,1,Paid Search,2024-07-04 00:00,Y,181.21
802304,3,Email,2025-05-12 00:00,Y,176.42
800431,2,Email,2025-08-17 00:00,Y,213.35
807770,1,SEO,2024-09-04 00:00,Y,66.85
807153,1,Email,2024-03-08 00:00,Y,171.29
808717,1,SEO,2025-08-11 00:00,Y,70.23
802051,2,Paid Search,2025-08-09 00:00,Y,132.87
804798,4,SEO,2025-10-20 00:00,Y,40.12
806306,2,Paid Search,2024-04-20 00:00,Y,144.15
807404,1,SEO,2024-03-10 00:00,Y,177.77
808170,2,Email,2025-06-01 00:00,Y,77.51
803154,3,Paid Search,2025-09-12 00:00,Y,85.03
803160,1,Paid Social,2025-08-23 00:00,Y,65.11
804496,1,Email,2024-03-17 00:00,Y,148.79
800141,2,Paid Search,2024-05-19 00:00,Y,204.31
805366,1,Paid Social,2024-06-13 00:00,N,0
807849,1,Paid Social,2025-01-26 00:00,Y,75.34
801206,1,SEO,2025-03-27 00:00,N,0
803290,1,Email,2024-11-07 00:00,N,0
804241,2,SEO,2025-08-15 00:00,Y,115.54
806549,2,Paid Social,2025-10-08 00:00,N,0
802837,1,Email,2025-06-29 00:00,Y,68.58
808453,3,Email,2025-02-05 00:00,Y,39.83
807695,2,SEO,2025-04-10 00:00,N,0
802547,2,Paid Search,2025-05-23 00:00,Y,39.12
800974,3,Paid Search,2024-01-21 00:00,N,0
807271,2,Paid Search,2024-12-06 00:00,Y,173.82
808454,3,Email,2024-05-17 00:00,N,0
806656,1,Paid Social,2024-04-13 00:00,N,0
801352,3,Paid Social,2025-05-05 00:00,N,0
800814,4,Paid Search,2024-12-14 00:00,Y,192.59
801881,1,Paid Social,2024-07-21 00:00,Y,98.99
803199,1,Paid Social,2025-10-12 00:00,Y,74.22
800393,1,SEO,2024-04-16 00:00,Y,170.53
805215,1,Email,2025-01-03 00:00,Y,142.68
808280,1,Paid Search,2024-09-20 00:00,N,0
808747,3,Email,2024-06-04 00:00,Y,46.41
802108,5,Email,2025-07-04 00:00,N,0
803791,1,SEO,2025-10-06 00:00,Y,87.8
808290,1,SEO,2024-12-13 00:00,N,0
800592,3,Paid Social,2025-05-25 00:00,N,0
803562,2,Paid Social,2024-08-15 00:00,N,0
803638,5,Paid Search,2024-01-16 00:00,N,0
801447,2,Paid Search,2025-06-27 00:00,Y,154.09
801011,3,Paid Social,2025-04-12 00:00,Y,185.76
800040,2,Paid Social,2024-04-18 00:00,N,0
807736,3,Email,2024-04-30 00:00,Y,187.7
806562,1,Paid Social,2024-09-25 00:00,Y,170.46
801208,2,SEO,2024-10-25 00:00,N,0
808936,1,SEO,2024-09-12 00:00,Y,121.99
804427,2,Paid Social,2025-07-23 00:00,Y,69.2
802679,2,SEO,2024-11-01 00:00,N,0
807298,3,Paid Search,2025-05-14 00:00,Y,161.93
807448,2,Email,2024-12-20 00:00,Y,156.38
803863,1,Email,2025-04-06 00:00,Y,48.71
805232,2,SEO,2025-07-27 00:00,Y,110.72
805854,1,SEO,2025-08-10 00:00,Y,143.07
802133,1,SEO,2024-06-23 00:00,Y,36.55
808684,2,Email,2025-09-23 00:00,N,0
804320,2,Paid Social,2025-02-22 00:00,N,0
800426,2,Paid Search,2025-08-24 00:00,Y,136.65
802950,2,SEO,2025-04-03 00:00,Y,54.89
808552,1,Paid Search,2024-05-06 00:00,Y,178.58
807436,2,Paid Social,2024-05-10 00:00,Y,153.17
805337,1,SEO,2024-07-26 00:00,N,0
800744,3,Email,2024-02-24 00:00,N,0
804134,3,SEO,2024-12-26 00:00,Y,90.77
808324,4,Email,2024-06-16 00:00,Y,39.23
806556,2,SEO,2024-09-15 00:00,Y,202.98
802466,4,Paid Social,2025-08-09 00:00,N,0
807139,1,SEO,2024-09-19 00:00,N,0
803079,2,SEO,2024-04-07 00:00,Y,49.38
808597,2,Email,2024-01-03 00:00,N,0
801111,5,Paid Search,2024-12-09 00:00,Y,160.55
802099,4,Email,2025-03-26 00:00,Y,51.4
803718,1,SEO,2024-05-06 00:00,Y,126.26
803879,2,SEO,2024-03-16 00:00,Y,180.36
803539,2,Email,2025-03-08 00:00,Y,196.21
800264,1,Paid Social,2024-08-08 00:00,Y,103.75
803666,5,Email,2024-11-21 00:00,Y,164.39
806780,3,Email,2025-08-28 00:00,N,0
803619,1,SEO,2024-10-13 00:00,Y,138.26
808286,3,Email,2024-05-28 00:00,N,0
804731,2,Paid Social,2024-11-22 00:00,N,0
807327,2,Paid Search,2024-07-09 00:00,Y,122.53
806513,1,Paid Social,2025-03-29 00:00,Y,139.27
804149,1,SEO,2024-01-02 00:00,Y,80.12
807302,1,Paid Social,2025-10-08 00:00,N,0
806804,3,Email,2025-01-02 00:00,Y,68.44
806229,4,SEO,2024-09-16 00:00,Y,204.41
800628,1,Paid Social,2025-04-14 00:00,Y,63.49
804148,1,Paid Social,2025-08-21 00:00,N,0
804862,3,Paid Search,2024-12-28 00:00,N,0
803376,1,Paid Social,2025-09-16 00:00,N,0
806657,2,Email,2024-12-13 00:00,N,0
802684,1,Paid Social,2024-11-05 00:00,Y,74.97
801603,4,Paid Search,2025-04-01 00:00,N,0
802072,3,Email,2024-12-25 00:00,N,0
806758,1,Paid Social,2024-09-01 00:00,Y,111.28
807606,1,Paid Social,2025-02-26 00:00,Y,191.11
804050,2,SEO,2024-05-31 00:00,Y,176.15
806535,1,Paid Social,2024-06-07 00:00,N,0
806347,2,SEO,2024-04-13 00:00,N,0
804910,1,SEO,2025-03-30 00:00,N,0
800121,2,SEO,2025-04-06 00:00,Y,109.39
804984,3,Paid Social,2025-02-27 00:00,Y,67.92
803261,3,Email,2024-12-19 00:00,Y,146.64
800979,5,Email,2024-08-20 00:00,Y,141.13
801141,2,Email,2025-09-03 00:00,Y,76.46
800425,2,Paid Search,2025-04-29 00:00,N,0
806046,2,SEO,2025-02-12 00:00,Y,105.56
802048,1,Paid Social,2025-03-13 00:00,Y,39.15
803434,1,SEO,2024-01-02 00:00,Y,126.07
806559,2,Paid Search,2024-05-21 00:00,N,0
805081,3,Email,2024-07-19 00:00,N,0
802043,2,Paid Search,2025-07-17 00:00,Y,156.19
802352,3,Email,2024-07-17 00:00,Y,99.12
800097,3,Email,2025-04-24 00:00,Y,119.61
806031,2,Email,2024-04-17 00:00,Y,173.72
800833,1,Paid Social,2024-05-23 00:00,Y,193.44
804653,3,SEO,2024-07-22 00:00,N,0
801593,3,Paid Social,2024-09-15 00:00,N,0
803361,1,Paid Social,2025-07-03 00:00,Y,116.43
806760,1,SEO,2024-04-22 00:00,Y,124.61
806322,1,Paid Social,2024-08-07 00:00,Y,84.38
806550,2,Email,2025-09-01 00:00,N,0
808886,2,Email,2024-02-03 00:00,Y,73.43
804528,2,Paid Search,2024-06-13 00:00,N,0
806124,1,SEO,2025-02-25 00:00,N,0
806508,2,SEO,2024-07-07 00:00,Y,92.08
805419,4,Paid Social,2025-08-18 00:00,N,0
801483,1,Paid Social,2025-08-03 00:00,Y,117.24
804322,1,Paid Social,2024-01-06 00:00,Y,126.42
807032,3,SEO,2024-08-06 00:00,Y,130.37
801038,1,Paid Social,2025-08-29 00:00,N,0
808000,1,SEO,2024-10-08 00:00,N,0
800866,2,SEO,2025-01-31 00:00,Y,105.08
807112,3,Email,2024-10-04 00:00,N,0
801085,1,SEO,2025-02-27 00:00,Y,146.73
800073,2,Email,2025-02-01 00:00,Y,95.05
805811,1,Paid Search,2024-05-22 00:00,Y,103.27
801913,2,Email,2025-05-02 00:00,N,0
808230,2,Paid Social,2025-06-17 00:00,N,0
803313,2,Email,2024-03-19 00:00,Y,195.7
801722,1,SEO,2024-03-25 00:00,Y,145.4
804650,2,Email,2024-12-13 00:00,N,0
801369,2,Paid Social,2025-08-06 00:00,N,0
801848,2,Paid Search,2024-06-16 00:00,N,0
808807,1,Paid Social,2024-05-29 00:00,Y,119.54
804757,1,SEO,2024-10-22 00:00,N,0
805605,1,SEO,2024-09-14 00:00,Y,92.44
803927,3,Email,2024-09-07 00:00,N,0
804691,2,SEO,2024-03-12 00:00,Y,144.05
807664,1,Paid Social,2024-05-30 00:00,Y,123.87
802099,2,SEO,2025-03-16 00:00,Y,51.4
804306,1,Paid Social,2025-10-15 00:00,Y,205.11
807210,2,Paid Search,2025-08-17 00:00,N,0
805898,1,Paid Search,2025-02-20 00:00,Y,139.91
803459,5,Email,2025-07-05 00:00,Y,82.01
806505,3,Paid Social,2024-05-28 00:00,N,0
800865,2,SEO,2024-07-03 00:00,Y,98.63
801333,2,Email,2025-02-04 00:00,Y,119.45
806045,2,Email,2024-01-17 00:00,Y,38.84
807722,2,Email,2025-01-01 00:00,Y,91.47
805247,1,Paid Search,2024-10-19 00:00,Y,144.86
804454,3,Email,2024-06-06 00:00,Y,56.9
808783,2,SEO,2025-03-28 00:00,N,0
802138,4,Paid Social,2025-01-22 00:00,Y,168.21
802690,1,SEO,2025-08-28 00:00,N,0
800053,1,SEO,2025-07-18 00:00,N,0
805471,2,Paid Social,2025-02-23 00:00,Y,144.08
800407,3,Email,2025-10-11 00:00,N,0
800213,1,Paid Social,2024-02-12 00:00,N,0
800108,2,SEO,2025-06-26 00:00,Y,133.04
802892,3,SEO,2025-08-05 00:00,Y,85.3
802214,3,Email,2025-03-12 00:00,Y,93.36
805690,1,Email,2025-09-30 00:00,Y,116.21
804835,3,Paid Search,2024-05-16 00:00,Y,135.48
802711,1,Paid Social,2024-07-18 00:00,Y,49.51
807177,3,Paid Search,2025-01-17 00:00,N,0
807927,2,Paid Search,2025-08-13 00:00,Y,58.19
801524,1,Paid Search,2024-03-30 00:00,N,0
800506,1,SEO,2024-05-23 00:00,Y,191.33
806270,2,Email,2024-01-20 00:00,Y,217.91
802446,2,Email,2025-01-31 00:00,N,0
800661,1,SEO,2024-05-20 00:00,Y,214.4
801512,1,Email,2025-10-15 00:00,N,0
800199,4,Email,2024-11-09 00:00,Y,170.98
801404,3,Paid Search,2025-09-24 00:00,Y,101.61
805066,1,Paid Social,2024-07-18 00:00,N,0
808166,2,Paid Social,2024-03-31 00:00,Y,140.41
802955,3,Email,2025-03-18 00:00,Y,60.57
808968,2,Paid Search,2024-07-05 00:00,Y,217.65
808976,5,Paid Search,2024-01-24 00:00,Y,53.29
808606,4,Email,2024-08-31 00:00,Y,215.63
803504,1,SEO,2024-04-10 00:00,Y,149.52
804293,4,Email,2024-05-18 00:00,N,0
806191,2,SEO,2025-01-24 00:00,Y,78.27
807048,2,Email,2024-04-02 00:00,Y,163.6
805603,2,SEO,2024-08-01 00:00,N,0
803422,1,Paid Social,2024-12-10 00:00,Y,68.02
804172,3,SEO,2024-09-03 00:00,Y,46.14
807429,2,Email,2025-03-20 00:00,Y,101.48
805344,3,SEO,2025-06-01 00:00,N,0
806470,1,Paid Social,2025-02-20 00:00,Y,197.18
807009,2,Email,2025-03-15 00:00,Y,163.83
808193,2,Email,2024-01-08 00:00,Y,62.0
805332,1,Paid Search,2025-08-30 00:00,Y,120.71
807127,2,SEO,2025-02-18 00:00,Y,194.31
802899,1,Paid Social,2024-12-25 00:00,N,0
801510,2,SEO,2024-03-09 00:00,Y,65.4
803509,1,SEO,2024-07-20 00:00,Y,185.01
802089,1,Paid Social,2024-09-17 00:00,Y,183.22
802681,3,Paid Search,2025-07-08 00:00,Y,44.97
802087,1,SEO,2024-12-20 00:00,Y,89.26
800515,3,Email,2025-08-14 00:00,N,0
807512,1,Paid Search,2024-11-21 00:00,Y,188.16
801289,5,Paid Social,2025-06-20 00:00,Y,39.72
808305,2,Paid Search,2024-02-18 00:00,N,0
800692,3,Paid Search,2024-10-03 00:00,Y,166.63
804438,1,Paid Social,2024-11-29 00:00,N,0
800026,3,SEO,2024-12-30 00:00,N,0
805903,2,Email,2024-11-25 00:00,N,0
803864,1,Paid Search,2024-11-21 00:00,Y,70.22
808562,3,Email,2024-05-31 00:00,Y,137.99
807600,2,Paid Search,2024-12-26 00:00,N,0
803124,1,Paid Search,2025-08-29 00:00,Y,124.78
803056,1,Paid Social,2025-09-18 00:00,Y,123.21
807755,1,Email,2024-12-26 00:00,N,0
801480,1,SEO,2025-05-29 00:00,N,0
803401,3,Paid Search,2025-06-09 00:00,N,0
800035,5,Email,2024-12-23 00:00,N,0
802197,2,SEO,2024-11-19 00:00,Y,183.21
803010,2,Email,2024-09-22 00:00,Y,35.99
806351,3,Email,2024-10-25 00:00,Y,175.64
801303,1,Paid Social,2024-07-02 00:00,Y,174.55
802500,4,Paid Search,2024-05-02 00:00,Y,169.57
804238,1,Email,2025-06-30 00:00,N,0
803161,1,SEO,2024-05-26 00:00,Y,176.42
800985,4,Email,2024-06-22 00:00,N,0
808882,3,Email,2024-07-01 00:00,N,0
804115,5,Paid Social,2025-08-31 00:00,N,0
801309,5,Email,2025-04-16 00:00,Y,149.3
807201,2,Email,2024-04-09 00:00,N,0
803303,2,Email,2024-08-15 00:00,Y,144.95
806746,1,Paid Social,2025-10-16 00:00,Y,108.35
807165,1,SEO,2024-02-16 00:00,N,0
800897,2,Email,2024-11-24 00:00,Y,144.22
803313,5,Email,2024-03-23 00:00,Y,195.7
806068,2,Paid Social,2024-09-03 00:00,N,0
807943,1,SEO,2024-01-30 00:00,N,0
800634,1,SEO,2024-10-31 00:00,N,0
804848,1,Paid Search,2025-09-03 00:00,Y,104.87
806946,2,Paid Social,2025-08-08 00:00,Y,122.57
800358,1,Email,2025-10-12 00:00,N,0
801265,1,SEO,2024-03-07 00:00,Y,67.78
803151,2,Paid Search,2025-07-11 00:00,Y,50.23
808135,1,Paid Social,2024-04-12 00:00,Y,130.88
805959,4,Email,2024-11-07 00:00,N,0
802710,1,SEO,2025-09-05 00:00,Y,83.96
801511,2,Paid Search,2024-06-11 00:00,Y,213.32
807866,1,Paid Social,2024-02-19 00:00,N,0
805176,2,Paid Social,2024-02-05 00:00,Y,195.74
805788,1,Paid Search,2024-07-01 00:00,Y,134.24
805522,3,Paid Social,2025-05-04 00:00,N,0
800527,3,SEO,2025-03-21 00:00,N,0
806832,3,Paid Search,2024-09-22 00:00,Y,133.52
807201,5,Email,2024-04-18 00:00,N,0
800487,1,Email,2025-08-10 00:00,Y,188.27
800119,3,Paid Social,2024-11-14 00:00,Y,202.52
805303,2,Paid Search,2024-03-24 00:00,N,0
808409,3,Email,2024-11-25 00:00,N,0
807865,1,SEO,2024-06-06 00:00,Y,140.36
804458,2,Paid Search,2024-01-10 00:00,Y,132.26
803004,1,SEO,2024-06-26 00:00,N,0
806595,1,SEO,2025-08-21 00:00,Y,110.88
803406,3,Email,2024-05-22 00:00,Y,102.78
803702,2,Paid Search,2024-04-11 00:00,Y,177.23
808158,4,SEO,2025-01-08 00:00,Y,42.98
802800,1,SEO,2024-05-14 00:00,N,0
808097,2,Paid Social,2024-10-17 00:00,Y,106.92
802513,2,Paid Search,2024-02-11 00:00,Y,52.59
805781,1,SEO,2024-09-09 00:00,Y,81.99
808025,2,Email,2025-07-29 00:00,Y,164.67
800800,2,Paid Search,2024-04-15 00:00,Y,96.27
806957,2,Paid Social,2025-09-16 00:00,Y,202.85
804025,2,Email,2024-12-20 00:00,N,0
803596,3,Paid Social,2025-02-24 00:00,Y,133.81
807356,3,Email,2025-06-01 00:00,Y,63.25
803020,1,Paid Search,2025-07-26 00:00,Y,168.76
807535,1,Paid Search,2025-06-06 00:00,N,0
808607,5,Email,2024-11-02 00:00,N,0
805914,1,Paid Search,2024-07-06 00:00,Y,113.11
807298,1,Paid Search,2025-05-12 00:00,Y,161.93
800331,2,Paid Social,2024-07-29 00:00,Y,182.66
808304,2,SEO,2024-04-03 00:00,Y,217.12
801404,1,SEO,2025-09-20 00:00,Y,101.61
800548,4,Email,2025-02-02 00:00,Y,103.52
805552,2,Paid Search,2024-05-06 00:00,Y,153.02
800612,3,Email,2024-08-26 00:00,Y,131.38
808867,2,SEO,2025-03-02 00:00,Y,216.28
807802,2,Paid Social,2024-07-31 00:00,Y,83.45
801801,2,Email,2024-10-13 00:00,Y,193.11
802466,1,Paid Search,2025-07-28 00:00,N,0
800148,4,Paid Search,2024-05-29 00:00,N,0
805573,3,Paid Social,2024-02-02 00:00,Y,138.95
806452,2,SEO,2025-03-23 00:00,N,0
806850,1,Paid Social,2024-09-23 00:00,Y,184.85
804710,1,Paid Social,2024-12-31 00:00,Y,145.01
805461,2,Paid Social,2025-08-25 00:00,Y,95.5
808315,1,Paid Social,2024-07-30 00:00,Y,38.72
808649,3,Email,2024-02-14 00:00,Y,69.22
805444,1,Paid Social,2025-07-11 00:00,N,0
800114,1,Paid Social,2024-10-28 00:00,Y,54.12
801613,3,Paid Search,2025-03-04 00:00,N,0
800557,2,Paid Search,2025-07-27 00:00,Y,199.36
800542,5,Email,2025-06-05 00:00,Y,35.81
801116,2,Email,2024-05-04 00:00,N,0
802655,2,Paid Search,2024-01-14 00:00,Y,206.76
808513,2,Email,2025-02-05 00:00,Y,50.43
800936,1,Paid Social,2024-09-18 00:00,N,0
808331,1,SEO,2025-02-22 00:00,N,0
803165,1,Paid Social,2024-06-10 00:00,Y,117.72
807768,1,SEO,2024-06-04 00:00,Y,108.88
803292,1,SEO,2025-05-17 00:00,N,0
805056,3,Paid Search,2025-02-21 00:00,Y,42.55
800892,5,Paid Social,2024-04-01 00:00,N,0
801904,1,SEO,2024-04-29 00:00,Y,68.28
802690,4,Email,2025-09-03 00:00,N,0
805023,1,SEO,2024-05-13 00:00,N,0
802206,1,Email,2025-02-25 00:00,N,0
808020,3,Paid Social,2025-03-20 00:00,Y,49.29
801896,1,Paid Social,2024-04-25 00:00,N,0
808851,1,SEO,2025-07-04 00:00,N,0
804887,3,Email,2025-07-20 00:00,Y,128.07
808513,1,SEO,2025-02-02 00:00,Y,50.43
808567,3,Paid Social,2024-11-08 00:00,Y,194.89
808221,1,Paid Search,2024-01-07 00:00,N,0
806203,3,Email,2025-05-15 00:00,N,0
807339,4,Email,2024-07-31 00:00,Y,162.64
800642,1,SEO,2024-08-22 00:00,N,0
808032,1,SEO,2025-03-29 00:00,Y,202.43
800446,1,SEO,2025-05-01 00:00,Y,89.57
807324,2,Email,2025-04-16 00:00,N,0
803804,1,Paid Search,2025-05-14 00:00,Y,35.64
802717,1,SEO,2025-02-16 00:00,Y,69.0
803751,3,Email,2025-02-11 00:00,Y,40.24
802567,5,Paid Social,2025-01-17 00:00,Y,82.84
802587,1,Paid Social,2024-08-01 00:00,Y,130.94
800989,2,Paid Social,2024-09-28 00:00,Y,190.45
807803,1,Paid Search,2024-08-25 00:00,Y,175.9
806559,1,Paid Social,2024-05-19 00:00,N,0
807386,3,Paid Search,2024-05-04 00:00,Y,82.64
808196,1,SEO,2024-12-25 00:00,Y,217.71
801368,3,Paid Search,2024-10-18 00:00,Y,161.81
800124,3,Email,2025-01-04 00:00,N,0
803259,2,Paid Search,2024-10-22 00:00,N,0
800789,3,Paid Search,2024-02-11 00:00,N,0
800951,1,Email,2024-04-25 00:00,Y,46.53
807773,2,Email,2025-08-28 00:00,N,0
808887,4,Paid Social,2025-06-29 00:00,N,0
803449,1,SEO,2024-04-07 00:00,Y,71.75
802555,1,SEO,2025-04-22 00:00,N,0
807319,1,Email,2024-08-31 00:00,N,0
805036,3,Paid Social,2025-04-04 00:00,N,0
801316,3,Paid Social,2024-05-02 00:00,N,0
805632,1,Email,2025-06-16 00:00,Y,152.02
800775,1,SEO,2025-01-01 00:00,N,0
805176,1,SEO,2024-02-04 00:00,Y,195.74
800204,3,Email,2024-11-29 00:00,Y,191.08
805430,1,Paid Social,2025-08-29 00:00,N,0
806774,1,Paid Search,2024-08-05 00:00,N,0
802277,2,Paid Social,2025-08-26 00:00,N,0
808316,1,SEO,2024-04-29 00:00,Y,40.83
800368,2,Email,2024-08-13 00:00,N,0
801570,2,Email,2024-12-01 00:00,N,0
802255,2,Email,2025-09-07 00:00,Y,142.27
808898,1,Paid Search,2025-05-05 00:00,Y,46.58
801442,1,Paid Social,2024-10-05 00:00,Y,94.61
800120,3,Paid Social,2025-08-02 00:00,Y,48.79
805195,2,Paid Social,2025-05-01 00:00,N,0
808084,1,Email,2024-12-07 00:00,Y,68.37
806708,4,Email,2024-07-16 00:00,Y,150.66
808406,1,Email,2025-03-10 00:00,N,0
801532,2,Email,2025-08-26 00:00,Y,192.02
805477,1,SEO,2025-02-25 00:00,N,0
807224,2,SEO,2025-06-18 00:00,N,0
803901,5,Email,2025-02-25 00:00,N,0
804586,4,Paid Social,2024-05-30 00:00,Y,209.99
803912,1,SEO,2025-05-15 00:00,N,0
805331,1,SEO,2025-09-08 00:00,Y,124.74
803654,2,Paid Social,2025-05-07 00:00,N,0
804508,2,SEO,2024-04-23 00:00,N,0
806893,1,Paid Search,2024-01-10 00:00,Y,177.29
806710,4,Email,2024-02-29 00:00,Y,217.31
804067,2,Email,2024-11-17 00:00,Y,185.05
806246,2,Paid Search,2024-02-28 00:00,Y,125.97
804666,2,Paid Social,2025-06-06 00:00,Y,86.93
806548,1,SEO,2024-05-08 00:00,Y,213.48
806642,1,SEO,2024-03-02 00:00,Y,38.84
801328,1,SEO,2025-01-03 00:00,N,0
805329,4,Email,2024-12-08 00:00,Y,132.04
807258,1,Paid Social,2025-08-14 00:00,Y,211.84
802221,2,Paid Social,2024-07-10 00:00,Y,168.94
800311,3,Email,2025-04-12 00:00,Y,140.45
804052,1,SEO,2024-05-20 00:00,Y,91.88
805867,4,Email,2025-01-05 00:00,N,0
800094,1,SEO,2025-01-14 00:00,N,0
801276,1,SEO,2024-09-14 00:00,N,0
805361,2,Email,2025-01-12 00:00,Y,127.18
801005,1,Paid Social,2025-06-24 00:00,Y,100.61
801693,2,Paid Search,2024-01-15 00:00,Y,139.47
807696,4,Email,2025-01-14 00:00,N,0
803439,5,Paid Search,2025-06-11 00:00,N,0
801669,2,Paid Search,2025-01-14 00:00,Y,190.78
805716,2,SEO,2025-06-26 00:00,Y,213.61
805065,1,Email,2024-01-17 00:00,Y,108.76
807393,2,Email,2025-03-31 00:00,N,0
803030,3,Paid Search,2024-06-21 00:00,Y,52.08
801513,2,Email,2024-03-19 00:00,N,0
804690,4,Paid Search,2024-06-23 00:00,N,0
804803,3,SEO,2024-04-07 00:00,N,0
803299,1,SEO,2025-04-15 00:00,Y,199.95
804351,1,Email,2024-09-07 00:00,Y,81.35
806679,2,SEO,2024-11-16 00:00,Y,83.06
807560,2,Email,2025-01-15 00:00,N,0
805975,2,Email,2025-03-09 00:00,N,0
804653,2,Paid Social,2024-07-22 00:00,N,0
806092,2,Paid Search,2025-05-12 00:00,Y,83.6
808759,3,Paid Social,2025-06-16 00:00,N,0
806540,2,Paid Social,2024-10-02 00:00,Y,73.6
800516,2,SEO,2025-06-04 00:00,N,0
800406,1,Paid Social,2024-04-07 00:00,N,0
803500,2,SEO,2025-09-10 00:00,Y,213.59
801118,2,Email,2024-06-03 00:00,Y,216.44
804617,2,Paid Search,2024-09-01 00:00,Y,134.01
800771,1,Email,2024-07-18 00:00,N,0
807060,2,Paid Search,2025-02-23 00:00,Y,174.55
806658,1,SEO,2024-09-18 00:00,N,0
801589,3,Email,2025-01-31 00:00,N,0
804187,2,SEO,2025-08-21 00:00,Y,208.28
807865,2,Paid Search,2024-06-09 00:00,Y,140.36
804791,2,Paid Search,2024-03-20 00:00,Y,124.22
807099,1,SEO,2024-08-09 00:00,N,0
806068,1,Paid Social,2024-09-01 00:00,N,0
805482,2,SEO,2024-07-24 00:00,Y,206.77
807204,4,Paid Social,2025-06-16 00:00,N,0
806562,5,Email,2024-10-11 00:00,Y,170.46
807813,4,Paid Search,2024-08-17 00:00,Y,145.52
807263,1,SEO,2024-04-06 00:00,Y,120.67
806945,1,Paid Search,2024-03-14 00:00,Y,218.73
803895,3,Paid Search,2025-07-02 00:00,Y,219.1
806731,3,Paid Social,2025-02-09 00:00,Y,140.14
804329,2,SEO,2024-12-01 00:00,Y,56.04
804524,3,Paid Search,2024-07-21 00:00,N,0
807486,3,Paid Search,2025-01-22 00:00,Y,150.61
805980,3,Email,2024-08-14 00:00,Y,35.55
806014,2,Email,2025-02-21 00:00,Y,147.74
802615,1,SEO,2025-06-15 00:00,N,0
803368,2,Email,2025-09-02 00:00,Y,62.16
800528,2,SEO,2024-05-22 00:00,N,0
805947,3,Paid Search,2024-10-07 00:00,Y,117.36
808364,2,SEO,2024-09-02 00:00,N,0
803997,1,SEO,2024-04-11 00:00,N,0
806771,5,Email,2025-07-23 00:00,N,0
808370,1,SEO,2025-06-13 00:00,Y,141.59
808281,2,SEO,2024-01-04 00:00,Y,62.55
803103,1,SEO,2024-02-02 00:00,Y,210.95
802514,2,Email,2024-10-24 00:00,Y,116.93
800919,4,Paid Search,2024-03-02 00:00,Y,175.37
803545,1,Paid Social,2024-09-26 00:00,N,0
807578,2,SEO,2025-09-30 00:00,N,0
804684,1,SEO,2024-07-07 00:00,N,0
801812,3,Email,2024-06-18 00:00,Y,211.88
800310,2,Email,2025-10-02 00:00,N,0
805124,2,Paid Social,2025-10-03 00:00,Y,152.21
802909,1,SEO,2025-06-27 00:00,N,0
808414,2,Paid Search,2024-07-18 00:00,Y,184.81
801540,4,Paid Search,2024-08-30 00:00,Y,202.23
804117,4,SEO,2025-07-21 00:00,Y,89.18
803065,1,SEO,2025-01-25 00:00,Y,77.5
806349,4,Paid Social,2024-07-11 00:00,N,0
808311,2,Email,2024-04-15 00:00,Y,137.1
802826,3,Paid Social,2024-08-06 00:00,N,0
808545,4,Email,2024-04-10 00:00,Y,58.5
800054,4,Paid Search,2025-09-03 00:00,N,0
801716,2,Email,2024-07-03 00:00,Y,62.57
808570,3,Email,2025-03-18 00:00,Y,143.28
808577,2,Paid Search,2025-05-07 00:00,N,0
808385,1,SEO,2024-11-26 00:00,N,0
805568,2,Email,2024-09-06 00:00,N,0
808485,3,SEO,2024-10-25 00:00,Y,81.5
803493,2,Paid Search,2024-09-17 00:00,Y,162.18
805240,5,Paid Social,2024-07-18 00:00,N,0
807034,2,SEO,2024-04-24 00:00,N,0
801101,4,Paid Search,2024-09-29 00:00,N,0
804567,2,Paid Search,2024-09-13 00:00,N,0
807523,4,Paid Social,2024-05-25 00:00,Y,83.44
804570,3,Paid Social,2024-02-07 00:00,N,0
806603,1,Paid Search,2024-04-26 00:00,Y,124.33
804972,1,SEO,2025-01-17 00:00,N,0
802914,1,Paid Search,2025-04-02 00:00,N,0
804153,1,Paid Social,2025-08-07 00:00,Y,111.66
803677,2,Paid Search,2024-08-18 00:00,Y,190.12
800333,3,Paid Social,2025-06-02 00:00,N,0
803018,2,Paid Social,2024-02-22 00:00,Y,62.32
808238,1,Paid Social,2025-05-16 00:00,N,0
808375,3,SEO,2024-06-10 00:00,Y,153.97
800459,2,SEO,2024-05-04 00:00,Y,80.38
807541,3,Paid Search,2024-05-26 00:00,Y,157.61
806300,4,Email,2024-02-09 00:00,Y,112.89
808888,2,SEO,2024-10-20 00:00,Y,197.79
807178,1,Paid Social,2025-10-05 00:00,Y,118.58
800251,2,Email,2024-01-16 00:00,N,0
804487,3,Paid Search,2024-05-14 00:00,N,0
800591,5,Email,2024-04-06 00:00,Y,150.52
808700,2,Paid Social,2024-02-02 00:00,N,0
807715,3,SEO,2024-12-11 00:00,N,0
802064,4,Paid Social,2024-07-14 00:00,Y,173.86
805461,1,Paid Social,2025-08-22 00:00,Y,95.5
806343,1,Paid Search,2024-09-18 00:00,Y,56.55
804797,1,Email,2025-09-26 00:00,Y,187.65
805573,4,Paid Search,2024-02-06 00:00,Y,138.95
806721,1,Email,2024-01-08 00:00,Y,211.33
801149,1,SEO,2024-09-10 00:00,N,0
804670,3,Email,2025-10-16 00:00,N,0
805283,1,Paid Social,2024-12-17 00:00,N,0
802581,5,SEO,2024-08-30 00:00,Y,214.38
808245,5,Paid Search,2024-09-25 00:00,Y,217.89
805564,2,Paid Social,2024-05-31 00:00,Y,198.47
800070,1,SEO,2025-03-10 00:00,Y,142.26
806925,1,Paid Search,2024-06-19 00:00,Y,75.77
804594,1,Email,2025-02-10 00:00,Y,145.02
806149,2,Paid Search,2024-09-11 00:00,Y,121.36
801454,1,SEO,2025-07-25 00:00,N,0
802325,2,Email,2024-09-28 00:00,Y,140.61
801827,3,Paid Search,2024-10-16 00:00,Y,68.99
806365,3,Paid Search,2025-05-25 00:00,Y,192.08
801246,1,SEO,2025-05-12 00:00,Y,116.61
801680,2,Paid Search,2025-05-06 00:00,N,0
801816,1,SEO,2024-02-13 00:00,Y,108.36
803306,3,Email,2025-09-08 00:00,Y,111.36
802604,1,Paid Social,2024-12-28 00:00,N,0
802503,5,Paid Search,2025-01-10 00:00,Y,182.88
802805,3,Paid Social,2024-04-28 00:00,Y,138.76
801806,2,Paid Search,2025-09-14 00:00,Y,219.3
807388,2,Paid Social,2024-02-19 00:00,Y,203.91
802748,4,Email,2025-07-25 00:00,Y,184.21
801728,2,Paid Social,2024-02-26 00:00,N,0
806412,2,Paid Search,2024-02-15 00:00,N,0
804578,3,Paid Social,2024-01-20 00:00,Y,55.26
805279,1,Paid Social,2024-10-06 00:00,Y,173.52
806680,1,Paid Search,2024-11-27 00:00,Y,179.21
807745,1,Paid Social,2024-07-18 00:00,Y,66.11
807593,2,Paid Social,2025-09-23 00:00,N,0
802145,3,Paid Social,2024-01-17 00:00,N,0
807731,3,Email,2024-02-18 00:00,N,0
806674,1,SEO,2025-02-02 00:00,Y,198.64
800056,1,SEO,2025-08-05 00:00,Y,140.36
808390,1,SEO,2025-08-12 00:00,N,0
804640,2,Paid Search,2025-10-16 00:00,N,0
802262,2,Paid Social,2025-06-08 00:00,Y,60.63
805936,1,Paid Social,2024-10-08 00:00,Y,59.87
806368,1,SEO,2024-08-08 00:00,N,0
807623,3,Paid Social,2024-02-16 00:00,N,0
802328,2,Paid Social,2024-06-06 00:00,N,0
801182,2,Paid Social,2024-06-14 00:00,Y,114.99
808308,2,SEO,2024-06-01 00:00,Y,167.8
805861,2,SEO,2024-06-28 00:00,Y,43.75
800607,1,SEO,2025-01-26 00:00,Y,183.88
802924,2,Email,2024-11-26 00:00,Y,162.64
805753,3,SEO,2024-06-17 00:00,N,0
801248,1,Paid Search,2025-05-24 00:00,N,0
800988,3,Paid Search,2025-09-29 00:00,Y,189.32
803968,3,SEO,2024-01-24 00:00,N,0
807794,3,SEO,2024-10-05 00:00,Y,118.44
803380,1,Paid Social,2025-06-17 00:00,Y,214.29
800472,1,SEO,2025-03-06 00:00,Y,55.38
803805,2,SEO,2024-01-31 00:00,N,0
808676,2,Email,2025-02-08 00:00,Y,76.97
805769,4,Email,2025-04-08 00:00,N,0
806028,3,Email,2024-06-05 00:00,N,0
801593,4,Email,2024-09-22 00:00,N,0
805121,3,Paid Search,2025-05-28 00:00,N,0
806643,2,Paid Search,2024-06-29 00:00,N,0
806359,1,Email,2024-09-16 00:00,Y,215.92
800947,4,Email,2024-11-20 00:00,Y,89.72
807900,4,Paid Social,2025-08-18 00:00,Y,127.67
808911,1,Email,2024-08-17 00:00,Y,131.82
804097,1,Paid Social,2024-05-19 00:00,Y,81.52
803631,2,Paid Search,2024-06-12 00:00,N,0
807342,1,SEO,2025-08-07 00:00,Y,44.89
804762,2,Email,2025-05-04 00:00,N,0
802794,2,SEO,2024-04-21 00:00,Y,41.58
805089,2,Email,2025-08-13 00:00,Y,115.66
801260,2,Email,2024-03-11 00:00,N,0
808301,2,SEO,2024-09-19 00:00,Y,214.27
803096,1,Paid Social,2025-03-28 00:00,N,0
806757,3,Paid Search,2024-10-26 00:00,N,0
801552,2,Paid Social,2024-09-08 00:00,N,0
800327,3,Email,2024-09-03 00:00,Y,119.32
806158,2,SEO,2024-11-07 00:00,N,0
807306,3,SEO,2025-01-10 00:00,Y,136.77
801490,2,SEO,2024-06-21 00:00,Y,159.24
804477,2,SEO,2024-02-18 00:00,N,0
803156,1,SEO,2024-11-16 00:00,N,0
800319,3,Paid Search,2024-02-16 00:00,Y,215.29
804600,2,Email,2025-09-13 00:00,N,0
807415,1,SEO,2025-10-01 00:00,N,0
801040,1,SEO,2024-07-15 00:00,Y,64.73
802093,2,Email,2024-04-25 00:00,Y,36.23
807983,4,SEO,2024-09-29 00:00,Y,94.61
801765,3,Email,2024-07-10 00:00,Y,218.43
807266,2,Paid Search,2025-01-08 00:00,N,0
808242,4,SEO,2025-07-03 00:00,Y,129.5
802049,1,SEO,2025-09-18 00:00,Y,105.29
803666,1,SEO,2024-11-09 00:00,Y,164.39
800777,2,Paid Social,2024-12-25 00:00,Y,186.62
805745,2,Email,2025-08-25 00:00,N,0
807330,4,Paid Social,2025-07-04 00:00,N,0
804193,2,SEO,2024-06-30 00:00,N,0
803324,1,Paid Social,2025-01-30 00:00,N,0
803671,3,Email,2024-09-29 00:00,Y,208.93
802752,1,SEO,2025-04-15 00:00,Y,125.91
806442,3,Paid Search,2024-08-01 00:00,N,0
808841,1,Paid Social,2024-07-27 00:00,Y,80.75
805242,1,Paid Search,2025-07-10 00:00,Y,205.32
807077,2,Paid Social,2024-11-19 00:00,Y,194.74
808932,1,Paid Search,2024-10-10 00:00,Y,176.08
800670,1,SEO,2025-07-13 00:00,Y,165.26
803649,2,Email,2024-11-11 00:00,Y,177.54
807851,2,Paid Social,2024-06-18 00:00,N,0
806453,1,SEO,2024-01-24 00:00,Y,130.82
803752,5,Email,2024-11-28 00:00,Y,89.69
804979,4,Email,2025-02-26 00:00,Y,131.86
803108,1,Email,2025-09-18 00:00,N,0
802403,2,Paid Search,2024-12-11 00:00,Y,59.78
805179,3,Paid Search,2024-10-05 00:00,Y,161.57
805622,1,SEO,2025-05-29 00:00,Y,104.17
800969,2,Email,2024-09-18 00:00,Y,184.18
805728,3,Paid Social,2024-07-09 00:00,Y,126.1
808328,1,Email,2024-09-23 00:00,Y,138.79
807740,2,Email,2024-12-21 00:00,Y,81.18
801453,4,Paid Search,2024-04-05 00:00,Y,154.8
800689,1,SEO,2024-07-15 00:00,Y,106.42
806320,4,Email,2025-05-03 00:00,Y,203.83
801542,1,Paid Social,2025-09-15 00:00,N,0
800747,1,SEO,2024-12-14 00:00,Y,186.36
801510,4,Email,2024-03-18 00:00,Y,65.4
800347,2,SEO,2025-05-07 00:00,N,0
802223,2,SEO,2025-08-31 00:00,Y,118.34
800293,1,Paid Social,2024-01-31 00:00,N,0
802026,4,SEO,2024-09-03 00:00,N,0
803101,2,Email,2024-08-07 00:00,N,0
808959,2,Paid Search,2025-03-13 00:00,N,0
807012,2,SEO,2025-06-04 00:00,N,0
806536,5,SEO,2024-01-22 00:00,Y,181.67
807500,3,SEO,2024-08-08 00:00,N,0
806541,1,Email,2024-05-21 00:00,Y,120.8
801439,2,SEO,2025-02-19 00:00,N,0
804599,1,Paid Social,2025-08-24 00:00,Y,208.59
800321,3,SEO,2025-03-18 00:00,Y,193.9
802693,1,Paid Search,2025-08-05 00:00,Y,37.82
803332,2,Email,2025-06-28 00:00,N,0
806953,2,SEO,2024-07-20 00:00,N,0
806491,1,SEO,2024-08-18 00:00,Y,183.69
803760,1,Paid Social,2024-11-22 00:00,Y,211.96
807162,2,Email,2024-12-14 00:00,Y,103.05
800649,2,SEO,2024-10-06 00:00,N,0
801401,3,Email,2024-09-27 00:00,N,0
803703,3,SEO,2024-06-01 00:00,N,0
800248,4,Email,2025-10-19 00:00,N,0
804342,2,Email,2024-08-24 00:00,Y,175.59
805059,2,SEO,2025-07-28 00:00,N,0
803197,2,Email,2024-01-28 00:00,N,0
803623,2,Paid Search,2024-07-10 00:00,Y,96.89
804544,1,Email,2024-12-13 00:00,Y,196.35
802043,4,Email,2025-07-28 00:00,Y,156.19
804622,2,Paid Search,2025-07-23 00:00,N,0
806451,3,Paid Social,2024-05-11 00:00,Y,53.99
803353,3,Paid Search,2025-01-31 00:00,Y,188.4
803439,3,Email,2025-06-01 00:00,N,0
803625,3,Paid Search,2025-03-22 00:00,Y,199.06
808542,1,Paid Social,2024-05-29 00:00,Y,54.92
806880,1,Paid Search,2025-05-29 00:00,Y,110.7
807046,2,SEO,2025-04-30 00:00,Y,167.87
803752,3,Email,2024-12-02 00:00,Y,89.69
807237,2,Paid Social,2024-05-24 00:00,Y,142.06
802905,2,Email,2025-03-02 00:00,Y,124.25
800417,2,SEO,2025-03-10 00:00,Y,199.2
804262,4,Email,2025-08-25 00:00,Y,134.85
808105,1,Paid Social,2025-06-21 00:00,N,0
805048,1,SEO,2025-07-15 00:00,Y,35.64
806349,5,Email,2024-07-17 00:00,N,0
806651,2,SEO,2025-02-14 00:00,Y,148.52
804364,1,SEO,2025-06-29 00:00,N,0
803757,1,SEO,2024-11-05 00:00,Y,66.22
804461,1,SEO,2024-05-28 00:00,Y,209.75
807669,1,Paid Social,2025-03-02 00:00,N,0
801186,1,Paid Social,2024-01-08 00:00,Y,143.96
803580,2,Paid Social,2024-05-03 00:00,Y,131.68
807664,5,Paid Search,2024-06-07 00:00,Y,123.87
803151,1,Paid Social,2025-07-07 00:00,Y,50.23
807712,3,SEO,2025-09-15 00:00,N,0
800914,1,Email,2025-05-06 00:00,Y,40.66
807200,1,SEO,2024-07-24 00:00,Y,78.82
806248,2,Paid Social,2025-03-28 00:00,N,0
805183,1,Email,2025-04-30 00:00,N,0
804633,1,Email,2025-08-29 00:00,N,0
801308,5,Email,2025-02-01 00:00,N,0
804829,1,SEO,2025-07-23 00:00,N,0
807194,1,Paid Social,2024-04-24 00:00,Y,94.57
804026,2,Paid Search,2024-10-23 00:00,Y,158.78
802113,5,Paid Search,2025-05-01 00:00,Y,210.39
806019,1,Paid Search,2025-04-21 00:00,Y,133.51
804323,4,Paid Search,2024-12-24 00:00,N,0
807892,1,SEO,2024-04-27 00:00,N,0
805186,3,Paid Social,2024-02-29 00:00,Y,76.74
808633,1,Paid Search,2025-10-10 00:00,Y,200.08
804617,1,Paid Social,2024-08-29 00:00,Y,134.01
806838,3,Email,2024-03-29 00:00,Y,130.24
800626,2,Paid Social,2025-08-31 00:00,N,0
801490,4,Email,2024-06-26 00:00,Y,159.24
806303,1,Paid Social,2025-08-30 00:00,Y,123.28
807886,2,Paid Search,2025-03-20 00:00,Y,187.21
802804,5,Paid Social,2024-05-26 00:00,Y,200.76
803372,2,Email,2025-01-10 00:00,Y,122.96
802696,2,Paid Social,2024-02-16 00:00,Y,194.68
805374,2,Paid Search,2024-06-27 00:00,Y,74.46
805896,2,SEO,2025-06-04 00:00,Y,212.95
808598,2,Email,2024-05-06 00:00,N,0
803395,2,Paid Social,2025-05-29 00:00,Y,134.28
808065,1,Paid Social,2024-12-04 00:00,Y,114.09
800935,2,Paid Search,2025-07-15 00:00,N,0
803488,2,Paid Search,2024-08-04 00:00,Y,97.93
802691,1,Paid Social,2024-10-19 00:00,N,0
807388,1,SEO,2024-02-17 00:00,Y,203.91
801519,2,SEO,2024-06-12 00:00,N,0
808800,1,SEO,2024-10-18 00:00,N,0
806595,3,Paid Social,2025-08-27 00:00,Y,110.88
801366,3,Paid Search,2024-08-14 00:00,Y,89.95
802708,1,Paid Search,2025-09-10 00:00,N,0
801507,3,SEO,2025-06-06 00:00,Y,60.63
805276,1,SEO,2024-05-26 00:00,N,0
803630,3,Email,2024-08-16 00:00,N,0
806880,3,Paid Search,2025-05-31 00:00,Y,110.7
802185,1,Paid Social,2025-01-10 00:00,Y,80.82
800319,2,Paid Social,2024-02-09 00:00,Y,215.29
808728,1,Email,2025-09-30 00:00,N,0
803612,3,Paid Search,2025-02-01 00:00,N,0
800895,1,Paid Social,2024-01-16 00:00,Y,204.62
803691,1,SEO,2024-05-15 00:00,Y,77.78
802971,1,Paid Social,2024-12-01 00:00,N,0
803536,2,SEO,2025-07-09 00:00,Y,76.69
806281,2,Paid Search,2024-12-09 00:00,N,0
805085,5,Paid Search,2025-03-13 00:00,Y,110.4
808246,3,Paid Social,2024-03-15 00:00,Y,36.89
804409,1,Paid Social,2024-07-03 00:00,Y,184.28
805372,3,SEO,2024-11-13 00:00,Y,108.76
807967,3,Email,2025-06-15 00:00,Y,93.71
805962,2,Paid Social,2024-06-01 00:00,N,0
804964,2,SEO,2024-04-16 00:00,N,0
801631,4,Email,2024-12-17 00:00,Y,123.22
808138,3,Paid Social,2025-04-10 00:00,N,0
808934,2,Email,2025-10-02 00:00,N,0
804092,2,SEO,2025-06-22 00:00,N,0
802167,3,SEO,2024-07-18 00:00,Y,219.99
802991,1,Paid Social,2024-10-26 00:00,Y,197.22
800122,1,Email,2024-10-04 00:00,N,0
804795,2,SEO,2025-06-03 00:00,Y,76.19
806046,4,Paid Social,2025-02-15 00:00,Y,105.56
802113,4,Email,2025-04-21 00:00,Y,210.39
802216,1,Paid Search,2024-02-09 00:00,Y,108.54
800297,1,Email,2024-03-06 00:00,N,0
803723,1,Paid Social,2024-08-19 00:00,N,0
802936,1,SEO,2025-08-20 00:00,Y,89.27
806064,1,Paid Social,2024-02-01 00:00,N,0
802722,3,Paid Social,2024-12-29 00:00,Y,72.35
800756,2,Paid Social,2024-02-01 00:00,Y,153.68
801215,1,Paid Search,2024-01-18 00:00,Y,192.75
801145,1,Paid Social,2024-05-25 00:00,N,0
804480,1,Paid Social,2025-09-24 00:00,Y,66.39
804810,2,SEO,2025-09-28 00:00,Y,135.89
800013,1,SEO,2025-03-11 00:00,Y,163.63
808664,2,Paid Search,2024-10-02 00:00,N,0
805024,3,Paid Search,2025-10-07 00:00,N,0
800007,1,Email,2025-05-31 00:00,Y,181.91
807845,2,Email,2025-02-17 00:00,Y,103.92
803660,2,Paid Social,2024-05-03 00:00,N,0
803351,2,Email,2025-01-01 00:00,Y,149.46
807195,3,Paid Search,2025-02-25 00:00,Y,158.12
804614,2,Paid Social,2024-10-05 00:00,Y,206.51
805673,3,Email,2024-11-05 00:00,Y,204.31
800953,3,SEO,2024-02-24 00:00,Y,99.42
802525,2,Email,2024-09-24 00:00,N,0
800402,2,Email,2025-01-02 00:00,Y,51.31
800919,3,Paid Search,2024-02-29 00:00,Y,175.37
803323,1,Paid Search,2024-12-17 00:00,Y,38.02
804027,1,Paid Search,2024-01-22 00:00,Y,122.45
801271,1,Paid Search,2025-07-18 00:00,Y,152.84
804439,1,Paid Search,2025-05-22 00:00,Y,68.1
807126,4,SEO,2025-06-24 00:00,Y,55.33
801709,1,Paid Social,2025-01-09 00:00,Y,112.5
800866,4,Paid Search,2025-01-31 00:00,Y,105.08
803617,2,Paid Search,2025-09-22 00:00,N,0
803791,3,Paid Search,2025-10-14 00:00,Y,87.8
802211,1,Paid Social,2025-08-10 00:00,Y,140.04
800083,5,Paid Social,2025-05-27 00:00,Y,82.78
804619,2,SEO,2024-02-17 00:00,Y,131.33
808221,5,Paid Social,2024-01-11 00:00,N,0
805421,3,Email,2025-09-03 00:00,Y,108.5
806917,2,Paid Social,2024-03-04 00:00,Y,167.63
803403,3,Email,2024-04-05 00:00,N,0
807486,4,Paid Social,2025-01-20 00:00,Y,150.61
808404,4,Email,2025-02-03 00:00,Y,119.69
804665,3,Email,2025-06-21 00:00,Y,159.48
802163,1,SEO,2025-07-06 00:00,Y,35.89
805219,5,Paid Search,2024-11-23 00:00,N,0
803193,1,SEO,2024-01-20 00:00,Y,110.93
800775,2,Paid Search,2025-01-04 00:00,N,0
801218,2,SEO,2025-08-31 00:00,N,0
801266,2,Email,2024-07-09 00:00,N,0
805553,1,Paid Social,2025-09-11 00:00,N,0
808141,1,Paid Social,2024-09-22 00:00,Y,60.67
805037,1,SEO,2024-01-15 00:00,N,0
804813,1,Paid Social,2024-12-20 00:00,N,0
808092,3,Paid Search,2024-06-08 00:00,Y,39.2
802962,1,Paid Social,2025-01-16 00:00,N,0
806031,1,SEO,2024-04-14 00:00,Y,173.72
803511,2,Paid Social,2025-08-02 00:00,Y,198.46
801753,2,Paid Search,2025-08-22 00:00,Y,212.23
801058,2,Email,2025-09-25 00:00,Y,218.0
808644,3,SEO,2025-08-27 00:00,Y,166.56
802108,1,SEO,2025-06-18 00:00,N,0
801534,1,SEO,2024-06-19 00:00,Y,61.91
806769,1,Email,2024-05-08 00:00,N,0
804923,2,Email,2024-02-11 00:00,Y,196.45
804410,2,Paid Social,2025-05-13 00:00,Y,35.7
805877,4,Email,2025-07-30 00:00,Y,50.15
802292,1,Email,2025-07-30 00:00,Y,97.8
803252,1,Paid Search,2024-08-15 00:00,Y,108.44
805654,1,Paid Social,2025-05-31 00:00,Y,126.39
808469,4,Paid Search,2024-07-17 00:00,N,0
802555,3,Paid Search,2025-04-28 00:00,N,0
803737,3,Paid Social,2025-04-13 00:00,N,0
806159,2,SEO,2024-02-29 00:00,Y,71.9
806362,2,Paid Search,2024-04-28 00:00,Y,52.02
801080,3,Email,2024-05-17 00:00,Y,90.7
804394,1,SEO,2024-06-13 00:00,Y,42.64
808970,1,Paid Search,2025-08-22 00:00,N,0
800525,1,Paid Social,2025-02-03 00:00,N,0
805848,2,Paid Search,2025-10-12 00:00,Y,135.83
805214,1,Email,2025-10-05 00:00,Y,58.12
802010,1,SEO,2024-01-27 00:00,Y,130.28
806937,1,SEO,2025-03-06 00:00,Y,98.11
805758,3,Paid Social,2024-10-17 00:00,Y,117.83
806226,1,Paid Social,2025-09-29 00:00,N,0
800292,1,Paid Social,2025-06-17 00:00,Y,152.08
807492,3,Email,2025-04-03 00:00,Y,210.96
800717,1,Paid Social,2025-01-15 00:00,N,0
806731,2,Paid Search,2025-02-03 00:00,Y,140.14
806808,1,Paid Social,2025-04-18 00:00,Y,39.92
808418,1,Email,2024-10-12 00:00,Y,193.47
801189,4,Email,2024-05-17 00:00,N,0
803356,2,SEO,2025-06-08 00:00,N,0
802323,1,Email,2024-04-04 00:00,N,0
805897,2,Email,2025-08-02 00:00,N,0
802671,2,Paid Search,2024-11-16 00:00,Y,147.26
801290,2,Paid Social,2024-09-01 00:00,Y,187.3
808609,1,SEO,2025-04-10 00:00,Y,156.93
802405,2,SEO,2025-08-31 00:00,N,0
805413,2,Paid Search,2024-07-24 00:00,Y,62.36
804690,2,Paid Social,2024-06-21 00:00,N,0
803401,5,Paid Search,2025-06-15 00:00,N,0
800792,2,Paid Search,2024-06-03 00:00,N,0
801698,5,Paid Search,2024-11-18 00:00,Y,135.16
801249,3,Paid Search,2025-04-02 00:00,N,0
806985,3,Paid Search,2024-02-05 00:00,N,0
806878,2,Email,2025-05-30 00:00,Y,214.02
806428,2,SEO,2025-02-16 00:00,Y,201.73
808998,2,Paid Search,2024-11-06 00:00,N,0
804237,2,SEO,2024-04-21 00:00,Y,206.26
800268,1,Paid Search,2025-09-27 00:00,N,0
806982,2,Email,2024-08-06 00:00,N,0
807371,2,Paid Social,2025-08-20 00:00,N,0
801980,3,Email,2024-03-21 00:00,N,0
806967,2,Email,2024-02-17 00:00,N,0
808002,1,Paid Social,2024-09-05 00:00,N,0
800501,1,SEO,2024-08-19 00:00,Y,183.4
804338,5,Paid Search,2025-01-16 00:00,Y,186.53
803148,1,SEO,2024-12-20 00:00,N,0
805028,1,SEO,2024-09-15 00:00,Y,183.82
807436,1,Paid Social,2024-05-07 00:00,Y,153.17
802523,1,SEO,2024-03-03 00:00,N,0
806364,3,Paid Social,2024-10-15 00:00,Y,143.28
801257,2,Email,2024-03-26 00:00,N,0
807754,1,SEO,2024-11-16 00:00,Y,180.45
805088,2,Paid Search,2024-04-26 00:00,Y,192.75
802496,2,Paid Social,2025-07-02 00:00,Y,170.02
804742,2,Paid Social,2024-07-25 00:00,Y,48.98
807138,4,SEO,2025-05-05 00:00,N,0
805077,2,Paid Social,2025-08-28 00:00,Y,210.79
804462,3,Paid Social,2024-04-01 00:00,Y,130.32
805119,2,SEO,2024-02-07 00:00,N,0
802147,4,Email,2024-11-27 00:00,Y,86.04
804200,1,Paid Search,2025-09-04 00:00,Y,49.54
800535,1,SEO,2024-04-30 00:00,Y,50.72
802725,1,Paid Social,2024-06-22 00:00,N,0
802163,3,Paid Social,2025-07-14 00:00,Y,35.89
808495,2,Paid Social,2025-03-15 00:00,N,0
806992,3,Paid Search,2025-06-06 00:00,N,0
801603,3,Email,2025-04-03 00:00,N,0
805189,2,Paid Social,2025-07-31 00:00,Y,92.97
801555,1,SEO,2024-04-14 00:00,N,0
802489,1,Paid Search,2025-02-01 00:00,Y,93.92
803240,2,Paid Search,2024-07-11 00:00,Y,206.88
803497,2,SEO,2024-03-06 00:00,Y,182.83
808761,2,Paid Search,2025-04-18 00:00,N,0
801938,1,SEO,2024-08-24 00:00,Y,217.5
807881,2,Email,2024-12-21 00:00,N,0
806829,2,Email,2025-08-01 00:00,Y,72.86
804428,1,Email,2024-01-30 00:00,Y,107.13
800330,1,SEO,2025-02-07 00:00,N,0
802525,1,Paid Social,2024-09-23 00:00,N,0
802552,2,SEO,2025-02-24 00:00,N,0
800007,2,Paid Search,2025-06-01 00:00,Y,181.91
808175,1,Paid Social,2024-06-09 00:00,N,0
808776,2,Paid Search,2024-12-04 00:00,N,0
802076,1,Paid Social,2025-08-10 00:00,Y,105.93
806069,3,Email,2025-09-03 00:00,Y,205.94
801044,4,Paid Search,2025-03-31 00:00,N,0
808329,1,Email,2024-10-08 00:00,N,0
803480,1,SEO,2024-09-11 00:00,Y,206.39
802021,2,SEO,2025-03-09 00:00,Y,96.93
801685,2,Paid Social,2025-09-02 00:00,Y,79.97
806507,2,Paid Social,2024-03-19 00:00,N,0
807870,1,Paid Social,2025-04-10 00:00,N,0
800792,4,Email,2024-06-09 00:00,N,0
804192,2,SEO,2024-12-29 00:00,Y,163.2
807984,1,SEO,2025-01-04 00:00,Y,156.43
808914,2,Email,2025-08-25 00:00,Y,89.26
803885,2,Paid Search,2024-11-06 00:00,Y,83.59
805417,1,SEO,2025-06-15 00:00,Y,202.53
807621,3,Email,2025-09-16 00:00,N,0
801221,1,Paid Social,2025-08-30 00:00,Y,187.07
807094,2,Email,2024-10-20 00:00,N,0
808560,2,Paid Search,2024-12-14 00:00,N,0
802454,2,SEO,2025-01-20 00:00,Y,184.51
803064,2,Paid Search,2025-03-13 00:00,Y,163.98
804903,4,Paid Search,2024-09-15 00:00,Y,82.38
807454,2,Paid Search,2024-08-31 00:00,Y,67.6
802033,2,SEO,2024-05-24 00:00,Y,62.07
805842,5,Email,2025-05-23 00:00,Y,141.48
808227,3,Paid Social,2025-08-04 00:00,Y,177.53
803503,1,SEO,2025-09-19 00:00,Y,153.27
802808,1,Email,2024-09-23 00:00,Y,178.45
802807,1,SEO,2024-11-26 00:00,Y,145.39
807990,4,Paid Search,2025-04-02 00:00,N,0
806894,1,Paid Social,2024-03-26 00:00,Y,128.88
805054,4,Paid Social,2025-01-26 00:00,N,0
806028,2,SEO,2024-06-02 00:00,N,0
801231,1,SEO,2024-07-21 00:00,N,0
800090,1,Paid Search,2024-10-10 00:00,N,0
808044,2,Paid Social,2025-10-01 00:00,N,0
800964,1,SEO,2024-09-29 00:00,N,0
808402,5,Email,2024-11-24 00:00,N,0
804867,3,Paid Search,2024-04-05 00:00,Y,43.75
802613,1,SEO,2024-09-25 00:00,Y,70.5
805980,4,Email,2024-08-13 00:00,Y,35.55
808964,4,Email,2025-06-27 00:00,Y,46.74
803873,4,SEO,2024-07-07 00:00,N,0
802774,3,Email,2025-10-22 00:00,Y,38.77
808874,3,Paid Search,2025-08-18 00:00,N,0
801928,1,Paid Social,2024-05-29 00:00,Y,173.0
808058,1,Paid Social,2024-05-05 00:00,N,0
801141,1,Paid Social,2025-08-30 00:00,Y,76.46
801001,3,SEO,2025-03-11 00:00,Y,89.84
808817,1,SEO,2024-06-06 00:00,Y,178.77
807656,5,Paid Search,2024-11-08 00:00,N,0
802008,1,Paid Social,2024-08-17 00:00,N,0
802696,5,Paid Social,2024-02-24 00:00,Y,194.68
805184,3,Email,2025-01-12 00:00,Y,108.6
807551,1,Paid Search,2024-12-01 00:00,Y,168.56
808171,4,Paid Social,2025-03-31 00:00,Y,217.33
807730,1,SEO,2025-09-18 00:00,Y,187.07
803627,1,SEO,2024-12-09 00:00,N,0
800912,2,Paid Social,2024-12-25 00:00,Y,187.26
807045,1,SEO,2025-08-09 00:00,Y,190.64
801182,1,SEO,2024-06-10 00:00,Y,114.99
804641,1,Paid Social,2024-05-17 00:00,Y,98.69
802303,3,Email,2025-06-28 00:00,N,0
808357,2,Email,2024-04-13 00:00,Y,112.8
805172,5,Paid Search,2025-03-26 00:00,Y,70.64
807706,1,Paid Social,2024-11-04 00:00,Y,191.76
806729,2,Paid Search,2025-03-16 00:00,Y,150.25
802240,3,Paid Search,2024-09-05 00:00,N,0
807187,4,Paid Search,2024-12-30 00:00,Y,173.21
803479,5,Paid Search,2024-08-24 00:00,Y,138.59
801521,2,Email,2025-06-06 00:00,Y,115.84
800732,2,Paid Search,2025-02-02 00:00,Y,113.53
808476,4,Paid Search,2025-03-06 00:00,Y,119.26
801282,4,Paid Search,2025-05-02 00:00,N,0
801564,4,Email,2024-05-16 00:00,Y,95.28
801964,3,Email,2024-11-17 00:00,Y,208.5
805090,2,Email,2024-09-09 00:00,Y,62.65
802521,3,Paid Search,2024-10-22 00:00,Y,153.25
802602,1,Paid Search,2025-04-14 00:00,Y,166.37
802649,2,SEO,2025-02-25 00:00,N,0
804900,1,SEO,2025-08-29 00:00,N,0
802090,3,Paid Search,2025-04-19 00:00,Y,185.82
808753,3,Paid Search,2024-09-08 00:00,Y,88.12
801590,1,Paid Social,2025-04-18 00:00,Y,127.81
808375,1,Email,2024-06-06 00:00,Y,153.97
803892,3,Paid Social,2025-01-21 00:00,Y,120.72
801021,4,Email,2025-05-12 00:00,Y,39.73
800108,3,Paid Social,2025-07-01 00:00,Y,133.04
800250,1,Paid Search,2025-09-18 00:00,Y,127.2
804390,2,Paid Social,2025-09-01 00:00,N,0
802133,2,Email,2024-06-26 00:00,Y,36.55
801573,2,Email,2025-04-10 00:00,Y,154.75
806462,1,Email,2025-06-09 00:00,Y,71.59
804413,4,Paid Search,2024-03-04 00:00,N,0
800415,3,Paid Search,2024-02-13 00:00,N,0
803471,2,Email,2025-01-07 00:00,Y,202.38
806780,4,Email,2025-08-26 00:00,N,0
804413,2,Paid Search,2024-02-22 00:00,N,0
807942,3,Email,2024-12-16 00:00,Y,38.61
806771,2,Paid Social,2025-07-23 00:00,N,0
805515,2,Paid Social,2025-09-28 00:00,Y,184.67
806335,1,SEO,2024-03-16 00:00,N,0
800099,1,SEO,2024-10-10 00:00,N,0
800703,1,Paid Search,2024-07-20 00:00,Y,87.56
802054,3,Email,2025-04-20 00:00,Y,124.81
804836,1,SEO,2025-08-13 00:00,N,0
808226,2,SEO,2025-06-30 00:00,Y,73.98
806852,2,SEO,2025-06-11 00:00,Y,63.34
800989,3,Paid Search,2024-10-03 00:00,Y,190.45
807024,5,Paid Search,2024-05-31 00:00,N,0
800866,1,Paid Social,2025-01-28 00:00,Y,105.08
805798,2,SEO,2024-10-17 00:00,Y,212.27
800326,2,SEO,2025-09-13 00:00,Y,72.07
802766,2,Paid Social,2025-07-14 00:00,Y,103.61
804434,1,Email,2025-08-13 00:00,N,0
805528,3,Paid Social,2025-02-15 00:00,Y,43.78
806973,1,Email,2025-06-02 00:00,Y,211.33
802769,1,Paid Search,2025-05-03 00:00,Y,185.27
802572,4,Email,2024-03-10 00:00,N,0
804947,2,Paid Social,2024-05-25 00:00,N,0
802339,1,Paid Social,2024-02-28 00:00,Y,48.89
802819,2,SEO,2024-03-02 00:00,N,0
806059,1,SEO,2025-08-12 00:00,Y,79.3
802487,2,Paid Search,2024-05-25 00:00,N,0
802567,1,Paid Social,2025-01-05 00:00,Y,82.84
801086,2,Paid Search,2025-06-10 00:00,Y,182.81
803089,1,Paid Social,2024-03-10 00:00,N,0
803045,2,Paid Search,2024-03-31 00:00,Y,79.64
800220,1,Paid Search,2025-10-09 00:00,Y,111.64
800158,1,Paid Search,2025-01-05 00:00,N,0
807377,2,Paid Search,2024-11-25 00:00,N,0
806727,1,SEO,2025-08-22 00:00,Y,114.34
808449,3,Email,2024-09-06 00:00,N,0
802062,2,Paid Social,2024-08-10 00:00,N,0
803638,1,Paid Social,2024-01-04 00:00,N,0
804129,3,Paid Search,2024-12-27 00:00,N,0
804077,1,SEO,2024-04-16 00:00,Y,70.44
807182,2,Paid Search,2024-11-25 00:00,N,0
802378,1,Paid Search,2025-01-11 00:00,Y,191.16
808014,2,Paid Social,2025-01-05 00:00,Y,77.08
802130,1,Paid Social,2024-07-01 00:00,N,0
804733,1,Paid Social,2025-07-21 00:00,N,0
802503,2,Paid Social,2025-01-07 00:00,Y,182.88
808317,5,Email,2024-07-07 00:00,N,0
803996,2,Paid Search,2024-07-05 00:00,Y,54.86
806922,2,Paid Social,2024-01-10 00:00,Y,35.05
806748,4,Paid Search,2024-05-15 00:00,N,0
806696,2,Paid Social,2024-04-25 00:00,Y,110.1
802800,2,SEO,2024-05-17 00:00,N,0
806445,2,Email,2024-11-11 00:00,Y,51.73
803114,2,Paid Social,2025-04-18 00:00,Y,121.93
805522,5,Email,2025-05-06 00:00,N,0
805902,1,SEO,2024-07-16 00:00,N,0
807004,2,SEO,2025-08-17 00:00,Y,197.98
806383,3,SEO,2025-10-17 00:00,Y,205.17
802282,2,SEO,2025-03-06 00:00,Y,124.62
802396,1,SEO,2025-02-22 00:00,Y,48.52
805614,1,SEO,2025-02-01 00:00,Y,131.34
804863,2,Paid Search,2024-02-12 00:00,Y,160.1
801092,1,SEO,2024-01-19 00:00,Y,124.46
801206,5,Email,2025-04-08 00:00,N,0
800125,1,Paid Search,2024-07-20 00:00,Y,78.42
801441,3,Paid Social,2024-11-02 00:00,N,0
807115,3,Email,2024-09-29 00:00,Y,148.2
802456,2,Paid Social,2025-06-18 00:00,N,0
800329,2,Email,2024-07-09 00:00,N,0
808140,2,Email,2024-10-13 00:00,Y,156.03
804221,3,SEO,2024-06-03 00:00,Y,63.23
807713,1,Paid Search,2025-05-24 00:00,Y,100.98
807770,5,Paid Search,2024-09-12 00:00,Y,66.85
804161,1,Email,2025-03-24 00:00,N,0
801049,3,Email,2025-02-15 00:00,Y,127.33
804937,2,Paid Social,2024-12-08 00:00,N,0
803802,2,SEO,2024-08-19 00:00,N,0
807964,1,Paid Search,2025-06-08 00:00,Y,39.13
807665,2,Paid Social,2024-01-30 00:00,N,0
800051,1,SEO,2025-03-23 00:00,Y,75.58
807296,1,Paid Social,2025-03-13 00:00,Y,190.66
801200,2,Paid Search,2024-06-09 00:00,Y,90.97
805525,2,Email,2024-03-01 00:00,Y,89.07
803832,2,Email,2024-04-20 00:00,N,0
801709,4,Paid Search,2025-01-18 00:00,Y,112.5
808016,4,Email,2025-10-14 00:00,N,0
802727,2,Paid Social,2024-09-05 00:00,Y,64.13
808983,3,Paid Search,2025-08-25 00:00,Y,164.24
802643,1,Paid Social,2025-06-07 00:00,Y,50.04
802686,2,Email,2024-07-04 00:00,Y,118.21
800961,1,Email,2024-08-31 00:00,N,0
804827,4,Email,2025-09-04 00:00,N,0
808387,1,Email,2025-10-14 00:00,N,0
805436,2,Email,2025-04-20 00:00,N,0
800606,2,Paid Search,2024-10-29 00:00,Y,215.0
802938,2,Paid Social,2024-06-05 00:00,N,0
805535,3,Paid Search,2025-06-14 00:00,N,0
805312,1,Paid Social,2024-05-02 00:00,N,0
801431,1,Paid Search,2025-05-27 00:00,N,0
801537,3,Email,2024-10-13 00:00,Y,159.01
800890,2,Paid Search,2024-06-04 00:00,N,0
800379,2,Email,2025-08-25 00:00,Y,131.67
808302,1,Email,2025-03-26 00:00,Y,72.08
804610,2,SEO,2025-07-29 00:00,N,0
801181,1,SEO,2024-05-14 00:00,N,0
804371,1,SEO,2024-09-02 00:00,N,0
807191,3,Email,2025-03-21 00:00,Y,111.99
807843,4,Paid Social,2025-06-29 00:00,Y,167.94
805106,2,Paid Search,2024-10-29 00:00,Y,53.35
805252,1,SEO,2024-11-23 00:00,Y,115.82
803195,1,Email,2025-10-11 00:00,Y,61.95
804040,2,Paid Search,2024-12-22 00:00,N,0
802900,1,SEO,2024-05-02 00:00,Y,46.12
807081,1,SEO,2025-04-30 00:00,N,0
804287,5,Paid Social,2025-10-29 00:00,Y,52.92
808139,5,Paid Search,2025-09-23 00:00,Y,132.66
806498,3,Email,2024-11-17 00:00,Y,111.44
802383,2,Paid Social,2025-05-12 00:00,Y,144.45
802208,1,SEO,2024-01-15 00:00,Y,73.0
808913,2,SEO,2024-01-08 00:00,N,0
806400,1,SEO,2024-04-24 00:00,Y,143.56
804354,2,Paid Search,2024-03-26 00:00,Y,123.4
808857,4,Paid Search,2024-04-07 00:00,N,0
807240,1,Paid Search,2025-09-14 00:00,N,0
803772,3,Paid Social,2025-08-27 00:00,N,0
801507,1,Paid Search,2025-05-31 00:00,Y,60.63
804962,2,SEO,2024-01-20 00:00,Y,196.0
805618,3,Paid Search,2024-02-08 00:00,Y,129.76
802641,4,Email,2024-04-06 00:00,Y,192.15
801880,2,Paid Social,2024-08-03 00:00,Y,183.46
808432,4,Paid Social,2024-03-26 00:00,Y,93.92
806897,1,Paid Search,2025-05-29 00:00,Y,91.16
803612,1,Paid Social,2025-01-26 00:00,N,0
802299,2,Paid Social,2024-10-20 00:00,Y,117.7
803028,4,Paid Search,2025-07-31 00:00,N,0
807677,3,Paid Search,2024-04-08 00:00,Y,167.28
803841,3,Email,2025-03-31 00:00,Y,49.3
805155,1,SEO,2025-10-16 00:00,N,0
806430,2,Paid Search,2024-09-03 00:00,N,0
802664,1,Email,2025-06-12 00:00,N,0
804337,2,SEO,2025-01-20 00:00,Y,69.14
800231,2,Email,2024-12-19 00:00,N,0
807738,5,Paid Social,2025-01-25 00:00,Y,99.95
808899,4,Email,2025-01-10 00:00,Y,179.46
808922,2,Email,2024-10-26 00:00,Y,111.33
803826,3,SEO,2025-04-05 00:00,Y,126.75
800102,1,SEO,2024-09-23 00:00,Y,131.97
802279,1,SEO,2024-10-14 00:00,Y,135.83
801169,2,Paid Search,2025-04-21 00:00,Y,124.15
806131,2,Paid Search,2024-04-27 00:00,N,0
806743,1,SEO,2025-09-11 00:00,N,0
800685,1,SEO,2024-06-03 00:00,N,0
808259,1,Paid Search,2024-08-06 00:00,N,0
805567,2,SEO,2024-02-20 00:00,N,0
804604,4,Email,2024-06-04 00:00,N,0
805756,1,Paid Search,2024-02-02 00:00,Y,86.91
802789,1,SEO,2024-07-25 00:00,N,0
802687,2,Paid Search,2024-08-10 00:00,Y,142.68
805689,1,SEO,2025-04-07 00:00,Y,214.59
808403,3,Email,2024-07-01 00:00,Y,219.92
807494,3,Paid Search,2024-08-21 00:00,N,0
804513,2,SEO,2024-10-09 00:00,Y,168.5
801012,1,Paid Search,2024-12-21 00:00,N,0
802445,2,SEO,2024-01-06 00:00,Y,144.18
800460,3,Email,2024-08-24 00:00,N,0
800983,1,Email,2024-12-10 00:00,Y,167.41
802945,1,Paid Social,2024-09-14 00:00,N,0
800465,1,Paid Social,2025-04-05 00:00,N,0
804066,1,Paid Social,2025-07-13 00:00,Y,155.81
803198,1,Paid Social,2025-07-31 00:00,N,0
805323,5,Email,2024-07-14 00:00,Y,58.45
806555,1,SEO,2025-04-09 00:00,Y,204.83
808293,1,Paid Social,2024-07-04 00:00,N,0
803178,4,Email,2024-10-19 00:00,Y,73.93
806501,1,Paid Social,2024-12-01 00:00,N,0
801380,3,Email,2024-06-29 00:00,N,0
804638,2,SEO,2024-03-10 00:00,N,0
808965,1,Paid Social,2025-01-31 00:00,N,0
800444,1,Email,2025-02-18 00:00,N,0
808692,2,Email,2024-11-09 00:00,Y,107.2
803439,2,Paid Social,2025-05-28 00:00,N,0
805873,1,SEO,2024-01-22 00:00,Y,84.24
801320,1,Paid Social,2025-02-17 00:00,Y,40.77
808859,1,Paid Social,2025-01-07 00:00,Y,128.33
803389,3,Paid Search,2025-05-14 00:00,Y,106.88
800495,1,Paid Social,2024-05-09 00:00,Y,137.71
802368,1,Email,2024-10-12 00:00,Y,125.97
807126,1,Paid Search,2025-06-15 00:00,Y,55.33
808005,2,Email,2025-07-06 00:00,Y,91.08
802955,2,Paid Social,2025-03-17 00:00,Y,60.57
807371,1,Paid Social,2025-08-19 00:00,N,0
806255,3,Email,2025-04-23 00:00,Y,174.66
803206,2,Email,2024-06-04 00:00,Y,200.87
800286,1,Paid Social,2025-05-05 00:00,Y,178.01
808074,2,SEO,2025-07-23 00:00,N,0
808695,1,Paid Social,2024-01-31 00:00,Y,150.92
804587,2,Email,2025-08-01 00:00,N,0
804850,3,Email,2024-04-20 00:00,N,0
806047,2,Email,2025-01-25 00:00,Y,95.11
806700,3,Paid Search,2024-12-15 00:00,Y,43.21
800092,1,SEO,2024-10-16 00:00,N,0
804341,1,Email,2024-06-26 00:00,Y,85.0
802799,1,Paid Search,2025-02-10 00:00,Y,52.89
802898,2,Paid Search,2025-03-15 00:00,Y,96.7
807102,2,Paid Social,2025-07-12 00:00,Y,125.71
801915,3,SEO,2024-08-23 00:00,Y,148.87
805972,3,SEO,2025-04-05 00:00,N,0
806837,1,Paid Search,2025-07-24 00:00,N,0
801651,2,SEO,2024-03-28 00:00,N,0
804420,1,SEO,2025-01-04 00:00,Y,169.4
802054,1,Paid Social,2025-04-16 00:00,Y,124.81
807293,3,Email,2024-03-31 00:00,N,0
801131,4,Email,2024-11-30 00:00,Y,197.28
807240,3,Email,2025-09-22 00:00,N,0
800075,1,SEO,2025-06-03 00:00,Y,136.78
804179,1,Paid Search,2024-12-01 00:00,N,0
807498,1,Paid Social,2025-09-16 00:00,N,0
808988,1,SEO,2025-05-16 00:00,Y,212.25
804118,1,Paid Social,2024-09-26 00:00,Y,207.39
802844,4,Email,2024-06-27 00:00,Y,137.25
803914,1,Email,2024-01-29 00:00,Y,58.29
803970,4,Paid Social,2025-07-17 00:00,Y,140.04
808297,1,SEO,2024-10-04 00:00,N,0
804914,2,Paid Search,2024-07-30 00:00,N,0
808883,3,Email,2025-03-15 00:00,Y,151.59
805816,2,SEO,2025-01-09 00:00,Y,132.39
803287,3,Paid Search,2025-08-08 00:00,Y,164.68
800742,1,Paid Social,2024-01-20 00:00,N,0
804564,3,Paid Search,2025-09-11 00:00,N,0
801218,3,Paid Social,2025-09-04 00:00,N,0
806840,2,Paid Social,2025-06-23 00:00,Y,143.98
801223,1,Paid Search,2025-06-23 00:00,Y,144.49
807490,3,Email,2024-05-27 00:00,N,0
805238,3,Paid Search,2024-02-14 00:00,Y,126.62
804385,1,Paid Social,2025-10-02 00:00,Y,113.62
804838,2,Paid Social,2024-06-22 00:00,Y,159.51
808325,2,SEO,2025-09-03 00:00,N,0
804926,1,Paid Search,2025-04-30 00:00,N,0
805002,3,SEO,2024-02-28 00:00,N,0
808477,2,Paid Search,2025-05-01 00:00,Y,114.24
803325,2,Paid Search,2025-09-21 00:00,N,0
802570,1,Paid Social,2024-05-14 00:00,Y,193.74
800150,2,Paid Search,2024-06-12 00:00,Y,148.75
800379,5,Paid Search,2025-09-09 00:00,Y,131.67
800657,1,Paid Search,2024-02-12 00:00,Y,85.9
803467,2,SEO,2025-03-14 00:00,N,0
800130,5,Email,2025-07-22 00:00,Y,189.88
801462,3,Email,2024-04-19 00:00,Y,37.09
806736,3,Paid Social,2025-09-29 00:00,Y,81.95
808677,2,SEO,2025-03-07 00:00,Y,57.47
806037,1,Email,2024-01-25 00:00,N,0
804703,1,SEO,2024-07-16 00:00,Y,183.44
801726,2,Paid Search,2024-01-12 00:00,Y,62.22
801291,2,Paid Search,2024-08-13 00:00,Y,145.54
801560,2,Paid Social,2025-08-19 00:00,N,0
804979,2,Paid Social,2025-02-21 00:00,Y,131.86
803359,2,SEO,2024-01-06 00:00,Y,141.82
804646,1,Paid Social,2025-05-04 00:00,Y,35.24
805888,3,Email,2025-06-29 00:00,N,0
806758,3,Email,2024-09-07 00:00,Y,111.28
803420,4,Paid Social,2025-04-16 00:00,N,0
807796,1,Paid Social,2024-01-22 00:00,Y,115.69
803040,1,SEO,2024-01-04 00:00,N,0
800585,3,SEO,2024-07-01 00:00,N,0
805497,2,Paid Search,2025-07-29 00:00,N,0
807671,4,Email,2024-01-11 00:00,Y,132.84
801956,2,Email,2025-02-16 00:00,N,0
804557,2,Paid Social,2025-06-26 00:00,N,0
808097,4,Paid Search,2024-10-24 00:00,Y,106.92
803038,1,Paid Social,2024-07-16 00:00,Y,182.85
805371,1,Paid Social,2024-11-18 00:00,Y,58.91
801832,3,SEO,2024-10-30 00:00,N,0
801263,1,SEO,2025-07-11 00:00,Y,155.47
808487,4,Paid Search,2024-04-08 00:00,Y,96.44
806304,1,Paid Social,2024-10-31 00:00,Y,143.87
803781,1,Email,2024-10-31 00:00,Y,142.41
800646,5,Paid Social,2025-03-30 00:00,Y,40.62
804293,3,Paid Social,2024-05-13 00:00,N,0
800011,3,Email,2024-04-17 00:00,Y,125.0
807380,2,Paid Social,2024-11-07 00:00,Y,69.41
804396,2,Email,2024-03-06 00:00,Y,176.01
803762,1,Paid Social,2024-11-28 00:00,N,0
801797,2,Paid Search,2025-02-22 00:00,N,0
804034,2,Email,2024-11-25 00:00,Y,141.28
805015,3,SEO,2025-08-21 00:00,Y,122.6
802366,5,Paid Search,2025-07-27 00:00,N,0
803423,1,SEO,2024-12-07 00:00,Y,163.48
802101,2,Email,2025-06-19 00:00,Y,54.11
804843,1,Paid Social,2024-09-14 00:00,Y,200.9
808530,2,Paid Social,2024-02-15 00:00,Y,41.43
808719,2,Paid Social,2025-10-17 00:00,Y,54.74
807490,1,SEO,2024-05-23 00:00,N,0
802181,1,SEO,2024-05-12 00:00,N,0
804662,1,SEO,2024-10-12 00:00,N,0
802204,2,Email,2024-01-11 00:00,N,0
801968,2,Email,2024-11-13 00:00,Y,151.49
805541,1,Paid Social,2024-02-19 00:00,N,0
801271,3,Paid Search,2025-07-20 00:00,Y,152.84
801622,4,Email,2025-01-12 00:00,N,0
808039,2,Paid Social,2024-12-14 00:00,Y,140.97
801805,4,Email,2024-03-16 00:00,Y,74.89
802852,1,SEO,2025-04-08 00:00,N,0
800173,1,Paid Search,2024-09-05 00:00,Y,95.46
805934,1,SEO,2025-05-19 00:00,Y,208.45
807940,5,Paid Social,2025-04-06 00:00,Y,52.21
804574,1,SEO,2025-05-04 00:00,Y,109.29
808771,1,SEO,2024-03-11 00:00,Y,176.75
803930,2,SEO,2025-02-13 00:00,N,0
800883,3,Email,2024-04-08 00:00,Y,78.3
808702,1,SEO,2025-01-18 00:00,Y,59.06
801733,2,Paid Social,2024-04-28 00:00,Y,145.73
806333,3,Email,2024-10-16 00:00,Y,166.38
802913,2,Paid Social,2024-08-26 00:00,Y,187.7
808620,1,Paid Social,2024-08-18 00:00,N,0
803410,1,Paid Social,2025-07-04 00:00,Y,106.17
806931,1,Paid Social,2024-02-05 00:00,N,0
805980,2,SEO,2024-08-12 00:00,Y,35.55
805052,2,Paid Search,2024-02-22 00:00,Y,174.68
800676,5,Email,2024-02-08 00:00,Y,156.96
806915,1,Paid Social,2024-03-13 00:00,Y,127.05
805718,5,Paid Search,2024-08-26 00:00,N,0
804599,4,Paid Search,2025-08-27 00:00,Y,208.59
805662,5,Paid Social,2025-01-27 00:00,Y,46.18
801878,1,Paid Search,2024-03-07 00:00,Y,150.15
807671,1,Paid Social,2024-01-02 00:00,Y,132.84
800704,1,Paid Social,2025-07-22 00:00,N,0
801154,2,Paid Social,2024-11-20 00:00,N,0
805568,1,SEO,2024-09-02 00:00,N,0
807367,1,Paid Search,2024-01-01 00:00,Y,107.21
802853,2,Email,2024-04-24 00:00,Y,114.38
808651,2,Paid Social,2024-02-02 00:00,N,0
804555,3,Paid Search,2024-01-11 00:00,N,0
803333,3,Email,2024-01-22 00:00,N,0
805388,3,Paid Search,2025-05-10 00:00,N,0
804281,3,Email,2024-04-13 00:00,Y,127.24
800964,5,SEO,2024-10-11 00:00,N,0
801280,2,Email,2024-10-22 00:00,N,0
808682,3,Paid Social,2025-01-31 00:00,Y,110.6
803334,1,SEO,2024-09-24 00:00,Y,47.23
801432,3,Paid Search,2024-08-12 00:00,N,0
804770,3,SEO,2024-02-02 00:00,N,0
808419,3,Paid Social,2025-01-03 00:00,Y,202.26
805561,2,Paid Social,2024-07-17 00:00,Y,38.82
800024,2,Email,2025-02-02 00:00,Y,91.45
802103,3,Paid Search,2024-03-17 00:00,Y,38.41
801967,2,Paid Social,2024-10-17 00:00,Y,95.48
803366,3,Paid Social,2024-01-29 00:00,Y,141.54
802737,1,Email,2025-01-31 00:00,Y,37.26
803594,1,Paid Search,2024-12-15 00:00,N,0
800267,1,SEO,2025-09-30 00:00,Y,148.14
807531,4,Paid Search,2024-09-10 00:00,Y,40.64
804643,2,Email,2025-06-17 00:00,N,0
802877,1,Paid Social,2025-06-25 00:00,N,0
806236,2,Paid Search,2025-10-13 00:00,Y,186.95
803923,2,Email,2024-09-02 00:00,Y,39.78
802922,2,Paid Social,2025-10-01 00:00,Y,181.95
808492,2,Email,2024-09-19 00:00,N,0
806609,3,Email,2025-09-06 00:00,Y,205.44
807270,2,Paid Social,2024-08-09 00:00,Y,204.7
805720,4,Email,2025-07-22 00:00,Y,212.89
804285,3,Paid Search,2024-05-30 00:00,N,0
800383,2,Paid Social,2025-09-06 00:00,N,0
801310,1,SEO,2024-11-28 00:00,N,0
804202,2,Paid Search,2024-01-12 00:00,N,0
806869,3,SEO,2024-11-27 00:00,N,0
806925,4,Email,2024-06-28 00:00,Y,75.77
800614,3,Email,2025-07-26 00:00,N,0
806634,3,SEO,2025-08-03 00:00,Y,179.9
805445,2,Paid Search,2024-07-25 00:00,Y,37.1
804821,1,SEO,2025-05-16 00:00,N,0
808152,5,Email,2025-09-04 00:00,Y,78.15
806408,2,Paid Search,2025-06-19 00:00,N,0
805867,5,Paid Social,2025-01-11 00:00,N,0
805834,2,SEO,2025-06-16 00:00,Y,110.5
801867,3,Email,2024-03-25 00:00,Y,75.2
802829,1,Paid Search,2025-03-28 00:00,Y,100.46
808407,1,Paid Search,2024-08-19 00:00,Y,52.13
805280,1,Paid Social,2025-07-03 00:00,N,0
807893,1,Paid Search,2025-08-10 00:00,N,0
806847,2,Paid Social,2025-06-20 00:00,N,0
804180,3,Email,2024-01-15 00:00,Y,138.46
803446,1,Paid Search,2025-04-26 00:00,Y,127.77
802698,1,SEO,2025-03-02 00:00,Y,191.43
801743,3,Paid Social,2025-05-27 00:00,Y,73.84
804738,2,Email,2024-04-21 00:00,Y,160.65
807247,1,Paid Social,2024-03-11 00:00,N,0
805330,1,Paid Search,2024-10-26 00:00,Y,135.55
802183,2,Paid Search,2024-06-15 00:00,N,0
806041,4,Paid Social,2025-07-27 00:00,N,0
805304,2,SEO,2025-01-02 00:00,N,0
807545,1,Paid Social,2025-05-18 00:00,Y,124.98
804925,1,SEO,2025-06-21 00:00,Y,73.4
806466,3,SEO,2024-05-21 00:00,Y,37.88
800602,1,SEO,2025-05-02 00:00,N,0
807659,1,Paid Search,2025-09-20 00:00,Y,114.11
805082,3,Paid Search,2025-06-21 00:00,Y,128.71
800880,1,SEO,2025-06-09 00:00,N,0
806720,2,SEO,2024-12-26 00:00,Y,66.58
806251,1,Paid Search,2024-12-15 00:00,N,0
801825,1,Email,2025-01-19 00:00,N,0
806624,3,Paid Social,2024-02-24 00:00,Y,64.22
800689,2,Paid Search,2024-07-17 00:00,Y,106.42
804857,2,SEO,2024-03-21 00:00,Y,103.97
803337,2,Paid Search,2025-04-26 00:00,Y,59.13
800757,2,Email,2024-01-12 00:00,Y,201.74
800427,5,Paid Search,2025-01-05 00:00,Y,191.17
806472,1,Paid Social,2025-01-25 00:00,N,0
806810,3,SEO,2024-11-25 00:00,Y,202.12
801648,3,Paid Social,2025-04-17 00:00,Y,164.07
800317,2,Email,2024-11-26 00:00,Y,97.12
806675,3,Paid Search,2025-09-11 00:00,Y,194.54
805527,2,Paid Search,2024-12-13 00:00,N,0
805417,2,SEO,2025-06-16 00:00,Y,202.53
808543,1,Paid Search,2025-03-05 00:00,Y,112.04
803543,4,Email,2024-07-21 00:00,Y,88.4
806407,2,Paid Social,2025-08-28 00:00,Y,196.72
802185,3,Email,2025-01-12 00:00,Y,80.82
808814,1,SEO,2025-09-10 00:00,Y,147.28
803268,2,Paid Social,2025-05-28 00:00,Y,60.98
806958,1,SEO,2024-11-23 00:00,Y,150.96
806773,1,Paid Search,2025-01-08 00:00,N,0
807353,2,Email,2024-03-21 00:00,N,0
801911,2,SEO,2025-03-01 00:00,Y,197.91
803771,2,Paid Search,2024-09-22 00:00,Y,49.14
808093,4,Paid Search,2024-06-24 00:00,N,0
801105,1,Email,2025-08-20 00:00,N,0
808669,1,SEO,2024-12-08 00:00,N,0
801027,3,Email,2025-07-08 00:00,N,0
800845,1,SEO,2024-04-26 00:00,Y,56.63
802495,2,Paid Social,2025-04-17 00:00,Y,214.43
806060,2,Paid Social,2025-09-30 00:00,Y,151.06
808007,2,Email,2024-10-30 00:00,Y,133.28
806779,1,SEO,2024-12-29 00:00,Y,35.29
806220,3,Email,2024-07-19 00:00,Y,153.4
807235,1,SEO,2024-07-05 00:00,Y,82.77
807129,2,Email,2025-05-23 00:00,Y,53.09
801279,3,SEO,2024-03-03 00:00,Y,83.6
807718,3,Paid Social,2025-08-22 00:00,Y,70.81
804935,1,Paid Search,2024-05-21 00:00,Y,36.99
800920,2,SEO,2025-01-10 00:00,Y,217.57
805858,4,Email,2024-07-09 00:00,Y,68.37
803878,2,SEO,2024-08-07 00:00,Y,69.74
807751,2,Paid Search,2024-09-10 00:00,N,0
808135,3,Paid Search,2024-04-20 00:00,Y,130.88
804856,3,Paid Search,2024-11-27 00:00,N,0
805804,3,Paid Search,2025-03-12 00:00,Y,129.63
804730,1,SEO,2025-01-18 00:00,Y,85.88
803356,3,Email,2025-06-08 00:00,N,0
801922,2,Paid Social,2025-03-06 00:00,Y,197.61
808505,1,Paid Social,2025-09-26 00:00,Y,53.16
803903,1,Paid Social,2024-05-30 00:00,N,0
801022,4,Email,2025-04-19 00:00,Y,212.92
806135,3,Paid Search,2024-02-02 00:00,N,0
803652,4,Email,2025-10-02 00:00,N,0
806743,3,SEO,2025-09-19 00:00,N,0
804150,1,Paid Social,2025-09-26 00:00,N,0
801623,1,Email,2024-06-04 00:00,Y,100.91
806637,2,Email,2025-08-19 00:00,N,0
800034,2,Email,2024-01-29 00:00,Y,96.22
804374,4,Paid Search,2025-01-03 00:00,Y,196.1
801185,1,Paid Social,2025-04-14 00:00,N,0
804643,3,Email,2025-06-20 00:00,N,0
800523,1,Paid Social,2024-06-08 00:00,Y,117.56
803948,1,SEO,2024-06-28 00:00,N,0
802702,2,Email,2025-06-14 00:00,Y,42.85
800812,5,Paid Search,2025-08-23 00:00,Y,140.0
804642,2,Email,2024-08-19 00:00,N,0
807743,1,SEO,2024-06-28 00:00,N,0
801556,4,SEO,2025-02-21 00:00,N,0
805636,4,Email,2024-09-20 00:00,Y,143.73
805561,1,SEO,2024-07-15 00:00,Y,38.82
801911,5,Email,2025-03-07 00:00,Y,197.91
804206,2,Email,2024-07-11 00:00,Y,72.29
807299,3,Paid Social,2025-07-22 00:00,Y,118.63
801036,4,Email,2024-01-15 00:00,Y,106.68
803048,1,Paid Search,2024-05-24 00:00,Y,49.97
805292,1,Paid Social,2025-09-28 00:00,N,0
800473,1,SEO,2025-04-09 00:00,N,0
803613,4,Paid Search,2025-04-18 00:00,Y,61.66
800423,2,Paid Social,2025-03-17 00:00,Y,50.43
805694,1,Paid Social,2024-07-28 00:00,Y,149.27
808138,2,Paid Search,2025-04-04 00:00,N,0
805444,3,SEO,2025-07-17 00:00,N,0
804763,3,Paid Social,2024-06-09 00:00,Y,56.51
806425,2,SEO,2024-01-30 00:00,N,0
802547,1,Email,2025-05-19 00:00,Y,39.12
808153,3,Paid Social,2025-06-12 00:00,Y,132.96
805150,1,Paid Social,2024-03-12 00:00,Y,118.46
804555,4,Paid Social,2024-01-13 00:00,N,0
807231,1,Paid Search,2025-07-02 00:00,N,0
808221,3,Paid Search,2024-01-09 00:00,N,0
804008,2,SEO,2025-01-05 00:00,Y,70.6
806543,1,Paid Search,2025-08-20 00:00,Y,137.58
800817,4,Paid Social,2024-09-26 00:00,N,0
807208,5,Paid Search,2024-01-21 00:00,N,0
808935,1,Email,2024-05-17 00:00,Y,90.98
801459,2,Paid Social,2024-10-20 00:00,Y,96.93
807589,2,Paid Social,2024-11-27 00:00,N,0
806608,2,SEO,2024-08-16 00:00,N,0
808804,1,Email,2025-01-24 00:00,Y,174.51
806942,1,Paid Social,2025-10-08 00:00,N,0
804028,1,SEO,2024-01-15 00:00,N,0
801414,1,Email,2024-08-21 00:00,Y,138.46
802882,2,Email,2024-11-01 00:00,N,0
801115,1,Paid Social,2025-04-27 00:00,Y,189.17
802154,1,Paid Search,2024-07-01 00:00,Y,75.65
800860,2,Paid Social,2025-10-04 00:00,N,0
800019,4,Paid Search,2024-04-05 00:00,Y,156.98
800052,3,Paid Search,2024-05-21 00:00,Y,184.71
806357,5,SEO,2025-02-22 00:00,N,0
807837,1,Paid Social,2025-05-01 00:00,Y,48.94
805543,2,Email,2025-03-01 00:00,N,0
801440,1,Paid Search,2024-04-24 00:00,N,0
801536,3,Paid Social,2024-04-21 00:00,Y,180.08
800110,2,Email,2025-04-20 00:00,Y,182.99
803230,1,Paid Search,2024-06-13 00:00,N,0
800191,1,Email,2024-05-21 00:00,Y,90.11
804323,3,Paid Social,2024-12-23 00:00,N,0
807171,1,SEO,2025-10-08 00:00,Y,180.59
805396,2,Paid Social,2024-09-24 00:00,Y,53.05
804031,1,Paid Social,2024-08-05 00:00,Y,162.69
807072,1,SEO,2025-01-15 00:00,Y,110.36
808386,1,Paid Social,2025-07-23 00:00,N,0
800348,2,Paid Search,2024-12-26 00:00,Y,56.23
805629,2,SEO,2024-05-11 00:00,N,0
807391,2,Paid Search,2025-03-24 00:00,N,0
808245,2,Paid Search,2024-09-15 00:00,Y,217.89
808779,1,SEO,2024-03-06 00:00,N,0
807557,2,Paid Social,2024-11-23 00:00,Y,115.18
805586,1,SEO,2025-07-02 00:00,Y,200.22
801681,1,Paid Social,2024-12-31 00:00,Y,118.16
803196,3,Email,2024-07-11 00:00,N,0
801615,1,Paid Search,2025-04-09 00:00,Y,128.07
807708,1,Paid Social,2024-04-14 00:00,Y,73.57
802804,3,Email,2024-05-16 00:00,Y,200.76
802636,1,Paid Search,2025-07-20 00:00,Y,45.79
803725,3,Email,2025-04-04 00:00,Y,174.24
808971,2,Paid Search,2025-04-05 00:00,N,0
806267,1,Paid Social,2025-08-03 00:00,Y,137.19
801393,2,Paid Search,2025-08-20 00:00,Y,81.15
803278,2,SEO,2025-01-03 00:00,N,0
803167,1,SEO,2025-10-16 00:00,N,0
804474,1,SEO,2025-09-14 00:00,N,0
805968,2,SEO,2024-05-09 00:00,Y,37.33
801926,1,Paid Social,2024-02-22 00:00,Y,48.09
805104,3,Paid Search,2024-07-08 00:00,N,0
803761,2,SEO,2024-10-11 00:00,Y,135.05
800209,2,Email,2025-01-31 00:00,Y,209.99
800340,1,SEO,2024-11-27 00:00,Y,189.29
804124,2,SEO,2024-05-02 00:00,Y,153.05
806620,2,Paid Search,2025-03-14 00:00,Y,76.44
805054,2,SEO,2025-01-25 00:00,N,0
804051,2,Paid Search,2025-07-13 00:00,N,0
804550,1,Email,2025-05-12 00:00,N,0
802734,4,Paid Search,2025-01-11 00:00,N,0
804817,2,Paid Search,2024-10-26 00:00,N,0
807616,2,Paid Search,2025-04-10 00:00,Y,43.83
800373,2,SEO,2024-05-06 00:00,Y,142.96
802338,3,Email,2025-05-05 00:00,N,0
801238,1,SEO,2025-07-14 00:00,Y,180.34
804814,3,Paid Search,2025-05-18 00:00,Y,49.78
807202,2,Paid Search,2024-12-16 00:00,N,0
801724,1,SEO,2024-05-26 00:00,Y,217.97
807825,2,Paid Social,2025-09-03 00:00,Y,153.6
805993,1,SEO,2024-08-01 00:00,Y,67.68
800044,5,Paid Search,2024-06-13 00:00,Y,201.62
804918,1,Paid Search,2024-01-25 00:00,Y,131.72
802120,2,Email,2024-11-22 00:00,Y,128.28
806777,1,Paid Search,2025-06-29 00:00,Y,210.37
802523,2,Email,2024-03-05 00:00,N,0
803985,1,Paid Search,2025-01-29 00:00,N,0
808303,1,Paid Search,2024-02-27 00:00,Y,126.63
801064,3,SEO,2024-05-17 00:00,Y,93.05
803166,1,Paid Search,2025-07-09 00:00,N,0
808188,2,Email,2025-02-12 00:00,N,0
804503,2,Email,2024-08-15 00:00,Y,216.88
808089,2,SEO,2024-05-01 00:00,Y,40.05
808344,1,SEO,2025-06-10 00:00,N,0
801402,2,Paid Social,2024-03-20 00:00,Y,124.81
805326,1,SEO,2025-06-22 00:00,N,0
802068,1,Paid Social,2024-11-16 00:00,Y,216.06
800927,5,Email,2024-01-08 00:00,Y,219.76
807735,3,Paid Social,2025-03-29 00:00,Y,181.77
803187,4,Email,2024-03-22 00:00,N,0
805074,5,Email,2024-05-26 00:00,N,0
808913,1,Paid Social,2024-01-05 00:00,N,0
803373,2,Email,2024-12-23 00:00,N,0
802175,4,Paid Social,2025-03-16 00:00,Y,85.03
802670,4,Paid Search,2025-04-28 00:00,Y,124.91
808139,1,SEO,2025-09-15 00:00,Y,132.66
807030,3,Paid Search,2025-01-10 00:00,Y,173.34
802298,3,SEO,2024-05-25 00:00,Y,96.12
800720,4,Paid Search,2025-09-30 00:00,Y,199.07
808466,2,Email,2024-09-02 00:00,Y,151.2
802605,1,Paid Social,2024-06-18 00:00,Y,84.18
800330,5,SEO,2025-02-15 00:00,N,0
808255,3,Email,2025-07-01 00:00,N,0
803596,1,Email,2025-02-16 00:00,Y,133.81
806998,1,SEO,2025-10-02 00:00,N,0
806338,2,SEO,2025-06-09 00:00,N,0
808059,1,SEO,2025-09-02 00:00,Y,157.64
802500,2,Paid Social,2024-04-26 00:00,Y,169.57
803752,2,Paid Social,2024-11-28 00:00,Y,89.69
800320,1,Paid Search,2024-07-09 00:00,Y,106.66
808653,4,Email,2025-05-17 00:00,Y,121.74
803342,1,Email,2024-10-03 00:00,Y,138.77
801123,1,SEO,2025-07-29 00:00,Y,90.89
806755,4,Email,2024-04-02 00:00,Y,119.42
805871,1,Email,2025-08-15 00:00,N,0
800557,3,Paid Search,2025-07-29 00:00,Y,199.36
804396,3,SEO,2024-03-13 00:00,Y,176.01
808046,1,Paid Social,2024-05-07 00:00,N,0
802673,4,Email,2024-11-22 00:00,Y,93.47
803459,1,SEO,2025-06-19 00:00,Y,82.01
800953,1,Paid Social,2024-02-22 00:00,Y,99.42
802302,1,Email,2024-08-19 00:00,N,0
801234,1,SEO,2024-09-12 00:00,N,0
804732,1,Paid Social,2025-07-20 00:00,Y,39.2
808500,1,Paid Social,2025-08-30 00:00,Y,134.85
804800,5,Email,2024-04-01 00:00,Y,216.68
808329,5,Paid Search,2024-10-16 00:00,N,0
807010,1,Email,2024-07-13 00:00,N,0
803032,1,SEO,2025-05-22 00:00,Y,159.58
800427,4,SEO,2024-12-23 00:00,Y,191.17
800754,1,Paid Search,2025-01-24 00:00,Y,68.34
801177,3,SEO,2025-06-01 00:00,N,0
801807,1,SEO,2024-02-23 00:00,Y,97.23
804311,3,SEO,2024-01-13 00:00,Y,71.19
800115,1,SEO,2024-02-05 00:00,N,0
804490,2,Paid Social,2025-01-24 00:00,Y,184.48
804902,2,Email,2025-09-30 00:00,Y,73.38
803256,3,Email,2024-01-26 00:00,N,0
806497,3,Paid Social,2024-05-04 00:00,N,0
808170,5,Paid Search,2025-06-05 00:00,Y,77.51
801698,4,Paid Search,2024-11-14 00:00,Y,135.16
802301,2,Email,2024-03-20 00:00,Y,173.57
802728,1,Paid Social,2025-02-19 00:00,N,0
804162,1,Paid Search,2025-04-28 00:00,N,0
805262,1,Paid Social,2025-07-04 00:00,Y,53.4
803882,1,SEO,2025-08-28 00:00,N,0
800280,2,Email,2025-02-12 00:00,Y,110.3
804599,2,Paid Social,2025-08-25 00:00,Y,208.59
806149,3,Email,2024-09-15 00:00,Y,121.36
800599,1,Paid Search,2025-10-17 00:00,N,0
808671,3,Paid Search,2025-08-01 00:00,N,0
808868,1,Paid Social,2025-04-24 00:00,N,0
804215,2,Email,2025-03-02 00:00,Y,124.85
804064,2,SEO,2025-03-21 00:00,Y,203.9
801760,1,SEO,2024-07-23 00:00,Y,137.21
807703,1,Email,2024-10-19 00:00,Y,102.53
804022,2,SEO,2025-01-06 00:00,Y,136.57
804837,2,SEO,2024-08-29 00:00,N,0
807643,2,Paid Social,2024-09-12 00:00,N,0
805947,1,Paid Search,2024-10-03 00:00,Y,117.36
803765,3,Paid Social,2024-04-11 00:00,Y,198.38
808514,1,SEO,2024-02-16 00:00,N,0
805701,3,Email,2024-05-23 00:00,Y,83.73
804221,4,SEO,2024-06-10 00:00,Y,63.23
800892,2,Email,2024-03-31 00:00,N,0
806433,1,Paid Social,2024-07-03 00:00,Y,108.77
803385,1,Paid Social,2025-03-22 00:00,N,0
804728,2,Paid Search,2025-02-22 00:00,N,0
802609,2,Email,2024-08-18 00:00,Y,64.82
805790,3,Paid Search,2024-01-10 00:00,N,0
806825,1,Email,2025-07-10 00:00,Y,65.73
803740,1,Paid Social,2024-05-06 00:00,Y,165.55
801572,3,Paid Search,2024-11-03 00:00,Y,100.33
801765,1,SEO,2024-07-02 00:00,Y,218.43
803613,1,Paid Social,2025-04-09 00:00,Y,61.66
807233,3,SEO,2024-06-28 00:00,Y,38.96
804800,3,SEO,2024-03-22 00:00,Y,216.68
808069,2,Paid Social,2024-10-21 00:00,N,0
807681,3,Paid Search,2025-07-05 00:00,Y,178.62
803547,2,Paid Search,2025-06-07 00:00,Y,179.92
804531,1,Paid Social,2025-06-12 00:00,Y,155.9
808973,1,Paid Social,2024-05-26 00:00,Y,49.49
803232,2,Paid Search,2024-06-08 00:00,N,0
803893,1,Paid Search,2025-02-03 00:00,N,0
804879,3,Paid Search,2025-02-11 00:00,Y,131.92
800083,1,Paid Search,2025-05-15 00:00,Y,82.78
807880,1,Paid Social,2024-04-27 00:00,Y,117.33
802454,1,Email,2025-01-19 00:00,Y,184.51
802908,2,Paid Search,2024-01-15 00:00,Y,44.39
803644,3,Email,2025-04-13 00:00,N,0
808449,1,Paid Social,2024-08-31 00:00,N,0
805049,1,SEO,2025-06-14 00:00,N,0
801773,4,Email,2024-06-21 00:00,N,0
806771,3,Email,2025-07-25 00:00,N,0
802529,2,Paid Search,2025-03-20 00:00,Y,89.03
807283,1,Paid Search,2024-03-27 00:00,Y,42.71
800433,2,Email,2024-02-23 00:00,Y,209.57
802781,1,Email,2024-05-12 00:00,Y,166.95
800822,1,Paid Social,2025-03-14 00:00,Y,73.68
801662,5,Paid Search,2024-11-27 00:00,Y,115.49
804619,5,Email,2024-02-24 00:00,Y,131.33
806002,1,Paid Social,2024-04-20 00:00,Y,112.78
801461,1,Paid Search,2025-09-12 00:00,Y,72.94
807528,2,Email,2025-06-27 00:00,N,0
800640,2,Paid Social,2024-04-16 00:00,Y,64.23
801982,1,SEO,2024-08-30 00:00,N,0
803566,3,Paid Search,2024-11-15 00:00,Y,161.76
802678,4,Email,2025-05-30 00:00,Y,93.86
801845,1,SEO,2025-05-05 00:00,Y,36.85
806154,1,SEO,2025-02-06 00:00,Y,166.23
807455,1,SEO,2025-03-16 00:00,Y,105.53
800182,3,Paid Search,2024-11-14 00:00,Y,161.53
804281,2,Paid Social,2024-04-11 00:00,Y,127.24
805281,4,Email,2024-02-20 00:00,Y,48.93
804951,1,Paid Social,2024-11-03 00:00,Y,202.75
805016,2,Paid Social,2025-03-20 00:00,N,0
802531,2,Paid Social,2025-08-11 00:00,Y,71.14
807098,1,SEO,2025-08-25 00:00,Y,177.45
807544,4,Email,2025-05-20 00:00,Y,100.88
801991,1,SEO,2024-09-09 00:00,Y,60.13
805319,2,Email,2024-11-14 00:00,Y,204.95
808438,2,Paid Search,2024-02-11 00:00,N,0
803146,1,SEO,2025-07-26 00:00,Y,133.88
804067,1,SEO,2024-11-15 00:00,Y,185.05
805375,2,Email,2025-02-06 00:00,N,0
807791,5,Paid Search,2025-07-12 00:00,Y,210.82
803651,2,Email,2025-07-16 00:00,N,0
808295,1,SEO,2024-09-30 00:00,Y,84.88
800396,1,Paid Social,2024-11-08 00:00,Y,64.31
806139,3,Email,2025-05-10 00:00,Y,142.91
800444,2,Paid Search,2025-02-22 00:00,N,0
806378,1,Paid Search,2025-04-09 00:00,N,0
807506,1,SEO,2025-06-22 00:00,N,0
808508,4,SEO,2024-04-20 00:00,N,0
803333,4,Paid Search,2024-01-26 00:00,N,0
803025,3,Email,2024-11-18 00:00,N,0
802606,1,Paid Social,2025-06-15 00:00,N,0
807248,1,Paid Social,2025-03-08 00:00,Y,145.64
805180,2,SEO,2025-04-04 00:00,N,0
800973,2,Paid Search,2024-11-03 00:00,N,0
801836,2,Paid Social,2025-03-22 00:00,Y,153.18
807985,1,Paid Search,2024-01-28 00:00,N,0
803250,2,Paid Search,2024-03-26 00:00,N,0
800747,5,SEO,2024-12-30 00:00,Y,186.36
800003,1,Paid Social,2025-06-30 00:00,N,0
803506,2,Email,2024-12-01 00:00,N,0
804512,2,Paid Search,2025-07-13 00:00,Y,146.17
804544,2,SEO,2024-12-14 00:00,Y,196.35
808957,1,Paid Social,2024-01-25 00:00,Y,141.04
802983,1,SEO,2025-07-22 00:00,Y,72.17
807389,1,Paid Social,2025-01-09 00:00,Y,211.52
802001,2,SEO,2025-05-11 00:00,Y,166.84
800957,1,SEO,2024-03-02 00:00,Y,186.86
802608,2,Paid Social,2024-04-21 00:00,Y,192.46
804147,2,Email,2025-04-20 00:00,N,0
800956,1,Email,2025-04-12 00:00,Y,147.87
800133,2,Email,2025-03-30 00:00,Y,208.27
808961,1,Paid Search,2024-05-11 00:00,Y,196.29
808658,1,Email,2025-01-10 00:00,Y,51.94
803135,1,Paid Social,2025-09-07 00:00,Y,132.18
807613,2,SEO,2025-03-22 00:00,Y,91.53
808566,2,SEO,2025-10-06 00:00,Y,207.98
806290,3,Email,2025-06-23 00:00,Y,218.88
804568,1,Paid Search,2024-01-06 00:00,N,0
800347,1,Paid Social,2025-05-05 00:00,N,0
804683,1,SEO,2025-04-29 00:00,Y,103.41
804803,2,Paid Social,2024-04-09 00:00,N,0
807369,2,Paid Search,2024-06-22 00:00,Y,69.6
802921,1,Paid Social,2024-12-31 00:00,Y,210.1
804214,1,SEO,2024-04-15 00:00,N,0
806844,1,Email,2024-12-02 00:00,Y,66.47
804923,1,Paid Search,2024-02-07 00:00,Y,196.45
803454,3,Paid Search,2025-04-15 00:00,N,0
806218,1,Paid Search,2025-01-22 00:00,N,0
803675,2,SEO,2024-08-20 00:00,Y,154.93
802171,4,Email,2024-03-26 00:00,Y,41.16
806577,1,SEO,2025-09-24 00:00,N,0
806176,4,Email,2024-01-11 00:00,Y,100.06
804323,5,SEO,2025-01-06 00:00,N,0
800800,3,SEO,2024-04-18 00:00,Y,96.27
806987,2,Paid Search,2024-05-13 00:00,N,0
805900,2,Paid Social,2024-09-30 00:00,N,0
806763,1,SEO,2024-08-19 00:00,Y,212.34
800420,2,Paid Search,2024-12-22 00:00,N,0
803144,3,Email,2025-06-11 00:00,Y,212.65
802606,4,Paid Search,2025-06-27 00:00,N,0
801107,1,Paid Social,2025-03-10 00:00,Y,105.91
802257,2,Email,2024-03-31 00:00,Y,72.22
800683,1,SEO,2025-01-25 00:00,Y,154.7
806023,3,Paid Social,2025-09-24 00:00,Y,150.61
801304,2,SEO,2024-06-15 00:00,N,0
803992,2,SEO,2024-09-09 00:00,Y,193.88
806790,2,SEO,2024-12-18 00:00,N,0
803421,1,SEO,2025-10-10 00:00,N,0
803556,3,Paid Search,2025-10-09 00:00,N,0
807106,2,Email,2025-06-21 00:00,Y,48.58
801606,2,Email,2024-06-03 00:00,Y,85.34
807661,3,SEO,2024-02-11 00:00,Y,214.66
807201,1,Paid Social,2024-04-06 00:00,N,0
804448,1,Paid Search,2024-06-10 00:00,N,0
801494,2,SEO,2024-06-22 00:00,N,0
803073,1,Paid Social,2024-10-27 00:00,N,0
807772,1,SEO,2025-01-08 00:00,N,0
807424,1,Paid Search,2024-03-19 00:00,N,0
806324,2,Paid Search,2025-07-31 00:00,Y,123.03
801225,1,SEO,2024-03-15 00:00,N,0
803682,1,SEO,2025-05-30 00:00,N,0
806814,2,Paid Social,2024-06-16 00:00,Y,153.48
802938,1,SEO,2024-06-04 00:00,N,0
808269,1,SEO,2025-03-15 00:00,Y,42.22
808157,2,Paid Search,2025-05-09 00:00,Y,191.19
802847,1,Paid Search,2025-10-07 00:00,N,0
805977,2,Email,2024-11-26 00:00,N,0
805622,3,Email,2025-06-06 00:00,Y,104.17
800670,2,Email,2025-07-14 00:00,Y,165.26
807837,3,SEO,2025-05-05 00:00,Y,48.94
805716,3,SEO,2025-06-28 00:00,Y,213.61
806492,1,SEO,2024-01-09 00:00,Y,81.09
802844,3,Email,2024-06-26 00:00,Y,137.25
808777,1,Paid Social,2024-07-20 00:00,N,0
801059,2,Email,2024-12-04 00:00,Y,210.79
805949,2,Paid Search,2024-06-16 00:00,Y,196.51
800886,2,Paid Search,2025-01-16 00:00,Y,113.47
807625,1,Paid Search,2024-05-01 00:00,N,0
808640,5,SEO,2025-06-04 00:00,Y,70.58
800181,4,SEO,2024-12-19 00:00,Y,193.22
804929,2,Email,2025-07-09 00:00,N,0
800208,4,Paid Social,2025-05-16 00:00,N,0
808401,2,SEO,2024-05-04 00:00,Y,54.3
803353,4,Email,2025-01-30 00:00,Y,188.4
808588,2,SEO,2024-03-14 00:00,Y,81.53
803756,1,SEO,2025-06-09 00:00,Y,88.39
803696,3,SEO,2024-03-06 00:00,N,0
804216,1,SEO,2025-10-01 00:00,N,0
803473,3,Paid Search,2024-04-08 00:00,Y,179.0
802771,1,SEO,2025-07-17 00:00,Y,125.63
800408,2,Paid Social,2025-08-23 00:00,Y,151.65
806139,5,Paid Search,2025-05-08 00:00,Y,142.91
804537,1,SEO,2024-08-08 00:00,Y,202.14
801920,1,Email,2025-03-07 00:00,Y,149.01
805194,2,Email,2024-04-10 00:00,Y,55.19
801809,2,Paid Search,2025-06-09 00:00,N,0
806813,3,Paid Social,2025-02-23 00:00,Y,111.44
800598,4,Paid Search,2025-02-14 00:00,Y,204.33
805663,3,Paid Social,2024-05-18 00:00,Y,202.26
804165,1,Email,2025-08-08 00:00,Y,182.17
803905,1,SEO,2024-01-15 00:00,Y,218.06
807986,4,Email,2024-11-27 00:00,Y,45.18
801882,1,Paid Social,2024-06-05 00:00,Y,114.93
808617,2,Paid Social,2025-09-12 00:00,N,0
807836,2,Paid Social,2024-01-19 00:00,Y,113.59
802607,1,SEO,2024-01-12 00:00,N,0
808010,1,SEO,2024-02-16 00:00,N,0
808973,3,Email,2024-06-03 00:00,Y,49.49
807776,5,Email,2024-11-17 00:00,Y,214.68
806947,2,Email,2025-07-12 00:00,N,0
804841,2,SEO,2024-12-25 00:00,Y,212.74
800052,2,Paid Search,2024-05-14 00:00,Y,184.71
800613,1,SEO,2024-11-03 00:00,Y,126.48
802087,2,Email,2024-12-24 00:00,Y,89.26
801086,1,SEO,2025-06-08 00:00,Y,182.81
800252,2,SEO,2024-10-13 00:00,Y,170.63
807602,1,Paid Social,2025-07-31 00:00,Y,180.61
801369,3,Email,2025-08-04 00:00,N,0
803458,4,Email,2025-02-11 00:00,N,0
808504,1,SEO,2025-04-23 00:00,N,0
802427,1,SEO,2024-05-07 00:00,Y,150.27
803282,2,SEO,2024-11-23 00:00,Y,94.13
804431,2,SEO,2024-04-26 00:00,N,0
802383,3,Email,2025-05-15 00:00,Y,144.45
803664,2,Email,2025-07-26 00:00,Y,65.85
804099,1,SEO,2024-03-15 00:00,Y,37.97
800580,2,Email,2024-02-12 00:00,N,0
803955,4,Paid Social,2024-10-23 00:00,Y,61.43
808388,4,SEO,2024-09-23 00:00,Y,170.64
803492,2,Paid Search,2024-03-09 00:00,Y,162.03
805104,2,Paid Social,2024-07-08 00:00,N,0
803684,4,Email,2025-02-06 00:00,Y,169.76
803247,3,Paid Social,2024-03-24 00:00,Y,205.1
801444,4,SEO,2024-08-03 00:00,Y,126.78
808681,1,Paid Social,2025-04-19 00:00,Y,181.15
808321,1,SEO,2024-03-02 00:00,Y,73.05
806111,1,SEO,2024-10-03 00:00,Y,105.9
805037,2,Email,2024-01-17 00:00,N,0
803127,3,Email,2024-01-28 00:00,Y,182.21
802670,1,Email,2025-04-16 00:00,Y,124.91
801720,2,Paid Search,2024-08-03 00:00,Y,101.73
806438,2,Email,2025-07-09 00:00,N,0
808409,4,Paid Social,2024-11-22 00:00,N,0
800795,1,Paid Social,2025-02-11 00:00,Y,212.13
807019,1,Paid Social,2025-07-23 00:00,Y,35.67
801142,2,SEO,2024-08-26 00:00,Y,210.13
807180,2,SEO,2024-01-27 00:00,Y,82.56
804751,3,SEO,2024-05-13 00:00,Y,124.71
803765,4,Paid Search,2024-04-10 00:00,Y,198.38
804887,1,Paid Social,2025-07-16 00:00,Y,128.07
803964,1,SEO,2024-05-24 00:00,Y,49.86
801861,1,SEO,2024-06-23 00:00,Y,58.52
804117,1,SEO,2025-07-18 00:00,Y,89.18
803701,1,SEO,2025-08-04 00:00,Y,196.85
807722,1,Email,2024-12-29 00:00,Y,91.47
801114,2,Email,2025-10-15 00:00,N,0
801770,3,Email,2024-09-04 00:00,Y,137.66
802948,2,Paid Search,2025-10-10 00:00,Y,156.97
804216,3,SEO,2025-10-05 00:00,N,0
805241,5,Email,2025-01-05 00:00,Y,136.69
807679,2,Paid Social,2025-04-04 00:00,Y,214.52
803829,1,Paid Social,2025-09-11 00:00,N,0
802980,1,SEO,2024-11-05 00:00,Y,90.65
805399,1,Paid Social,2024-05-08 00:00,N,0
803276,4,Paid Social,2025-05-14 00:00,Y,173.37
803170,1,Paid Social,2024-06-18 00:00,N,0
806447,3,Email,2024-04-13 00:00,Y,54.12
808955,1,SEO,2025-06-20 00:00,Y,94.48
803811,1,SEO,2024-05-28 00:00,N,0
807222,3,Paid Search,2025-09-12 00:00,N,0
807876,3,SEO,2025-07-07 00:00,Y,88.23
803095,2,Paid Search,2025-07-26 00:00,Y,112.25
808778,1,Paid Social,2025-03-12 00:00,Y,83.4
806227,1,SEO,2024-06-23 00:00,N,0
804656,1,SEO,2024-12-13 00:00,Y,36.25
805149,2,SEO,2024-05-05 00:00,Y,175.27
806220,1,SEO,2024-07-17 00:00,Y,153.4
806145,4,Paid Social,2024-05-23 00:00,N,0
800308,3,Paid Social,2024-09-19 00:00,N,0
803984,3,Email,2025-03-08 00:00,Y,79.13
801978,4,Paid Social,2025-09-03 00:00,N,0
804712,1,SEO,2024-12-17 00:00,N,0
806035,2,Paid Social,2024-12-31 00:00,Y,47.11
801321,3,Paid Social,2024-03-22 00:00,N,0
803980,3,Email,2024-10-31 00:00,N,0
808125,2,Email,2024-08-06 00:00,Y,180.32
806289,4,Paid Search,2024-02-03 00:00,Y,84.12
802441,2,Paid Social,2024-10-03 00:00,N,0
808576,1,SEO,2025-10-17 00:00,N,0
804080,2,Email,2025-08-25 00:00,Y,139.71
806264,3,Email,2024-06-08 00:00,Y,94.51
805188,2,SEO,2025-03-03 00:00,Y,140.36
804650,1,Email,2024-12-10 00:00,N,0
807089,1,Paid Search,2025-09-30 00:00,Y,183.98
801772,1,Paid Search,2025-09-21 00:00,N,0
804582,2,SEO,2024-04-17 00:00,N,0
803766,4,Email,2024-05-14 00:00,Y,45.61
808707,1,Paid Social,2024-07-04 00:00,Y,148.77
805134,3,SEO,2025-10-14 00:00,Y,188.76
807119,1,Paid Social,2024-11-21 00:00,N,0
801659,1,SEO,2024-01-03 00:00,Y,134.8
800518,2,Paid Search,2024-10-09 00:00,N,0
802046,3,Paid Social,2025-08-31 00:00,Y,175.51
804551,1,SEO,2024-10-19 00:00,N,0
804741,2,Email,2025-05-28 00:00,N,0
804186,1,SEO,2025-06-01 00:00,Y,154.31
807298,2,Paid Social,2025-05-14 00:00,Y,161.93
803603,2,SEO,2024-04-04 00:00,Y,162.89
800184,2,Email,2025-08-19 00:00,Y,58.54
803528,1,SEO,2025-02-14 00:00,Y,59.26
805656,2,SEO,2024-07-06 00:00,N,0
804967,5,SEO,2024-03-11 00:00,Y,58.27
804976,2,Paid Social,2024-06-26 00:00,N,0
803226,1,SEO,2025-08-29 00:00,Y,37.33
804619,1,SEO,2024-02-16 00:00,Y,131.33
807539,1,SEO,2025-10-15 00:00,Y,95.2
807517,2,Paid Search,2025-03-17 00:00,Y,85.86
805176,3,Email,2024-02-10 00:00,Y,195.74
803444,2,SEO,2025-08-22 00:00,Y,210.98
806799,1,SEO,2024-05-16 00:00,Y,92.62
804367,2,SEO,2025-03-07 00:00,Y,182.84
807241,1,Paid Social,2024-12-30 00:00,Y,179.63
803177,1,Email,2025-02-19 00:00,N,0
801398,4,Paid Search,2024-08-14 00:00,Y,35.5
804199,5,Paid Social,2024-04-03 00:00,Y,48.03
806041,3,Paid Search,2025-07-22 00:00,N,0
807977,2,Email,2024-06-10 00:00,Y,212.63
806017,2,Email,2025-06-27 00:00,N,0
802170,2,Paid Social,2025-01-27 00:00,N,0
805079,2,SEO,2024-08-31 00:00,Y,179.39
806285,1,Email,2025-02-02 00:00,Y,109.58
801352,2,SEO,2025-05-01 00:00,N,0
800242,4,SEO,2024-11-27 00:00,N,0
806260,1,Paid Social,2025-09-10 00:00,N,0
808927,2,Paid Social,2025-05-14 00:00,N,0
806563,1,SEO,2024-10-22 00:00,Y,44.0
801339,4,Email,2025-03-12 00:00,Y,38.85
803064,3,Paid Social,2025-03-16 00:00,Y,163.98
803577,2,Email,2025-09-20 00:00,Y,201.62
807491,2,Paid Search,2024-09-20 00:00,N,0
801720,1,SEO,2024-08-01 00:00,Y,101.73
800238,1,Paid Social,2024-06-20 00:00,Y,90.92
807831,1,Email,2024-12-02 00:00,Y,203.23
800316,3,Paid Search,2024-01-22 00:00,N,0
804071,1,Paid Social,2025-09-30 00:00,Y,190.62
802655,1,SEO,2024-01-11 00:00,Y,206.76
805030,2,Paid Search,2025-06-28 00:00,Y,128.27
804445,2,SEO,2024-08-25 00:00,Y,148.46
805945,2,SEO,2024-12-07 00:00,N,0
804966,1,Paid Social,2024-07-24 00:00,N,0
807113,1,SEO,2025-08-05 00:00,Y,199.54
804611,2,SEO,2025-06-18 00:00,Y,98.7
800847,1,Email,2024-01-13 00:00,Y,156.18
808812,3,Paid Social,2024-09-04 00:00,Y,183.44
803695,3,Email,2025-05-15 00:00,Y,146.33
802813,2,Email,2024-09-14 00:00,N,0
801921,3,Email,2025-10-14 00:00,Y,88.84
802077,3,Paid Search,2024-03-13 00:00,Y,175.66
805268,2,SEO,2024-10-30 00:00,Y,69.04
800382,1,Paid Search,2025-07-25 00:00,Y,130.32
805545,3,Paid Social,2025-02-18 00:00,Y,62.37
804298,2,Email,2024-01-28 00:00,N,0
805154,1,SEO,2025-03-27 00:00,Y,145.65
808580,2,SEO,2024-08-09 00:00,Y,88.55
808689,1,SEO,2024-12-25 00:00,N,0
802692,3,SEO,2024-07-13 00:00,Y,178.15
805777,1,Email,2024-11-15 00:00,Y,60.53
808438,1,Paid Search,2024-02-08 00:00,N,0
807621,2,SEO,2025-09-16 00:00,N,0
808518,3,Paid Social,2025-10-01 00:00,Y,137.62
807518,2,Paid Search,2024-05-06 00:00,Y,181.79
806652,2,Paid Search,2025-03-18 00:00,N,0
804261,3,Email,2024-03-04 00:00,Y,94.25
802832,5,Email,2024-05-08 00:00,N,0
800465,3,Paid Search,2025-04-11 00:00,N,0
808735,1,Paid Social,2025-01-22 00:00,Y,111.76
802312,2,Paid Social,2024-12-31 00:00,Y,47.19
804010,1,Paid Search,2025-05-17 00:00,Y,204.94
805444,5,Paid Search,2025-07-27 00:00,N,0
808069,1,SEO,2024-10-20 00:00,N,0
803411,2,Paid Search,2025-01-19 00:00,N,0
800140,2,Paid Search,2024-04-07 00:00,N,0
801103,1,SEO,2025-01-19 00:00,Y,218.2
801831,2,Paid Social,2024-10-04 00:00,Y,104.31
805479,3,SEO,2024-04-23 00:00,Y,171.57
805546,1,Paid Social,2024-01-05 00:00,Y,108.99
805759,1,SEO,2024-08-12 00:00,N,0
807695,1,Paid Social,2025-04-07 00:00,N,0
807177,4,Paid Social,2025-01-22 00:00,N,0
800447,1,SEO,2024-11-28 00:00,N,0
804979,3,Paid Search,2025-02-22 00:00,Y,131.86
803285,1,Email,2025-10-05 00:00,Y,162.2
802622,1,Email,2024-09-12 00:00,N,0
802385,3,Paid Search,2024-06-25 00:00,Y,188.95
806756,2,Paid Search,2025-04-22 00:00,Y,51.08
807534,2,Paid Search,2024-02-13 00:00,Y,211.98
808914,1,Paid Search,2025-08-22 00:00,Y,89.26
803217,4,Paid Search,2024-06-21 00:00,Y,108.28
801279,4,Email,2024-03-07 00:00,Y,83.6
807624,2,Paid Search,2025-05-02 00:00,Y,139.62
800167,1,Paid Social,2024-01-16 00:00,Y,196.76
800687,3,Paid Search,2025-04-05 00:00,N,0
806173,2,SEO,2025-05-27 00:00,N,0
803210,2,Email,2024-02-18 00:00,Y,210.06
806084,1,Email,2024-02-29 00:00,N,0
802199,2,Email,2024-07-31 00:00,N,0
808834,2,SEO,2025-07-21 00:00,Y,118.52
805268,1,Paid Social,2024-10-28 00:00,Y,69.04
800454,1,SEO,2024-08-21 00:00,Y,213.68
805583,1,Email,2025-08-02 00:00,N,0
802001,1,Paid Social,2025-05-08 00:00,Y,166.84
800624,3,Paid Social,2025-02-24 00:00,Y,154.55
808565,2,SEO,2024-07-26 00:00,Y,197.7
808687,2,Email,2025-03-01 00:00,Y,201.51
807207,2,Paid Search,2025-07-30 00:00,N,0
806296,2,Paid Social,2024-09-20 00:00,N,0
808583,1,SEO,2024-05-26 00:00,Y,125.93
806573,3,Email,2025-06-24 00:00,Y,70.28
802017,3,Email,2024-07-30 00:00,N,0
808001,2,Paid Search,2024-09-27 00:00,Y,100.0
805595,5,Paid Social,2025-04-23 00:00,N,0
803798,2,SEO,2024-01-11 00:00,Y,166.79
804179,4,Paid Social,2024-12-13 00:00,N,0
800860,3,SEO,2025-10-11 00:00,N,0
807273,2,Paid Social,2024-07-19 00:00,Y,117.9
808627,1,SEO,2024-03-15 00:00,Y,50.13
805927,1,Paid Search,2024-10-03 00:00,Y,119.83
807541,4,Paid Search,2024-05-27 00:00,Y,157.61
807406,2,Paid Social,2025-07-17 00:00,N,0
805647,2,Email,2025-09-18 00:00,Y,168.36
806032,1,Paid Social,2025-09-26 00:00,N,0
800672,4,Paid Search,2024-08-05 00:00,N,0
807377,1,Paid Social,2024-11-23 00:00,N,0
802765,1,SEO,2024-12-16 00:00,Y,187.91
801313,2,Email,2024-10-13 00:00,Y,55.2
808110,3,Paid Search,2024-02-16 00:00,N,0
808522,2,Paid Search,2024-08-17 00:00,Y,40.64
801420,1,Email,2024-06-30 00:00,N,0
801790,1,Paid Search,2024-04-19 00:00,Y,123.42
807469,4,Paid Search,2025-10-02 00:00,N,0
805665,1,Paid Search,2024-12-08 00:00,Y,97.45
805904,2,SEO,2024-09-20 00:00,N,0
808014,1,SEO,2025-01-04 00:00,Y,77.08
806356,2,SEO,2024-06-30 00:00,N,0
800485,3,Paid Social,2024-05-19 00:00,Y,99.8
807109,3,Email,2024-12-26 00:00,Y,118.72
805118,1,SEO,2024-02-01 00:00,Y,201.87
800081,1,Paid Social,2024-07-16 00:00,N,0
802567,4,Paid Search,2025-01-17 00:00,Y,82.84
805156,2,Paid Search,2024-12-19 00:00,N,0
807094,1,Paid Social,2024-10-18 00:00,N,0
806884,2,Email,2024-06-28 00:00,N,0
807443,2,Email,2025-09-29 00:00,Y,36.51
808482,1,Paid Social,2024-10-15 00:00,Y,173.9
802298,1,Paid Social,2024-05-17 00:00,Y,96.12
803383,1,Paid Social,2025-03-08 00:00,Y,48.04
807340,1,SEO,2025-03-20 00:00,N,0
800568,1,SEO,2025-02-09 00:00,N,0
802945,2,Email,2024-09-16 00:00,N,0
801620,1,SEO,2025-01-05 00:00,Y,216.86
801538,2,Paid Search,2024-08-11 00:00,Y,168.89
806126,1,Paid Social,2024-05-20 00:00,Y,41.44
806216,4,SEO,2024-01-30 00:00,Y,181.09
806962,2,Email,2025-07-21 00:00,N,0
806747,3,Email,2024-05-18 00:00,Y,114.49
800761,1,Paid Social,2025-01-07 00:00,Y,46.1
806550,1,Paid Social,2025-08-30 00:00,N,0
805278,4,Email,2024-05-05 00:00,N,0
800331,3,Paid Social,2024-07-31 00:00,Y,182.66
805460,2,SEO,2024-08-07 00:00,N,0
804016,3,Paid Search,2025-01-31 00:00,N,0
800826,3,Paid Search,2025-05-15 00:00,Y,179.55
803078,2,Email,2024-05-26 00:00,Y,80.22
806818,2,Paid Search,2025-06-25 00:00,N,0
807240,2,Email,2025-09-16 00:00,N,0
805941,2,SEO,2024-04-21 00:00,Y,193.56
804759,1,SEO,2025-01-30 00:00,Y,117.18
807061,3,Paid Social,2025-06-20 00:00,Y,92.38
805333,1,Email,2024-05-03 00:00,Y,194.12
800275,1,Email,2025-03-31 00:00,N,0
803238,2,SEO,2024-05-13 00:00,Y,97.97
803153,1,SEO,2025-05-06 00:00,Y,193.86
805246,3,Paid Search,2025-05-19 00:00,N,0
800256,3,Paid Search,2025-05-18 00:00,N,0
808759,1,Paid Social,2025-06-12 00:00,N,0
801777,1,SEO,2025-10-17 00:00,Y,146.45
808744,4,Email,2024-09-07 00:00,Y,43.24
803132,1,Email,2025-08-06 00:00,Y,81.84
807740,4,Paid Social,2024-12-23 00:00,Y,81.18
805915,2,Paid Social,2025-03-22 00:00,N,0
807434,2,Email,2024-10-13 00:00,Y,110.89
806337,1,SEO,2024-04-05 00:00,N,0
806549,1,SEO,2025-10-07 00:00,N,0
801888,5,Email,2025-02-04 00:00,Y,211.19
801989,2,Paid Search,2024-04-22 00:00,N,0
804222,2,Email,2024-09-05 00:00,Y,154.84
805653,3,Paid Social,2025-09-11 00:00,N,0
804676,2,Email,2024-01-14 00:00,N,0
803845,2,SEO,2024-10-03 00:00,N,0
803669,2,Email,2024-02-24 00:00,N,0
805672,3,Paid Social,2024-02-12 00:00,Y,37.6
808510,4,Paid Search,2024-03-24 00:00,Y,214.52
804751,4,Email,2024-05-17 00:00,Y,124.71
801995,4,SEO,2024-01-25 00:00,Y,69.66
806663,1,SEO,2025-01-12 00:00,Y,66.41
804094,1,Email,2024-05-27 00:00,Y,203.5
805527,3,Paid Search,2024-12-18 00:00,N,0
801258,3,SEO,2025-08-08 00:00,Y,72.46
802304,1,Paid Search,2025-05-10 00:00,Y,176.42
804018,2,Paid Social,2024-01-09 00:00,Y,151.5
802546,4,SEO,2025-08-02 00:00,Y,155.74
803179,2,Email,2025-01-16 00:00,N,0
800767,2,Email,2024-05-01 00:00,N,0
803828,1,Email,2025-05-20 00:00,Y,193.23
803563,1,SEO,2024-11-15 00:00,Y,210.76
808611,1,Paid Social,2024-04-26 00:00,N,0
801356,4,Email,2024-03-28 00:00,N,0
803330,2,Paid Social,2024-12-23 00:00,Y,45.75
800229,2,Paid Search,2025-06-29 00:00,Y,112.84
801761,3,SEO,2024-07-19 00:00,Y,195.68
803036,4,Email,2024-05-01 00:00,N,0
801808,1,SEO,2025-04-30 00:00,Y,142.74
805711,4,Paid Social,2024-07-02 00:00,N,0
805982,1,Paid Social,2024-11-05 00:00,Y,173.25
808729,2,Email,2025-10-17 00:00,N,0
800180,3,Email,2024-03-12 00:00,Y,199.72
801089,1,Paid Social,2024-05-06 00:00,N,0
807566,2,Paid Social,2025-03-10 00:00,Y,213.21
802124,2,Email,2024-10-05 00:00,Y,112.9
807600,3,Email,2024-12-26 00:00,N,0
805957,1,SEO,2024-02-04 00:00,N,0
801788,1,SEO,2024-04-06 00:00,N,0
802403,1,SEO,2024-12-10 00:00,Y,59.78
803841,4,SEO,2025-04-05 00:00,Y,49.3
808276,1,Email,2024-09-27 00:00,Y,46.84
803758,2,Paid Social,2024-12-02 00:00,Y,98.23
805534,2,SEO,2025-02-15 00:00,Y,53.56
800687,4,Paid Social,2025-04-13 00:00,N,0
801129,3,Paid Search,2025-01-31 00:00,Y,174.34
805022,2,Email,2024-12-25 00:00,Y,80.39
806765,3,Paid Social,2025-01-26 00:00,Y,63.05
803251,3,SEO,2024-03-22 00:00,Y,122.84
802065,3,Paid Search,2024-01-08 00:00,Y,153.27
804078,3,Email,2025-04-19 00:00,Y,142.15
800799,1,SEO,2024-02-03 00:00,N,0
800429,3,Paid Search,2024-08-14 00:00,N,0
803440,4,SEO,2024-11-02 00:00,N,0
804638,3,SEO,2024-03-10 00:00,N,0
807154,3,Email,2025-07-02 00:00,Y,134.93
800596,1,Paid Social,2024-08-02 00:00,Y,112.38
803604,3,Paid Search,2024-03-23 00:00,Y,99.97
808900,3,Paid Search,2024-08-06 00:00,Y,113.78
800477,5,Paid Social,2025-06-17 00:00,N,0
808885,1,SEO,2025-05-22 00:00,Y,204.18
808645,3,Email,2025-03-29 00:00,Y,198.47
805474,4,SEO,2025-10-13 00:00,Y,121.49
800162,3,Paid Social,2024-07-24 00:00,N,0
803305,1,Email,2024-01-15 00:00,N,0
800578,3,SEO,2024-10-24 00:00,Y,64.3
801854,2,Paid Social,2025-09-13 00:00,Y,69.45
807077,1,SEO,2024-11-18 00:00,Y,194.74
808304,3,Paid Social,2024-04-06 00:00,Y,217.12
802896,4,Email,2025-08-24 00:00,Y,66.61
803901,4,SEO,2025-02-18 00:00,N,0
805113,1,Paid Social,2024-03-07 00:00,Y,187.34
801169,4,Paid Search,2025-04-24 00:00,Y,124.15
804083,1,SEO,2024-02-26 00:00,N,0
801917,1,SEO,2024-05-28 00:00,N,0
801894,1,Email,2024-07-25 00:00,Y,71.5
804357,2,Paid Search,2025-07-21 00:00,Y,164.73
804903,1,Paid Social,2024-09-12 00:00,Y,82.38
804012,1,Paid Social,2025-09-08 00:00,N,0
808730,1,Email,2024-09-17 00:00,Y,211.23
806975,1,Email,2024-12-01 00:00,Y,46.04
802145,2,SEO,2024-01-11 00:00,N,0
806478,2,Email,2025-02-11 00:00,Y,175.78
802915,2,Email,2025-03-10 00:00,Y,200.13
801735,1,SEO,2024-10-02 00:00,Y,167.75
807613,3,Email,2025-03-24 00:00,Y,91.53
804905,2,SEO,2025-05-12 00:00,Y,108.9
808760,2,Email,2024-08-09 00:00,N,0
804311,4,Paid Social,2024-01-08 00:00,Y,71.19
803765,1,Paid Social,2024-04-07 00:00,Y,198.38
803168,1,Paid Social,2025-08-14 00:00,Y,82.68
808389,1,SEO,2024-03-31 00:00,Y,178.12
800895,2,SEO,2024-01-18 00:00,Y,204.62
806992,2,Paid Search,2025-06-03 00:00,N,0
801908,3,SEO,2024-07-04 00:00,Y,97.45
806009,1,Email,2024-10-19 00:00,Y,91.94
807109,1,Paid Search,2024-12-24 00:00,Y,118.72
806630,4,SEO,2024-04-14 00:00,Y,177.46
808165,2,Paid Social,2024-12-03 00:00,Y,214.92
800540,3,Email,2024-08-16 00:00,Y,171.32
804332,1,SEO,2025-08-04 00:00,Y,155.65
804879,2,Paid Search,2025-02-09 00:00,Y,131.92
802912,1,SEO,2024-07-22 00:00,N,0
800485,1,Paid Social,2024-05-11 00:00,Y,99.8
805661,4,Email,2025-08-06 00:00,Y,124.11
800176,1,Paid Social,2024-11-25 00:00,Y,159.29
803121,3,Email,2025-07-10 00:00,Y,57.57
808640,1,Email,2025-05-19 00:00,Y,70.58
805346,5,Paid Search,2024-10-02 00:00,N,0
802967,1,Paid Social,2024-01-27 00:00,N,0
802350,2,SEO,2024-11-03 00:00,Y,214.51
802805,2,Email,2024-04-21 00:00,Y,138.76
801938,2,Paid Search,2024-08-26 00:00,Y,217.5
804528,4,Paid Search,2024-06-13 00:00,N,0
804892,1,SEO,2024-11-26 00:00,Y,174.24
802540,1,SEO,2025-07-15 00:00,Y,150.31
805525,1,Paid Social,2024-02-29 00:00,Y,89.07
804684,3,Paid Social,2024-07-09 00:00,N,0
801479,1,Email,2024-04-09 00:00,Y,202.23
803031,1,SEO,2024-06-29 00:00,N,0
804609,2,Email,2024-11-17 00:00,N,0
800579,2,SEO,2024-11-22 00:00,Y,43.11
803109,1,SEO,2024-07-17 00:00,N,0
808883,1,SEO,2025-03-09 00:00,Y,151.59
800096,3,Paid Search,2025-10-11 00:00,Y,197.44
806910,1,Paid Search,2024-09-14 00:00,N,0
806738,3,Paid Social,2024-01-29 00:00,N,0
803138,1,Email,2025-09-28 00:00,Y,164.45
804981,1,Paid Social,2024-05-31 00:00,Y,151.7
802194,1,Email,2024-02-19 00:00,Y,107.6
803857,2,Email,2025-08-12 00:00,Y,144.1
804838,3,SEO,2024-06-23 00:00,Y,159.51
808332,2,Paid Search,2025-01-15 00:00,N,0
800371,1,SEO,2024-08-13 00:00,Y,219.09
808622,2,SEO,2025-05-26 00:00,N,0
805762,1,SEO,2025-03-10 00:00,Y,132.88
804365,1,Email,2024-07-06 00:00,Y,132.18
806805,4,Email,2025-06-17 00:00,Y,113.87
803899,1,Paid Social,2025-01-06 00:00,Y,147.86
805569,1,Paid Search,2025-08-27 00:00,N,0
801473,1,SEO,2024-10-18 00:00,Y,75.17
803178,5,Paid Search,2024-10-23 00:00,Y,73.93
803704,1,Paid Search,2024-08-30 00:00,Y,150.85
803997,3,Paid Social,2024-04-15 00:00,N,0
806819,3,Paid Social,2025-03-04 00:00,N,0
805551,3,Email,2025-05-08 00:00,Y,199.81
800107,2,Email,2024-04-23 00:00,N,0
807472,1,Email,2024-08-05 00:00,Y,79.54
801575,2,Email,2024-02-26 00:00,N,0
802131,4,Paid Social,2025-01-13 00:00,Y,99.64
806185,1,SEO,2024-10-22 00:00,Y,67.62
808652,2,Email,2025-07-29 00:00,N,0
806622,1,Paid Social,2025-03-02 00:00,Y,215.98
800205,1,SEO,2024-12-19 00:00,N,0
802918,1,SEO,2025-07-06 00:00,Y,161.3
801974,1,SEO,2025-09-22 00:00,Y,114.4
807165,3,SEO,2024-02-20 00:00,N,0
804215,1,SEO,2025-03-01 00:00,Y,124.85
806358,3,Email,2024-09-24 00:00,N,0
800189,1,Paid Social,2025-05-11 00:00,Y,40.19
803147,5,Paid Search,2024-05-28 00:00,N,0
804736,3,Email,2025-04-01 00:00,Y,146.67
808891,2,Paid Search,2024-07-19 00:00,Y,158.26
806675,2,Paid Social,2025-09-11 00:00,Y,194.54
800520,1,Paid Social,2024-12-23 00:00,Y,139.21
801016,3,SEO,2024-12-22 00:00,N,0
804159,2,Paid Social,2024-03-06 00:00,Y,104.68
805021,1,Email,2024-07-10 00:00,Y,201.09
801714,4,Paid Search,2025-05-11 00:00,Y,192.9
808466,1,SEO,2024-08-29 00:00,Y,151.2
807707,1,SEO,2025-03-26 00:00,N,0
806293,1,Paid Social,2025-08-20 00:00,N,0
806731,4,Paid Search,2025-02-07 00:00,Y,140.14
803301,2,Email,2024-04-04 00:00,N,0
801321,2,Paid Search,2024-03-18 00:00,N,0
806257,4,Email,2025-04-18 00:00,N,0
804628,3,Email,2025-04-13 00:00,N,0
807224,1,Paid Social,2025-06-17 00:00,N,0
801262,2,SEO,2024-07-22 00:00,Y,196.13
803010,4,Email,2024-09-30 00:00,Y,35.99
801130,1,SEO,2024-03-09 00:00,Y,135.14
801955,3,Email,2024-07-20 00:00,Y,78.71
803817,2,Email,2025-04-26 00:00,Y,38.96
806792,1,SEO,2025-10-02 00:00,N,0
807388,3,Paid Social,2024-02-21 00:00,Y,203.91
807096,1,SEO,2024-10-07 00:00,Y,52.96
804873,2,Paid Social,2025-01-03 00:00,Y,190.99
807741,2,SEO,2024-06-23 00:00,Y,185.38
805220,3,Paid Search,2025-01-07 00:00,N,0
808583,3,Paid Social,2024-06-03 00:00,Y,125.93
806287,1,SEO,2025-05-02 00:00,N,0
808973,2,Paid Search,2024-05-28 00:00,Y,49.49
808033,2,Paid Search,2024-02-15 00:00,Y,207.09
806275,2,Paid Social,2024-07-23 00:00,Y,113.44
805241,4,SEO,2025-01-05 00:00,Y,136.69
802731,2,Email,2024-01-13 00:00,N,0
801864,1,Paid Search,2024-03-22 00:00,Y,89.63
802820,3,SEO,2024-11-26 00:00,Y,211.95
807738,2,Paid Search,2025-01-10 00:00,Y,99.95
803129,4,Email,2024-10-02 00:00,Y,196.77
801977,3,Paid Search,2025-02-20 00:00,Y,181.84
805350,1,SEO,2024-02-22 00:00,Y,119.04
805508,1,SEO,2024-05-12 00:00,Y,120.91
800834,3,Email,2024-05-08 00:00,Y,178.47
804483,1,Email,2025-07-06 00:00,Y,123.93
803475,1,SEO,2024-10-11 00:00,Y,102.01
801872,4,Paid Search,2024-02-05 00:00,Y,167.62
800921,3,SEO,2024-10-14 00:00,N,0
801657,4,Email,2024-08-19 00:00,Y,183.46
802349,1,SEO,2025-08-12 00:00,Y,66.43
806514,2,Paid Social,2025-10-06 00:00,N,0
800444,5,SEO,2025-02-22 00:00,N,0
803677,1,SEO,2024-08-16 00:00,Y,190.12
800051,2,SEO,2025-03-27 00:00,Y,75.58
804222,1,SEO,2024-09-01 00:00,Y,154.84
806195,3,Email,2024-11-19 00:00,Y,152.93
805276,2,Paid Search,2024-05-28 00:00,N,0
801722,5,Email,2024-04-02 00:00,Y,145.4
803806,1,Email,2025-04-02 00:00,N,0
802032,4,Email,2024-10-17 00:00,Y,38.62
803922,1,Email,2024-06-02 00:00,Y,134.6
801583,2,Email,2025-01-29 00:00,Y,127.54
807456,4,Paid Social,2025-07-12 00:00,N,0
804748,1,Paid Social,2025-05-25 00:00,N,0
804207,1,Paid Social,2025-07-30 00:00,Y,106.64
807704,3,Paid Social,2025-06-17 00:00,Y,197.96
800419,4,Paid Search,2024-10-18 00:00,N,0
801839,2,SEO,2025-04-29 00:00,Y,46.02
805077,3,Paid Social,2025-08-31 00:00,Y,210.79
807073,2,Email,2025-10-08 00:00,N,0
803552,3,Email,2025-08-13 00:00,Y,106.15
800935,3,SEO,2025-07-14 00:00,N,0
803724,2,SEO,2024-10-06 00:00,Y,165.73
802305,2,Paid Social,2025-01-02 00:00,Y,141.39
804815,3,Paid Search,2024-05-25 00:00,Y,179.48
802103,2,SEO,2024-03-19 00:00,Y,38.41
803549,1,SEO,2025-06-25 00:00,Y,137.71
802529,3,Paid Social,2025-03-22 00:00,Y,89.03
802406,2,Email,2025-02-26 00:00,Y,49.91
803583,3,SEO,2024-09-25 00:00,N,0
804809,2,Paid Search,2025-10-07 00:00,Y,178.95
808392,2,Paid Search,2024-01-16 00:00,N,0
806291,3,SEO,2024-06-15 00:00,N,0
800831,1,Email,2024-07-06 00:00,Y,154.73
801585,1,Paid Social,2025-06-19 00:00,Y,182.51
804072,3,SEO,2025-05-15 00:00,N,0
802839,2,Email,2024-06-04 00:00,Y,117.42
805008,1,Paid Search,2025-06-30 00:00,Y,126.17
806060,4,Paid Search,2025-10-02 00:00,Y,151.06
803034,4,Email,2024-05-10 00:00,N,0
801091,1,SEO,2025-09-28 00:00,N,0
806685,2,Paid Social,2024-07-29 00:00,N,0
806059,4,Email,2025-08-21 00:00,Y,79.3
805739,1,Paid Search,2024-03-02 00:00,N,0
802318,1,SEO,2024-06-27 00:00,N,0
800513,5,Paid Search,2025-09-04 00:00,Y,101.33
806162,2,Email,2024-01-31 00:00,N,0
806165,1,Email,2025-08-25 00:00,N,0
800633,4,SEO,2024-11-18 00:00,Y,175.14
800758,2,Paid Social,2024-05-16 00:00,Y,88.38
806767,1,Paid Social,2025-08-24 00:00,Y,161.94
808657,2,SEO,2025-01-20 00:00,N,0
807059,1,SEO,2024-07-23 00:00,N,0
801060,3,Paid Search,2024-02-01 00:00,N,0
804445,1,SEO,2024-08-23 00:00,Y,148.46
806047,1,Paid Search,2025-01-21 00:00,Y,95.11
802074,1,Paid Social,2025-02-06 00:00,N,0
807406,4,Email,2025-07-20 00:00,N,0
805792,2,SEO,2024-07-25 00:00,N,0
801929,1,SEO,2025-03-18 00:00,N,0
802018,1,Paid Social,2025-07-22 00:00,Y,131.56
803282,1,SEO,2024-11-22 00:00,Y,94.13
800394,2,SEO,2024-03-17 00:00,N,0
806320,2,SEO,2025-04-25 00:00,Y,203.83
801204,2,SEO,2025-05-25 00:00,Y,161.04
801581,2,Email,2024-11-14 00:00,N,0
803904,1,Paid Social,2024-05-07 00:00,Y,187.63
800279,2,SEO,2024-05-25 00:00,N,0
806124,2,SEO,2025-03-01 00:00,N,0
803409,1,Paid Social,2024-02-16 00:00,Y,179.2
805645,3,Email,2025-10-16 00:00,N,0
804173,1,Paid Search,2024-01-28 00:00,Y,81.87
800575,1,Paid Search,2025-01-06 00:00,Y,45.05
806551,3,Email,2025-03-25 00:00,N,0
805251,2,Paid Social,2025-09-06 00:00,N,0
802256,1,Paid Social,2024-02-15 00:00,Y,206.95
804874,2,Email,2025-01-18 00:00,Y,74.47
802919,1,SEO,2024-05-07 00:00,Y,61.02
808977,3,Paid Social,2024-06-26 00:00,N,0
805584,2,Paid Social,2025-06-01 00:00,Y,204.2
801756,2,Paid Social,2024-03-07 00:00,N,0
808232,2,Paid Social,2025-04-01 00:00,N,0
800437,3,Email,2024-11-03 00:00,N,0
803399,3,Paid Search,2025-02-19 00:00,Y,168.72
807643,3,Email,2024-09-16 00:00,N,0
806889,3,Email,2024-04-08 00:00,Y,103.44
808563,1,Paid Social,2025-05-07 00:00,N,0
800038,1,SEO,2025-06-18 00:00,Y,165.73
807467,1,Email,2024-03-15 00:00,N,0
800421,4,Paid Search,2025-04-14 00:00,Y,146.42
803654,4,Paid Search,2025-05-16 00:00,N,0
802196,2,Email,2024-10-24 00:00,N,0
802287,2,Paid Search,2025-10-03 00:00,Y,163.23
803816,3,Email,2024-10-09 00:00,N,0
807152,1,Paid Social,2024-10-29 00:00,N,0
807895,1,SEO,2024-01-29 00:00,Y,105.7
803025,1,Paid Social,2024-11-12 00:00,N,0
804781,2,Email,2024-11-11 00:00,N,0
804530,3,SEO,2025-01-13 00:00,Y,140.28
800997,3,Paid Social,2025-06-24 00:00,N,0
801249,2,SEO,2025-03-31 00:00,N,0
801513,1,Paid Search,2024-03-17 00:00,N,0
803744,2,Paid Search,2024-10-04 00:00,N,0
802574,3,Paid Social,2024-10-05 00:00,Y,41.54
800980,2,Paid Social,2024-01-27 00:00,N,0
806177,1,SEO,2024-04-17 00:00,Y,194.75
801188,1,Paid Social,2024-01-11 00:00,N,0
801367,1,SEO,2024-05-23 00:00,N,0
806846,1,SEO,2024-11-23 00:00,Y,126.15
805182,1,Paid Search,2024-04-04 00:00,Y,206.57
802618,1,SEO,2024-11-02 00:00,Y,82.55
804145,1,SEO,2025-08-28 00:00,Y,217.75
803683,1,Paid Social,2025-09-10 00:00,N,0
806201,1,SEO,2025-04-09 00:00,Y,133.98
803040,5,Paid Search,2024-01-20 00:00,N,0
803431,1,Email,2025-04-11 00:00,N,0
806332,2,Paid Search,2024-12-05 00:00,N,0
808046,2,Paid Social,2024-05-10 00:00,N,0
802221,4,Paid Social,2024-07-12 00:00,Y,168.94
804706,1,Paid Social,2025-07-19 00:00,Y,131.46
805739,3,Email,2024-03-04 00:00,N,0
807001,1,Paid Social,2024-05-23 00:00,Y,105.43
808704,3,Paid Social,2025-03-20 00:00,Y,162.18
805943,5,Paid Social,2024-10-24 00:00,N,0
802893,2,SEO,2025-06-21 00:00,Y,76.84
801491,2,Email,2024-05-17 00:00,Y,175.62
802791,1,SEO,2024-05-03 00:00,N,0
801018,1,Paid Social,2025-04-20 00:00,Y,156.79
806302,2,SEO,2025-01-08 00:00,Y,144.85
804053,1,Paid Social,2025-01-12 00:00,Y,45.28
807469,2,Paid Search,2025-09-30 00:00,N,0
801512,3,Paid Search,2025-10-23 00:00,N,0
805772,1,Paid Search,2024-02-07 00:00,N,0
804131,1,Paid Search,2024-06-11 00:00,Y,61.64
804576,2,Paid Social,2024-01-20 00:00,Y,80.45
806883,1,SEO,2024-11-28 00:00,Y,48.73
808738,1,SEO,2024-12-27 00:00,N,0
801134,3,SEO,2025-04-23 00:00,N,0
802302,3,SEO,2024-08-23 00:00,N,0
800236,2,SEO,2025-07-04 00:00,N,0
805675,3,SEO,2024-11-01 00:00,Y,74.52
803900,1,SEO,2024-06-11 00:00,N,0
803730,2,Email,2024-03-11 00:00,N,0
800698,1,Email,2024-11-23 00:00,Y,145.63
808029,2,Email,2024-06-02 00:00,Y,182.37
800169,3,Email,2025-04-04 00:00,Y,210.84
801372,4,Paid Social,2025-04-26 00:00,N,0
806364,2,Email,2024-10-12 00:00,Y,143.28
807007,2,SEO,2025-07-25 00:00,N,0
804043,3,Paid Social,2025-08-06 00:00,Y,70.05
803007,2,SEO,2024-12-18 00:00,Y,174.54
803425,1,Paid Social,2024-05-07 00:00,Y,64.93
808303,3,Paid Search,2024-02-29 00:00,Y,126.63
801361,4,Paid Search,2024-10-08 00:00,Y,64.31
801162,2,Email,2025-02-04 00:00,N,0
801471,2,Paid Search,2024-04-09 00:00,Y,171.87
808691,3,Paid Search,2024-11-13 00:00,N,0
802821,2,Email,2024-02-03 00:00,N,0
800410,1,Paid Social,2025-01-05 00:00,Y,194.39
807004,3,SEO,2025-08-15 00:00,Y,197.98
806941,2,Paid Social,2025-04-28 00:00,N,0
801462,1,Email,2024-04-15 00:00,Y,37.09
805687,2,Paid Search,2025-08-29 00:00,Y,139.71
801553,1,Paid Social,2024-01-16 00:00,Y,180.2
805062,3,Paid Search,2025-02-28 00:00,Y,64.85
800778,1,Paid Social,2025-06-04 00:00,N,0
803337,1,SEO,2025-04-24 00:00,Y,59.13
803328,1,SEO,2025-07-30 00:00,N,0
804325,4,Email,2025-04-12 00:00,Y,49.64
802857,2,SEO,2025-05-11 00:00,Y,113.32
803282,3,Email,2024-11-24 00:00,Y,94.13
806523,2,Email,2024-09-25 00:00,Y,124.79
806751,2,SEO,2025-01-21 00:00,Y,39.31
806434,4,Paid Social,2025-02-07 00:00,N,0
803276,3,Email,2025-05-14 00:00,Y,173.37
803300,2,Paid Search,2024-07-06 00:00,N,0
804958,1,Paid Social,2025-03-16 00:00,N,0
808890,2,SEO,2024-08-03 00:00,Y,101.79
802528,2,Paid Search,2024-04-20 00:00,Y,43.36
806383,5,Email,2025-10-17 00:00,Y,205.17
802339,2,Paid Social,2024-03-02 00:00,Y,48.89
806072,2,Paid Social,2025-10-11 00:00,N,0
805683,2,Email,2024-07-28 00:00,Y,216.95
808746,1,Paid Social,2024-09-02 00:00,N,0
804964,1,Paid Search,2024-04-13 00:00,N,0
808135,4,Email,2024-04-18 00:00,Y,130.88
801229,2,Email,2025-02-25 00:00,Y,115.74
808313,1,SEO,2024-09-04 00:00,N,0
805826,3,Paid Search,2025-05-25 00:00,N,0
803129,2,SEO,2024-10-02 00:00,Y,196.77
807840,1,Paid Social,2025-02-28 00:00,N,0
801573,1,Email,2025-04-07 00:00,Y,154.75
805603,3,Paid Search,2024-08-06 00:00,N,0
804489,3,Paid Search,2024-02-13 00:00,Y,65.47
808905,1,SEO,2025-01-01 00:00,Y,59.86
806087,2,Email,2024-02-08 00:00,Y,216.07
803973,1,Paid Search,2025-06-06 00:00,Y,204.46
807831,2,SEO,2024-12-05 00:00,Y,203.23
800200,1,Paid Social,2025-08-01 00:00,N,0
804660,5,Email,2024-09-07 00:00,Y,157.63
806585,2,SEO,2025-09-12 00:00,Y,130.08
803790,2,Email,2024-04-24 00:00,N,0
806443,1,SEO,2024-01-18 00:00,Y,122.4
807431,2,Email,2025-08-14 00:00,Y,129.52
807227,1,SEO,2024-01-21 00:00,N,0
807648,2,Email,2025-03-01 00:00,Y,123.69
801759,1,SEO,2025-03-08 00:00,Y,155.66
801523,1,Paid Search,2025-02-08 00:00,Y,39.75
805087,3,Paid Social,2024-09-11 00:00,Y,173.63
805269,2,Email,2024-10-29 00:00,N,0
804194,1,Paid Social,2025-05-25 00:00,N,0
805538,1,Email,2024-10-02 00:00,N,0
806441,1,SEO,2025-07-07 00:00,N,0
807270,5,Paid Social,2024-08-19 00:00,Y,204.7
800362,2,SEO,2024-01-19 00:00,Y,204.08
808282,1,SEO,2024-03-27 00:00,Y,191.75
805240,2,Paid Search,2024-07-04 00:00,N,0
807878,2,Paid Search,2025-01-24 00:00,N,0
804167,2,Email,2024-02-23 00:00,Y,48.54
804417,1,SEO,2024-01-05 00:00,Y,61.62
802303,2,Paid Search,2025-06-30 00:00,N,0
804322,2,SEO,2024-01-10 00:00,Y,126.42
801968,3,SEO,2024-11-12 00:00,Y,151.49
802009,1,Email,2025-01-12 00:00,Y,57.47
801398,1,Paid Social,2024-08-02 00:00,Y,35.5
808599,2,Paid Social,2025-04-22 00:00,Y,148.67
803962,4,Email,2024-10-16 00:00,Y,194.2
804509,1,SEO,2024-04-24 00:00,N,0
805354,2,Paid Social,2024-07-02 00:00,Y,77.7
803652,2,SEO,2025-09-29 00:00,N,0
802780,1,SEO,2024-03-29 00:00,N,0
803347,2,SEO,2024-04-30 00:00,N,0
807674,2,SEO,2024-06-12 00:00,Y,134.38
803756,2,Paid Search,2025-06-10 00:00,Y,88.39
803877,1,Paid Search,2024-10-29 00:00,Y,64.86
800104,2,SEO,2024-02-02 00:00,Y,135.36
801441,1,Email,2024-10-31 00:00,N,0
803099,1,SEO,2025-01-26 00:00,Y,78.12
805407,1,SEO,2025-09-28 00:00,Y,84.22
805197,1,SEO,2025-07-24 00:00,Y,186.55
806274,2,Email,2024-08-30 00:00,N,0
808821,3,Paid Search,2025-01-16 00:00,Y,186.51
806466,1,Paid Search,2024-05-19 00:00,Y,37.88
801587,1,Email,2025-01-16 00:00,Y,61.98
807061,2,Paid Search,2025-06-20 00:00,Y,92.38
804287,4,Paid Search,2025-10-23 00:00,Y,52.92
805135,4,Email,2024-11-16 00:00,Y,181.1
803257,2,Email,2025-02-14 00:00,N,0
802236,1,SEO,2025-05-02 00:00,Y,116.62
804808,2,Paid Search,2025-03-16 00:00,Y,106.47
806835,2,Paid Social,2025-10-18 00:00,N,0
804007,3,SEO,2024-06-09 00:00,Y,43.31
801308,1,Paid Social,2025-01-28 00:00,N,0
803891,1,Paid Social,2024-07-03 00:00,Y,194.45
808152,3,SEO,2025-08-29 00:00,Y,78.15
806505,4,Email,2024-05-27 00:00,N,0
804785,5,Email,2024-12-30 00:00,Y,92.89
803880,1,SEO,2024-04-16 00:00,N,0
803899,2,Email,2025-01-07 00:00,Y,147.86
806499,2,Paid Search,2024-02-11 00:00,Y,141.94
800814,2,SEO,2024-12-06 00:00,Y,192.59
801572,1,SEO,2024-10-28 00:00,Y,100.33
805090,1,Email,2024-09-05 00:00,Y,62.65
808654,1,Paid Search,2025-10-15 00:00,N,0
803190,2,SEO,2025-09-12 00:00,N,0
806464,4,Paid Social,2024-11-26 00:00,Y,75.05
802653,1,Paid Search,2024-12-20 00:00,Y,111.05
806471,1,Email,2025-02-26 00:00,Y,218.17
803814,1,SEO,2024-04-19 00:00,Y,182.91
808158,2,SEO,2025-01-01 00:00,Y,42.98
808986,2,Paid Social,2024-02-29 00:00,N,0
802986,2,Email,2024-07-21 00:00,N,0
803393,1,Email,2024-06-29 00:00,N,0
802271,2,Paid Search,2025-01-29 00:00,N,0
807597,1,Email,2025-04-28 00:00,Y,173.66
804145,2,Paid Search,2025-08-31 00:00,Y,217.75
802445,3,Paid Social,2024-01-06 00:00,Y,144.18
804398,2,Email,2025-04-30 00:00,N,0
804792,1,SEO,2024-10-12 00:00,Y,210.56
808953,4,Paid Search,2025-01-18 00:00,Y,117.29
805282,1,SEO,2025-05-31 00:00,Y,167.64
802245,4,Email,2025-10-21 00:00,Y,148.84
808077,3,Paid Search,2025-05-22 00:00,N,0
803649,4,Email,2024-11-16 00:00,Y,177.54
805250,1,Paid Search,2024-01-11 00:00,N,0
801918,5,Email,2024-03-03 00:00,Y,77.17
808364,5,Paid Search,2024-09-02 00:00,N,0
807814,2,Email,2024-10-24 00:00,Y,107.95
804237,1,Email,2024-04-18 00:00,Y,206.26
807342,4,SEO,2025-08-16 00:00,Y,44.89
802469,1,SEO,2024-04-17 00:00,Y,113.26
808985,2,Email,2024-06-08 00:00,Y,71.3
806818,1,Paid Social,2025-06-24 00:00,N,0
802479,1,Paid Social,2025-03-11 00:00,Y,215.87
801748,1,Paid Social,2024-06-04 00:00,N,0
800062,1,Paid Social,2024-06-28 00:00,Y,113.46
800517,1,Paid Social,2025-04-04 00:00,Y,152.41
800635,1,SEO,2024-09-06 00:00,N,0
800273,1,Email,2024-07-04 00:00,N,0
802873,3,Paid Search,2024-02-17 00:00,Y,74.62
800020,1,SEO,2024-04-08 00:00,Y,153.89
805035,1,Paid Social,2025-06-07 00:00,Y,114.21
802615,3,Email,2025-06-21 00:00,N,0
803938,3,Email,2025-05-14 00:00,Y,82.82
803107,1,Paid Social,2024-10-18 00:00,N,0
808759,2,Paid Search,2025-06-13 00:00,N,0
804521,2,Paid Social,2025-10-15 00:00,N,0
806356,3,Paid Search,2024-06-28 00:00,N,0
801965,1,SEO,2025-04-26 00:00,Y,133.21
802718,2,SEO,2024-05-14 00:00,Y,36.25
804914,3,SEO,2024-08-02 00:00,N,0
805800,3,Paid Search,2024-03-08 00:00,Y,79.45
806071,2,Paid Social,2024-09-03 00:00,Y,187.31
807276,1,SEO,2025-07-17 00:00,Y,121.26
804513,4,Email,2024-10-08 00:00,Y,168.5
807711,4,Paid Social,2024-02-22 00:00,N,0
802851,1,SEO,2024-12-31 00:00,Y,184.48
807720,5,Paid Search,2025-02-24 00:00,Y,62.95
805391,1,Paid Search,2024-04-21 00:00,Y,102.57
802799,3,SEO,2025-02-12 00:00,Y,52.89
806791,1,SEO,2025-10-11 00:00,N,0
808171,5,Paid Search,2025-04-04 00:00,Y,217.33
803206,1,Paid Social,2024-05-31 00:00,Y,200.87
807166,2,SEO,2025-03-27 00:00,N,0
802467,1,Paid Social,2025-08-22 00:00,Y,117.95
803999,1,Paid Social,2025-07-22 00:00,Y,218.44
808125,4,Paid Social,2024-08-05 00:00,Y,180.32
803202,1,SEO,2025-03-09 00:00,Y,57.15
807225,2,SEO,2025-10-20 00:00,Y,120.3
800655,2,Email,2025-05-14 00:00,N,0
806118,2,Paid Search,2025-03-05 00:00,N,0
800537,3,Email,2025-01-16 00:00,Y,148.95
804853,1,Email,2024-08-04 00:00,N,0
801640,1,Paid Social,2024-12-21 00:00,Y,81.48
807825,4,Paid Social,2025-09-12 00:00,Y,153.6
800518,1,SEO,2024-10-08 00:00,N,0
806809,2,Paid Search,2024-02-25 00:00,Y,170.37
801263,2,SEO,2025-07-13 00:00,Y,155.47
804461,2,Email,2024-06-01 00:00,Y,209.75
806522,3,SEO,2024-06-23 00:00,N,0
805903,3,Paid Search,2024-11-26 00:00,N,0
808356,1,SEO,2024-08-28 00:00,Y,153.53
801077,1,Email,2025-10-08 00:00,Y,126.45
803354,1,SEO,2024-12-06 00:00,N,0
808915,3,SEO,2024-12-25 00:00,Y,118.58
801486,3,Paid Social,2025-03-28 00:00,Y,67.53
808828,3,Paid Search,2024-08-05 00:00,N,0
804955,2,Email,2025-04-29 00:00,N,0
807770,3,Email,2024-09-12 00:00,Y,66.85
805058,2,SEO,2024-06-25 00:00,Y,188.96
802159,2,Paid Social,2025-05-10 00:00,N,0
806610,1,Paid Search,2024-10-05 00:00,Y,186.16
804178,1,SEO,2024-02-06 00:00,Y,102.43
808829,2,Email,2024-08-21 00:00,Y,208.21
803869,4,Paid Search,2025-02-26 00:00,N,0
800419,5,SEO,2024-10-20 00:00,N,0
806078,1,SEO,2024-09-27 00:00,N,0
802863,1,Email,2024-08-03 00:00,Y,188.34
807076,1,Paid Social,2024-05-02 00:00,Y,115.84
804610,5,Email,2025-08-09 00:00,N,0
802344,1,SEO,2025-10-09 00:00,Y,131.16
803046,1,Paid Social,2025-04-10 00:00,Y,85.38
806926,2,Paid Search,2025-09-29 00:00,N,0
806206,1,Paid Social,2024-07-29 00:00,Y,203.32
802252,4,SEO,2024-07-04 00:00,Y,132.91
806206,2,SEO,2024-08-01 00:00,Y,203.32
806735,1,Paid Social,2025-03-13 00:00,Y,138.57
808255,1,SEO,2025-06-23 00:00,N,0
804282,3,Paid Social,2024-06-29 00:00,Y,149.5
808050,2,SEO,2025-10-19 00:00,Y,134.86
806028,1,Paid Social,2024-05-30 00:00,N,0
800948,3,Paid Search,2025-02-18 00:00,N,0
804253,1,Email,2025-02-11 00:00,N,0
808131,4,Email,2024-04-04 00:00,Y,44.22
805704,2,Paid Search,2025-01-12 00:00,Y,213.18
806764,2,Paid Search,2024-01-06 00:00,Y,192.34
800512,1,Paid Social,2024-07-12 00:00,N,0
804648,1,SEO,2024-05-03 00:00,N,0
805747,2,Email,2024-12-20 00:00,N,0
808283,2,Paid Search,2024-12-08 00:00,N,0
805766,3,SEO,2025-07-01 00:00,Y,124.93
808231,2,SEO,2025-08-10 00:00,Y,146.03
802511,2,SEO,2025-03-21 00:00,Y,131.59
804085,2,Paid Social,2024-08-14 00:00,Y,132.52
807169,2,Email,2025-03-14 00:00,N,0
807587,1,Email,2025-08-21 00:00,Y,90.33
805005,4,Email,2024-05-06 00:00,Y,137.56
801849,2,Paid Search,2024-07-14 00:00,N,0
807376,4,Paid Search,2025-03-26 00:00,Y,95.27
807576,1,Paid Social,2024-02-22 00:00,Y,162.94
801578,3,Paid Social,2024-11-06 00:00,Y,215.79
800519,4,Email,2025-03-02 00:00,N,0
805609,1,Email,2025-09-30 00:00,Y,40.41
802053,3,Paid Search,2025-05-16 00:00,N,0
805925,3,Paid Search,2025-04-26 00:00,Y,106.82
802996,1,SEO,2024-07-02 00:00,Y,106.0
803218,2,Paid Social,2024-02-22 00:00,Y,57.36
805874,1,Paid Social,2025-08-25 00:00,N,0
807337,4,Paid Search,2024-03-23 00:00,Y,84.71
800309,4,Paid Search,2024-06-29 00:00,Y,122.96
804190,2,Email,2024-11-10 00:00,Y,87.23
805597,2,Paid Search,2024-04-08 00:00,Y,181.12
802444,2,Email,2024-07-02 00:00,N,0
802211,2,Paid Search,2025-08-14 00:00,Y,140.04
807562,1,SEO,2025-05-11 00:00,Y,192.84
805543,1,Email,2025-02-26 00:00,N,0
803440,1,Paid Search,2024-10-21 00:00,N,0
802472,2,Email,2024-03-04 00:00,N,0
805868,1,SEO,2024-05-27 00:00,Y,178.61
807424,2,Paid Search,2024-03-20 00:00,N,0
807338,2,Email,2025-07-29 00:00,Y,209.77
808054,1,Email,2024-01-11 00:00,Y,46.81
803219,3,Paid Search,2025-10-09 00:00,Y,80.62
807915,1,Paid Social,2024-07-26 00:00,Y,122.9
808976,1,SEO,2024-01-16 00:00,Y,53.29
800729,2,SEO,2024-03-21 00:00,Y,200.02
805006,3,Paid Search,2025-05-06 00:00,Y,205.29
802374,3,Paid Social,2025-02-25 00:00,Y,103.7
801559,1,Paid Social,2025-05-30 00:00,N,0
805302,3,SEO,2024-01-19 00:00,Y,176.26
803486,1,SEO,2024-06-19 00:00,N,0
805226,1,Paid Social,2025-04-02 00:00,Y,57.95
806281,1,SEO,2024-12-05 00:00,N,0
808164,3,Email,2024-05-26 00:00,N,0
800321,5,Paid Social,2025-03-28 00:00,Y,193.9
805376,2,Email,2024-04-02 00:00,Y,101.25
806484,4,Paid Social,2024-06-18 00:00,Y,161.07
803092,1,Paid Social,2024-03-29 00:00,Y,161.03
808018,1,SEO,2024-03-21 00:00,Y,55.79
800179,3,Email,2025-02-21 00:00,Y,197.33
801036,3,Email,2024-01-11 00:00,Y,106.68
804203,3,Email,2024-03-19 00:00,Y,184.76
804637,1,SEO,2025-07-26 00:00,Y,58.94
807263,2,Paid Social,2024-04-08 00:00,Y,120.67
807160,1,Paid Search,2025-03-10 00:00,Y,82.23
807356,4,Paid Social,2025-06-05 00:00,Y,63.25
806271,3,Email,2024-01-23 00:00,N,0
807807,1,SEO,2024-03-29 00:00,Y,179.05
800714,3,Email,2024-11-19 00:00,Y,205.59
803144,1,Paid Social,2025-06-09 00:00,Y,212.65
800215,3,Paid Search,2025-07-12 00:00,N,0
807607,1,SEO,2024-10-16 00:00,N,0
802869,3,Paid Search,2025-10-14 00:00,N,0
801541,4,Paid Search,2024-05-28 00:00,Y,196.31
801067,5,SEO,2024-07-20 00:00,N,0
800553,2,Paid Social,2025-02-01 00:00,Y,100.21
800663,1,SEO,2025-06-02 00:00,Y,104.44
805821,1,SEO,2024-12-21 00:00,Y,115.66
802906,3,Paid Social,2025-08-30 00:00,N,0
806311,2,Paid Search,2024-03-03 00:00,N,0
806051,1,Paid Social,2025-01-03 00:00,Y,160.23
808293,2,Email,2024-07-06 00:00,N,0
805939,2,Paid Search,2024-03-19 00:00,Y,190.39
807266,3,Email,2025-01-15 00:00,N,0
804152,2,Paid Social,2025-01-26 00:00,Y,157.31
804878,1,SEO,2025-08-20 00:00,Y,50.5
804361,1,Email,2024-01-26 00:00,Y,157.22
806289,3,SEO,2024-01-31 00:00,Y,84.12
803361,3,SEO,2025-07-09 00:00,Y,116.43
800934,2,SEO,2024-09-09 00:00,N,0
806410,5,Paid Search,2024-02-20 00:00,Y,173.55
803938,2,SEO,2025-05-07 00:00,Y,82.82
803195,2,Email,2025-10-14 00:00,Y,61.95
802920,1,Paid Social,2025-09-28 00:00,Y,37.41
804236,1,Paid Search,2024-10-05 00:00,N,0
805309,1,SEO,2024-10-21 00:00,Y,41.64
807590,4,Email,2024-10-03 00:00,Y,36.44
800802,1,SEO,2024-03-20 00:00,Y,146.51
803212,2,SEO,2025-05-14 00:00,Y,211.76
802371,4,Email,2025-05-20 00:00,Y,116.03
801581,1,Paid Social,2024-11-12 00:00,N,0
804794,1,Paid Search,2025-04-19 00:00,N,0
800769,1,Email,2025-01-21 00:00,Y,87.08
802503,4,Paid Search,2025-01-12 00:00,Y,182.88
803963,1,Paid Social,2025-06-12 00:00,N,0
807081,2,Paid Search,2025-05-03 00:00,N,0
801596,2,Paid Search,2024-05-09 00:00,Y,48.67
803553,3,Email,2024-12-14 00:00,Y,133.51
802612,2,Email,2024-03-26 00:00,Y,87.34
804465,3,Paid Social,2024-08-18 00:00,Y,74.09
801872,3,Paid Social,2024-02-01 00:00,Y,167.62
802330,4,Email,2025-03-10 00:00,N,0
801755,1,Email,2024-04-02 00:00,Y,202.82
808848,2,Paid Search,2024-01-29 00:00,N,0
802518,1,SEO,2024-04-07 00:00,Y,149.47
806808,2,Paid Search,2025-04-21 00:00,Y,39.92
804816,1,SEO,2025-01-07 00:00,N,0
807423,2,Paid Search,2025-03-10 00:00,Y,65.98
805666,1,Paid Social,2024-08-19 00:00,Y,94.82
803808,1,Paid Search,2024-05-30 00:00,Y,138.36
807770,2,Email,2024-09-05 00:00,Y,66.85
802401,3,Paid Search,2024-11-20 00:00,N,0
807120,3,Paid Search,2024-08-30 00:00,Y,123.16
800035,2,Email,2024-12-11 00:00,N,0
800977,3,Paid Search,2025-04-27 00:00,N,0
802197,4,Paid Search,2024-11-24 00:00,Y,183.21
800471,3,Email,2025-07-04 00:00,N,0
807456,1,Paid Search,2025-06-30 00:00,N,0
806451,1,Paid Social,2024-05-03 00:00,Y,53.99
806517,2,Email,2024-03-23 00:00,Y,38.41
805373,3,Paid Search,2024-02-11 00:00,Y,83.2
800539,1,Paid Social,2024-10-16 00:00,N,0
804246,2,Paid Social,2024-06-08 00:00,Y,168.48
800769,5,Email,2025-02-02 00:00,Y,87.08
802611,2,Email,2024-05-18 00:00,N,0
806081,1,SEO,2025-02-24 00:00,N,0
808283,1,Paid Search,2024-12-04 00:00,N,0
803855,2,Email,2025-07-05 00:00,Y,173.28
803310,1,Email,2025-07-15 00:00,Y,143.41
804060,1,SEO,2025-04-27 00:00,Y,202.19
805568,3,Email,2024-09-10 00:00,N,0
800870,2,SEO,2024-06-10 00:00,N,0
808139,2,Paid Social,2025-09-16 00:00,Y,132.66
802169,2,SEO,2025-05-29 00:00,N,0
801893,3,Paid Search,2024-03-08 00:00,N,0
805702,3,SEO,2025-09-24 00:00,Y,45.35
802741,1,Email,2025-10-06 00:00,Y,185.24
807692,2,Email,2024-01-07 00:00,Y,158.47
803211,1,Paid Social,2024-10-15 00:00,N,0
805189,1,Paid Social,2025-07-27 00:00,Y,92.97
804880,2,Paid Search,2025-01-18 00:00,Y,160.4
801172,1,Paid Social,2025-05-24 00:00,N,0
802029,3,Paid Social,2024-03-18 00:00,Y,147.45
804611,3,Paid Social,2025-06-19 00:00,Y,98.7
804472,2,SEO,2024-02-09 00:00,Y,83.02
800170,2,Paid Social,2024-01-10 00:00,Y,176.21
800978,1,Paid Social,2025-02-14 00:00,Y,88.93
800622,2,Paid Search,2025-10-18 00:00,N,0
807461,5,Paid Search,2025-07-30 00:00,Y,166.8
802475,4,Email,2024-01-13 00:00,Y,162.6
802747,3,SEO,2024-04-29 00:00,N,0
805005,3,Email,2024-05-04 00:00,Y,137.56
803191,3,Email,2025-03-22 00:00,Y,97.72
808296,2,Email,2025-06-02 00:00,Y,182.09
805718,4,Paid Social,2024-08-13 00:00,N,0
808308,1,Email,2024-05-28 00:00,Y,167.8
801179,2,Email,2025-05-21 00:00,Y,127.97
806957,1,Paid Social,2025-09-14 00:00,Y,202.85
803266,2,Paid Social,2024-02-18 00:00,Y,37.96
802601,1,SEO,2024-10-15 00:00,Y,43.37
808833,2,Paid Social,2025-07-29 00:00,N,0
800225,2,SEO,2025-03-21 00:00,Y,115.77
803020,4,Paid Search,2025-08-07 00:00,Y,168.76
800072,2,Email,2024-02-12 00:00,Y,99.44
805355,2,SEO,2024-04-08 00:00,Y,39.78
806482,1,Paid Search,2024-08-04 00:00,N,0
808606,3,Email,2024-08-27 00:00,Y,215.63
802455,3,Paid Social,2025-06-06 00:00,N,0
801852,1,Paid Social,2024-09-27 00:00,N,0
800332,2,Email,2025-08-21 00:00,N,0
804600,1,SEO,2025-09-10 00:00,N,0
808007,1,Paid Social,2024-10-26 00:00,Y,133.28
802741,2,SEO,2025-10-08 00:00,Y,185.24
807353,1,Paid Social,2024-03-20 00:00,N,0
800318,2,Paid Social,2025-01-22 00:00,Y,132.54
808279,2,SEO,2025-01-14 00:00,N,0
801434,5,SEO,2024-11-24 00:00,N,0
807822,1,Email,2024-02-18 00:00,Y,195.54
807033,3,Email,2024-05-21 00:00,Y,186.33
806581,1,Paid Search,2024-02-09 00:00,Y,89.81
803186,2,Paid Social,2024-09-23 00:00,Y,58.43
804606,3,Email,2025-05-01 00:00,N,0
805906,2,Paid Social,2024-04-21 00:00,Y,212.69
806088,1,Paid Social,2025-07-19 00:00,Y,98.54
808648,1,SEO,2025-08-30 00:00,N,0
808902,1,SEO,2024-11-17 00:00,Y,147.22
802155,3,Paid Search,2025-08-19 00:00,Y,152.38
800007,5,Paid Search,2025-06-04 00:00,Y,181.91
804960,2,Paid Search,2024-10-17 00:00,Y,186.6
804502,2,Paid Social,2024-03-31 00:00,Y,36.53
807418,1,SEO,2024-03-21 00:00,Y,200.64
803143,2,SEO,2025-09-28 00:00,Y,135.47
805776,4,Paid Search,2025-04-07 00:00,N,0
804015,1,SEO,2024-02-12 00:00,Y,102.36
803361,2,Paid Social,2025-07-05 00:00,Y,116.43
807852,1,Paid Social,2024-11-23 00:00,N,0
807216,3,Email,2024-08-28 00:00,N,0
801826,3,Paid Social,2024-03-27 00:00,Y,159.98
807394,5,Email,2025-09-25 00:00,Y,105.55
807756,1,SEO,2025-05-16 00:00,Y,198.08
801879,5,Email,2024-11-07 00:00,Y,179.57
804362,1,Paid Social,2024-12-22 00:00,Y,163.78
801292,1,Paid Search,2024-07-06 00:00,Y,63.75
807305,3,SEO,2025-08-18 00:00,Y,148.44
805440,3,Paid Search,2024-12-28 00:00,Y,91.05
800972,1,Email,2025-04-19 00:00,N,0
806189,3,Paid Social,2024-04-28 00:00,Y,69.2
804682,2,Paid Social,2025-10-06 00:00,N,0
805039,1,Email,2024-07-07 00:00,Y,64.07
808700,3,Email,2024-01-31 00:00,N,0
806499,1,Paid Social,2024-02-08 00:00,Y,141.94
802736,2,Email,2024-12-07 00:00,Y,59.99
805416,2,Paid Search,2024-01-09 00:00,N,0
801877,1,SEO,2024-09-17 00:00,N,0
805394,2,Paid Social,2025-08-27 00:00,N,0
805210,3,SEO,2024-10-03 00:00,Y,97.91
804500,2,Paid Social,2025-07-01 00:00,Y,123.56
801405,1,Paid Social,2025-07-24 00:00,N,0
806314,4,Paid Search,2024-11-29 00:00,Y,154.8
805523,3,Paid Search,2025-10-08 00:00,N,0
802633,4,Email,2024-07-26 00:00,Y,118.33
806716,1,Paid Search,2024-06-09 00:00,Y,59.33
806864,2,Email,2024-09-17 00:00,N,0
801977,1,SEO,2025-02-18 00:00,Y,181.84
808451,2,SEO,2024-07-23 00:00,Y,53.36
808003,3,Email,2025-01-06 00:00,Y,155.76
805384,1,SEO,2024-10-06 00:00,Y,95.98
803957,1,Paid Search,2025-03-08 00:00,Y,111.63
800486,1,Paid Search,2025-02-02 00:00,Y,75.09
805443,3,SEO,2024-01-15 00:00,Y,64.49
805458,4,SEO,2024-11-07 00:00,N,0
801227,2,Email,2025-10-01 00:00,Y,84.52
800844,2,Paid Social,2025-01-04 00:00,Y,92.58
802671,1,Paid Social,2024-11-15 00:00,Y,147.26
805302,2,Paid Social,2024-01-15 00:00,Y,176.26
802893,3,Paid Search,2025-06-25 00:00,Y,76.84
805069,1,Paid Social,2024-11-24 00:00,Y,150.24
804723,1,SEO,2025-06-16 00:00,Y,63.51
803606,5,Paid Search,2025-07-07 00:00,Y,200.14
805924,2,Email,2024-04-27 00:00,Y,89.15
803757,3,Paid Search,2024-11-07 00:00,Y,66.22
805598,3,Email,2025-09-10 00:00,Y,123.66
805016,1,Paid Search,2025-03-18 00:00,N,0
804831,3,Paid Search,2024-11-15 00:00,N,0
806633,2,Paid Search,2025-01-01 00:00,N,0
808350,3,SEO,2025-02-02 00:00,Y,151.8
807412,2,Paid Search,2025-01-16 00:00,Y,159.54
806647,1,Paid Social,2024-07-17 00:00,N,0
808364,4,Paid Search,2024-09-01 00:00,N,0
807180,3,SEO,2024-01-29 00:00,Y,82.56
802839,1,Paid Search,2024-06-02 00:00,Y,117.42
802455,1,Paid Social,2025-05-31 00:00,N,0
806465,1,SEO,2024-07-31 00:00,Y,114.37
801824,2,SEO,2025-04-18 00:00,Y,74.29
808843,2,Paid Search,2025-08-17 00:00,Y,177.0
805679,2,SEO,2025-01-26 00:00,N,0
803029,1,Paid Search,2025-03-12 00:00,Y,155.12
807546,2,Paid Search,2024-03-12 00:00,N,0
801586,1,Paid Search,2025-01-25 00:00,Y,60.31
807372,2,Email,2024-04-19 00:00,N,0
806162,3,Email,2024-02-03 00:00,N,0
802035,1,SEO,2025-01-16 00:00,Y,156.23
806383,2,Paid Social,2025-10-15 00:00,Y,205.17
802036,2,SEO,2024-10-23 00:00,Y,185.7
801340,1,SEO,2024-11-02 00:00,N,0
803708,2,SEO,2024-01-26 00:00,Y,57.05
806416,2,SEO,2024-03-14 00:00,N,0
805459,1,Email,2024-04-05 00:00,Y,177.71
807480,1,Paid Social,2024-07-28 00:00,Y,170.84
801580,1,SEO,2024-08-15 00:00,Y,68.18
803715,3,Paid Search,2025-02-19 00:00,Y,144.51
808064,5,Email,2024-12-03 00:00,N,0
803243,3,Email,2025-01-27 00:00,N,0
808741,4,Paid Search,2024-08-06 00:00,N,0
800077,1,Paid Social,2024-12-24 00:00,Y,134.34
807738,3,Paid Search,2025-01-17 00:00,Y,99.95
807974,2,Paid Search,2024-07-04 00:00,N,0
805550,2,SEO,2024-07-25 00:00,Y,85.12
802265,2,Email,2025-05-07 00:00,N,0
801695,2,SEO,2024-08-20 00:00,Y,191.68
800837,1,Email,2024-04-29 00:00,Y,123.71
803767,3,SEO,2024-02-14 00:00,Y,187.56
806848,4,SEO,2024-05-21 00:00,Y,204.8
807814,3,Paid Search,2024-10-27 00:00,Y,107.95
806173,1,SEO,2025-05-23 00:00,N,0
805136,5,Paid Search,2024-11-04 00:00,Y,161.06
804197,2,Email,2025-07-17 00:00,Y,106.73
807789,3,Email,2024-08-04 00:00,Y,71.79
802155,1,Paid Social,2025-08-11 00:00,Y,152.38
804800,2,SEO,2024-03-22 00:00,Y,216.68
805471,5,Paid Social,2025-03-06 00:00,Y,144.08
803481,2,Email,2025-09-14 00:00,Y,212.32
807114,3,SEO,2024-04-30 00:00,Y,76.32
804195,2,Paid Search,2025-02-26 00:00,Y,99.15
801403,3,Email,2025-01-11 00:00,Y,188.76
806819,4,Email,2025-03-02 00:00,N,0
807212,3,Paid Search,2024-08-08 00:00,Y,170.73
801198,1,Paid Social,2024-02-12 00:00,Y,145.07
804881,1,SEO,2024-03-15 00:00,N,0
805675,2,Email,2024-11-03 00:00,Y,74.52
801090,3,Email,2025-08-12 00:00,Y,106.68
805757,1,Paid Social,2025-05-20 00:00,Y,139.09
802027,1,Email,2025-05-29 00:00,Y,172.36
803091,1,Paid Social,2024-04-10 00:00,N,0
802511,3,Paid Social,2025-03-23 00:00,Y,131.59
801105,5,Email,2025-09-01 00:00,N,0
802362,1,Paid Social,2024-07-26 00:00,Y,168.87
803956,2,Paid Social,2025-07-16 00:00,N,0
802688,4,Email,2025-10-04 00:00,N,0
804867,1,Paid Social,2024-04-01 00:00,Y,43.75
800924,2,Paid Search,2024-08-08 00:00,Y,78.67
800832,1,Paid Social,2024-03-21 00:00,Y,182.17
806560,1,Email,2024-05-28 00:00,N,0
801084,2,Email,2024-10-02 00:00,Y,171.98
800277,3,Email,2025-10-16 00:00,Y,74.88
800390,3,Email,2025-05-01 00:00,N,0
804771,4,SEO,2024-08-08 00:00,Y,140.15
805832,1,Email,2024-03-29 00:00,N,0
800170,1,Paid Social,2024-01-08 00:00,Y,176.21
805512,1,Paid Social,2024-07-13 00:00,Y,190.65
808023,1,Email,2025-10-07 00:00,Y,66.57
806017,1,Paid Social,2025-06-24 00:00,N,0
806626,1,SEO,2024-06-15 00:00,Y,57.9
801808,3,SEO,2025-05-04 00:00,Y,142.74
802519,1,Paid Search,2024-12-07 00:00,Y,155.53
806524,1,SEO,2025-08-24 00:00,Y,154.23
807040,1,SEO,2024-04-21 00:00,Y,178.57
801070,2,Paid Search,2025-01-05 00:00,N,0
807008,2,Paid Search,2025-04-05 00:00,N,0
807547,3,SEO,2025-06-15 00:00,N,0
805047,2,SEO,2025-03-05 00:00,N,0
807871,1,SEO,2024-10-04 00:00,N,0
804587,1,Email,2025-07-29 00:00,N,0
800779,2,Paid Search,2025-04-23 00:00,Y,132.46
805131,2,Paid Social,2025-01-25 00:00,Y,69.38
805955,3,SEO,2024-02-27 00:00,N,0
803256,2,Paid Search,2024-01-26 00:00,N,0
801865,2,Paid Search,2024-03-27 00:00,N,0
801639,1,Email,2024-08-27 00:00,N,0
804648,2,Paid Search,2024-05-07 00:00,N,0
800171,2,Paid Search,2024-03-06 00:00,N,0
805427,2,Paid Social,2025-03-30 00:00,Y,62.74
808635,1,Paid Search,2024-01-12 00:00,Y,193.97
804618,4,Paid Search,2024-11-05 00:00,N,0
805818,2,Email,2025-01-07 00:00,Y,205.46
803365,1,Paid Social,2024-06-17 00:00,N,0
803803,2,SEO,2025-08-04 00:00,Y,175.41
802259,1,Paid Social,2024-09-19 00:00,Y,184.81
804456,3,Email,2024-10-27 00:00,N,0
807445,2,SEO,2025-10-14 00:00,N,0
800785,2,Paid Search,2025-07-11 00:00,N,0
807939,1,Paid Social,2025-10-02 00:00,Y,87.63
802691,2,Email,2024-10-22 00:00,N,0
804822,1,Paid Social,2025-02-19 00:00,Y,66.06
808451,4,SEO,2024-08-01 00:00,Y,53.36
800609,1,SEO,2024-12-18 00:00,Y,168.96
805821,4,Email,2025-01-02 00:00,Y,115.66
802480,2,Paid Search,2024-08-19 00:00,N,0
800917,2,Email,2025-06-05 00:00,N,0
800548,3,Paid Social,2025-01-25 00:00,Y,103.52
803822,1,Paid Social,2025-04-13 00:00,Y,51.5
804383,1,SEO,2024-03-16 00:00,Y,215.29
800105,4,Paid Search,2025-03-30 00:00,Y,175.57
803962,5,SEO,2024-10-19 00:00,Y,194.2
804932,1,Email,2025-09-12 00:00,N,0
808270,2,Paid Search,2025-09-28 00:00,Y,120.62
803608,2,Email,2025-05-22 00:00,N,0
804671,4,Paid Search,2024-02-15 00:00,N,0
802063,3,Email,2025-10-11 00:00,N,0
800260,1,Email,2025-09-18 00:00,Y,130.98
804360,1,SEO,2025-05-08 00:00,Y,64.1
806320,5,Email,2025-05-02 00:00,Y,203.83
802831,1,Paid Social,2025-07-07 00:00,Y,163.05
800684,2,SEO,2024-06-10 00:00,Y,188.93
807440,3,Email,2025-09-09 00:00,N,0
801138,2,Email,2024-07-12 00:00,Y,140.12
803839,3,Email,2024-06-27 00:00,Y,201.89
801276,2,Paid Search,2024-09-18 00:00,N,0
800015,2,Email,2025-07-04 00:00,Y,60.45
806317,2,Email,2024-01-29 00:00,N,0
802381,1,SEO,2025-06-14 00:00,Y,80.43
802061,1,SEO,2024-05-15 00:00,Y,35.98
808455,1,Paid Search,2024-04-08 00:00,Y,52.98
806475,2,SEO,2024-07-16 00:00,Y,83.26
801553,3,Email,2024-01-20 00:00,Y,180.2
804744,1,SEO,2024-12-11 00:00,N,0
806376,1,Paid Social,2025-09-11 00:00,Y,114.51
804662,3,Email,2024-10-14 00:00,N,0
806802,3,Paid Social,2024-02-05 00:00,N,0
801559,2,Paid Search,2025-06-02 00:00,N,0
808467,1,Paid Social,2024-09-21 00:00,Y,179.01
806963,2,SEO,2025-10-11 00:00,Y,100.97
804029,3,Email,2025-05-02 00:00,Y,87.29
805064,1,SEO,2024-04-14 00:00,N,0
803496,2,SEO,2024-02-08 00:00,Y,109.13
807898,4,Paid Search,2024-02-20 00:00,N,0
800039,1,SEO,2025-01-30 00:00,N,0
806492,2,Paid Social,2024-01-11 00:00,Y,81.09
807220,2,Paid Social,2025-01-08 00:00,Y,180.32
807419,1,Paid Search,2024-02-09 00:00,N,0
800588,3,Paid Search,2024-06-21 00:00,N,0
800360,2,Paid Search,2025-08-22 00:00,Y,53.61
800124,1,SEO,2024-12-31 00:00,N,0
807137,1,SEO,2025-06-06 00:00,N,0
807890,2,Paid Search,2025-04-23 00:00,Y,50.06
802143,1,Paid Social,2024-11-27 00:00,N,0
808223,2,SEO,2025-04-07 00:00,Y,219.18
804301,2,Paid Search,2025-06-05 00:00,Y,217.85
804102,1,SEO,2024-02-05 00:00,N,0
806170,2,Paid Social,2025-02-16 00:00,Y,66.36
807548,2,Paid Social,2024-05-13 00:00,Y,52.14
802418,3,Paid Search,2024-01-24 00:00,Y,157.62
804213,4,Paid Social,2024-04-25 00:00,Y,112.45
805099,2,SEO,2025-05-03 00:00,Y,50.84
806438,1,Email,2025-07-06 00:00,N,0
806868,3,SEO,2025-04-05 00:00,Y,168.77
808200,1,Paid Social,2025-06-19 00:00,Y,95.38
801055,2,Paid Social,2024-09-08 00:00,Y,38.75
800873,3,Paid Search,2025-05-24 00:00,Y,158.08
804017,1,SEO,2025-08-03 00:00,Y,122.24
806555,2,Paid Search,2025-04-13 00:00,Y,204.83
806410,4,Paid Search,2024-02-17 00:00,Y,173.55
801351,4,Email,2024-08-23 00:00,Y,208.91
802069,2,Paid Search,2024-06-14 00:00,N,0
805730,2,Email,2024-08-29 00:00,Y,183.36
805995,1,Paid Search,2024-09-07 00:00,N,0
803646,3,Email,2025-08-03 00:00,Y,186.34
803956,1,Email,2025-07-12 00:00,N,0
800574,3,Email,2024-03-22 00:00,Y,193.68
805707,2,Paid Search,2025-01-08 00:00,Y,201.48
808966,1,SEO,2025-02-08 00:00,N,0
803639,3,Paid Social,2025-01-17 00:00,Y,205.69
808484,1,Email,2025-02-16 00:00,N,0
803591,5,SEO,2024-04-07 00:00,N,0
802567,2,Paid Search,2025-01-07 00:00,Y,82.84
805009,2,Paid Social,2025-05-03 00:00,Y,188.71
803499,1,Paid Search,2024-04-07 00:00,N,0
808897,1,Paid Social,2024-08-13 00:00,N,0
801627,2,Email,2024-01-12 00:00,N,0
800171,1,Paid Social,2024-03-02 00:00,N,0
800996,1,Paid Social,2024-05-08 00:00,N,0
804048,1,Paid Social,2025-02-19 00:00,N,0
807149,1,Paid Search,2024-03-30 00:00,Y,70.51
808727,1,Paid Search,2024-05-09 00:00,N,0
802637,1,Paid Social,2024-05-30 00:00,Y,138.19
800771,4,Email,2024-07-24 00:00,N,0
801684,1,SEO,2025-03-02 00:00,N,0
801769,3,SEO,2024-04-29 00:00,Y,184.32
806825,2,SEO,2025-07-11 00:00,Y,65.73
807907,4,Paid Search,2024-06-05 00:00,N,0
803639,1,SEO,2025-01-15 00:00,Y,205.69
801925,1,SEO,2024-04-12 00:00,N,0
801737,2,Paid Social,2025-03-09 00:00,Y,209.93
808950,5,Paid Search,2025-02-26 00:00,Y,73.74
807537,1,Paid Social,2024-11-26 00:00,Y,105.95
802184,3,Paid Social,2025-05-09 00:00,Y,128.56
806409,1,SEO,2024-08-31 00:00,Y,73.24
807130,1,SEO,2024-08-08 00:00,N,0
804452,1,Paid Social,2024-10-23 00:00,Y,43.29
805862,1,SEO,2024-10-18 00:00,Y,129.85
802974,1,Paid Social,2025-08-25 00:00,Y,174.42
800157,1,Paid Social,2024-01-31 00:00,N,0
808676,1,SEO,2025-02-07 00:00,Y,76.97
803839,2,Paid Search,2024-06-22 00:00,Y,201.89
802396,2,Paid Search,2025-02-24 00:00,Y,48.52
805426,3,Paid Search,2025-10-24 00:00,Y,138.27
800280,1,Email,2025-02-09 00:00,Y,110.3
804833,1,Paid Social,2025-08-16 00:00,Y,115.09
805986,4,Paid Search,2024-12-26 00:00,N,0
807591,2,SEO,2024-03-29 00:00,N,0
808428,3,SEO,2025-01-22 00:00,N,0
803176,3,SEO,2024-03-31 00:00,N,0
800169,1,Paid Social,2025-04-02 00:00,Y,210.84
808169,1,SEO,2024-09-17 00:00,Y,86.89
808632,2,Email,2025-09-02 00:00,Y,89.81
805141,3,Email,2024-05-17 00:00,Y,203.02
806950,5,Paid Search,2025-05-28 00:00,Y,207.18
802225,3,Paid Search,2025-06-23 00:00,Y,121.83
805123,2,Email,2024-12-13 00:00,Y,217.37
803158,1,Paid Social,2024-11-07 00:00,Y,58.15
808775,1,Email,2025-03-12 00:00,N,0
802959,2,Paid Search,2024-12-24 00:00,N,0
803972,1,Paid Search,2025-06-23 00:00,Y,80.37
806036,3,SEO,2024-05-23 00:00,Y,106.84
802093,1,SEO,2024-04-24 00:00,Y,36.23
805287,2,Paid Search,2024-06-25 00:00,Y,208.0
802254,2,Paid Search,2025-10-17 00:00,Y,171.13
808161,2,Paid Social,2024-11-21 00:00,Y,60.77
808378,1,Paid Search,2025-07-12 00:00,Y,83.35
805036,1,Paid Social,2025-03-31 00:00,N,0
804522,1,Paid Social,2025-07-17 00:00,N,0
800291,1,Paid Social,2024-05-20 00:00,Y,41.92
805055,3,Email,2025-02-16 00:00,Y,210.84
802372,3,Paid Social,2024-04-26 00:00,Y,123.78
807362,1,Paid Search,2024-09-20 00:00,N,0
803116,3,SEO,2025-08-25 00:00,Y,180.02
804221,2,SEO,2024-06-02 00:00,Y,63.23
805053,1,Email,2025-01-01 00:00,N,0
803945,2,Paid Search,2024-01-19 00:00,Y,39.75
806832,4,Paid Search,2024-09-21 00:00,Y,133.52
805104,1,SEO,2024-07-06 00:00,N,0
804294,2,Paid Search,2024-05-13 00:00,N,0
800487,2,Email,2025-08-12 00:00,Y,188.27
806676,4,SEO,2024-11-04 00:00,N,0
804063,2,Paid Search,2025-04-28 00:00,N,0
800585,2,Paid Search,2024-06-25 00:00,N,0
806322,3,Email,2024-08-13 00:00,Y,84.38
807735,2,Paid Social,2025-03-26 00:00,Y,181.77
803019,1,SEO,2025-04-04 00:00,Y,51.04
800931,1,Paid Social,2024-12-18 00:00,Y,167.58
800469,1,SEO,2025-03-22 00:00,N,0
802086,2,SEO,2025-02-27 00:00,Y,80.39
807316,2,Paid Search,2025-02-15 00:00,Y,151.26
802185,2,Email,2025-01-12 00:00,Y,80.82
803544,4,Email,2024-10-04 00:00,Y,160.0
805989,3,Email,2025-02-24 00:00,Y,120.51
800426,1,SEO,2025-08-22 00:00,Y,136.65
804951,2,SEO,2024-11-05 00:00,Y,202.75
804274,4,Email,2024-11-03 00:00,Y,123.93
804785,1,Paid Social,2024-12-14 00:00,Y,92.89
803684,2,Paid Social,2025-02-05 00:00,Y,169.76
807923,4,Email,2025-08-28 00:00,Y,187.68
805224,2,SEO,2024-06-10 00:00,N,0
802044,1,Paid Social,2024-06-13 00:00,Y,85.16
804437,1,Paid Social,2024-03-10 00:00,Y,46.0
803387,1,Paid Social,2025-01-27 00:00,Y,218.17
803524,1,SEO,2024-02-26 00:00,Y,59.9
800873,4,Paid Search,2025-05-31 00:00,Y,158.08
802924,1,Paid Social,2024-11-22 00:00,Y,162.64
805521,1,SEO,2024-02-05 00:00,Y,208.83
805943,1,SEO,2024-10-16 00:00,N,0
805838,2,Email,2025-10-06 00:00,N,0
808258,4,Paid Search,2025-01-28 00:00,Y,35.01
807494,1,SEO,2024-08-19 00:00,N,0
805091,4,Paid Search,2025-01-15 00:00,Y,60.17
807601,1,Email,2024-10-24 00:00,Y,168.57
803389,1,Paid Social,2025-05-12 00:00,Y,106.88
805193,1,Paid Social,2025-02-13 00:00,N,0
806970,2,SEO,2024-04-14 00:00,N,0
804395,2,SEO,2025-09-08 00:00,N,0
806063,2,Paid Search,2024-06-16 00:00,Y,96.01
807932,2,Paid Social,2024-03-03 00:00,Y,204.15
806661,2,Paid Social,2024-07-26 00:00,N,0
800887,2,Paid Search,2024-01-22 00:00,Y,172.83
805484,2,SEO,2024-05-30 00:00,Y,102.68
806250,4,SEO,2025-02-05 00:00,Y,108.98
802218,1,Paid Social,2024-09-06 00:00,N,0
807416,3,Email,2024-02-27 00:00,N,0
805938,1,Paid Search,2024-07-08 00:00,N,0
808253,2,Email,2025-02-19 00:00,Y,73.24
800745,2,Email,2025-09-05 00:00,Y,99.49
802142,2,Paid Social,2024-07-14 00:00,Y,209.51
805540,2,SEO,2024-11-02 00:00,N,0
807435,2,Email,2024-02-03 00:00,N,0
807308,1,Paid Search,2024-02-01 00:00,N,0
806196,1,Paid Social,2024-07-23 00:00,Y,210.27
807561,4,Paid Search,2025-03-20 00:00,Y,176.58
804047,2,Email,2025-01-29 00:00,N,0
806048,1,SEO,2024-02-20 00:00,N,0
802421,1,SEO,2025-08-06 00:00,Y,123.89
807523,2,Paid Social,2024-05-18 00:00,Y,83.44
803576,1,SEO,2025-07-24 00:00,Y,65.37
801265,4,Paid Search,2024-03-19 00:00,Y,67.78
801508,2,Paid Search,2024-09-03 00:00,Y,96.54
800901,2,Email,2025-04-30 00:00,N,0
800422,4,SEO,2024-12-31 00:00,Y,134.21
804746,2,Paid Social,2024-09-11 00:00,Y,128.23
808399,3,Email,2024-02-05 00:00,Y,81.56
805063,2,Paid Social,2024-04-29 00:00,Y,75.73
805960,1,Paid Social,2025-08-30 00:00,Y,90.61
805735,1,Paid Search,2024-06-20 00:00,N,0
808744,3,Email,2024-09-08 00:00,Y,43.24
804002,2,SEO,2025-06-15 00:00,N,0
800458,1,SEO,2024-08-26 00:00,Y,183.12
800414,2,Email,2024-04-03 00:00,Y,192.16
806144,3,Email,2025-08-09 00:00,Y,189.64
802822,2,Paid Social,2024-03-25 00:00,Y,42.65
800365,1,Paid Social,2024-08-03 00:00,N,0
806229,2,Email,2024-09-09 00:00,Y,204.41
806105,1,SEO,2024-08-19 00:00,N,0
806785,4,Email,2024-10-28 00:00,Y,78.23
807150,1,SEO,2024-08-24 00:00,N,0
800808,2,Email,2024-01-12 00:00,Y,113.72
804110,1,Paid Social,2025-02-16 00:00,N,0
804687,2,Paid Social,2024-11-27 00:00,Y,109.07
805420,2,Email,2024-04-20 00:00,Y,168.05
807940,3,SEO,2025-03-31 00:00,Y,52.21
806794,1,Paid Social,2024-05-10 00:00,Y,186.58
801572,2,SEO,2024-10-30 00:00,Y,100.33
801514,5,Paid Search,2025-10-11 00:00,Y,49.96
802067,3,Paid Social,2024-09-04 00:00,Y,144.24
800853,1,Paid Social,2025-03-17 00:00,N,0
802666,1,Email,2024-11-25 00:00,Y,114.88
804287,3,SEO,2025-10-25 00:00,Y,52.92
807828,1,SEO,2024-08-26 00:00,Y,84.94
803674,1,SEO,2025-04-12 00:00,Y,140.71
803183,1,Paid Search,2025-08-04 00:00,Y,169.78
800739,1,Paid Social,2025-09-18 00:00,Y,104.9
802295,5,SEO,2024-05-07 00:00,Y,80.84
807804,3,Paid Social,2024-06-02 00:00,N,0
807191,4,Email,2025-03-22 00:00,Y,111.99
805554,3,SEO,2024-12-24 00:00,Y,173.11
802495,1,Paid Social,2025-04-16 00:00,Y,214.43
806100,2,Paid Social,2024-07-25 00:00,N,0
801606,1,Paid Social,2024-06-02 00:00,Y,85.34
800409,5,Email,2024-04-07 00:00,Y,52.55
806633,1,SEO,2024-12-30 00:00,N,0
807988,2,SEO,2025-07-22 00:00,Y,129.24
807536,1,SEO,2024-02-09 00:00,Y,139.66
806882,3,Paid Search,2024-02-19 00:00,Y,74.35
801633,1,SEO,2025-01-14 00:00,N,0
803184,1,SEO,2024-02-14 00:00,Y,75.95
806757,2,Paid Search,2024-10-20 00:00,N,0
808338,1,Paid Social,2025-06-21 00:00,Y,38.02
802088,1,SEO,2025-08-05 00:00,Y,170.56
807708,2,Paid Search,2024-04-17 00:00,Y,73.57
804907,2,Email,2024-12-06 00:00,Y,152.79
801064,1,Paid Social,2024-05-15 00:00,Y,93.05
807101,2,Paid Social,2024-07-05 00:00,Y,91.88
807761,2,Paid Search,2024-12-28 00:00,N,0
805165,1,Paid Search,2024-07-03 00:00,Y,198.88
801087,1,Paid Search,2025-02-26 00:00,Y,198.25
805585,1,SEO,2025-03-28 00:00,Y,176.87
802050,1,Paid Social,2025-10-01 00:00,Y,82.6
803005,3,SEO,2025-05-28 00:00,Y,132.98
801378,1,Paid Social,2025-10-06 00:00,N,0
803772,2,SEO,2025-08-25 00:00,N,0
800332,1,SEO,2025-08-19 00:00,N,0
804925,2,Paid Social,2025-06-23 00:00,Y,73.4
808912,2,Paid Search,2025-06-17 00:00,N,0
802028,2,SEO,2025-03-14 00:00,N,0
805667,3,Paid Search,2025-09-04 00:00,N,0
805341,2,SEO,2025-02-14 00:00,N,0
804569,1,SEO,2025-08-06 00:00,Y,58.4
806921,1,SEO,2024-07-27 00:00,N,0
803472,3,Email,2025-02-21 00:00,Y,197.43
804492,4,Email,2025-05-04 00:00,Y,117.01
808461,1,Paid Search,2025-05-21 00:00,Y,39.97
800314,2,Paid Social,2024-12-19 00:00,Y,155.08
800452,3,SEO,2025-01-15 00:00,Y,191.66
805434,1,Paid Social,2024-12-27 00:00,N,0
801732,1,Paid Social,2024-08-17 00:00,Y,36.34
806920,2,Email,2025-01-26 00:00,Y,116.18
801745,1,SEO,2025-07-07 00:00,N,0
801933,4,SEO,2025-08-21 00:00,Y,88.0
805188,1,Paid Search,2025-02-27 00:00,Y,140.36
800736,3,Email,2025-08-04 00:00,Y,139.21
800385,1,Email,2024-04-05 00:00,Y,192.75
808854,4,Paid Social,2024-11-28 00:00,N,0
802124,1,Paid Social,2024-10-03 00:00,Y,112.9
806134,4,Email,2024-05-02 00:00,Y,134.77
808272,1,SEO,2025-10-10 00:00,N,0
807805,1,SEO,2025-02-16 00:00,Y,60.87
808528,4,Paid Search,2024-06-07 00:00,N,0
803633,2,Paid Search,2024-09-15 00:00,N,0
802345,1,SEO,2024-07-14 00:00,N,0
804696,2,Paid Search,2024-03-25 00:00,N,0
805550,1,Paid Search,2024-07-21 00:00,Y,85.12
800481,1,SEO,2024-07-07 00:00,N,0
803896,1,SEO,2024-04-09 00:00,N,0
806703,2,Paid Search,2025-01-21 00:00,N,0
808954,1,Paid Search,2024-06-11 00:00,Y,136.02
804113,1,SEO,2025-01-27 00:00,Y,160.89
800584,2,Email,2024-11-25 00:00,Y,68.38
801444,1,Paid Social,2024-07-31 00:00,Y,126.78
802963,2,Email,2025-09-23 00:00,N,0
800368,1,SEO,2024-08-10 00:00,N,0
805615,3,Email,2024-01-23 00:00,N,0
804341,2,Paid Search,2024-06-27 00:00,Y,85.0
801680,1,Paid Social,2025-05-03 00:00,N,0
802850,3,Paid Search,2025-08-28 00:00,Y,81.86
802958,4,Email,2025-03-27 00:00,N,0
806525,5,Paid Search,2024-04-07 00:00,Y,153.3
802137,2,SEO,2025-08-25 00:00,Y,144.46
805847,4,SEO,2024-01-25 00:00,N,0
807852,2,Paid Social,2024-11-27 00:00,N,0
805537,3,Email,2025-02-27 00:00,Y,154.9
802070,1,Paid Social,2024-07-29 00:00,N,0
803859,1,Email,2024-01-20 00:00,Y,153.2
803845,1,Paid Search,2024-10-02 00:00,N,0
803122,2,Paid Social,2024-01-11 00:00,N,0
801624,2,Paid Search,2025-01-07 00:00,Y,73.98
802119,2,Paid Search,2024-03-29 00:00,Y,81.89
808899,1,SEO,2025-01-07 00:00,Y,179.46
802556,1,Paid Search,2025-04-04 00:00,Y,46.65
807052,2,SEO,2025-10-01 00:00,Y,142.36
804885,2,Paid Search,2024-05-02 00:00,Y,116.4
801386,2,Paid Search,2024-06-22 00:00,N,0
804380,2,Email,2025-09-12 00:00,N,0
808579,2,SEO,2024-11-15 00:00,N,0
802833,2,Paid Search,2025-09-17 00:00,N,0
800292,2,Paid Social,2025-06-18 00:00,Y,152.08
807381,1,SEO,2025-09-10 00:00,N,0
808605,1,SEO,2024-05-13 00:00,Y,59.71
803170,2,Email,2024-06-22 00:00,N,0
807129,3,Paid Social,2025-05-27 00:00,Y,53.09
805019,2,Email,2024-08-24 00:00,N,0
805648,3,Paid Social,2025-10-09 00:00,Y,145.32
806568,4,SEO,2024-11-30 00:00,Y,107.8
805085,2,Paid Search,2025-03-04 00:00,Y,110.4
807239,2,Email,2024-12-17 00:00,Y,75.28
800619,2,Paid Search,2025-04-22 00:00,Y,92.67
806098,1,Paid Social,2024-07-07 00:00,N,0
805029,1,SEO,2024-05-11 00:00,Y,215.44
800022,2,Paid Search,2024-04-07 00:00,Y,142.72
801648,1,SEO,2025-04-11 00:00,Y,164.07
802884,2,SEO,2025-09-12 00:00,Y,64.71
806468,1,Paid Social,2024-08-07 00:00,N,0
801492,1,SEO,2024-11-18 00:00,Y,80.07
802075,1,SEO,2024-02-29 00:00,N,0
806054,1,SEO,2025-02-01 00:00,Y,179.41
807303,2,Email,2024-11-06 00:00,Y,154.53
807589,5,Paid Search,2024-12-10 00:00,N,0
806354,1,SEO,2024-07-04 00:00,Y,193.04
804765,2,Email,2025-06-29 00:00,Y,194.92
802323,2,Paid Search,2024-04-06 00:00,N,0
806509,4,Paid Social,2025-05-12 00:00,Y,205.14
801449,3,Paid Social,2024-07-09 00:00,Y,63.57
804132,3,Paid Search,2024-01-25 00:00,Y,157.54
800569,1,SEO,2024-01-02 00:00,N,0
802194,2,Email,2024-02-23 00:00,Y,107.6
802823,1,SEO,2025-09-18 00:00,Y,219.43
806011,1,Email,2024-03-16 00:00,N,0
802854,2,Email,2025-07-07 00:00,N,0
804709,3,SEO,2025-08-19 00:00,Y,70.67
802538,1,SEO,2024-12-03 00:00,Y,179.54
803326,3,Email,2024-11-15 00:00,Y,60.95
802444,1,Paid Social,2024-06-28 00:00,N,0
808376,2,Paid Social,2024-12-10 00:00,N,0
800800,1,Email,2024-04-12 00:00,Y,96.27
802015,3,Email,2025-06-07 00:00,N,0
807757,1,Paid Social,2025-04-30 00:00,Y,138.93
802125,3,SEO,2024-07-17 00:00,Y,75.83
807902,1,Paid Social,2024-09-06 00:00,N,0
808739,4,Email,2025-03-26 00:00,N,0
806013,2,Paid Search,2024-09-23 00:00,N,0
801245,1,SEO,2025-06-19 00:00,N,0
804700,2,SEO,2025-07-04 00:00,Y,119.19
805466,3,Email,2025-02-15 00:00,Y,153.34
804267,2,Email,2024-12-14 00:00,Y,204.31
803548,1,Paid Social,2024-10-18 00:00,Y,75.15
808883,4,Email,2025-03-12 00:00,Y,151.59
803911,2,Paid Search,2024-05-15 00:00,Y,153.99
808532,1,Paid Social,2025-03-13 00:00,N,0
801392,1,Paid Social,2025-08-31 00:00,Y,176.95
804575,1,Paid Search,2025-09-22 00:00,N,0
801574,2,Paid Search,2024-01-19 00:00,N,0
804510,2,Email,2025-08-15 00:00,Y,57.71
805350,2,SEO,2024-02-24 00:00,Y,119.04
802999,2,SEO,2024-03-07 00:00,Y,145.33
805440,2,Email,2024-12-27 00:00,Y,91.05
802950,1,Email,2025-03-31 00:00,Y,54.89
801962,1,Paid Search,2024-03-20 00:00,N,0
806225,1,Email,2025-05-11 00:00,N,0
800574,2,SEO,2024-03-20 00:00,Y,193.68
801362,2,Email,2025-07-15 00:00,Y,208.46
806437,1,Paid Social,2024-04-18 00:00,Y,128.28
802317,3,Paid Social,2024-10-18 00:00,Y,171.78
806577,2,Email,2025-09-27 00:00,N,0
802575,1,Paid Social,2024-12-26 00:00,N,0
801138,3,Paid Social,2024-07-13 00:00,Y,140.12
806291,1,SEO,2024-06-13 00:00,N,0
805399,2,Paid Search,2024-05-10 00:00,N,0
807823,2,Email,2024-01-28 00:00,Y,108.44
802672,1,SEO,2025-05-27 00:00,Y,143.52
808125,1,Paid Social,2024-08-02 00:00,Y,180.32
805522,4,Email,2025-05-10 00:00,N,0
804999,2,Paid Social,2025-10-06 00:00,Y,113.69
800301,3,Paid Search,2024-08-28 00:00,Y,177.54
808209,1,SEO,2024-10-17 00:00,Y,42.82
807030,1,Paid Social,2025-01-06 00:00,Y,173.34
807789,2,Paid Search,2024-07-28 00:00,Y,71.79
801353,2,Paid Search,2025-06-13 00:00,N,0
805472,2,Email,2024-10-06 00:00,Y,151.89
804167,5,Paid Search,2024-02-27 00:00,Y,48.54
807235,2,SEO,2024-07-08 00:00,Y,82.77
801868,3,Paid Search,2025-07-04 00:00,N,0
804338,2,Paid Search,2025-01-15 00:00,Y,186.53
804856,1,Paid Social,2024-11-19 00:00,N,0
807355,2,SEO,2024-03-08 00:00,Y,152.6
801846,5,Paid Social,2025-05-06 00:00,Y,36.87
804142,1,Email,2024-04-07 00:00,N,0
805800,1,Paid Search,2024-02-29 00:00,Y,79.45
807860,1,Paid Social,2024-08-26 00:00,N,0
803760,2,Paid Search,2024-11-23 00:00,Y,211.96
801388,2,Paid Social,2024-07-13 00:00,Y,131.29
805728,2,SEO,2024-07-09 00:00,Y,126.1
803100,1,SEO,2024-10-03 00:00,Y,93.49
805897,1,Paid Social,2025-08-01 00:00,N,0
803119,1,Paid Social,2025-05-30 00:00,Y,192.34
805639,2,SEO,2025-06-08 00:00,Y,82.54
805866,1,SEO,2024-02-12 00:00,N,0
801375,2,Email,2025-05-29 00:00,Y,205.23
801484,3,Email,2025-06-29 00:00,Y,165.97
804113,3,Paid Search,2025-02-02 00:00,Y,160.89
805844,5,Email,2024-07-28 00:00,Y,168.91
805943,2,Paid Social,2024-10-20 00:00,N,0
802313,1,Paid Social,2025-09-29 00:00,Y,51.97
807227,2,Email,2024-01-24 00:00,N,0
802214,4,Email,2025-03-11 00:00,Y,93.36
801059,1,SEO,2024-12-03 00:00,Y,210.79
804628,2,Paid Search,2025-04-10 00:00,N,0
804097,3,Paid Search,2024-05-27 00:00,Y,81.52
806150,1,Paid Social,2024-06-21 00:00,Y,36.08
807751,1,SEO,2024-09-08 00:00,N,0
806371,1,Paid Social,2024-03-13 00:00,Y,42.09
800177,2,Email,2024-07-01 00:00,Y,41.28
804865,3,Email,2024-12-28 00:00,Y,90.43
806354,2,Paid Search,2024-07-07 00:00,Y,193.04
805941,1,SEO,2024-04-17 00:00,Y,193.56
807924,1,Paid Social,2024-06-11 00:00,Y,56.07
801651,5,Email,2024-04-08 00:00,N,0
800668,3,Paid Search,2025-01-19 00:00,N,0
805907,2,Paid Search,2024-07-01 00:00,N,0
801446,2,Paid Social,2024-11-23 00:00,Y,131.52
804898,2,SEO,2024-11-03 00:00,N,0
800786,2,Paid Social,2024-08-02 00:00,Y,193.97
804970,3,Email,2025-07-01 00:00,N,0
803879,1,Paid Search,2024-03-13 00:00,Y,180.36
800717,2,Email,2025-01-16 00:00,N,0
804972,4,Paid Search,2025-01-20 00:00,N,0
806978,1,SEO,2024-03-12 00:00,N,0
807673,5,SEO,2024-10-03 00:00,N,0
802391,1,Paid Social,2025-09-18 00:00,Y,35.07
807319,2,Email,2024-09-02 00:00,N,0
808279,1,Paid Search,2025-01-10 00:00,N,0
807966,2,SEO,2025-06-01 00:00,Y,161.12
803604,2,SEO,2024-03-21 00:00,Y,99.97
808220,2,Email,2025-05-27 00:00,Y,70.4
804755,3,Paid Search,2024-09-21 00:00,Y,91.6
806004,1,SEO,2025-08-14 00:00,Y,218.16
805494,2,Email,2025-01-23 00:00,N,0
808011,4,Paid Search,2025-02-27 00:00,Y,133.3
803105,3,Paid Search,2024-11-22 00:00,Y,217.05
806010,1,Paid Social,2024-03-31 00:00,N,0
806594,5,Paid Search,2024-06-09 00:00,Y,79.72
801651,1,Email,2024-03-27 00:00,N,0
802989,2,Email,2024-10-10 00:00,Y,71.08
803620,2,SEO,2024-12-30 00:00,Y,116.37
800932,5,Paid Search,2025-05-01 00:00,Y,62.11
801734,1,Email,2025-02-20 00:00,Y,135.49
804262,2,Paid Search,2025-08-15 00:00,Y,134.85
800997,4,Email,2025-06-23 00:00,N,0
800952,3,Email,2025-01-23 00:00,N,0
800840,1,Paid Search,2025-09-09 00:00,N,0
808102,2,SEO,2024-08-28 00:00,N,0
807258,5,Paid Search,2025-08-30 00:00,Y,211.84
803180,2,Paid Search,2024-04-23 00:00,N,0
800812,1,SEO,2025-08-07 00:00,Y,140.0
808619,4,Paid Social,2024-11-14 00:00,N,0
802904,5,Paid Social,2025-08-28 00:00,Y,93.64
802938,3,SEO,2024-06-08 00:00,N,0
800155,2,Email,2024-01-11 00:00,Y,193.24
806341,2,Email,2025-04-29 00:00,Y,78.02
802579,2,Paid Search,2025-02-06 00:00,Y,108.39
801022,1,Paid Social,2025-04-07 00:00,Y,212.92
802928,3,Email,2025-04-18 00:00,Y,140.2
808531,4,SEO,2024-07-17 00:00,Y,53.76
807976,2,Email,2024-01-09 00:00,Y,106.69
808031,1,SEO,2025-01-10 00:00,Y,195.44
806383,1,Paid Social,2025-10-13 00:00,Y,205.17
807347,1,Email,2025-03-22 00:00,Y,72.88
804297,1,SEO,2025-03-29 00:00,N,0
806786,1,SEO,2025-01-18 00:00,Y,59.47
802232,1,Email,2024-11-03 00:00,N,0
802697,2,Paid Social,2025-02-23 00:00,Y,138.27
803070,1,SEO,2025-04-04 00:00,Y,194.6
800451,2,Paid Search,2024-04-23 00:00,Y,144.2
806353,1,SEO,2025-09-13 00:00,Y,43.1
802257,4,Paid Search,2024-04-02 00:00,Y,72.22
800401,1,Paid Search,2024-06-14 00:00,Y,64.92
806860,2,Paid Social,2024-07-12 00:00,Y,182.05
808870,3,Email,2024-07-05 00:00,N,0
807479,1,Paid Search,2024-02-15 00:00,Y,117.19
808906,2,Email,2024-05-05 00:00,N,0
800202,1,SEO,2024-04-27 00:00,Y,91.21
804438,2,Paid Search,2024-12-02 00:00,N,0
805107,2,Paid Search,2024-04-28 00:00,Y,57.64
801803,2,Paid Social,2025-10-05 00:00,N,0
806777,3,Email,2025-07-03 00:00,Y,210.37
807195,2,SEO,2025-02-25 00:00,Y,158.12
802085,1,Email,2024-08-07 00:00,Y,75.38
802738,2,Paid Social,2024-10-24 00:00,N,0
800637,1,Paid Social,2025-01-02 00:00,Y,35.78
806434,2,Paid Social,2025-01-28 00:00,N,0
807704,2,Email,2025-06-19 00:00,Y,197.96
803478,1,SEO,2025-07-22 00:00,N,0
800400,2,Paid Social,2025-04-20 00:00,Y,119.4
807686,2,Paid Search,2024-05-14 00:00,N,0
804956,4,Paid Search,2024-02-09 00:00,N,0
807058,1,Paid Social,2025-08-11 00:00,Y,209.22
808498,5,Email,2024-02-26 00:00,N,0
808261,1,SEO,2025-08-21 00:00,N,0
807883,1,Paid Social,2024-03-23 00:00,Y,38.1
805089,3,Paid Search,2025-08-14 00:00,Y,115.66
805261,3,Paid Search,2025-05-24 00:00,Y,64.9
807519,1,Paid Social,2024-08-03 00:00,Y,203.91
803244,5,SEO,2024-09-09 00:00,N,0
803171,3,Paid Search,2024-05-08 00:00,N,0
809000,2,Paid Search,2025-02-19 00:00,Y,176.55
808908,4,Paid Social,2025-06-13 00:00,Y,137.77
803974,2,Email,2024-08-06 00:00,Y,44.08
800384,1,Email,2025-03-14 00:00,N,0
800483,1,SEO,2024-01-09 00:00,Y,163.39
803227,2,Paid Social,2025-06-03 00:00,N,0
801604,2,Email,2025-06-11 00:00,N,0
802244,1,Paid Social,2025-02-09 00:00,N,0
804275,1,SEO,2025-02-12 00:00,N,0
802301,1,SEO,2024-03-16 00:00,Y,173.57
803866,2,SEO,2024-10-10 00:00,N,0
803868,4,Email,2024-11-17 00:00,N,0
802279,2,Paid Search,2024-10-18 00:00,Y,135.83
806041,5,Paid Social,2025-08-03 00:00,N,0
806044,2,Email,2024-06-06 00:00,Y,60.12
805392,2,Email,2025-02-04 00:00,Y,131.77
806766,1,Paid Social,2024-09-10 00:00,N,0
808937,2,SEO,2025-02-11 00:00,Y,96.43
803085,2,SEO,2025-01-18 00:00,Y,63.9
804198,1,SEO,2024-12-04 00:00,N,0
804937,3,Paid Social,2024-12-09 00:00,N,0
804721,2,SEO,2024-05-15 00:00,N,0
804572,1,Paid Search,2024-03-06 00:00,Y,45.19
804094,2,Paid Search,2024-05-29 00:00,Y,203.5
802543,2,SEO,2024-01-08 00:00,Y,179.52
800553,1,Email,2025-01-29 00:00,Y,100.21
806095,2,SEO,2025-09-02 00:00,Y,86.45
803930,1,SEO,2025-02-09 00:00,N,0
804359,2,Email,2024-07-11 00:00,Y,55.56
805707,1,SEO,2025-01-07 00:00,Y,201.48
807305,1,Email,2025-08-14 00:00,Y,148.44
807325,2,Paid Search,2025-09-17 00:00,Y,217.18
806850,2,SEO,2024-09-27 00:00,Y,184.85
807175,2,Paid Search,2024-08-19 00:00,N,0
801334,2,Paid Search,2025-09-05 00:00,Y,172.68
806417,1,Paid Social,2025-08-25 00:00,Y,137.35
808792,3,Email,2024-10-17 00:00,Y,174.39
808267,1,SEO,2025-03-21 00:00,Y,213.46
808644,4,Email,2025-09-02 00:00,Y,166.56
805433,1,Paid Search,2025-10-13 00:00,Y,44.35
804525,2,Email,2024-09-02 00:00,Y,113.38
805015,4,Paid Search,2025-08-19 00:00,Y,122.6
801172,2,Paid Social,2025-05-26 00:00,N,0
806284,1,Email,2024-06-08 00:00,N,0
801476,1,SEO,2024-07-24 00:00,Y,125.12
808811,2,Paid Search,2025-01-22 00:00,Y,75.14
807222,2,SEO,2025-09-07 00:00,N,0
805853,2,Paid Social,2024-12-05 00:00,Y,175.16
803887,3,Paid Search,2024-12-29 00:00,N,0
801778,1,Paid Search,2025-09-18 00:00,Y,45.13
804589,1,Email,2024-11-14 00:00,Y,55.19
800273,3,SEO,2024-07-06 00:00,N,0
804365,4,Paid Search,2024-07-12 00:00,Y,132.18
806744,3,Paid Search,2024-08-22 00:00,Y,79.61
801445,4,Paid Search,2025-06-06 00:00,Y,132.63
806806,2,SEO,2024-07-28 00:00,Y,190.16
804147,3,Email,2025-04-20 00:00,N,0
803705,3,Email,2024-08-08 00:00,Y,100.42
808838,1,Paid Search,2024-09-07 00:00,Y,195.28
802155,4,SEO,2025-08-17 00:00,Y,152.38
802375,3,Paid Social,2024-07-20 00:00,Y,207.85
802086,1,Paid Social,2025-02-25 00:00,Y,80.39
803599,1,SEO,2024-09-29 00:00,Y,141.68
808714,2,Email,2025-06-03 00:00,N,0
804496,2,Paid Social,2024-03-21 00:00,Y,148.79
802241,2,SEO,2025-06-05 00:00,Y,84.94
800076,2,Paid Social,2025-04-17 00:00,Y,57.67
804068,2,SEO,2024-01-14 00:00,N,0
805257,3,SEO,2025-06-09 00:00,N,0
801812,1,Paid Social,2024-06-14 00:00,Y,211.88
804949,1,Paid Social,2025-03-11 00:00,Y,188.61
803458,3,Paid Search,2025-02-03 00:00,N,0
801309,2,Email,2025-04-11 00:00,Y,149.3
804232,2,Paid Search,2025-09-14 00:00,Y,153.19
804743,3,Paid Search,2025-04-29 00:00,N,0
806900,2,Paid Social,2024-12-08 00:00,Y,91.87
802719,1,Paid Social,2024-02-22 00:00,Y,141.72
805455,1,Paid Social,2025-07-23 00:00,Y,143.44
808633,2,Paid Search,2025-10-14 00:00,Y,200.08
807943,2,Paid Social,2024-02-02 00:00,N,0
805134,2,Paid Social,2025-10-13 00:00,Y,188.76
802229,1,Paid Search,2024-02-01 00:00,Y,137.85
805611,2,SEO,2024-09-28 00:00,N,0
800649,5,Paid Search,2024-10-15 00:00,N,0
804460,1,Paid Search,2025-02-10 00:00,Y,144.94
802138,2,Paid Search,2025-01-16 00:00,Y,168.21
803335,5,Email,2024-02-07 00:00,Y,177.51
801862,1,SEO,2024-03-13 00:00,Y,40.63
800091,1,Paid Social,2025-09-23 00:00,Y,184.32
806415,1,Paid Social,2024-03-25 00:00,Y,173.54
806146,1,Email,2024-01-29 00:00,Y,127.34
804769,3,Email,2024-05-28 00:00,Y,163.89
800048,2,SEO,2025-08-08 00:00,Y,42.85
804370,3,Paid Search,2025-07-25 00:00,N,0
803370,1,Email,2024-01-27 00:00,Y,138.17
806189,4,Paid Search,2024-05-02 00:00,Y,69.2
801805,1,Paid Social,2024-03-13 00:00,Y,74.89
804795,4,Paid Search,2025-06-08 00:00,Y,76.19
807764,1,Paid Search,2025-05-07 00:00,Y,152.36
805783,5,Paid Search,2024-03-11 00:00,Y,106.22
807966,1,Paid Social,2025-05-31 00:00,Y,161.12
802595,1,Paid Search,2024-10-27 00:00,Y,43.75
803440,3,Paid Search,2024-10-23 00:00,N,0
808311,1,SEO,2024-04-13 00:00,Y,137.1
802710,3,Paid Social,2025-09-13 00:00,Y,83.96
800647,2,SEO,2025-10-16 00:00,Y,200.08
807950,2,Paid Search,2024-12-28 00:00,N,0
807934,3,Paid Social,2024-01-25 00:00,Y,207.75
807498,4,Paid Search,2025-09-28 00:00,N,0
808574,3,Paid Social,2024-08-08 00:00,Y,89.48
806276,3,Paid Social,2025-03-17 00:00,N,0
803796,1,Paid Social,2024-04-18 00:00,Y,174.54
803606,1,Paid Social,2025-06-25 00:00,Y,200.14
803794,1,SEO,2025-07-04 00:00,Y,53.6
807275,2,Email,2025-05-25 00:00,Y,117.42
808512,3,Paid Social,2025-03-08 00:00,N,0
806623,3,Paid Social,2024-11-21 00:00,Y,168.68
808856,2,Email,2024-08-07 00:00,Y,110.1
806639,5,Paid Search,2024-03-12 00:00,Y,179.11
808430,3,Paid Social,2024-10-12 00:00,N,0
802951,1,Paid Social,2025-07-27 00:00,Y,143.55
806583,1,Paid Social,2024-10-15 00:00,N,0
801708,3,Paid Social,2024-06-22 00:00,Y,179.87
806568,2,Email,2024-11-25 00:00,Y,107.8
808491,1,Paid Social,2024-11-13 00:00,Y,170.08
805828,1,Email,2024-03-24 00:00,Y,180.1
805791,2,Paid Search,2025-06-19 00:00,Y,218.1
802300,3,Email,2025-04-27 00:00,Y,112.27
801251,4,Paid Search,2024-09-28 00:00,Y,171.68
803510,1,Paid Social,2024-08-07 00:00,N,0
800029,1,Paid Search,2024-03-19 00:00,Y,157.71
808488,1,Email,2025-09-14 00:00,Y,101.01
800238,2,SEO,2024-06-23 00:00,Y,90.92
807384,1,Paid Search,2025-02-10 00:00,N,0
803247,4,Paid Social,2024-03-23 00:00,Y,205.1
807459,2,SEO,2025-10-02 00:00,N,0
805826,1,Paid Social,2025-05-17 00:00,N,0
801946,1,SEO,2025-03-06 00:00,Y,173.74
801157,3,Email,2024-07-22 00:00,Y,123.21
804105,1,Paid Social,2025-05-23 00:00,N,0
804118,5,Email,2024-10-08 00:00,Y,207.39
805013,2,Email,2024-05-20 00:00,Y,38.75
805205,1,SEO,2024-02-08 00:00,Y,217.37
805315,1,SEO,2024-12-24 00:00,N,0
808679,1,SEO,2024-07-10 00:00,N,0
803615,2,Paid Social,2024-12-01 00:00,Y,58.83
800987,2,SEO,2025-04-11 00:00,Y,194.03
801383,1,Paid Social,2025-10-05 00:00,Y,92.24
803987,2,SEO,2024-09-19 00:00,Y,173.38
804156,1,SEO,2024-03-25 00:00,N,0
805044,2,Paid Search,2024-05-29 00:00,N,0
806321,2,Paid Search,2024-05-01 00:00,N,0
802212,1,Paid Social,2024-10-07 00:00,Y,117.4
800299,2,Paid Social,2024-11-29 00:00,Y,121.66
802707,3,Email,2025-06-01 00:00,Y,185.91
804004,1,Email,2025-06-20 00:00,Y,56.84
807137,4,Paid Social,2025-06-15 00:00,N,0
803283,1,Paid Social,2025-03-20 00:00,Y,160.32
803147,4,Paid Social,2024-05-25 00:00,N,0
804349,2,Email,2025-10-04 00:00,Y,90.74
803858,2,Email,2024-08-06 00:00,Y,77.94
804976,1,SEO,2024-06-25 00:00,N,0
800415,1,SEO,2024-02-07 00:00,N,0
804874,4,Paid Search,2025-01-20 00:00,Y,74.47
803984,2,Paid Search,2025-03-10 00:00,Y,79.13
805120,3,Paid Social,2025-05-29 00:00,Y,76.91
803627,4,SEO,2024-12-15 00:00,N,0
808458,1,Paid Search,2024-08-18 00:00,Y,155.64
807689,1,Email,2024-01-31 00:00,Y,145.74
806075,3,Email,2024-07-15 00:00,Y,146.33
804854,3,Paid Search,2024-05-25 00:00,Y,201.85
801995,1,Paid Search,2024-01-19 00:00,Y,69.66
806976,1,Paid Search,2024-10-10 00:00,Y,35.78
801783,3,Paid Search,2024-12-15 00:00,Y,52.22
801478,2,Paid Social,2024-04-11 00:00,Y,130.14
803583,2,Paid Search,2024-09-20 00:00,N,0
806655,1,SEO,2025-10-01 00:00,N,0
803263,4,Paid Social,2024-06-30 00:00,N,0
800182,1,Email,2024-11-10 00:00,Y,161.53
803722,2,Paid Search,2025-08-26 00:00,Y,139.24
803171,2,Email,2024-05-02 00:00,N,0
800549,3,SEO,2024-07-13 00:00,N,0
806247,1,Email,2025-09-19 00:00,Y,219.71
807509,3,Paid Search,2024-11-04 00:00,N,0
807239,4,Email,2024-12-20 00:00,Y,75.28
800708,3,SEO,2025-03-12 00:00,Y,87.33
802030,2,SEO,2024-01-06 00:00,Y,122.39
802388,1,SEO,2024-09-25 00:00,N,0
806963,1,Paid Search,2025-10-10 00:00,Y,100.97
807564,3,SEO,2024-12-18 00:00,N,0
806820,2,SEO,2024-03-03 00:00,N,0
804810,1,SEO,2025-09-26 00:00,Y,135.89
802793,2,SEO,2025-01-31 00:00,Y,36.98
805637,4,Email,2025-03-24 00:00,Y,214.31
803561,2,SEO,2025-01-30 00:00,Y,133.13
803008,3,Paid Search,2024-02-05 00:00,Y,84.93
802928,1,SEO,2025-04-10 00:00,Y,140.2
806319,1,SEO,2025-07-20 00:00,Y,151.28
803142,1,SEO,2025-02-08 00:00,Y,129.01
802174,1,SEO,2025-05-04 00:00,N,0
801354,2,SEO,2024-04-06 00:00,N,0
801070,1,SEO,2025-01-01 00:00,N,0
808658,2,Email,2025-01-11 00:00,Y,51.94
803779,1,Paid Social,2025-09-26 00:00,N,0
800948,2,Paid Search,2025-02-20 00:00,N,0
800388,1,SEO,2025-01-12 00:00,Y,171.4
806532,1,Paid Social,2025-03-22 00:00,Y,103.44
803218,3,Paid Search,2024-02-21 00:00,Y,57.36
801161,2,Paid Search,2025-04-02 00:00,N,0
806810,2,Email,2024-11-25 00:00,Y,202.12
808497,1,Paid Social,2025-01-25 00:00,N,0
808527,2,Paid Search,2025-02-10 00:00,N,0
800859,2,Paid Search,2025-02-09 00:00,N,0
808144,3,Paid Search,2024-05-07 00:00,N,0
805638,1,Paid Search,2025-10-01 00:00,N,0
804948,3,Paid Search,2024-08-08 00:00,Y,180.78
807887,2,Paid Search,2025-09-22 00:00,Y,101.17
805557,3,SEO,2024-11-06 00:00,Y,61.17
803365,2,Paid Search,2024-06-19 00:00,N,0
802946,1,Email,2025-08-26 00:00,Y,132.87
807200,3,Paid Search,2024-07-30 00:00,Y,78.82
802721,2,Paid Social,2024-12-02 00:00,Y,148.7
804427,3,Email,2025-07-23 00:00,Y,69.2
803672,1,SEO,2024-04-08 00:00,Y,46.26
806217,1,SEO,2024-09-25 00:00,N,0
807441,1,SEO,2024-08-15 00:00,Y,80.63
807257,1,Paid Social,2024-04-09 00:00,Y,207.67
802481,1,Paid Search,2025-06-24 00:00,N,0
808527,1,Paid Search,2025-02-06 00:00,N,0
801876,1,Paid Social,2025-08-02 00:00,N,0
806239,1,SEO,2025-10-04 00:00,N,0
803655,1,Paid Social,2024-09-08 00:00,Y,110.49
805507,1,Paid Search,2024-12-25 00:00,Y,199.57
807886,3,Paid Social,2025-03-24 00:00,Y,187.21
801680,3,Paid Social,2025-05-05 00:00,N,0
804138,2,Paid Social,2024-09-18 00:00,N,0
800425,3,Email,2025-04-27 00:00,N,0
802683,3,Email,2024-10-20 00:00,N,0
806641,1,SEO,2025-04-30 00:00,Y,79.23
807776,4,Email,2024-11-11 00:00,Y,214.68
802549,3,Email,2025-04-11 00:00,Y,175.18
806845,1,SEO,2025-09-23 00:00,Y,88.67
804652,4,Email,2024-11-27 00:00,Y,132.21
807842,2,Email,2025-07-14 00:00,Y,84.17
806778,2,SEO,2025-08-22 00:00,Y,130.77
803970,2,SEO,2025-07-11 00:00,Y,140.04
800144,2,Paid Search,2025-07-31 00:00,Y,56.19
807133,4,Email,2025-09-28 00:00,N,0
805987,1,SEO,2024-09-06 00:00,Y,151.08
802081,2,SEO,2024-12-22 00:00,Y,217.43
801418,1,SEO,2025-04-07 00:00,Y,181.24
804618,1,Email,2024-11-02 00:00,N,0
806137,3,Paid Social,2024-01-13 00:00,N,0
808171,3,Paid Search,2025-03-23 00:00,Y,217.33
807711,2,Paid Social,2024-02-11 00:00,N,0
807711,3,Paid Search,2024-02-16 00:00,N,0
806980,2,Paid Search,2025-01-23 00:00,Y,197.09
800629,2,Paid Social,2024-04-22 00:00,Y,64.27
804321,2,Paid Social,2024-11-20 00:00,Y,134.34
802157,4,SEO,2024-09-20 00:00,Y,120.35
802081,3,Paid Search,2024-12-27 00:00,Y,217.43
808324,3,Paid Social,2024-06-19 00:00,Y,39.23
800922,3,Paid Search,2024-04-16 00:00,Y,104.27
801585,2,Email,2025-06-20 00:00,Y,182.51
807436,4,Email,2024-05-10 00:00,Y,153.17
807493,4,Paid Search,2025-05-01 00:00,Y,207.5
802070,3,Email,2024-08-04 00:00,N,0
802136,1,SEO,2025-02-25 00:00,Y,83.85
801539,3,SEO,2025-01-29 00:00,Y,160.38
804940,1,Paid Social,2025-07-02 00:00,N,0
807456,3,Paid Social,2025-07-06 00:00,N,0
806544,1,Paid Social,2024-07-20 00:00,Y,143.03
807150,2,Paid Search,2024-08-27 00:00,N,0
800348,1,SEO,2024-12-23 00:00,Y,56.23
800911,1,SEO,2024-01-04 00:00,N,0
805904,1,Paid Search,2024-09-19 00:00,N,0
806972,1,SEO,2025-03-11 00:00,N,0
803046,3,Email,2025-04-12 00:00,Y,85.38
805105,1,Email,2025-01-08 00:00,N,0
807679,1,SEO,2025-03-31 00:00,Y,214.52
802280,1,Email,2025-08-11 00:00,N,0
805792,1,Paid Social,2024-07-22 00:00,N,0
804183,1,SEO,2025-07-10 00:00,Y,65.47
805821,2,Paid Social,2024-12-25 00:00,Y,115.66
807678,4,Paid Search,2024-10-05 00:00,N,0
806391,4,SEO,2024-08-05 00:00,Y,94.72
800762,2,Paid Social,2024-08-27 00:00,N,0
800710,3,Email,2024-02-16 00:00,Y,161.22
808432,3,Paid Social,2024-03-25 00:00,Y,93.92
806075,2,Paid Social,2024-07-16 00:00,Y,146.33
805386,1,Paid Social,2024-05-30 00:00,Y,93.25
807369,1,SEO,2024-06-20 00:00,Y,69.6
800199,3,Paid Search,2024-11-01 00:00,Y,170.98
801407,3,Email,2025-09-16 00:00,N,0
807613,1,Paid Social,2025-03-18 00:00,Y,91.53
806907,5,SEO,2024-10-06 00:00,N,0
805974,2,SEO,2025-03-18 00:00,N,0
808775,2,Paid Search,2025-03-16 00:00,N,0
803341,3,Paid Search,2025-08-30 00:00,N,0
808374,3,SEO,2025-02-14 00:00,Y,48.28
805148,1,SEO,2024-09-28 00:00,Y,86.86
804068,1,Email,2024-01-12 00:00,N,0
804644,1,SEO,2024-01-12 00:00,Y,118.48
807936,3,Email,2025-04-01 00:00,N,0
800691,2,Paid Social,2025-08-16 00:00,Y,56.1
800647,4,Paid Social,2025-10-24 00:00,Y,200.08
804950,1,Paid Social,2024-05-10 00:00,Y,146.78
805841,1,Paid Social,2024-05-30 00:00,N,0
803355,1,Paid Search,2025-07-24 00:00,N,0
802747,4,Email,2024-04-27 00:00,N,0
800131,3,Paid Social,2024-11-30 00:00,N,0
805750,1,Email,2024-02-02 00:00,Y,58.12
802551,4,Paid Social,2024-08-20 00:00,Y,144.54
808470,1,Email,2025-01-13 00:00,Y,102.44
803415,3,Paid Search,2025-04-03 00:00,N,0
802531,3,Paid Search,2025-08-15 00:00,Y,71.14
803276,5,Email,2025-05-12 00:00,Y,173.37
805370,1,SEO,2024-01-11 00:00,Y,52.57
807919,1,SEO,2025-02-10 00:00,N,0
803563,3,SEO,2024-11-19 00:00,Y,210.76
800160,1,SEO,2025-01-17 00:00,Y,137.07
800047,4,Email,2024-12-02 00:00,Y,207.95
805645,2,Paid Search,2025-10-12 00:00,N,0
804677,2,Paid Search,2025-05-31 00:00,Y,140.64
806331,2,SEO,2024-03-30 00:00,Y,180.19
806718,3,Email,2024-09-07 00:00,Y,209.07
804514,2,Paid Social,2024-11-26 00:00,N,0
802998,2,Email,2025-09-20 00:00,N,0
805348,2,Email,2024-03-30 00:00,N,0
807685,2,Paid Search,2024-03-26 00:00,Y,60.54
804852,1,SEO,2024-12-23 00:00,Y,163.69
806156,2,SEO,2024-12-24 00:00,N,0
806666,4,Paid Search,2025-01-30 00:00,N,0
802080,1,SEO,2025-07-30 00:00,Y,84.98
806357,4,Paid Search,2025-02-16 00:00,N,0
805628,1,Paid Search,2024-08-07 00:00,Y,168.79
805296,2,Paid Social,2024-10-03 00:00,Y,43.39
807552,2,Paid Social,2024-12-17 00:00,Y,146.81
803399,1,Paid Search,2025-02-15 00:00,Y,168.72
806968,2,Paid Search,2025-05-02 00:00,Y,67.28
807100,1,Paid Search,2025-06-16 00:00,N,0
806815,1,SEO,2024-02-16 00:00,Y,184.69
803269,1,Paid Social,2024-05-09 00:00,Y,163.46
801901,1,Email,2025-03-03 00:00,N,0
803872,2,Paid Social,2024-09-27 00:00,Y,105.31
802627,4,SEO,2024-10-31 00:00,Y,126.97
806947,1,SEO,2025-07-09 00:00,N,0
800829,3,Paid Search,2024-09-15 00:00,Y,143.86
804697,1,Paid Search,2025-07-23 00:00,N,0
800228,1,Paid Search,2025-07-27 00:00,Y,140.81
802179,3,Paid Search,2024-05-20 00:00,N,0
808904,1,Paid Social,2025-06-11 00:00,N,0
807217,1,SEO,2025-10-03 00:00,Y,139.09
805240,3,SEO,2024-07-08 00:00,N,0
805130,2,Email,2025-02-23 00:00,N,0
804571,2,SEO,2024-11-07 00:00,N,0
801811,2,Paid Search,2024-11-07 00:00,N,0
801039,1,Email,2024-07-31 00:00,Y,188.66
807693,1,SEO,2024-08-22 00:00,Y,47.64
808962,2,Paid Search,2025-01-22 00:00,Y,210.65
806481,1,Paid Social,2024-03-27 00:00,N,0
807759,3,Paid Social,2024-02-21 00:00,Y,185.39
803020,2,Paid Social,2025-07-30 00:00,Y,168.76
804671,3,SEO,2024-02-12 00:00,N,0
804055,2,Paid Social,2024-04-07 00:00,Y,45.33
808193,1,Paid Search,2024-01-07 00:00,Y,62.0
808565,3,Paid Search,2024-07-28 00:00,Y,197.7
805761,2,Email,2024-12-10 00:00,N,0
803167,3,Paid Search,2025-10-24 00:00,N,0
804506,2,Paid Search,2025-04-23 00:00,N,0
807422,2,Paid Search,2025-09-25 00:00,Y,143.42
802964,1,SEO,2025-07-02 00:00,Y,156.45
808603,1,Paid Social,2024-07-16 00:00,N,0
803306,4,Paid Search,2025-09-07 00:00,Y,111.36
804216,5,Email,2025-10-17 00:00,N,0
801154,3,SEO,2024-11-20 00:00,N,0
808057,1,Email,2024-08-22 00:00,Y,143.73
806874,4,Paid Search,2025-05-06 00:00,N,0
806967,1,Paid Social,2024-02-14 00:00,N,0
801767,2,Paid Search,2025-01-13 00:00,Y,35.73
806989,1,SEO,2025-07-09 00:00,Y,106.97
802432,1,Email,2024-12-21 00:00,Y,115.12
805368,2,Email,2025-04-24 00:00,N,0
803034,1,Paid Social,2024-04-28 00:00,N,0
807143,2,Paid Search,2025-04-02 00:00,Y,67.03
804226,2,Paid Search,2025-08-24 00:00,N,0
806499,3,Email,2024-02-16 00:00,Y,141.94
807881,1,SEO,2024-12-18 00:00,N,0
808771,3,Email,2024-03-19 00:00,Y,176.75
807940,1,Paid Search,2025-03-29 00:00,Y,52.21
804197,3,Paid Search,2025-07-22 00:00,Y,106.73
800169,2,Email,2025-04-06 00:00,Y,210.84
801981,2,Email,2025-10-18 00:00,N,0
806687,1,Email,2025-09-30 00:00,N,0
802591,3,Email,2025-07-05 00:00,Y,73.85
804753,3,Paid Search,2024-09-17 00:00,Y,210.97
804401,2,Paid Search,2024-06-28 00:00,Y,62.16
800872,2,Email,2024-06-10 00:00,Y,81.3
803000,2,Paid Social,2025-06-29 00:00,N,0
804606,1,Email,2025-04-27 00:00,N,0
808238,3,Email,2025-05-24 00:00,N,0
803854,2,SEO,2025-05-05 00:00,Y,52.09
803127,4,Email,2024-02-01 00:00,Y,182.21
801458,2,SEO,2024-12-19 00:00,N,0
808740,2,Paid Search,2025-03-13 00:00,Y,150.54
803773,2,Email,2024-04-28 00:00,Y,127.02
803358,1,SEO,2025-01-08 00:00,Y,41.53
806896,2,Paid Social,2024-03-10 00:00,N,0
804837,3,Email,2024-08-31 00:00,N,0
803980,1,Paid Social,2024-10-27 00:00,N,0
806009,3,Paid Search,2024-10-23 00:00,Y,91.94
804261,4,Paid Search,2024-02-28 00:00,Y,94.25
801293,2,Email,2024-11-25 00:00,Y,182.02
808326,1,Paid Social,2025-09-07 00:00,Y,61.0
801572,4,Paid Search,2024-10-31 00:00,Y,100.33
806384,1,Paid Social,2025-02-22 00:00,Y,207.37
803104,2,Paid Social,2025-10-19 00:00,Y,165.09
807777,2,Paid Social,2025-09-14 00:00,Y,213.51
802665,2,SEO,2024-06-19 00:00,Y,105.51
800873,1,SEO,2025-05-22 00:00,Y,158.08
806983,1,Paid Social,2024-03-08 00:00,N,0
806783,1,Email,2024-02-12 00:00,Y,65.2
802123,3,Email,2024-10-27 00:00,Y,201.17
801597,1,Paid Social,2025-04-14 00:00,Y,121.44
803680,2,Email,2024-09-15 00:00,N,0
808321,3,Email,2024-03-04 00:00,Y,73.05
805578,2,Paid Social,2024-11-22 00:00,N,0
804941,2,Paid Search,2024-07-22 00:00,N,0
801475,4,Email,2025-07-10 00:00,N,0
800815,1,Paid Social,2025-05-15 00:00,Y,181.56
802138,1,SEO,2025-01-13 00:00,Y,168.21
808744,1,Paid Search,2024-09-04 00:00,Y,43.24
802196,1,SEO,2024-10-20 00:00,N,0
806478,1,SEO,2025-02-10 00:00,Y,175.78
804986,1,SEO,2024-09-16 00:00,Y,48.5
802667,1,Email,2025-04-26 00:00,Y,61.71
800195,1,Email,2024-09-23 00:00,Y,115.24
804822,2,Paid Search,2025-02-23 00:00,Y,66.06
808444,4,Paid Search,2025-02-17 00:00,Y,71.23
803514,1,Paid Social,2025-04-21 00:00,Y,152.52
805479,1,SEO,2024-04-17 00:00,Y,171.57
801126,3,SEO,2024-01-11 00:00,Y,201.44
803084,2,SEO,2024-12-23 00:00,N,0
804209,3,Paid Social,2025-08-30 00:00,Y,62.93
803384,2,SEO,2025-05-23 00:00,Y,40.89
801035,3,Paid Search,2024-06-15 00:00,Y,133.51
803442,2,Email,2025-08-26 00:00,Y,53.75
805648,4,Paid Search,2025-10-09 00:00,Y,145.32
805587,1,Paid Social,2025-07-15 00:00,Y,50.22
805149,4,Paid Search,2024-05-04 00:00,Y,175.27
805086,1,Email,2024-02-01 00:00,Y,189.8
805909,1,SEO,2025-08-19 00:00,Y,50.61
804491,2,Paid Search,2025-06-12 00:00,N,0
803191,2,SEO,2025-03-16 00:00,Y,97.72
805882,2,Paid Social,2024-07-08 00:00,N,0
801804,1,Email,2025-05-04 00:00,N,0
807503,1,Paid Search,2025-05-15 00:00,Y,43.91
803228,3,Email,2025-01-21 00:00,Y,88.2
802042,4,SEO,2025-06-03 00:00,Y,172.24
806473,1,Email,2025-01-06 00:00,Y,215.12
808582,2,Paid Search,2024-07-11 00:00,Y,167.76
802235,2,Email,2024-01-14 00:00,N,0
808683,1,Paid Social,2024-12-13 00:00,Y,190.06
808436,2,SEO,2025-04-03 00:00,Y,150.62
804846,2,SEO,2025-06-09 00:00,N,0
802437,1,Paid Social,2024-12-27 00:00,N,0
800989,4,Paid Search,2024-10-03 00:00,Y,190.45
807983,3,Paid Search,2024-09-24 00:00,Y,94.61
807561,1,SEO,2025-03-11 00:00,Y,176.58
804100,1,SEO,2025-02-14 00:00,Y,208.86
802422,4,SEO,2024-10-19 00:00,Y,139.45
805658,1,Paid Social,2025-04-02 00:00,Y,177.94
803431,2,Paid Search,2025-04-13 00:00,N,0
806296,3,Paid Search,2024-09-20 00:00,N,0
801973,3,Paid Search,2025-08-09 00:00,N,0
808424,3,SEO,2024-02-16 00:00,N,0
800143,1,SEO,2025-07-21 00:00,N,0
804338,3,Email,2025-01-14 00:00,Y,186.53
804463,2,Paid Social,2024-06-12 00:00,Y,131.68
807960,1,Paid Social,2024-04-23 00:00,N,0
805790,5,Email,2024-01-24 00:00,N,0
805767,3,Email,2024-04-17 00:00,N,0
800258,4,Paid Social,2025-05-17 00:00,Y,170.03
804132,1,SEO,2024-01-17 00:00,Y,157.54
807609,1,SEO,2024-05-08 00:00,Y,78.21
805823,1,SEO,2024-01-08 00:00,Y,194.87
806913,3,Email,2024-08-08 00:00,N,0
808240,3,Paid Social,2024-09-19 00:00,Y,115.61
805325,2,Paid Social,2024-10-09 00:00,Y,41.68
802015,1,Paid Social,2025-06-03 00:00,N,0
802593,1,Paid Search,2025-07-04 00:00,Y,53.64
806464,1,Email,2024-11-17 00:00,Y,75.05
807675,4,Email,2025-02-22 00:00,N,0
807198,1,SEO,2024-12-19 00:00,Y,75.77
802524,1,Paid Search,2025-10-11 00:00,N,0
800915,1,Paid Social,2024-06-30 00:00,N,0
808208,3,Email,2025-02-01 00:00,N,0
807237,3,Paid Search,2024-05-25 00:00,Y,142.06
804185,1,Paid Social,2024-05-02 00:00,Y,99.63
802282,1,SEO,2025-03-03 00:00,Y,124.62
800112,1,Paid Search,2025-01-31 00:00,Y,127.64
800672,3,Paid Search,2024-07-29 00:00,N,0
805355,1,Paid Social,2024-04-04 00:00,Y,39.78
804533,4,Email,2024-09-06 00:00,N,0
804440,2,Paid Social,2024-03-26 00:00,N,0
806358,1,SEO,2024-09-16 00:00,N,0
806508,1,Paid Social,2024-07-05 00:00,Y,92.08
802486,1,SEO,2025-07-15 00:00,N,0
802042,5,Paid Search,2025-06-13 00:00,Y,172.24
800896,1,Paid Social,2024-11-10 00:00,Y,180.58
804692,3,Email,2024-04-25 00:00,Y,177.2
806650,3,Email,2024-02-26 00:00,Y,115.65
807247,4,SEO,2024-03-20 00:00,N,0
803656,4,Email,2025-04-10 00:00,Y,207.56
807846,3,Email,2025-04-07 00:00,Y,171.56
807887,4,Email,2025-10-02 00:00,Y,101.17
805907,3,Email,2024-06-30 00:00,N,0
803458,2,Paid Social,2025-02-01 00:00,N,0
805916,3,Paid Social,2025-09-08 00:00,Y,112.72
801460,1,SEO,2024-11-30 00:00,Y,45.99
804784,1,Paid Social,2025-08-05 00:00,N,0
806272,1,Paid Search,2024-10-25 00:00,Y,38.07
803326,1,SEO,2024-11-09 00:00,Y,60.95
801524,2,Email,2024-04-02 00:00,N,0
807705,5,Paid Social,2024-07-06 00:00,N,0
803340,3,Paid Social,2024-03-03 00:00,N,0
805687,1,SEO,2025-08-25 00:00,Y,139.71
802207,4,Email,2024-10-09 00:00,N,0
800850,1,SEO,2024-11-20 00:00,Y,173.74
807010,3,Email,2024-07-15 00:00,N,0
806305,4,Paid Social,2024-07-03 00:00,N,0
806401,1,Paid Search,2025-08-24 00:00,N,0
801987,1,SEO,2024-02-22 00:00,Y,181.77
807422,1,Paid Search,2025-09-23 00:00,Y,143.42
805178,3,SEO,2024-07-22 00:00,Y,69.32
800170,3,SEO,2024-01-10 00:00,Y,176.21
801933,3,Paid Search,2025-08-15 00:00,Y,88.0
801298,1,Email,2025-03-28 00:00,N,0
801026,3,SEO,2024-07-27 00:00,Y,165.7
801632,2,Email,2025-04-17 00:00,Y,125.15
805077,4,Paid Search,2025-08-31 00:00,Y,210.79
806485,1,Paid Social,2025-09-09 00:00,N,0
805636,1,Paid Social,2024-09-11 00:00,Y,143.73
807053,1,SEO,2025-05-30 00:00,Y,182.41
800284,1,SEO,2024-08-18 00:00,N,0
807461,2,Paid Search,2025-07-24 00:00,Y,166.8
803752,1,Paid Search,2024-11-24 00:00,Y,89.69
804517,2,Paid Social,2025-07-14 00:00,N,0
801536,4,Paid Search,2024-04-29 00:00,Y,180.08
807359,1,SEO,2025-09-14 00:00,Y,207.82
807025,2,Paid Search,2025-03-05 00:00,Y,217.2
801674,1,SEO,2024-05-03 00:00,Y,89.21
806060,1,SEO,2025-09-29 00:00,Y,151.06
803281,2,Email,2024-04-15 00:00,Y,77.42
808306,4,Paid Search,2024-10-31 00:00,Y,112.15
805505,3,Paid Search,2025-09-20 00:00,N,0
807676,1,Paid Search,2025-01-11 00:00,N,0
806673,4,SEO,2025-05-04 00:00,N,0
807805,2,Paid Social,2025-02-18 00:00,Y,60.87
804104,4,Paid Social,2025-03-30 00:00,Y,58.64
805082,1,Paid Social,2025-06-13 00:00,Y,128.71
805673,2,Paid Social,2024-11-02 00:00,Y,204.31
800724,4,Email,2024-12-17 00:00,Y,163.2
800198,1,Paid Social,2025-03-04 00:00,Y,215.29
800746,1,SEO,2024-01-07 00:00,N,0
806494,3,Email,2025-03-18 00:00,N,0
807964,2,SEO,2025-06-12 00:00,Y,39.13
808000,3,Paid Search,2024-10-10 00:00,N,0
806340,2,SEO,2025-09-25 00:00,Y,141.13
802426,2,SEO,2024-12-03 00:00,Y,60.52
808112,1,Email,2025-03-17 00:00,Y,161.78
806092,1,Paid Social,2025-05-09 00:00,Y,83.6
804988,2,Email,2024-06-19 00:00,Y,207.7
802187,3,SEO,2025-01-04 00:00,N,0
806511,4,Email,2025-10-15 00:00,N,0
800851,2,Paid Search,2025-08-16 00:00,Y,144.56
801153,1,Paid Social,2025-07-22 00:00,Y,142.88
806243,2,SEO,2024-10-05 00:00,Y,91.28
801960,5,Email,2024-06-29 00:00,Y,53.83
803142,3,Paid Search,2025-02-10 00:00,Y,129.01
805435,2,Paid Social,2025-09-22 00:00,Y,48.98
804226,1,Paid Social,2025-08-20 00:00,N,0
802853,1,SEO,2024-04-22 00:00,Y,114.38
800056,2,SEO,2025-08-06 00:00,Y,140.36
803485,1,Paid Social,2024-11-28 00:00,Y,88.65
806506,1,Paid Social,2024-02-04 00:00,N,0
804804,1,Paid Social,2025-05-01 00:00,Y,120.17
808277,2,Paid Social,2024-03-12 00:00,N,0
800416,1,SEO,2024-05-21 00:00,Y,116.06
800023,1,Paid Social,2025-03-08 00:00,Y,125.68
805496,2,Paid Social,2024-11-11 00:00,N,0
804894,3,Paid Social,2025-04-30 00:00,N,0
807286,1,SEO,2025-03-15 00:00,N,0
800811,1,Email,2025-06-09 00:00,Y,84.68
806707,1,Paid Social,2024-10-14 00:00,Y,52.09
805123,1,SEO,2024-12-12 00:00,Y,217.37
803163,1,SEO,2025-03-22 00:00,Y,166.91
808087,3,Paid Search,2024-09-10 00:00,N,0
805166,2,Email,2025-09-11 00:00,N,0
801829,3,SEO,2024-08-11 00:00,Y,169.86
808528,1,Paid Search,2024-05-26 00:00,N,0
808418,2,Paid Social,2024-10-13 00:00,Y,193.47
802377,2,Email,2024-07-13 00:00,N,0
806891,4,SEO,2024-02-17 00:00,N,0
800381,1,SEO,2025-08-15 00:00,N,0
801611,1,Paid Search,2025-04-30 00:00,N,0
802239,1,Paid Social,2024-07-20 00:00,N,0
807191,1,SEO,2025-03-19 00:00,Y,111.99
802521,1,Paid Social,2024-10-16 00:00,Y,153.25
802701,2,SEO,2024-09-13 00:00,N,0
802841,4,SEO,2024-02-16 00:00,Y,77.85
805694,2,Email,2024-08-01 00:00,Y,149.27
800852,2,Email,2024-11-06 00:00,Y,190.87
805670,3,Paid Social,2025-02-07 00:00,N,0
807871,3,Email,2024-10-06 00:00,N,0
804331,1,Paid Social,2024-11-17 00:00,Y,180.89
805552,5,Paid Search,2024-05-08 00:00,Y,153.02
807149,2,Email,2024-04-01 00:00,Y,70.51
808694,3,SEO,2024-04-20 00:00,Y,38.12
803920,2,Email,2024-07-15 00:00,Y,107.63
800357,2,Paid Search,2024-01-25 00:00,Y,105.1
808607,1,Email,2024-10-25 00:00,N,0
808680,1,Paid Social,2024-06-12 00:00,Y,140.28
808194,2,Paid Social,2025-09-02 00:00,Y,63.38
807362,2,Email,2024-09-24 00:00,N,0
806169,4,Email,2025-06-17 00:00,Y,217.09
806326,4,Paid Social,2025-10-06 00:00,Y,121.15
802295,1,Paid Social,2024-04-21 00:00,Y,80.84
803761,3,Paid Social,2024-10-17 00:00,Y,135.05
805656,1,SEO,2024-07-05 00:00,N,0
800844,3,Paid Search,2025-01-06 00:00,Y,92.58
800515,4,Email,2025-08-14 00:00,N,0
805383,1,SEO,2024-09-29 00:00,N,0
803810,1,Paid Social,2024-11-08 00:00,Y,219.35
802379,1,Paid Social,2024-08-24 00:00,N,0
807015,2,SEO,2025-06-12 00:00,N,0
802860,2,Paid Search,2025-02-21 00:00,Y,76.02
808846,3,Paid Social,2025-06-20 00:00,N,0
803779,3,Paid Social,2025-10-02 00:00,N,0
800017,2,Paid Social,2025-01-05 00:00,Y,179.46
807345,2,Paid Social,2025-01-19 00:00,N,0
801489,1,SEO,2024-09-16 00:00,N,0
804734,1,Paid Search,2024-01-28 00:00,N,0
808256,2,SEO,2025-04-21 00:00,Y,107.33
801708,4,Paid Search,2024-06-20 00:00,Y,179.87
801351,3,SEO,2024-08-15 00:00,Y,208.91
808030,1,SEO,2025-02-28 00:00,Y,42.79
806192,1,Paid Social,2025-01-11 00:00,N,0
800789,1,SEO,2024-02-07 00:00,N,0
802900,2,SEO,2024-05-05 00:00,Y,46.12
800352,2,Paid Social,2024-06-27 00:00,N,0
808219,3,Email,2024-04-20 00:00,Y,188.9
802222,1,SEO,2025-01-28 00:00,Y,177.48
803536,3,Email,2025-07-11 00:00,Y,76.69
800517,3,SEO,2025-04-10 00:00,Y,152.41
800941,2,SEO,2024-07-08 00:00,N,0
805096,1,Email,2025-04-27 00:00,Y,184.78
802864,1,SEO,2025-05-08 00:00,N,0
806956,1,Paid Social,2025-02-16 00:00,Y,57.97
802830,2,Paid Search,2025-08-29 00:00,Y,206.6
807781,2,SEO,2025-07-07 00:00,Y,148.87
802987,2,Paid Social,2024-04-17 00:00,N,0
804077,3,Email,2024-04-24 00:00,Y,70.44
801278,1,SEO,2024-08-14 00:00,N,0
806991,3,Paid Search,2025-09-18 00:00,Y,162.13
807233,2,Paid Search,2024-06-23 00:00,Y,38.96
807851,3,Paid Social,2024-06-20 00:00,N,0
803824,3,Email,2025-03-24 00:00,Y,194.0
803636,1,Paid Social,2025-09-29 00:00,N,0
805418,2,Paid Search,2025-08-04 00:00,N,0
808127,3,Paid Search,2025-10-02 00:00,Y,71.32
801927,4,Email,2024-01-31 00:00,Y,83.49
803400,1,Paid Social,2025-02-18 00:00,Y,196.35
804664,2,Paid Social,2024-03-30 00:00,N,0
800953,4,Paid Search,2024-02-28 00:00,Y,99.42
803614,4,SEO,2025-03-13 00:00,Y,73.83
803002,2,SEO,2024-08-17 00:00,Y,61.71
808766,3,Paid Social,2024-03-28 00:00,N,0
805820,2,Email,2025-08-13 00:00,N,0
805749,2,Email,2025-10-13 00:00,Y,104.16
801193,3,Email,2025-07-21 00:00,N,0
802205,2,SEO,2024-03-31 00:00,Y,71.94
803700,1,Paid Search,2024-08-09 00:00,Y,154.12
802528,1,Paid Social,2024-04-18 00:00,Y,43.36
802413,3,Email,2025-10-09 00:00,N,0
803938,1,Paid Social,2025-05-06 00:00,Y,82.82
805156,1,SEO,2024-12-16 00:00,N,0
808706,2,Email,2024-11-04 00:00,N,0
802589,2,Paid Search,2025-03-25 00:00,Y,134.43
808444,3,Paid Search,2025-02-13 00:00,Y,71.23
804939,1,Paid Social,2024-07-19 00:00,Y,151.85
802627,3,SEO,2024-10-23 00:00,Y,126.97
800618,1,Email,2024-07-18 00:00,N,0
801308,2,Paid Search,2025-01-31 00:00,N,0
805649,2,SEO,2024-05-14 00:00,N,0
808656,2,SEO,2025-10-05 00:00,Y,126.89
808512,1,Paid Social,2025-03-06 00:00,N,0
808060,4,Paid Search,2024-08-17 00:00,Y,170.48
805176,4,Paid Search,2024-02-16 00:00,Y,195.74
806115,1,SEO,2025-05-10 00:00,Y,53.61
801898,1,Paid Social,2024-08-01 00:00,Y,143.37
800578,4,Email,2024-10-25 00:00,Y,64.3
800745,1,Paid Search,2025-09-03 00:00,Y,99.49
804521,1,Paid Social,2025-10-12 00:00,N,0
802406,1,SEO,2025-02-23 00:00,Y,49.91
806812,3,Paid Social,2024-03-21 00:00,Y,41.3
800583,2,Email,2025-03-23 00:00,Y,170.33
803512,1,Email,2025-02-28 00:00,Y,161.46
801780,2,Paid Social,2025-06-12 00:00,N,0
803695,4,Paid Search,2025-05-19 00:00,Y,146.33
803689,2,Paid Search,2025-05-22 00:00,Y,54.55
808867,3,Paid Search,2025-03-07 00:00,Y,216.28
802116,2,Paid Search,2025-02-09 00:00,Y,181.11
808335,1,Paid Social,2024-01-06 00:00,Y,122.88
804595,1,SEO,2024-02-07 00:00,N,0
807620,1,Paid Search,2024-07-08 00:00,Y,199.72
802935,2,Paid Search,2024-05-18 00:00,Y,161.12
802314,1,Paid Social,2024-09-28 00:00,Y,143.75
808516,2,Paid Search,2025-03-17 00:00,N,0
806624,1,Paid Social,2024-02-20 00:00,Y,64.22
807107,3,SEO,2024-06-04 00:00,Y,78.81
804291,2,Paid Search,2024-01-04 00:00,Y,124.93
804140,3,SEO,2025-07-30 00:00,Y,83.15
808887,2,Email,2025-06-25 00:00,N,0
800151,2,Email,2025-06-07 00:00,N,0
807759,1,Paid Social,2024-02-19 00:00,Y,185.39
801188,3,Email,2024-01-15 00:00,N,0
807962,1,Paid Social,2024-07-30 00:00,Y,148.36
808163,2,Email,2025-04-22 00:00,N,0
800411,1,SEO,2024-12-16 00:00,Y,111.08
805892,1,Paid Social,2024-08-14 00:00,N,0
808270,1,Paid Social,2025-09-26 00:00,Y,120.62
808317,4,SEO,2024-07-02 00:00,N,0
807312,2,Email,2024-10-10 00:00,Y,58.28
808379,3,Email,2024-05-11 00:00,N,0
802064,1,SEO,2024-07-11 00:00,Y,173.86
805897,3,SEO,2025-08-03 00:00,N,0
808312,1,SEO,2025-05-03 00:00,Y,199.33
803800,5,Paid Search,2025-01-10 00:00,Y,91.78
804477,4,SEO,2024-02-28 00:00,N,0
800452,2,Email,2025-01-09 00:00,Y,191.66
805863,2,SEO,2024-01-09 00:00,N,0
808550,4,Paid Social,2025-10-04 00:00,Y,174.78
807727,1,SEO,2025-08-06 00:00,Y,85.03
801754,3,Email,2024-12-06 00:00,Y,200.6
801409,1,Paid Social,2025-06-12 00:00,Y,193.43
800079,1,Paid Social,2024-10-24 00:00,Y,83.04
802795,3,SEO,2025-04-16 00:00,Y,209.85
800710,2,Email,2024-02-15 00:00,Y,161.22
807850,2,SEO,2024-08-23 00:00,Y,102.75
800290,1,Paid Search,2025-07-13 00:00,Y,121.19
802479,2,Email,2025-03-14 00:00,Y,215.87
805240,1,Paid Search,2024-07-02 00:00,N,0
802686,1,Paid Social,2024-07-03 00:00,Y,118.21
802688,2,Paid Search,2025-10-05 00:00,N,0
806995,2,Paid Social,2025-01-25 00:00,Y,167.68
800665,1,SEO,2024-12-17 00:00,N,0
800522,1,Paid Social,2024-07-15 00:00,Y,51.04
803116,1,Paid Social,2025-08-19 00:00,Y,180.02
804884,3,Email,2025-08-28 00:00,Y,63.92
808663,3,Email,2025-03-25 00:00,Y,113.98
802921,2,Email,2025-01-03 00:00,Y,210.1
800009,1,Email,2025-02-03 00:00,Y,62.59
801293,1,Paid Social,2024-11-22 00:00,Y,182.02
805846,2,Email,2024-10-22 00:00,N,0
801413,2,SEO,2025-09-04 00:00,Y,194.47
806996,1,Paid Social,2024-12-20 00:00,N,0
808081,2,SEO,2024-08-11 00:00,Y,145.37
803952,2,Paid Search,2024-06-24 00:00,Y,60.02
803538,2,Paid Social,2024-09-20 00:00,N,0
803974,3,Email,2024-08-09 00:00,Y,44.08
801663,1,Paid Social,2024-07-01 00:00,Y,202.03
805859,2,Paid Search,2024-12-02 00:00,N,0
800105,5,Email,2025-04-05 00:00,Y,175.57
800259,2,SEO,2025-10-19 00:00,Y,211.41
806755,2,Paid Social,2024-03-30 00:00,Y,119.42
803931,1,Paid Social,2024-12-27 00:00,Y,161.16
808366,3,Paid Social,2024-09-15 00:00,Y,199.81
803554,3,Paid Search,2024-06-23 00:00,N,0
807600,1,SEO,2024-12-24 00:00,N,0
800129,1,SEO,2024-05-23 00:00,N,0
804506,5,Paid Social,2025-05-05 00:00,N,0
807990,1,Paid Social,2025-03-24 00:00,N,0
800724,5,Paid Search,2024-12-21 00:00,Y,163.2
802037,2,Email,2024-01-20 00:00,N,0
805610,2,Email,2025-04-08 00:00,Y,170.51
804418,1,Paid Social,2025-02-15 00:00,N,0
800876,1,SEO,2024-08-10 00:00,Y,194.53
803830,1,Paid Search,2024-02-28 00:00,Y,89.46
803058,1,Paid Search,2025-05-09 00:00,Y,122.22
805288,1,Email,2025-03-04 00:00,Y,167.23
800651,1,Paid Social,2025-04-18 00:00,N,0
808925,1,SEO,2025-01-02 00:00,N,0
800453,1,Paid Social,2025-01-21 00:00,Y,107.71
802191,3,Paid Social,2024-03-11 00:00,Y,84.96
807497,2,Email,2024-08-17 00:00,N,0
800430,2,SEO,2024-01-24 00:00,Y,43.57
806257,1,Email,2025-04-12 00:00,N,0
804718,1,SEO,2024-01-15 00:00,Y,193.43
801342,3,Paid Social,2024-07-05 00:00,N,0
808153,2,Paid Social,2025-06-09 00:00,Y,132.96
808294,1,SEO,2024-10-05 00:00,N,0
807306,1,Paid Search,2025-01-04 00:00,Y,136.77
804621,1,SEO,2025-07-05 00:00,Y,102.58
806383,4,Paid Search,2025-10-22 00:00,Y,205.17
801546,2,Email,2024-10-14 00:00,Y,50.56
803038,5,Email,2024-07-28 00:00,Y,182.85
800731,2,Email,2024-11-20 00:00,N,0
801189,5,Paid Search,2024-05-13 00:00,N,0
807078,3,SEO,2025-05-09 00:00,N,0
806662,2,Paid Search,2025-06-20 00:00,Y,148.15
802804,1,SEO,2024-05-14 00:00,Y,200.76
807085,1,Email,2024-01-07 00:00,Y,119.21
808319,2,Paid Social,2024-10-30 00:00,N,0
802848,3,Paid Social,2024-11-23 00:00,N,0
806662,1,SEO,2025-06-16 00:00,Y,148.15
803611,1,Paid Social,2024-05-19 00:00,Y,217.57
801272,3,Paid Search,2025-03-15 00:00,N,0
800468,3,Paid Search,2024-11-08 00:00,N,0
806613,3,SEO,2025-03-12 00:00,N,0
806871,1,Paid Social,2025-10-03 00:00,N,0
800087,1,Paid Social,2024-08-30 00:00,N,0
800237,1,Paid Search,2025-03-18 00:00,N,0
801722,2,SEO,2024-03-28 00:00,Y,145.4
807633,3,Paid Search,2024-09-13 00:00,Y,39.44
807474,3,SEO,2024-12-18 00:00,Y,119.49
803379,1,SEO,2024-06-29 00:00,Y,145.26
803794,3,Paid Search,2025-07-08 00:00,Y,53.6
805821,3,Paid Social,2024-12-25 00:00,Y,115.66
803941,5,Paid Social,2025-08-18 00:00,Y,81.18
800239,2,Paid Search,2025-10-05 00:00,Y,217.14
801402,3,Paid Search,2024-03-22 00:00,Y,124.81
807718,1,Paid Search,2025-08-18 00:00,Y,70.81
806665,2,Paid Search,2025-03-01 00:00,N,0
807254,3,Email,2024-09-17 00:00,Y,136.45
806736,2,SEO,2025-09-25 00:00,Y,81.95
802577,2,SEO,2024-09-05 00:00,N,0
806544,3,Paid Search,2024-07-26 00:00,Y,143.03
806402,1,Paid Social,2024-07-16 00:00,N,0
801173,2,SEO,2024-06-21 00:00,Y,99.17
805195,3,Email,2025-04-30 00:00,N,0
802441,1,SEO,2024-10-01 00:00,N,0
803810,4,Email,2024-11-17 00:00,Y,219.35
802351,1,SEO,2024-05-07 00:00,Y,208.1
803932,2,Paid Search,2025-10-14 00:00,Y,73.8
805270,2,SEO,2025-02-08 00:00,Y,215.3
805304,1,SEO,2024-12-30 00:00,N,0
808050,3,Paid Search,2025-10-23 00:00,Y,134.86
808694,2,Paid Social,2024-04-13 00:00,Y,38.12
801489,2,Paid Social,2024-09-20 00:00,N,0
800198,2,Paid Search,2025-03-05 00:00,Y,215.29
801332,3,Email,2024-01-19 00:00,Y,126.42
804060,2,SEO,2025-04-29 00:00,Y,202.19
800060,1,Paid Social,2025-06-06 00:00,N,0
800302,3,Paid Social,2025-07-29 00:00,N,0
807120,4,Paid Search,2024-09-06 00:00,Y,123.16
800165,2,Email,2024-02-06 00:00,Y,59.7
802532,4,SEO,2025-02-26 00:00,N,0
802365,2,Paid Search,2025-04-11 00:00,N,0
808910,1,Email,2025-08-24 00:00,Y,190.77
803764,3,SEO,2024-08-02 00:00,N,0
805885,4,Email,2025-09-28 00:00,Y,122.01
804012,2,SEO,2025-09-12 00:00,N,0
803471,1,Email,2025-01-05 00:00,Y,202.38
802005,3,Paid Search,2024-02-03 00:00,Y,198.23
808531,1,SEO,2024-07-14 00:00,Y,53.76
808061,3,Email,2025-01-24 00:00,Y,63.34
806822,1,Email,2025-05-20 00:00,Y,62.57
801774,2,SEO,2025-02-09 00:00,Y,211.46
806339,2,Paid Social,2025-05-16 00:00,Y,203.1
803410,2,Paid Social,2025-07-06 00:00,Y,106.17
807903,1,SEO,2024-12-07 00:00,Y,209.09
801863,3,Paid Search,2024-06-08 00:00,Y,178.35
806627,3,Paid Search,2025-10-12 00:00,Y,198.83
808494,1,SEO,2025-02-11 00:00,Y,125.71
801409,3,Email,2025-06-18 00:00,Y,193.43
801919,2,Email,2025-05-18 00:00,N,0
805612,4,Email,2024-01-22 00:00,Y,201.6
804453,1,SEO,2024-02-07 00:00,N,0
804994,2,Paid Search,2025-06-08 00:00,Y,202.07
808967,4,SEO,2024-04-10 00:00,Y,140.7
800071,1,Paid Social,2025-07-16 00:00,N,0
806731,1,Paid Search,2025-02-01 00:00,Y,140.14
807877,1,SEO,2024-01-03 00:00,N,0
806242,5,SEO,2024-02-11 00:00,Y,141.33
804813,2,Email,2024-12-24 00:00,N,0
808462,1,SEO,2025-01-28 00:00,Y,127.93
805153,2,SEO,2024-11-24 00:00,N,0
805474,5,Paid Search,2025-10-23 00:00,Y,121.49
803518,1,Paid Search,2024-09-07 00:00,Y,81.23
805260,2,Paid Social,2024-12-30 00:00,Y,206.48
804980,2,Paid Social,2025-05-27 00:00,N,0
802917,2,Email,2024-10-30 00:00,Y,71.56
803743,1,SEO,2024-10-15 00:00,N,0
801591,3,Paid Search,2024-09-08 00:00,N,0
803363,3,Paid Search,2025-04-29 00:00,Y,54.43
800920,1,SEO,2025-01-06 00:00,Y,217.57
800531,2,Paid Search,2025-01-29 00:00,N,0
800059,1,Paid Social,2024-04-28 00:00,Y,140.83
808374,4,SEO,2025-02-24 00:00,Y,48.28
808410,2,Paid Search,2024-06-19 00:00,Y,158.28
807181,1,Paid Search,2025-04-15 00:00,Y,78.33
804692,4,Paid Social,2024-05-02 00:00,Y,177.2
806139,4,Email,2025-05-13 00:00,Y,142.91
804023,2,Paid Social,2024-12-21 00:00,N,0
803098,2,Paid Search,2025-04-16 00:00,N,0
808415,1,Email,2024-03-26 00:00,N,0
800636,2,Email,2025-01-03 00:00,N,0
806359,4,Email,2024-09-22 00:00,Y,215.92
800356,2,Paid Search,2025-03-13 00:00,N,0
803520,3,SEO,2025-03-29 00:00,N,0
807421,2,SEO,2024-12-25 00:00,N,0
805943,3,SEO,2024-10-18 00:00,N,0
803482,1,SEO,2025-03-20 00:00,Y,203.31
801350,1,Paid Social,2024-01-21 00:00,Y,119.81
807304,1,Paid Social,2025-04-01 00:00,Y,149.03
805995,3,Email,2024-09-11 00:00,N,0
804348,1,Paid Search,2024-06-10 00:00,N,0
807876,4,SEO,2025-07-04 00:00,Y,88.23
806265,3,SEO,2024-04-27 00:00,N,0
802939,2,Paid Search,2025-01-30 00:00,Y,194.17
804783,3,SEO,2025-04-29 00:00,N,0
804527,1,SEO,2024-02-02 00:00,Y,217.39
806533,2,Email,2024-12-01 00:00,Y,98.39
802360,2,Email,2025-08-19 00:00,N,0
806745,2,Paid Social,2025-10-02 00:00,N,0
807094,3,Email,2024-10-24 00:00,N,0
804841,4,Email,2024-12-30 00:00,Y,212.74
800507,2,Paid Social,2024-02-19 00:00,Y,215.41
801385,1,SEO,2025-07-21 00:00,N,0
806641,4,Paid Search,2025-05-06 00:00,Y,79.23
804177,2,Paid Search,2025-09-14 00:00,N,0
806758,2,Paid Search,2024-09-05 00:00,Y,111.28
808459,2,Paid Social,2025-05-03 00:00,N,0
800210,1,SEO,2025-04-11 00:00,N,0
802502,1,Paid Search,2025-02-07 00:00,Y,159.49
807306,4,Email,2025-01-10 00:00,Y,136.77
804339,2,Paid Search,2025-09-18 00:00,N,0
803664,1,Paid Search,2025-07-23 00:00,Y,65.85
808042,3,Paid Social,2024-01-12 00:00,Y,69.97
808509,1,SEO,2024-08-22 00:00,N,0
800357,1,Paid Search,2024-01-23 00:00,Y,105.1
804605,1,Paid Social,2024-12-30 00:00,N,0
806108,2,Paid Social,2024-07-04 00:00,N,0
803317,4,Paid Social,2025-09-04 00:00,Y,136.85
807666,1,Paid Social,2024-02-21 00:00,N,0
804473,2,SEO,2024-10-05 00:00,Y,173.54
804379,1,SEO,2024-04-28 00:00,Y,96.54
805643,2,Paid Social,2024-04-19 00:00,Y,71.77
807032,2,SEO,2024-07-30 00:00,Y,130.37
806034,1,SEO,2025-03-10 00:00,Y,61.41
801621,3,Paid Social,2025-04-11 00:00,Y,43.09
800680,1,SEO,2024-11-09 00:00,Y,161.55
802569,3,Paid Social,2025-05-20 00:00,Y,162.54
807912,1,SEO,2025-05-12 00:00,Y,65.78
805734,3,Paid Search,2024-12-28 00:00,Y,38.76
806075,1,Email,2024-07-13 00:00,Y,146.33
800163,5,Paid Search,2025-09-27 00:00,N,0
800321,4,Paid Social,2025-03-18 00:00,Y,193.9
802015,4,Paid Search,2025-06-15 00:00,N,0
804050,3,SEO,2024-06-04 00:00,Y,176.15
807386,2,Email,2024-05-03 00:00,Y,82.64
800669,1,Paid Search,2025-03-03 00:00,Y,79.42
806254,1,Email,2024-12-13 00:00,Y,160.31
807361,1,Paid Search,2025-07-06 00:00,Y,103.34
803759,4,SEO,2025-04-11 00:00,N,0
800540,1,Email,2024-08-14 00:00,Y,171.32
802092,1,SEO,2025-10-15 00:00,Y,42.75
806944,1,SEO,2024-08-24 00:00,N,0
808047,1,Paid Search,2024-04-04 00:00,N,0
808554,3,Paid Social,2024-02-25 00:00,Y,56.05
805867,1,Email,2024-12-30 00:00,N,0
808681,2,Paid Social,2025-04-23 00:00,Y,181.15
801744,1,SEO,2025-08-30 00:00,Y,215.37
806300,1,Paid Social,2024-01-28 00:00,Y,112.89
806295,1,Paid Search,2025-09-03 00:00,Y,166.03
806303,3,SEO,2025-09-07 00:00,Y,123.28
801267,1,Paid Social,2024-01-26 00:00,Y,177.94
802354,2,Email,2025-10-19 00:00,Y,209.27
801120,2,SEO,2024-10-02 00:00,Y,37.55
808840,1,SEO,2024-06-20 00:00,Y,138.28
801158,2,SEO,2024-05-12 00:00,N,0
803130,2,SEO,2024-01-09 00:00,Y,89.76
808008,2,Paid Social,2024-02-08 00:00,N,0
807531,3,SEO,2024-09-02 00:00,Y,40.64
804336,1,SEO,2024-01-14 00:00,Y,102.95
808254,1,SEO,2025-06-09 00:00,Y,218.45
802369,1,SEO,2024-10-28 00:00,Y,90.65
804160,2,Paid Search,2024-07-28 00:00,Y,38.31
807664,2,Paid Social,2024-06-02 00:00,Y,123.87
804482,2,Email,2024-07-15 00:00,N,0
805673,1,Paid Search,2024-10-30 00:00,Y,204.31
807790,3,Paid Search,2025-04-13 00:00,Y,133.89
802965,3,Paid Social,2025-10-18 00:00,N,0
807861,1,Paid Social,2025-10-14 00:00,N,0
805323,1,Paid Social,2024-06-28 00:00,Y,58.45
800319,1,SEO,2024-02-08 00:00,Y,215.29
802135,1,SEO,2025-10-12 00:00,Y,92.58
803737,1,Email,2025-04-05 00:00,N,0
802315,2,SEO,2024-06-01 00:00,Y,162.54
805619,2,Paid Social,2025-01-21 00:00,N,0
802333,3,Paid Search,2025-08-05 00:00,Y,207.51
802285,1,Email,2024-12-26 00:00,N,0
802903,5,Email,2024-12-13 00:00,Y,174.42
808883,2,Paid Social,2025-03-13 00:00,Y,151.59
805281,5,Paid Social,2024-02-12 00:00,Y,48.93
807421,1,SEO,2024-12-21 00:00,N,0
806608,3,SEO,2024-08-20 00:00,N,0
801978,3,Paid Search,2025-08-28 00:00,N,0
805095,1,Paid Search,2024-12-16 00:00,N,0
803996,3,Paid Social,2024-07-07 00:00,Y,54.86
808330,2,Email,2024-12-22 00:00,Y,168.89
808461,3,Paid Search,2025-05-23 00:00,Y,39.97
807998,2,Email,2024-06-30 00:00,Y,146.14
801716,1,Paid Social,2024-06-29 00:00,Y,62.57
808402,1,Paid Search,2024-11-20 00:00,N,0
806944,2,Paid Search,2024-08-27 00:00,N,0
804315,5,Email,2024-02-19 00:00,N,0
805294,2,SEO,2024-05-21 00:00,Y,140.84
804779,3,SEO,2025-05-26 00:00,Y,106.78
801327,1,Paid Social,2025-09-13 00:00,Y,81.55
807336,2,SEO,2024-12-12 00:00,Y,41.9
804867,5,Email,2024-04-09 00:00,Y,43.75
806913,2,SEO,2024-08-05 00:00,N,0
802570,2,Paid Search,2024-05-15 00:00,Y,193.74
808607,4,SEO,2024-10-28 00:00,N,0
807365,1,Email,2024-03-21 00:00,Y,41.38
803670,2,Email,2025-05-11 00:00,Y,162.94
804779,2,Paid Search,2025-05-23 00:00,Y,106.78
801439,1,SEO,2025-02-15 00:00,N,0
806711,1,SEO,2024-11-15 00:00,N,0
804474,3,Email,2025-09-22 00:00,N,0
805816,3,Paid Search,2025-01-10 00:00,Y,132.39
801318,1,Paid Social,2025-07-10 00:00,Y,178.7
807925,1,SEO,2025-02-27 00:00,Y,84.14
800855,1,Paid Social,2024-11-21 00:00,N,0
803457,1,Paid Search,2024-05-26 00:00,Y,218.38
802033,1,Paid Search,2024-05-23 00:00,Y,62.07
807564,2,SEO,2024-12-15 00:00,N,0
806118,1,Paid Search,2025-03-04 00:00,N,0
807515,3,SEO,2024-06-04 00:00,N,0
801649,4,Email,2025-07-23 00:00,Y,215.77
808810,2,SEO,2025-01-19 00:00,N,0
802650,1,Paid Social,2025-06-07 00:00,Y,128.74
807436,5,Paid Search,2024-05-23 00:00,Y,153.17
807297,1,SEO,2024-11-19 00:00,Y,135.37
802276,2,Paid Search,2024-02-17 00:00,Y,201.56
802252,3,Email,2024-07-05 00:00,Y,132.91
803961,2,Paid Social,2024-05-11 00:00,Y,185.19
806248,3,Paid Social,2025-04-02 00:00,N,0
800654,1,Paid Search,2024-02-15 00:00,Y,80.67
802466,2,SEO,2025-07-31 00:00,N,0
807266,1,Paid Social,2025-01-07 00:00,N,0
800045,3,Paid Social,2025-04-14 00:00,Y,186.75
804415,2,SEO,2025-08-25 00:00,Y,185.66
802529,5,Email,2025-03-28 00:00,Y,89.03
803947,4,Email,2024-07-16 00:00,Y,65.05
800976,2,Paid Social,2024-11-16 00:00,N,0
807690,1,Email,2025-07-11 00:00,N,0
801700,2,Paid Search,2025-05-18 00:00,Y,104.0
800070,2,Paid Social,2025-03-12 00:00,Y,142.26
804855,3,Email,2025-06-09 00:00,Y,187.54
801191,4,Email,2025-03-04 00:00,Y,172.06
802919,2,Email,2024-05-08 00:00,Y,61.02
807806,1,SEO,2025-05-12 00:00,Y,209.53
804290,1,Paid Social,2024-07-29 00:00,Y,136.43
804344,2,SEO,2024-05-27 00:00,Y,128.45
802513,1,Paid Search,2024-02-08 00:00,Y,52.59
804715,2,Paid Search,2025-01-10 00:00,N,0
800217,1,Paid Search,2024-12-29 00:00,N,0
802360,5,Email,2025-08-19 00:00,N,0
800744,4,SEO,2024-02-26 00:00,N,0
801115,3,SEO,2025-05-05 00:00,Y,189.17
800808,1,Paid Social,2024-01-10 00:00,Y,113.72
800121,3,Email,2025-04-05 00:00,Y,109.39
802767,1,SEO,2024-09-29 00:00,N,0
801609,1,Paid Social,2024-07-15 00:00,Y,103.03
805046,1,SEO,2024-05-25 00:00,Y,41.94
808524,2,Email,2024-04-07 00:00,N,0
801712,3,Email,2024-02-17 00:00,Y,196.2
804901,1,Paid Social,2025-04-22 00:00,Y,106.92
808899,3,Email,2025-01-15 00:00,Y,179.46
801674,2,Email,2024-05-06 00:00,Y,89.21
807662,1,Paid Social,2024-11-05 00:00,N,0
802192,1,SEO,2025-09-01 00:00,N,0
800492,2,Email,2025-07-27 00:00,N,0
802317,1,SEO,2024-10-16 00:00,Y,171.78
802559,5,Paid Search,2025-10-02 00:00,N,0
800316,2,SEO,2024-01-17 00:00,N,0
808041,2,Paid Search,2025-01-12 00:00,N,0
808246,1,Email,2024-03-13 00:00,Y,36.89
807532,2,Paid Social,2024-11-23 00:00,Y,57.04
806436,2,SEO,2024-06-22 00:00,Y,140.75
808926,1,Email,2025-08-13 00:00,N,0
801409,4,Email,2025-06-18 00:00,Y,193.43
802098,2,Paid Search,2025-04-15 00:00,Y,191.89
805118,2,SEO,2024-02-05 00:00,Y,201.87
800796,2,Paid Search,2024-01-24 00:00,Y,109.87
802751,3,Email,2024-04-30 00:00,N,0
807090,3,SEO,2024-06-08 00:00,N,0
804876,1,SEO,2024-02-25 00:00,Y,199.87
807714,1,SEO,2024-05-26 00:00,N,0
801436,1,Paid Social,2024-05-25 00:00,N,0
807370,1,Email,2025-09-26 00:00,Y,45.04
802957,3,Paid Search,2024-03-22 00:00,N,0
805020,2,Paid Social,2024-05-29 00:00,N,0
807483,1,Email,2024-04-06 00:00,N,0
803692,2,Paid Search,2024-03-02 00:00,Y,47.06
802043,1,SEO,2025-07-16 00:00,Y,156.19
805608,4,Paid Search,2025-01-05 00:00,N,0
802326,1,SEO,2025-06-13 00:00,N,0
805173,4,Paid Search,2024-03-14 00:00,Y,72.16
804507,3,Email,2025-08-06 00:00,Y,70.57
801927,2,SEO,2024-01-30 00:00,Y,83.49
804818,3,Email,2025-06-21 00:00,Y,84.88
808451,5,Email,2024-08-05 00:00,Y,53.36
804493,1,Paid Social,2025-03-17 00:00,Y,115.78
802526,2,Email,2024-08-12 00:00,Y,212.4
801307,1,Paid Social,2025-04-03 00:00,Y,197.47
803538,1,SEO,2024-09-17 00:00,N,0
807191,5,Email,2025-03-31 00:00,Y,111.99
808240,1,SEO,2024-09-17 00:00,Y,115.61
808336,2,Paid Social,2024-08-13 00:00,Y,62.34
805104,4,SEO,2024-07-15 00:00,N,0
807787,2,Paid Search,2025-08-26 00:00,Y,175.03
802851,2,Paid Search,2025-01-04 00:00,Y,184.48
806899,2,Paid Social,2025-09-15 00:00,Y,73.59
806333,2,Paid Social,2024-10-10 00:00,Y,166.38
805752,1,SEO,2025-09-20 00:00,N,0
807230,2,Email,2025-08-05 00:00,N,0
801962,5,Paid Search,2024-03-24 00:00,N,0
805429,2,Paid Social,2025-01-20 00:00,Y,166.29
804078,1,Email,2025-04-13 00:00,Y,142.15
801956,1,SEO,2025-02-14 00:00,N,0
802807,2,SEO,2024-11-28 00:00,Y,145.39
808853,4,Paid Social,2024-05-26 00:00,Y,75.97
807715,1,Paid Social,2024-12-07 00:00,N,0
801912,1,Paid Search,2024-07-28 00:00,Y,111.14
808632,1,Paid Social,2025-09-01 00:00,Y,89.81
807456,5,SEO,2025-07-08 00:00,N,0
802077,1,Email,2024-03-11 00:00,Y,175.66
801172,4,Paid Search,2025-05-30 00:00,N,0
808163,1,Email,2025-04-18 00:00,N,0
807333,2,Paid Search,2024-07-17 00:00,Y,94.74
800145,1,Email,2025-01-23 00:00,N,0
802932,1,Paid Social,2024-12-02 00:00,N,0
808440,1,Paid Social,2024-03-12 00:00,N,0
803935,1,SEO,2025-07-26 00:00,Y,55.03
806904,1,Paid Social,2025-05-17 00:00,Y,102.14
805809,2,Email,2025-08-02 00:00,Y,136.01
800867,1,SEO,2024-02-02 00:00,N,0
804069,1,Paid Social,2024-06-23 00:00,Y,88.42
806070,2,Email,2025-08-31 00:00,N,0
803345,1,Paid Search,2024-02-05 00:00,N,0
801494,1,Paid Social,2024-06-21 00:00,N,0
800502,1,SEO,2024-03-10 00:00,Y,162.67
803641,2,Email,2025-10-08 00:00,Y,51.83
808578,2,Paid Search,2025-08-22 00:00,N,0
800943,1,SEO,2024-06-15 00:00,N,0
808225,2,Email,2024-11-25 00:00,Y,95.32
807834,1,SEO,2024-07-19 00:00,Y,36.97
804210,2,Paid Search,2024-01-11 00:00,Y,128.41
808837,3,Email,2024-09-05 00:00,Y,114.54
800071,2,SEO,2025-07-19 00:00,N,0
800203,1,SEO,2025-07-27 00:00,N,0
804002,1,Paid Social,2025-06-14 00:00,N,0
801202,1,Email,2025-05-08 00:00,N,0
801026,1,Paid Search,2024-07-21 00:00,Y,165.7
803821,1,SEO,2024-08-12 00:00,Y,84.94
805469,2,Paid Search,2024-02-24 00:00,Y,56.14
806958,3,Paid Search,2024-11-27 00:00,Y,150.96
803522,3,Paid Search,2025-06-05 00:00,N,0
806145,1,Paid Social,2024-05-14 00:00,N,0
806688,5,Paid Social,2024-10-17 00:00,N,0
800930,4,Paid Search,2025-10-01 00:00,N,0
804419,2,Paid Search,2024-05-19 00:00,N,0
804992,2,Email,2024-07-08 00:00,Y,90.58
807458,2,Email,2025-01-12 00:00,Y,114.91
802372,1,Paid Social,2024-04-18 00:00,Y,123.78
806060,5,Paid Search,2025-10-03 00:00,Y,151.06
807872,1,SEO,2025-03-28 00:00,Y,114.92
808600,3,Paid Search,2024-05-17 00:00,N,0
806435,2,SEO,2024-09-24 00:00,Y,168.17
803165,2,Email,2024-06-11 00:00,Y,117.72
805670,2,SEO,2025-02-02 00:00,N,0
808443,1,Paid Social,2024-04-27 00:00,Y,189.46
807405,3,SEO,2024-10-24 00:00,Y,214.56
802378,2,Paid Social,2025-01-14 00:00,Y,191.16
804872,3,Email,2025-07-22 00:00,N,0
806439,2,Paid Social,2024-06-03 00:00,Y,82.06
802530,2,Paid Search,2024-05-20 00:00,Y,177.13
801547,4,Email,2024-01-14 00:00,Y,211.98
808653,2,Email,2025-05-13 00:00,Y,121.74
805057,2,SEO,2024-10-15 00:00,Y,151.54
801830,2,Paid Social,2025-02-02 00:00,N,0
806447,1,Email,2024-04-11 00:00,Y,54.12
808886,1,Paid Search,2024-02-02 00:00,Y,73.43
803023,2,Paid Search,2024-05-23 00:00,Y,111.69
806945,2,Email,2024-03-16 00:00,Y,218.73
800909,2,Paid Social,2025-03-24 00:00,N,0
804396,5,Paid Search,2024-03-17 00:00,Y,176.01
801536,2,SEO,2024-04-19 00:00,Y,180.08
805269,4,Paid Search,2024-10-30 00:00,N,0
807290,2,Email,2024-02-21 00:00,N,0
805260,3,Paid Search,2025-01-01 00:00,Y,206.48
803443,2,Paid Search,2024-11-17 00:00,N,0
803690,1,Paid Social,2024-06-09 00:00,N,0
808128,2,Paid Search,2025-03-16 00:00,Y,120.15
804349,1,SEO,2025-10-01 00:00,Y,90.74
805074,2,Paid Search,2024-05-23 00:00,N,0
800434,1,SEO,2024-07-12 00:00,N,0
806951,1,SEO,2024-03-01 00:00,Y,131.4
800826,5,SEO,2025-05-21 00:00,Y,179.55
805202,3,Email,2025-08-03 00:00,N,0
802061,2,Email,2024-05-18 00:00,Y,35.98
801631,5,Email,2024-12-21 00:00,Y,123.22
803487,2,Paid Social,2024-02-20 00:00,Y,80.39
803824,2,Email,2025-03-19 00:00,Y,194.0
808689,3,Email,2024-12-27 00:00,N,0
804967,3,Paid Search,2024-03-07 00:00,Y,58.27
800034,5,Email,2024-02-05 00:00,Y,96.22
805252,3,Paid Social,2024-11-29 00:00,Y,115.82
805040,1,SEO,2024-05-23 00:00,Y,106.6
803366,1,SEO,2024-01-21 00:00,Y,141.54
804661,3,Email,2024-12-21 00:00,Y,186.42
802197,1,SEO,2024-11-18 00:00,Y,183.21
805773,2,SEO,2025-04-15 00:00,N,0
804208,4,Email,2025-03-25 00:00,Y,129.9
808927,3,Paid Search,2025-05-14 00:00,N,0
801859,1,SEO,2025-09-05 00:00,Y,144.12
805427,1,Paid Social,2025-03-26 00:00,Y,62.74
802484,1,Paid Social,2025-03-17 00:00,Y,56.43
803973,3,Paid Social,2025-06-10 00:00,Y,204.46
803451,1,Paid Social,2025-06-28 00:00,N,0
801518,1,Paid Social,2025-02-24 00:00,Y,84.8
800227,2,SEO,2025-07-19 00:00,Y,112.24
807573,1,SEO,2024-05-16 00:00,Y,103.36
803919,2,SEO,2024-09-06 00:00,Y,136.02
807845,1,Paid Search,2025-02-14 00:00,Y,103.92
802835,5,Email,2025-09-08 00:00,Y,200.99
806093,1,Paid Search,2025-08-05 00:00,Y,162.96
806661,3,Email,2024-08-01 00:00,N,0
801021,5,Paid Search,2025-05-21 00:00,Y,39.73
800065,5,Paid Search,2025-10-13 00:00,N,0
805570,2,Paid Social,2025-01-20 00:00,Y,81.73
805729,2,Paid Search,2025-09-15 00:00,Y,123.79
805796,3,Paid Social,2024-12-24 00:00,Y,192.74
805017,3,Paid Search,2025-01-16 00:00,Y,37.75
806790,1,SEO,2024-12-14 00:00,N,0
801762,1,Paid Social,2025-07-08 00:00,Y,111.72
801467,1,Email,2024-07-18 00:00,Y,67.18
801071,5,Email,2024-03-30 00:00,Y,45.1
805790,1,Email,2024-01-08 00:00,N,0
807437,3,Paid Search,2024-01-07 00:00,Y,107.85
807710,1,Paid Search,2024-10-02 00:00,Y,192.54
800777,1,Email,2024-12-22 00:00,Y,186.62
808645,4,Paid Social,2025-03-27 00:00,Y,198.47
805335,1,Paid Social,2024-11-10 00:00,Y,38.24
800351,2,SEO,2024-05-24 00:00,Y,97.99
806542,2,Paid Search,2025-06-12 00:00,Y,79.2
802297,1,Paid Social,2024-08-08 00:00,Y,101.87
808697,3,Email,2025-03-18 00:00,N,0
801428,3,Email,2025-01-15 00:00,Y,125.54
806593,2,Paid Search,2025-08-11 00:00,N,0
808526,3,SEO,2024-06-29 00:00,Y,91.7
805224,3,Paid Social,2024-06-10 00:00,N,0
801024,3,Paid Social,2025-02-04 00:00,Y,41.61
807170,2,Email,2024-07-28 00:00,N,0
802907,2,Email,2024-07-14 00:00,Y,88.55
805094,1,SEO,2024-07-17 00:00,N,0
808572,1,Paid Social,2024-11-15 00:00,Y,122.76
808351,5,Paid Social,2024-12-01 00:00,Y,147.03
806591,2,SEO,2024-06-13 00:00,Y,90.75
807274,1,Email,2025-07-08 00:00,Y,36.3
807952,2,SEO,2025-10-04 00:00,Y,215.5
800064,3,SEO,2024-12-09 00:00,N,0
804118,3,Email,2024-10-04 00:00,Y,207.39
806041,1,Paid Social,2025-07-18 00:00,N,0
806578,1,SEO,2025-10-04 00:00,Y,38.38
807844,3,Paid Social,2025-01-28 00:00,N,0
801281,1,Paid Social,2025-02-12 00:00,Y,185.71
803594,3,Paid Search,2024-12-23 00:00,N,0
801675,1,Paid Social,2024-03-23 00:00,Y,116.69
807014,3,Paid Search,2024-07-25 00:00,N,0
800913,1,Paid Search,2024-07-30 00:00,Y,101.24
805767,2,Paid Social,2024-04-13 00:00,N,0
803693,1,Paid Social,2025-02-24 00:00,Y,199.74
803376,2,Email,2025-09-17 00:00,N,0
807769,2,Paid Social,2024-10-27 00:00,N,0
801692,3,SEO,2024-08-13 00:00,N,0
800302,5,Paid Search,2025-08-06 00:00,N,0
803563,5,Email,2024-12-01 00:00,Y,210.76
805591,1,Email,2024-11-25 00:00,Y,131.07
807881,3,SEO,2024-12-24 00:00,N,0
805937,1,SEO,2024-11-05 00:00,N,0
803438,2,Email,2024-03-07 00:00,Y,197.35
804336,3,Email,2024-01-20 00:00,Y,102.95
808531,3,Paid Social,2024-07-22 00:00,Y,53.76
804097,2,Paid Social,2024-05-23 00:00,Y,81.52
802360,1,Paid Social,2025-08-15 00:00,N,0
803544,2,SEO,2024-09-25 00:00,Y,160.0
805984,2,Paid Search,2025-01-27 00:00,N,0
802465,2,Email,2025-04-22 00:00,N,0
802021,3,Email,2025-03-07 00:00,Y,96.93
803123,1,Email,2024-01-17 00:00,Y,171.91
803988,1,SEO,2025-02-12 00:00,Y,41.67
803604,1,SEO,2024-03-19 00:00,Y,99.97
804491,1,SEO,2025-06-08 00:00,N,0
806509,2,Paid Social,2025-05-12 00:00,Y,205.14
803039,1,Paid Social,2024-03-07 00:00,N,0
806300,3,Email,2024-02-05 00:00,Y,112.89
804285,2,SEO,2024-05-25 00:00,N,0
802727,3,Paid Search,2024-09-10 00:00,Y,64.13
806681,2,Email,2024-10-31 00:00,Y,115.03
806496,3,Paid Social,2024-04-19 00:00,Y,49.06
803988,3,Paid Social,2025-02-14 00:00,Y,41.67
806497,4,Paid Search,2024-05-08 00:00,N,0
805855,1,SEO,2025-04-08 00:00,Y,183.45
802916,1,SEO,2024-12-12 00:00,N,0
803074,4,Paid Social,2024-06-18 00:00,N,0
802809,4,SEO,2024-02-20 00:00,Y,65.35
808097,3,Email,2024-10-21 00:00,Y,106.92
807062,4,Paid Social,2024-11-08 00:00,Y,216.85
806304,4,Paid Search,2024-11-09 00:00,Y,143.87
800070,3,Paid Search,2025-03-18 00:00,Y,142.26
803588,3,Paid Search,2024-11-25 00:00,Y,183.44
800795,2,Paid Search,2025-02-13 00:00,Y,212.13
800653,1,Paid Search,2024-04-16 00:00,Y,132.15
805877,3,Paid Social,2025-07-28 00:00,Y,50.15
804003,2,SEO,2025-06-06 00:00,Y,72.97
800222,1,Paid Social,2024-06-13 00:00,Y,219.49
802834,3,SEO,2024-05-08 00:00,N,0
804209,4,Paid Social,2025-08-25 00:00,Y,62.93
806215,2,Email,2024-03-05 00:00,Y,195.85
801540,1,SEO,2024-08-24 00:00,Y,202.23
803648,2,SEO,2024-05-30 00:00,N,0
808164,1,SEO,2024-05-20 00:00,N,0
805891,3,Email,2024-12-12 00:00,N,0
802578,1,Email,2024-07-22 00:00,N,0
808828,1,Email,2024-07-30 00:00,N,0
805553,2,SEO,2025-09-13 00:00,N,0
801268,3,Email,2025-04-27 00:00,N,0
807629,2,Email,2025-06-07 00:00,Y,210.17
806003,3,SEO,2025-01-19 00:00,Y,121.49
804332,2,Paid Search,2025-08-07 00:00,Y,155.65
806596,1,Paid Search,2025-02-14 00:00,Y,111.19
803428,2,Paid Social,2025-03-10 00:00,Y,209.23
800890,3,SEO,2024-06-06 00:00,N,0
805377,4,Email,2024-04-12 00:00,N,0
803400,5,Email,2025-02-26 00:00,Y,196.35
804289,2,SEO,2024-01-07 00:00,Y,161.07
800469,2,SEO,2025-03-23 00:00,N,0
808706,1,Paid Social,2024-11-01 00:00,N,0
801844,1,Email,2025-01-19 00:00,Y,83.48
804693,1,SEO,2024-07-06 00:00,Y,67.09
802716,1,SEO,2025-06-07 00:00,N,0
807556,1,Paid Social,2024-06-11 00:00,N,0
802018,3,Email,2025-07-24 00:00,Y,131.56
807387,2,Paid Social,2025-03-30 00:00,N,0
803872,3,Email,2024-09-28 00:00,Y,105.31
800437,2,Email,2024-10-31 00:00,N,0
806314,3,Email,2024-12-04 00:00,Y,154.8
807387,1,SEO,2025-03-27 00:00,N,0
804027,2,Email,2024-01-26 00:00,Y,122.45
806884,3,Paid Social,2024-07-04 00:00,N,0
800905,2,Paid Search,2025-05-13 00:00,N,0
806647,2,Email,2024-07-18 00:00,N,0
806192,2,Paid Search,2025-01-14 00:00,N,0
803339,1,Paid Social,2024-04-11 00:00,Y,215.01
800270,2,Paid Search,2024-06-28 00:00,Y,82.92
803018,3,SEO,2024-02-22 00:00,Y,62.32
805514,1,SEO,2024-02-10 00:00,Y,170.8
808124,1,Email,2025-06-20 00:00,Y,195.61
806618,2,SEO,2024-03-23 00:00,Y,132.4
801885,1,Paid Social,2024-09-09 00:00,Y,37.74
808515,1,SEO,2024-06-26 00:00,Y,61.45
808351,4,Email,2024-11-28 00:00,Y,147.03
808663,4,Email,2025-04-02 00:00,Y,113.98
808608,1,SEO,2025-07-14 00:00,N,0
806970,3,Paid Social,2024-04-19 00:00,N,0
804789,1,SEO,2025-04-29 00:00,N,0
801875,1,Paid Social,2025-04-14 00:00,N,0
806435,3,Email,2024-09-30 00:00,Y,168.17
802915,3,Email,2025-03-11 00:00,Y,200.13
805686,1,SEO,2024-04-22 00:00,Y,143.07
808269,3,SEO,2025-03-17 00:00,Y,42.22
801438,2,Email,2024-04-04 00:00,N,0
801662,2,SEO,2024-11-21 00:00,Y,115.49
802836,1,Email,2024-06-27 00:00,Y,202.41
802871,2,Email,2024-05-15 00:00,Y,85.04
806809,3,Email,2024-02-28 00:00,Y,170.37
804443,3,Paid Social,2025-05-14 00:00,Y,176.58
807472,3,Paid Search,2024-08-11 00:00,Y,79.54
802817,2,Paid Search,2024-02-20 00:00,Y,104.24
801675,2,SEO,2024-03-26 00:00,Y,116.69
804850,2,Paid Search,2024-04-16 00:00,N,0
802200,2,Email,2024-11-22 00:00,Y,83.37
802758,1,Email,2025-09-14 00:00,Y,138.21
800506,4,Email,2024-06-04 00:00,Y,191.33
800932,2,SEO,2025-04-19 00:00,Y,62.11
805151,3,Email,2025-08-14 00:00,N,0
804790,2,Email,2024-01-23 00:00,Y,119.88
802224,2,Paid Social,2025-02-07 00:00,N,0
803118,1,Email,2024-08-04 00:00,N,0
803386,3,Paid Search,2025-01-07 00:00,N,0
802107,2,Paid Social,2024-12-10 00:00,N,0
800434,2,Paid Social,2024-07-14 00:00,N,0
802433,4,Paid Social,2025-05-22 00:00,N,0
806182,2,Email,2024-06-10 00:00,Y,211.17
800190,1,SEO,2024-07-07 00:00,N,0
806282,2,Paid Social,2024-05-16 00:00,Y,40.13
800513,2,SEO,2025-08-20 00:00,Y,101.33
808392,4,Paid Social,2024-01-17 00:00,N,0
803685,2,Paid Search,2025-07-04 00:00,Y,182.3
805692,3,Paid Search,2024-09-04 00:00,Y,86.06
804174,2,SEO,2024-08-29 00:00,Y,212.39
804397,2,Paid Social,2024-11-07 00:00,Y,118.2
805421,4,Email,2025-09-07 00:00,Y,108.5
801870,4,Email,2025-02-13 00:00,Y,75.49
803514,4,Email,2025-05-03 00:00,Y,152.52
807582,4,Email,2024-10-07 00:00,N,0
804549,1,Paid Social,2024-08-07 00:00,Y,214.15
802037,3,Paid Search,2024-01-23 00:00,N,0
800539,2,Paid Search,2024-10-18 00:00,N,0
805814,2,Email,2025-04-07 00:00,Y,134.46
802238,1,SEO,2025-08-06 00:00,Y,120.75
805034,1,SEO,2025-09-07 00:00,Y,216.08
807454,1,Paid Social,2024-08-29 00:00,Y,67.6
805295,2,Email,2025-04-18 00:00,Y,104.41
800016,2,SEO,2024-08-06 00:00,N,0
800809,2,SEO,2025-05-12 00:00,N,0
802778,1,Paid Social,2024-07-25 00:00,Y,104.22
801644,1,SEO,2024-02-13 00:00,Y,155.28
807544,3,Email,2025-05-15 00:00,Y,100.88
804604,2,Email,2024-05-28 00:00,N,0
806147,1,SEO,2024-08-25 00:00,Y,66.02
807281,5,Email,2024-11-19 00:00,Y,161.08
803666,3,SEO,2024-11-17 00:00,Y,164.39
807584,2,Paid Search,2024-11-13 00:00,N,0
805954,1,Paid Search,2025-03-14 00:00,Y,161.59
805426,1,Paid Social,2025-10-16 00:00,Y,138.27
800591,2,Email,2024-04-05 00:00,Y,150.52
806208,1,SEO,2024-11-06 00:00,N,0
803065,3,Email,2025-02-02 00:00,Y,77.5
804061,2,SEO,2025-03-30 00:00,Y,57.35
801411,2,Email,2025-01-30 00:00,Y,50.74
803945,1,SEO,2024-01-17 00:00,Y,39.75
803534,2,Paid Social,2024-10-19 00:00,N,0
801205,1,SEO,2024-12-23 00:00,Y,71.1
803313,1,Email,2024-03-15 00:00,Y,195.7
801732,2,SEO,2024-08-20 00:00,Y,36.34
805628,3,Email,2024-08-11 00:00,Y,168.79
805993,2,Paid Social,2024-08-05 00:00,Y,67.68
806230,1,Paid Search,2024-05-06 00:00,N,0
807268,5,Paid Search,2024-11-05 00:00,N,0
805243,3,Paid Search,2025-01-23 00:00,Y,98.48
801962,2,Email,2024-03-22 00:00,N,0
805644,1,SEO,2025-08-07 00:00,Y,133.13
802719,2,Email,2024-02-24 00:00,Y,141.72
806511,1,SEO,2025-10-12 00:00,N,0
804817,1,Paid Social,2024-10-23 00:00,N,0
806526,1,Paid Search,2025-02-07 00:00,Y,79.5
806095,5,Email,2025-09-12 00:00,Y,86.45
803700,3,SEO,2024-08-11 00:00,Y,154.12
803418,1,Email,2024-02-19 00:00,N,0
802862,2,Paid Search,2024-07-24 00:00,N,0
807567,2,Paid Search,2024-02-10 00:00,N,0
805860,4,Email,2025-05-10 00:00,Y,35.24
806269,2,Paid Social,2024-10-31 00:00,N,0
800804,1,SEO,2024-03-03 00:00,Y,109.96
801226,3,Email,2024-01-05 00:00,Y,198.04
808020,1,SEO,2025-03-14 00:00,Y,49.29
800259,1,Paid Social,2025-10-17 00:00,Y,211.41
803787,1,SEO,2024-03-22 00:00,Y,76.93
806299,3,Paid Search,2025-03-02 00:00,Y,147.03
808022,1,Paid Social,2025-10-17 00:00,Y,167.87
804904,1,Paid Search,2025-09-19 00:00,N,0
808132,4,Email,2025-01-07 00:00,Y,95.41
802902,1,SEO,2024-03-05 00:00,Y,124.94
806722,2,Paid Social,2024-05-28 00:00,Y,215.09
808881,4,Paid Search,2024-11-27 00:00,Y,148.99
807829,3,Paid Search,2025-04-12 00:00,Y,74.23
803484,1,Paid Search,2024-01-02 00:00,Y,126.35
805301,3,Paid Social,2025-08-08 00:00,Y,46.73
807879,1,Paid Social,2024-10-12 00:00,N,0
806597,3,Paid Search,2024-04-11 00:00,N,0
804306,2,SEO,2025-10-19 00:00,Y,205.11
802654,3,SEO,2024-11-11 00:00,N,0
808530,3,Email,2024-02-19 00:00,Y,41.43
804076,1,SEO,2024-02-11 00:00,Y,109.94
808698,2,SEO,2024-03-12 00:00,Y,42.4
803851,3,Paid Search,2024-02-28 00:00,Y,63.25
808267,3,Paid Search,2025-03-27 00:00,Y,213.46
804867,4,Email,2024-04-13 00:00,Y,43.75
806537,2,Email,2024-04-23 00:00,Y,209.94
800854,1,SEO,2024-08-12 00:00,N,0
804658,1,SEO,2024-12-14 00:00,N,0
808793,2,Paid Search,2025-09-14 00:00,Y,132.55
802378,3,Email,2025-01-17 00:00,Y,191.16
804320,1,Paid Search,2025-02-20 00:00,N,0
800940,1,SEO,2025-06-14 00:00,Y,184.67
800552,2,Paid Social,2025-05-06 00:00,Y,116.37
800541,1,SEO,2024-04-15 00:00,Y,119.52
806880,2,Paid Social,2025-06-01 00:00,Y,110.7
808682,2,SEO,2025-01-27 00:00,Y,110.6
805836,1,Paid Social,2024-04-20 00:00,N,0
805195,1,Paid Search,2025-04-28 00:00,N,0
804368,1,SEO,2024-10-17 00:00,N,0
804049,2,Email,2025-03-22 00:00,Y,39.19
802642,3,SEO,2025-06-13 00:00,N,0
803412,2,Paid Search,2024-01-19 00:00,Y,177.88
803278,3,Email,2025-01-09 00:00,N,0
803272,4,Paid Search,2025-10-22 00:00,N,0
803833,1,Paid Search,2025-09-12 00:00,Y,41.88
803712,3,Paid Search,2025-08-03 00:00,Y,187.59
805887,1,SEO,2024-02-16 00:00,N,0
805263,1,Paid Social,2024-07-23 00:00,N,0
803190,4,SEO,2025-09-22 00:00,N,0
802317,2,Email,2024-10-17 00:00,Y,171.78
806960,2,Paid Search,2024-06-10 00:00,Y,157.0
806921,2,SEO,2024-07-31 00:00,N,0
805344,5,Email,2025-06-05 00:00,N,0
800266,3,Paid Social,2025-05-27 00:00,N,0
807212,1,SEO,2024-08-02 00:00,Y,170.73
805535,2,Paid Social,2025-06-13 00:00,N,0
807135,1,Paid Social,2024-03-09 00:00,Y,157.69
801525,3,SEO,2025-02-06 00:00,Y,186.86
806412,1,SEO,2024-02-13 00:00,N,0
807187,1,SEO,2024-12-18 00:00,Y,173.21
801424,2,Paid Social,2025-03-18 00:00,Y,133.47
802832,1,Email,2024-05-04 00:00,N,0
805834,1,Paid Social,2025-06-12 00:00,Y,110.5
804939,2,Paid Search,2024-07-21 00:00,Y,151.85
807664,3,Paid Social,2024-06-05 00:00,Y,123.87
800580,1,Paid Search,2024-02-10 00:00,N,0
800750,2,SEO,2024-04-16 00:00,Y,47.61
808613,3,Email,2025-08-12 00:00,Y,66.0
803627,3,Email,2024-12-13 00:00,N,0
808840,2,Email,2024-06-21 00:00,Y,138.28
802128,3,Paid Search,2024-05-21 00:00,Y,67.77
808456,3,Paid Search,2025-05-15 00:00,N,0
807561,3,Email,2025-03-15 00:00,Y,176.58
800818,1,Email,2024-08-17 00:00,N,0
800137,2,Paid Search,2024-09-02 00:00,Y,58.94
806691,1,SEO,2025-08-18 00:00,Y,150.52
806065,2,SEO,2024-04-01 00:00,N,0
804358,2,Paid Social,2024-03-03 00:00,Y,140.29
807980,2,Email,2024-07-25 00:00,Y,213.04
802493,4,Email,2024-12-16 00:00,N,0
807343,1,SEO,2024-10-05 00:00,N,0
800605,1,Paid Social,2024-05-28 00:00,N,0
806245,1,Email,2025-06-08 00:00,N,0
808157,4,SEO,2025-05-16 00:00,Y,191.19
804573,1,Paid Search,2025-04-03 00:00,Y,218.37
804604,1,Paid Search,2024-05-26 00:00,N,0
807093,3,Email,2025-03-02 00:00,N,0
802664,2,Paid Social,2025-06-13 00:00,N,0
800390,4,Email,2025-05-04 00:00,N,0
801833,2,SEO,2025-07-10 00:00,Y,143.02
805024,1,Paid Social,2025-10-05 00:00,N,0
804707,4,Email,2025-08-28 00:00,Y,207.53
802756,2,Paid Search,2024-12-10 00:00,Y,159.4
808261,2,Email,2025-08-25 00:00,N,0
807748,1,Email,2025-10-16 00:00,N,0
805003,3,Email,2025-02-03 00:00,Y,175.99
808263,2,Paid Social,2025-06-24 00:00,N,0
807578,3,Paid Social,2025-10-02 00:00,N,0
803615,3,Paid Search,2024-12-03 00:00,Y,58.83
808301,1,SEO,2024-09-18 00:00,Y,214.27
801911,1,Email,2025-02-27 00:00,Y,197.91
802042,2,SEO,2025-05-30 00:00,Y,172.24
807799,1,Email,2025-03-11 00:00,N,0
802064,2,SEO,2024-07-14 00:00,Y,173.86
806302,1,Paid Social,2025-01-05 00:00,Y,144.85
802387,3,Paid Social,2024-05-08 00:00,Y,108.68
802464,3,SEO,2025-07-14 00:00,N,0
808261,3,Paid Social,2025-08-29 00:00,N,0
804286,1,Paid Social,2024-02-10 00:00,Y,55.02
800952,4,Email,2025-01-24 00:00,N,0
800038,5,Paid Social,2025-06-22 00:00,Y,165.73
800148,5,Paid Search,2024-05-27 00:00,N,0
800266,4,Paid Search,2025-05-29 00:00,N,0
806005,1,Paid Search,2025-10-09 00:00,Y,132.72
808439,2,SEO,2025-08-12 00:00,Y,106.85
802647,1,SEO,2025-07-30 00:00,Y,213.7
807656,1,SEO,2024-10-23 00:00,N,0
807199,2,Email,2025-06-21 00:00,N,0
806595,2,Paid Search,2025-08-24 00:00,Y,110.88
800041,2,SEO,2025-06-26 00:00,Y,170.82
804686,2,Paid Social,2024-08-20 00:00,N,0
806821,3,Paid Search,2025-09-14 00:00,N,0
800965,4,Paid Social,2024-12-19 00:00,N,0
805365,1,SEO,2025-07-19 00:00,Y,198.55
806144,1,Paid Social,2025-08-01 00:00,Y,189.64
800750,3,Paid Search,2024-04-21 00:00,Y,47.61
806805,1,SEO,2025-06-08 00:00,Y,113.87
803286,3,SEO,2025-02-21 00:00,Y,186.35
808726,1,SEO,2024-10-24 00:00,Y,77.72
806015,4,Email,2024-03-16 00:00,Y,155.74
806138,3,SEO,2024-05-02 00:00,Y,56.01
803999,3,Email,2025-07-26 00:00,Y,218.44
801779,1,SEO,2025-09-28 00:00,N,0
807067,1,Paid Social,2024-04-17 00:00,Y,159.05
804523,2,Paid Social,2024-02-08 00:00,Y,72.83
808109,1,Paid Social,2024-08-14 00:00,Y,78.38
807285,1,Paid Social,2025-04-27 00:00,N,0
808709,1,Paid Search,2024-05-25 00:00,N,0
800490,2,Paid Search,2025-07-04 00:00,Y,145.34
807440,1,Paid Social,2025-09-07 00:00,N,0
802835,4,SEO,2025-09-07 00:00,Y,200.99
808789,1,Email,2025-10-04 00:00,N,0
805348,1,Email,2024-03-26 00:00,N,0
801084,1,Paid Search,2024-10-01 00:00,Y,171.98
802855,1,Email,2024-12-02 00:00,N,0
808516,3,Email,2025-03-24 00:00,N,0
801676,3,Paid Search,2024-02-25 00:00,Y,122.77
800829,2,SEO,2024-09-15 00:00,Y,143.86
805718,3,Paid Social,2024-08-16 00:00,N,0
806049,1,SEO,2025-02-19 00:00,N,0
803262,1,Paid Social,2024-09-20 00:00,Y,98.35
803798,5,SEO,2024-01-19 00:00,Y,166.79
804870,2,Email,2024-08-27 00:00,Y,87.19
800001,2,Paid Social,2024-09-05 00:00,Y,181.6
808694,1,SEO,2024-04-12 00:00,Y,38.12
806176,3,Paid Search,2024-01-13 00:00,Y,100.06
800265,4,Email,2025-08-26 00:00,N,0
807858,1,SEO,2024-02-10 00:00,Y,111.61
804193,4,Email,2024-07-02 00:00,N,0
801470,2,SEO,2025-01-09 00:00,Y,167.84
803043,2,SEO,2025-08-11 00:00,Y,135.32
807493,3,SEO,2025-04-30 00:00,Y,207.5
806194,3,Paid Search,2024-07-21 00:00,Y,205.38
800309,5,Paid Social,2024-06-21 00:00,Y,122.96
808718,2,Paid Social,2024-02-20 00:00,Y,137.98
802542,3,Email,2024-08-16 00:00,Y,38.61
802703,1,Paid Social,2024-11-23 00:00,N,0
808031,2,Paid Search,2025-01-12 00:00,Y,195.44
803852,4,Paid Search,2025-05-12 00:00,N,0
803919,1,Paid Social,2024-09-03 00:00,Y,136.02
805993,3,Paid Search,2024-08-09 00:00,Y,67.68
807827,1,SEO,2024-11-25 00:00,Y,174.64
808331,2,Email,2025-02-25 00:00,N,0
800664,2,Paid Search,2024-01-11 00:00,Y,128.37
802088,3,Email,2025-08-11 00:00,Y,170.56
806262,4,Email,2024-08-28 00:00,Y,73.48
806715,3,Paid Search,2025-10-20 00:00,N,0
802873,1,Paid Search,2024-02-15 00:00,Y,74.62
802548,2,Paid Search,2025-03-27 00:00,Y,96.61
805629,3,Email,2024-05-13 00:00,N,0
804609,1,Email,2024-11-13 00:00,N,0
805061,1,SEO,2025-02-24 00:00,Y,145.81
808276,4,SEO,2024-10-06 00:00,Y,46.84
800930,3,Paid Social,2025-09-25 00:00,N,0
805056,2,Paid Social,2025-02-21 00:00,Y,42.55
800528,3,SEO,2024-05-23 00:00,N,0
801781,1,SEO,2025-02-26 00:00,Y,134.36
805321,1,Email,2025-02-11 00:00,Y,113.22
806857,1,SEO,2024-10-15 00:00,N,0
806365,1,Paid Search,2025-05-19 00:00,Y,192.08
802957,1,Email,2024-03-20 00:00,N,0
808682,5,Paid Search,2025-02-04 00:00,Y,110.6
802722,2,Email,2024-12-27 00:00,Y,72.35
803837,5,Email,2024-08-08 00:00,N,0
803082,2,Email,2024-04-16 00:00,Y,66.86
804634,2,SEO,2025-05-16 00:00,Y,139.92
805963,4,Email,2024-12-22 00:00,Y,105.92
807256,1,Paid Social,2025-07-12 00:00,Y,136.55
805394,1,Paid Search,2025-08-25 00:00,N,0
808379,1,Paid Search,2024-05-05 00:00,N,0
802809,2,SEO,2024-02-20 00:00,Y,65.35
802171,2,Email,2024-03-16 00:00,Y,41.16
805509,2,SEO,2024-09-14 00:00,N,0
808241,1,SEO,2025-09-03 00:00,Y,200.47
801013,1,Paid Social,2024-11-16 00:00,N,0
806469,1,Paid Search,2025-06-09 00:00,N,0
801648,2,SEO,2025-04-15 00:00,Y,164.07
801647,1,Paid Social,2024-12-07 00:00,N,0
806648,2,Email,2024-05-29 00:00,N,0
803693,3,Paid Social,2025-03-02 00:00,Y,199.74
804564,4,Paid Search,2025-09-21 00:00,N,0
804765,1,Email,2025-06-25 00:00,Y,194.92
808691,2,Paid Social,2024-11-11 00:00,N,0
806611,3,Paid Search,2024-05-14 00:00,Y,180.37
801803,1,Paid Search,2025-10-03 00:00,N,0
803313,4,Email,2024-03-21 00:00,Y,195.7
808354,1,Paid Social,2025-08-19 00:00,Y,170.46
808784,3,Email,2024-01-12 00:00,Y,88.94
802719,4,Email,2024-02-28 00:00,Y,141.72
802804,4,SEO,2024-05-23 00:00,Y,200.76
804154,1,SEO,2025-04-05 00:00,Y,44.06
801020,2,Email,2024-11-17 00:00,Y,90.66
806899,1,Paid Search,2025-09-13 00:00,Y,73.59
805730,1,SEO,2024-08-28 00:00,Y,183.36
806043,2,SEO,2025-02-01 00:00,Y,196.28
804704,1,SEO,2025-03-04 00:00,Y,99.38
804139,2,SEO,2024-12-30 00:00,Y,141.24
802066,1,SEO,2025-03-24 00:00,Y,166.84
805092,1,Paid Social,2025-07-23 00:00,N,0
801149,3,Paid Search,2024-09-14 00:00,N,0
807930,1,Paid Social,2025-07-04 00:00,N,0
804527,3,Paid Social,2024-02-10 00:00,Y,217.39
804607,1,SEO,2025-01-27 00:00,Y,104.66
808268,1,Paid Social,2025-05-01 00:00,Y,89.1
804783,2,SEO,2025-04-29 00:00,N,0
801951,1,Paid Social,2024-03-23 00:00,N,0
805379,1,Paid Social,2024-04-03 00:00,N,0
806035,1,SEO,2024-12-29 00:00,Y,47.11
804197,1,Paid Social,2025-07-14 00:00,Y,106.73
806361,1,Email,2024-08-26 00:00,Y,61.17
805555,3,Paid Search,2025-08-27 00:00,N,0
800786,1,SEO,2024-07-29 00:00,Y,193.97
803563,4,SEO,2024-11-21 00:00,Y,210.76
807526,1,Paid Social,2025-04-05 00:00,N,0
808029,1,Paid Social,2024-05-31 00:00,Y,182.37
800649,1,Paid Social,2024-10-03 00:00,N,0
801615,3,SEO,2025-04-17 00:00,Y,128.07
800228,4,Paid Social,2025-08-02 00:00,Y,140.81
808119,1,SEO,2024-06-10 00:00,N,0
808448,1,Paid Search,2024-11-26 00:00,Y,46.63
801736,1,Paid Search,2024-01-16 00:00,N,0
802163,2,Email,2025-07-07 00:00,Y,35.89
801285,2,Paid Search,2025-02-08 00:00,Y,209.15
804279,1,SEO,2024-06-06 00:00,N,0
806870,2,Paid Social,2025-04-28 00:00,Y,114.23
806339,1,SEO,2025-05-13 00:00,Y,203.1
805478,1,Email,2025-01-11 00:00,Y,210.12
808433,2,Paid Social,2024-02-16 00:00,Y,107.72
803935,3,SEO,2025-08-03 00:00,Y,55.03
803066,4,Email,2025-07-19 00:00,Y,138.32
800006,5,Paid Search,2025-02-21 00:00,Y,101.24
803427,1,Email,2024-05-10 00:00,Y,142.09
807714,3,Email,2024-06-01 00:00,N,0
807106,1,SEO,2025-06-20 00:00,Y,48.58
805785,1,Paid Social,2025-02-07 00:00,Y,182.97
803320,1,SEO,2024-05-07 00:00,N,0
801643,2,SEO,2024-08-09 00:00,Y,212.58
802000,3,SEO,2025-02-24 00:00,Y,105.77
805559,1,Paid Search,2024-12-12 00:00,Y,196.85
804603,1,Email,2024-03-04 00:00,N,0
804252,4,Email,2024-10-16 00:00,Y,152.19
800807,3,Email,2025-08-28 00:00,Y,170.25
802975,2,Email,2024-11-21 00:00,N,0
803601,2,Paid Search,2025-03-21 00:00,Y,153.14
805057,3,Paid Social,2024-10-18 00:00,Y,151.54
807087,1,SEO,2024-12-31 00:00,Y,202.12
800419,1,SEO,2024-10-12 00:00,N,0
801490,1,SEO,2024-06-20 00:00,Y,159.24
806676,3,Paid Search,2024-10-29 00:00,N,0
803645,3,Paid Search,2024-12-26 00:00,Y,155.77
807359,3,Paid Social,2025-09-20 00:00,Y,207.82
803288,1,Paid Social,2024-08-04 00:00,Y,75.24
802494,1,Paid Search,2025-05-19 00:00,Y,134.85
806594,3,SEO,2024-05-30 00:00,Y,79.72
802627,5,Paid Search,2024-10-27 00:00,Y,126.97
800587,2,Paid Social,2024-10-13 00:00,Y,194.61
807797,2,Paid Social,2024-02-09 00:00,Y,38.58
802174,2,SEO,2025-05-08 00:00,N,0
803134,2,Paid Social,2024-09-25 00:00,Y,141.96
800898,1,Email,2025-02-13 00:00,Y,194.8
802954,1,Paid Search,2024-04-04 00:00,Y,188.73
804653,4,Paid Search,2024-07-26 00:00,N,0
804677,5,Email,2025-06-05 00:00,Y,140.64
802200,4,Email,2024-11-25 00:00,Y,83.37
800209,3,Email,2025-02-01 00:00,Y,209.99
807065,5,Paid Search,2025-06-16 00:00,Y,57.52
802443,1,SEO,2025-06-24 00:00,Y,111.17
808660,2,Paid Search,2024-05-08 00:00,Y,128.73
800313,2,SEO,2025-07-01 00:00,Y,192.18
803682,3,Email,2025-06-03 00:00,N,0
801689,1,SEO,2025-09-21 00:00,Y,146.06
807794,2,SEO,2024-10-04 00:00,Y,118.44
807602,3,Paid Search,2025-08-04 00:00,Y,180.61
804292,2,Email,2024-08-29 00:00,Y,127.43
808742,1,SEO,2025-10-11 00:00,N,0
805009,3,SEO,2025-05-05 00:00,Y,188.71
807095,4,Paid Social,2024-07-07 00:00,Y,181.21
804675,3,Email,2025-10-11 00:00,N,0
804612,1,SEO,2024-08-29 00:00,N,0
800577,1,Email,2024-08-01 00:00,Y,219.01
808238,2,Paid Search,2025-05-18 00:00,N,0
800866,5,SEO,2025-02-09 00:00,Y,105.08
800223,1,SEO,2025-08-29 00:00,Y,142.1
803965,1,SEO,2024-10-21 00:00,N,0
802057,2,Paid Search,2024-10-04 00:00,N,0
803087,1,Paid Search,2025-07-11 00:00,Y,114.18
808561,2,Paid Social,2024-08-04 00:00,Y,98.35
802582,1,Paid Social,2024-09-06 00:00,N,0
804239,1,Paid Social,2024-01-10 00:00,Y,163.86
804322,3,Email,2024-01-14 00:00,Y,126.42
802591,5,Email,2025-07-07 00:00,Y,73.85
808042,2,Paid Social,2024-01-10 00:00,Y,69.97
806400,2,Paid Search,2024-04-25 00:00,Y,143.56
807475,2,Email,2024-08-08 00:00,N,0
808600,4,Email,2024-05-16 00:00,N,0
807402,1,Paid Search,2024-03-18 00:00,Y,91.06
807449,2,SEO,2024-07-20 00:00,Y,160.67
804701,1,Paid Social,2025-04-11 00:00,Y,195.44
803101,3,SEO,2024-08-14 00:00,N,0
804563,4,Paid Search,2025-08-10 00:00,N,0
804580,2,Email,2024-01-27 00:00,Y,208.92
802025,1,SEO,2024-04-25 00:00,N,0
803099,2,Paid Search,2025-01-30 00:00,Y,78.12
806265,2,SEO,2024-04-27 00:00,N,0
805080,1,SEO,2025-09-19 00:00,N,0
805564,1,SEO,2024-05-30 00:00,Y,198.47
807663,2,Paid Social,2024-01-15 00:00,N,0
802995,3,SEO,2024-08-07 00:00,Y,203.96
800625,2,Paid Social,2024-12-27 00:00,N,0
807385,2,Email,2025-01-07 00:00,Y,75.36
800482,1,Paid Social,2024-11-27 00:00,N,0
808456,1,SEO,2025-05-09 00:00,N,0
800998,1,Paid Search,2025-03-13 00:00,Y,73.01
802392,1,Paid Social,2024-11-15 00:00,N,0
802484,5,Email,2025-03-29 00:00,Y,56.43
805379,4,Email,2024-04-12 00:00,N,0
804997,4,Email,2024-02-10 00:00,Y,71.77
805535,1,SEO,2025-06-12 00:00,N,0
805510,1,SEO,2025-02-04 00:00,N,0
805314,1,SEO,2025-01-27 00:00,N,0
802664,5,Paid Search,2025-06-16 00:00,N,0
805905,1,SEO,2024-01-06 00:00,N,0
804394,4,Email,2024-06-25 00:00,Y,42.64
802958,3,Paid Social,2025-03-21 00:00,N,0
805984,3,SEO,2025-01-31 00:00,N,0
802811,1,SEO,2025-04-18 00:00,Y,184.3
806840,3,Email,2025-06-28 00:00,Y,143.98
807593,3,Paid Social,2025-09-30 00:00,N,0
803245,2,SEO,2025-01-27 00:00,Y,47.07
801588,1,Paid Social,2025-09-29 00:00,N,0
806695,2,Paid Social,2024-01-30 00:00,N,0
802255,1,Paid Search,2025-09-04 00:00,Y,142.27
805101,5,Email,2025-02-12 00:00,N,0
802036,4,Paid Search,2024-10-31 00:00,Y,185.7
802127,2,Paid Search,2025-05-06 00:00,N,0
808235,1,SEO,2025-09-07 00:00,Y,218.04
806117,2,Paid Social,2025-10-09 00:00,Y,114.23
804763,5,Paid Search,2024-06-07 00:00,Y,56.51
806702,1,Paid Social,2024-07-03 00:00,Y,108.85
806396,1,Paid Search,2025-09-04 00:00,N,0
808350,1,SEO,2025-01-29 00:00,Y,151.8
800932,3,Email,2025-04-17 00:00,Y,62.11
801573,3,SEO,2025-04-15 00:00,Y,154.75
800662,1,Paid Search,2024-12-16 00:00,N,0
800807,1,Paid Social,2025-08-20 00:00,Y,170.25
807697,1,Paid Social,2025-09-07 00:00,Y,160.87
803333,2,Paid Social,2024-01-22 00:00,N,0
800900,3,Paid Social,2024-01-20 00:00,Y,126.33
807746,1,SEO,2024-05-23 00:00,Y,45.78
807834,2,SEO,2024-07-22 00:00,Y,36.97
808373,2,Email,2025-10-10 00:00,Y,193.17
806946,3,Email,2025-08-13 00:00,Y,122.57
802394,1,Email,2024-11-10 00:00,Y,213.16
801132,4,Email,2024-05-03 00:00,N,0
801846,2,Paid Social,2025-04-30 00:00,Y,36.87
808451,3,Paid Search,2024-07-24 00:00,Y,53.36
807042,2,Email,2024-07-10 00:00,Y,97.69
808140,1,SEO,2024-10-11 00:00,Y,156.03
805776,2,SEO,2025-04-02 00:00,N,0
806982,4,Email,2024-08-10 00:00,N,0
802097,1,Paid Social,2025-07-07 00:00,Y,152.51
806677,1,SEO,2024-01-04 00:00,Y,183.23
803113,2,Paid Search,2025-03-13 00:00,Y,97.58
808838,2,Paid Social,2024-09-11 00:00,Y,195.28
801418,2,Email,2025-04-10 00:00,Y,181.24
808165,1,SEO,2024-11-30 00:00,Y,214.92
804176,1,SEO,2025-09-07 00:00,Y,56.88
803068,3,SEO,2024-09-08 00:00,N,0
800899,2,Email,2024-11-11 00:00,Y,190.47
800498,1,Email,2024-11-03 00:00,Y,60.9
801920,4,Paid Social,2025-03-13 00:00,Y,149.01
805449,1,SEO,2024-06-22 00:00,N,0
807550,1,SEO,2024-01-28 00:00,Y,98.11
801675,4,Paid Search,2024-03-29 00:00,Y,116.69
804232,3,SEO,2025-09-17 00:00,Y,153.19
804234,4,Paid Search,2025-01-13 00:00,N,0
803741,3,SEO,2025-10-09 00:00,Y,108.29
808155,3,Email,2024-12-11 00:00,Y,156.41
804079,3,Email,2025-08-15 00:00,Y,71.02
805256,2,Paid Search,2024-08-19 00:00,Y,68.18
806081,2,Paid Social,2025-02-28 00:00,N,0
805560,1,Paid Social,2024-12-29 00:00,Y,216.77
805961,1,Paid Search,2025-08-04 00:00,N,0
803794,2,SEO,2025-07-07 00:00,Y,53.6
807858,3,Email,2024-02-16 00:00,Y,111.61
803112,1,Email,2024-04-25 00:00,N,0
803331,3,Paid Social,2024-12-03 00:00,Y,199.88
802273,1,Email,2025-10-05 00:00,Y,133.24
806826,1,Paid Social,2024-04-08 00:00,N,0
802024,1,Email,2024-05-04 00:00,Y,125.32
800389,2,Paid Search,2025-06-22 00:00,Y,35.05
803432,2,Paid Social,2024-08-31 00:00,N,0
803013,2,SEO,2025-05-20 00:00,Y,147.38
804220,3,Paid Search,2024-11-06 00:00,N,0
802047,4,SEO,2024-03-06 00:00,Y,88.28
800059,5,Paid Search,2024-05-14 00:00,Y,140.83
805805,1,SEO,2024-05-28 00:00,N,0
801828,4,Email,2024-03-10 00:00,Y,42.47
805102,3,Paid Search,2025-03-30 00:00,Y,167.15
804258,2,Paid Search,2024-01-16 00:00,Y,132.26
801461,4,Paid Social,2025-09-21 00:00,Y,72.94
806589,2,SEO,2024-08-10 00:00,Y,88.83
803797,3,Email,2025-09-27 00:00,N,0
807733,2,SEO,2025-04-09 00:00,N,0
801698,2,Paid Search,2024-11-06 00:00,Y,135.16
808785,2,SEO,2025-07-23 00:00,Y,46.62
804866,2,Paid Social,2024-08-02 00:00,Y,146.95
806137,1,SEO,2024-01-11 00:00,N,0
805231,1,SEO,2025-05-01 00:00,Y,208.0
808311,4,SEO,2024-04-22 00:00,Y,137.1
807554,1,Paid Search,2025-10-14 00:00,N,0
803110,1,Paid Search,2024-04-19 00:00,Y,87.15
801140,3,Paid Social,2024-11-20 00:00,N,0
808577,1,Paid Social,2025-05-03 00:00,N,0
801047,1,Email,2025-01-18 00:00,Y,130.45
802683,1,SEO,2024-10-12 00:00,N,0
801833,3,Email,2025-07-15 00:00,Y,143.02
805643,1,Paid Social,2024-04-17 00:00,Y,71.77
800517,4,Paid Search,2025-04-10 00:00,Y,152.41
803057,2,Paid Search,2024-03-27 00:00,Y,128.9
800997,1,Paid Social,2025-06-20 00:00,N,0
808613,1,SEO,2025-08-10 00:00,Y,66.0
803860,2,SEO,2024-12-19 00:00,Y,161.23
808949,2,Paid Search,2025-08-07 00:00,Y,153.42
800330,4,Paid Search,2025-02-13 00:00,N,0
806714,1,SEO,2024-08-16 00:00,N,0
800261,1,Paid Social,2024-03-12 00:00,Y,132.56
801866,2,Email,2025-05-13 00:00,Y,166.0
801160,2,Paid Social,2024-07-30 00:00,Y,77.4
803924,4,SEO,2024-01-28 00:00,Y,195.01
803022,2,Paid Search,2024-08-21 00:00,Y,66.13
805994,1,Paid Search,2024-05-04 00:00,N,0
807975,3,Paid Search,2024-10-23 00:00,Y,207.37
803951,3,Email,2025-01-21 00:00,N,0
803579,2,Paid Search,2024-01-25 00:00,N,0
802904,1,Paid Search,2025-08-20 00:00,Y,93.64
808526,2,Email,2024-07-01 00:00,Y,91.7
803749,2,Paid Search,2024-10-20 00:00,Y,185.22
801363,3,Paid Search,2025-05-12 00:00,N,0
802186,2,Paid Social,2024-06-03 00:00,Y,169.67
803448,1,SEO,2024-04-27 00:00,Y,144.76
808911,2,Email,2024-08-18 00:00,Y,131.82
805185,2,Paid Social,2024-03-27 00:00,Y,57.11
808455,2,SEO,2024-04-10 00:00,Y,52.98
802463,2,Paid Social,2024-09-23 00:00,Y,191.62
800108,4,Email,2025-06-29 00:00,Y,133.04
805209,1,Email,2024-07-22 00:00,Y,210.01
800821,1,Paid Social,2025-07-22 00:00,Y,103.4
808176,2,Paid Social,2024-12-23 00:00,Y,172.05
805057,4,Paid Search,2024-10-23 00:00,Y,151.54
805796,2,SEO,2024-12-24 00:00,Y,192.74
805072,2,Paid Social,2024-01-24 00:00,Y,149.05
800242,3,Paid Social,2024-11-27 00:00,N,0
802218,2,Paid Social,2024-09-08 00:00,N,0
807791,3,SEO,2025-07-02 00:00,Y,210.82
807087,2,Email,2025-01-02 00:00,Y,202.12
806999,2,Paid Search,2024-05-17 00:00,N,0
805513,2,Paid Search,2024-07-18 00:00,Y,165.93
801475,1,Paid Social,2025-07-04 00:00,N,0
808413,1,SEO,2024-06-08 00:00,Y,87.75
804763,1,SEO,2024-06-03 00:00,Y,56.51
808379,4,Email,2024-05-11 00:00,N,0
803447,1,SEO,2024-05-21 00:00,Y,140.15
805509,1,SEO,2024-09-11 00:00,N,0
803166,4,Email,2025-07-12 00:00,N,0
802071,2,Paid Social,2024-05-21 00:00,Y,120.67
808145,2,Paid Social,2025-08-23 00:00,Y,80.89
802860,3,Email,2025-02-22 00:00,Y,76.02
801309,3,SEO,2025-04-10 00:00,Y,149.3
801468,2,SEO,2025-01-21 00:00,N,0
803715,2,Paid Social,2025-02-13 00:00,Y,144.51
807406,5,Email,2025-07-18 00:00,N,0
800132,1,Paid Social,2024-04-04 00:00,N,0
803947,1,SEO,2024-07-04 00:00,Y,65.05
806558,1,Paid Social,2025-09-24 00:00,N,0
808544,1,SEO,2024-03-27 00:00,Y,47.16
808830,3,Paid Search,2024-11-16 00:00,N,0
804402,3,Paid Search,2024-06-14 00:00,N,0
804728,1,SEO,2025-02-19 00:00,N,0
800533,1,SEO,2025-01-09 00:00,Y,213.13
808997,4,Email,2025-05-26 00:00,N,0
802094,5,Email,2025-03-05 00:00,N,0
808429,1,SEO,2024-07-14 00:00,Y,38.57
801692,1,Email,2024-08-11 00:00,N,0
808588,1,Paid Search,2024-03-10 00:00,Y,81.53
802754,2,Email,2025-09-15 00:00,Y,61.81
802424,1,Paid Social,2025-08-08 00:00,Y,170.73
805964,1,SEO,2025-10-05 00:00,Y,139.43
806911,2,SEO,2024-02-23 00:00,Y,218.64
805899,3,Email,2025-05-10 00:00,Y,94.57
806422,1,SEO,2024-07-12 00:00,Y,117.23
804307,1,Paid Social,2025-08-08 00:00,Y,52.75
801178,1,Paid Social,2024-07-09 00:00,Y,217.86
808960,1,Paid Search,2024-07-25 00:00,Y,99.0
807885,1,Paid Social,2024-01-16 00:00,N,0
804325,3,Email,2025-04-13 00:00,Y,49.64
807891,1,SEO,2025-07-31 00:00,Y,79.15
805729,1,Paid Social,2025-09-13 00:00,Y,123.79
808111,1,SEO,2025-06-26 00:00,Y,39.42
805524,2,SEO,2024-08-13 00:00,Y,81.88
806329,3,Email,2025-07-14 00:00,N,0
801646,3,Paid Social,2025-04-06 00:00,Y,219.29
800963,1,SEO,2024-04-22 00:00,N,0
800072,4,SEO,2024-02-17 00:00,Y,99.44
806466,5,Paid Search,2024-05-31 00:00,Y,37.88
805414,2,Email,2024-12-23 00:00,Y,152.08
802883,2,Email,2024-06-25 00:00,Y,205.62
808006,2,Paid Search,2024-11-28 00:00,N,0
804584,2,Paid Search,2025-03-22 00:00,Y,186.54
800034,3,Email,2024-02-01 00:00,Y,96.22
808022,3,Email,2025-10-21 00:00,Y,167.87
806015,2,SEO,2024-03-13 00:00,Y,155.74
806902,1,SEO,2024-10-11 00:00,Y,51.9
808084,4,Paid Search,2024-12-16 00:00,Y,68.37
803145,5,Email,2025-01-07 00:00,Y,193.38
806789,5,Email,2025-10-10 00:00,Y,200.5
804432,1,SEO,2024-10-21 00:00,Y,195.32
808537,1,Paid Social,2024-02-04 00:00,Y,200.77
808550,2,Paid Social,2025-09-30 00:00,Y,174.78
801072,1,Paid Social,2024-09-27 00:00,N,0
800178,1,Email,2024-05-19 00:00,N,0
804746,4,Paid Search,2024-09-20 00:00,Y,128.23
801359,1,Paid Social,2024-02-02 00:00,Y,89.51
802073,3,Paid Social,2024-03-07 00:00,Y,108.56
803542,2,Email,2024-11-04 00:00,Y,212.72
802830,1,SEO,2025-08-25 00:00,Y,206.6
803233,2,Paid Search,2025-01-19 00:00,Y,127.55
804702,2,Paid Social,2025-03-29 00:00,Y,140.86
802155,2,Paid Social,2025-08-13 00:00,Y,152.38
802825,2,Email,2025-06-27 00:00,Y,132.92
800892,1,SEO,2024-03-28 00:00,N,0
803379,2,Paid Search,2024-07-03 00:00,Y,145.26
808287,1,Paid Search,2024-03-21 00:00,Y,162.31
801116,1,Email,2024-05-01 00:00,N,0
805922,2,Email,2024-06-25 00:00,N,0
806029,4,Email,2025-04-04 00:00,Y,69.85
802296,2,Paid Social,2024-12-12 00:00,N,0
801279,1,Email,2024-03-01 00:00,Y,83.6
800757,1,SEO,2024-01-09 00:00,Y,201.74
802457,1,Paid Social,2024-06-08 00:00,N,0
802453,2,SEO,2024-05-23 00:00,Y,36.33
800117,2,Email,2024-08-02 00:00,N,0
805660,4,Email,2025-02-01 00:00,N,0
802381,2,Paid Social,2025-06-16 00:00,Y,80.43
805159,2,Email,2024-10-26 00:00,Y,42.86
803132,2,Paid Social,2025-08-07 00:00,Y,81.84
807813,3,Paid Social,2024-08-22 00:00,Y,145.52
807457,1,Paid Social,2024-05-22 00:00,Y,97.21
802142,3,Paid Search,2024-07-17 00:00,Y,209.51
802437,2,SEO,2024-12-30 00:00,N,0
802442,3,Paid Search,2025-10-01 00:00,Y,153.63
801531,4,Email,2024-11-09 00:00,Y,66.54
804877,1,SEO,2025-01-21 00:00,Y,144.69
808598,1,SEO,2024-05-05 00:00,N,0
805219,3,SEO,2024-11-15 00:00,N,0
805012,4,Email,2025-05-12 00:00,Y,62.2
803192,1,Paid Social,2025-06-19 00:00,N,0
801874,2,Paid Social,2024-03-06 00:00,N,0
800674,1,Paid Social,2025-06-13 00:00,N,0
800295,3,Email,2025-03-05 00:00,Y,108.29
801074,1,Email,2025-03-10 00:00,N,0
808274,1,SEO,2024-12-31 00:00,Y,125.6
807818,1,Paid Search,2025-01-12 00:00,N,0
801199,4,Paid Search,2025-09-21 00:00,N,0
807692,1,Paid Social,2024-01-04 00:00,Y,158.47
801683,2,Paid Social,2025-03-29 00:00,N,0
807474,1,SEO,2024-12-14 00:00,Y,119.49
803433,1,Email,2024-11-09 00:00,N,0
807438,2,Paid Search,2025-04-19 00:00,N,0
801857,1,Paid Social,2025-01-14 00:00,Y,64.0
802316,1,Paid Social,2025-01-28 00:00,Y,140.69
800798,4,Email,2024-09-05 00:00,N,0
803012,4,Paid Social,2025-03-02 00:00,Y,85.86
805675,1,SEO,2024-10-30 00:00,Y,74.52
801750,2,SEO,2024-08-01 00:00,Y,152.88
807819,2,Email,2024-06-10 00:00,N,0
805079,3,Email,2024-08-31 00:00,Y,179.39
806078,2,Paid Search,2024-09-29 00:00,N,0
808586,2,Paid Social,2025-07-04 00:00,N,0
801191,1,Paid Social,2025-02-20 00:00,Y,172.06
804365,2,Paid Social,2024-07-09 00:00,Y,132.18
801636,1,Email,2025-07-10 00:00,Y,77.43
803432,4,Paid Search,2024-09-03 00:00,N,0
802559,2,Paid Social,2025-09-27 00:00,N,0
802304,4,SEO,2025-05-19 00:00,Y,176.42
801959,2,Paid Search,2024-06-27 00:00,N,0
801698,3,Email,2024-11-10 00:00,Y,135.16
802008,4,SEO,2024-08-26 00:00,N,0
807985,2,SEO,2024-01-30 00:00,N,0
808128,1,SEO,2025-03-14 00:00,Y,120.15
802923,1,Paid Social,2024-02-02 00:00,Y,142.13
808189,2,Paid Search,2024-02-26 00:00,Y,93.01
805705,3,SEO,2025-09-25 00:00,N,0
801318,2,SEO,2025-07-12 00:00,Y,178.7
804430,4,SEO,2025-01-11 00:00,Y,43.22
800375,2,Email,2025-01-04 00:00,N,0
804417,2,Paid Search,2024-01-08 00:00,Y,61.62
805932,2,SEO,2024-08-20 00:00,Y,153.15
805894,2,Paid Social,2024-03-06 00:00,Y,120.92
804946,4,Paid Search,2024-05-28 00:00,N,0
806902,2,Paid Search,2024-10-13 00:00,Y,51.9
802966,4,Email,2024-12-14 00:00,Y,106.81
806457,1,Email,2024-12-31 00:00,Y,68.53
803064,1,Email,2025-03-12 00:00,Y,163.98
802750,1,SEO,2024-07-13 00:00,Y,86.17
804241,1,Paid Search,2025-08-14 00:00,Y,115.54
806033,4,Email,2024-05-08 00:00,Y,56.99
805669,1,SEO,2025-02-09 00:00,N,0
803358,2,SEO,2025-01-11 00:00,Y,41.53
801191,3,SEO,2025-02-22 00:00,Y,172.06
805088,3,Email,2024-04-27 00:00,Y,192.75
801624,3,SEO,2025-01-12 00:00,Y,73.98
802333,1,Paid Social,2025-08-01 00:00,Y,207.51
806862,2,Email,2025-01-12 00:00,N,0
803574,1,Paid Social,2024-06-18 00:00,Y,166.69
803904,3,Paid Social,2024-05-11 00:00,Y,187.63
801954,1,Email,2024-10-01 00:00,Y,200.06
801009,2,Paid Social,2025-06-18 00:00,N,0
803058,2,Email,2025-05-10 00:00,Y,122.22
802877,2,Paid Search,2025-06-28 00:00,N,0
801819,3,Paid Social,2024-04-21 00:00,Y,53.71
804358,3,Email,2024-03-09 00:00,Y,140.29
801437,1,SEO,2024-02-07 00:00,N,0
802776,3,SEO,2025-01-23 00:00,Y,82.02
806013,1,SEO,2024-09-21 00:00,N,0
803222,1,SEO,2025-10-08 00:00,Y,48.32
803344,1,SEO,2024-03-17 00:00,Y,55.02
804999,1,Paid Social,2025-10-05 00:00,Y,113.69
804011,3,Email,2025-04-16 00:00,N,0
808686,1,Paid Social,2024-08-29 00:00,N,0
807015,1,Paid Social,2025-06-10 00:00,N,0
808067,1,Email,2025-10-16 00:00,Y,113.91
801739,3,Paid Search,2024-09-20 00:00,Y,138.73
806291,2,Email,2024-06-14 00:00,N,0
806834,2,Paid Social,2024-09-03 00:00,Y,118.19
806071,1,Paid Social,2024-09-02 00:00,Y,187.31
808870,2,Email,2024-07-04 00:00,N,0
808416,1,SEO,2025-04-24 00:00,N,0
804007,1,SEO,2024-06-05 00:00,Y,43.31
806952,1,SEO,2025-08-22 00:00,Y,94.78
805599,2,Paid Search,2025-01-16 00:00,Y,120.03
803465,1,SEO,2024-03-27 00:00,Y,140.35
804253,2,Paid Search,2025-02-15 00:00,N,0
808204,3,Email,2024-01-17 00:00,Y,188.62
803570,1,SEO,2024-02-02 00:00,Y,83.5
801153,2,Email,2025-07-24 00:00,Y,142.88
807575,3,Email,2024-12-01 00:00,Y,209.94
802583,4,Paid Social,2024-03-23 00:00,N,0
804707,5,Email,2025-09-10 00:00,Y,207.53
800322,3,Paid Search,2025-06-16 00:00,N,0
807016,2,SEO,2024-02-15 00:00,Y,215.74
807414,4,Email,2024-07-22 00:00,N,0
805838,3,Paid Search,2025-10-11 00:00,N,0
808214,1,SEO,2025-10-08 00:00,Y,211.36
802169,1,Paid Search,2025-05-27 00:00,N,0
803445,1,Email,2024-11-15 00:00,Y,138.39
806955,3,Email,2024-09-23 00:00,N,0
808641,2,Paid Social,2024-03-21 00:00,Y,52.32
808399,1,SEO,2024-01-30 00:00,Y,81.56
805732,4,Paid Search,2024-10-07 00:00,N,0
807919,3,SEO,2025-02-18 00:00,N,0
808984,1,Paid Search,2024-04-09 00:00,Y,100.34
804503,4,Email,2024-08-26 00:00,Y,216.88
802202,1,Paid Search,2025-01-08 00:00,N,0
804973,1,Paid Social,2025-07-08 00:00,N,0
807646,1,SEO,2024-04-21 00:00,N,0
806176,1,SEO,2024-01-05 00:00,Y,100.06
800735,2,Email,2025-07-15 00:00,N,0
801307,4,Email,2025-04-12 00:00,Y,197.47
801386,1,Paid Social,2024-06-20 00:00,N,0
802529,4,Email,2025-03-28 00:00,Y,89.03
802215,3,Paid Search,2025-04-30 00:00,N,0
804655,5,Paid Social,2025-08-20 00:00,N,0
802311,1,Paid Search,2024-07-10 00:00,Y,48.44
808562,4,Email,2024-06-05 00:00,Y,137.99
805693,2,SEO,2025-03-17 00:00,N,0
806134,3,Email,2024-04-29 00:00,Y,134.77
804922,2,Paid Search,2024-11-11 00:00,N,0
808174,1,SEO,2025-04-30 00:00,N,0
807374,2,Paid Social,2025-01-16 00:00,N,0
802496,3,SEO,2025-07-06 00:00,Y,170.02
805847,5,SEO,2024-01-17 00:00,N,0
800415,4,Email,2024-02-10 00:00,N,0
802381,3,Paid Search,2025-06-18 00:00,Y,80.43
800112,2,Paid Social,2025-02-02 00:00,Y,127.64
805837,3,Paid Search,2024-09-12 00:00,N,0
808447,2,Paid Search,2025-03-30 00:00,Y,110.21
803971,2,Paid Social,2025-08-08 00:00,N,0
806850,3,Email,2024-09-27 00:00,Y,184.85
805889,2,Paid Social,2024-05-10 00:00,N,0
800551,3,Paid Search,2025-08-26 00:00,N,0
803470,5,Email,2024-06-26 00:00,N,0
804735,2,Paid Social,2024-08-24 00:00,N,0
804009,1,SEO,2024-09-07 00:00,Y,208.72
804960,1,Email,2024-10-16 00:00,Y,186.6
801754,4,Paid Search,2024-12-09 00:00,Y,200.6
800806,2,Email,2025-04-13 00:00,Y,199.43
804346,3,Email,2025-05-17 00:00,Y,86.23
807463,2,Email,2024-09-11 00:00,N,0
807951,1,SEO,2025-10-10 00:00,Y,184.95
807250,3,Paid Social,2025-09-29 00:00,N,0
800202,2,Email,2024-04-28 00:00,Y,91.21
800743,2,Paid Search,2024-07-04 00:00,Y,184.2
803755,1,SEO,2024-12-18 00:00,Y,204.93
804516,1,SEO,2024-03-14 00:00,Y,120.3
806164,1,Paid Social,2024-09-10 00:00,Y,204.76
807065,2,SEO,2025-06-16 00:00,Y,57.52
804749,5,Paid Search,2024-11-20 00:00,N,0
804992,1,Paid Search,2024-07-06 00:00,Y,90.58
802190,2,Paid Social,2024-07-22 00:00,N,0
806669,3,Paid Search,2025-01-28 00:00,Y,167.9
800301,2,Paid Social,2024-08-27 00:00,Y,177.54
804577,1,SEO,2024-03-27 00:00,Y,133.36
807953,1,SEO,2024-02-25 00:00,N,0
800397,2,Paid Search,2025-06-04 00:00,Y,203.26
800234,1,SEO,2024-01-10 00:00,Y,189.78
806912,1,Paid Search,2025-06-06 00:00,N,0
800098,3,Paid Search,2025-07-22 00:00,Y,112.6
803932,1,SEO,2025-10-13 00:00,Y,73.8
803086,2,Paid Search,2024-09-10 00:00,N,0
805362,1,Paid Social,2024-11-16 00:00,Y,148.17
806941,5,Paid Social,2025-04-29 00:00,N,0
800507,5,SEO,2024-03-05 00:00,Y,215.41
805765,2,SEO,2025-04-25 00:00,N,0
807645,2,Paid Search,2025-08-14 00:00,N,0
805411,3,Email,2024-11-29 00:00,Y,40.02
804517,1,SEO,2025-07-13 00:00,N,0
801815,2,SEO,2025-02-13 00:00,N,0
801163,1,SEO,2025-04-02 00:00,Y,198.79
807075,3,Paid Search,2024-09-10 00:00,Y,145.62
804430,3,SEO,2025-01-09 00:00,Y,43.22
800295,4,Paid Social,2025-02-28 00:00,Y,108.29
803305,2,SEO,2024-01-16 00:00,N,0
801617,1,SEO,2024-03-06 00:00,Y,120.39
807260,3,SEO,2025-05-29 00:00,N,0
808056,1,SEO,2025-02-21 00:00,Y,51.46
803303,1,SEO,2024-08-12 00:00,Y,144.95
806142,1,Paid Social,2025-10-15 00:00,N,0
804404,2,Paid Social,2025-08-23 00:00,Y,98.84
800085,2,Email,2025-09-25 00:00,N,0
803793,4,Paid Search,2024-04-30 00:00,Y,202.08
806602,2,Paid Search,2024-08-29 00:00,N,0
801469,2,Email,2025-05-31 00:00,Y,108.06
802032,3,Email,2024-10-16 00:00,Y,38.62
805217,1,SEO,2025-02-04 00:00,N,0
806617,3,Paid Search,2024-11-04 00:00,N,0
805912,1,SEO,2024-09-28 00:00,Y,113.82
802225,4,SEO,2025-07-01 00:00,Y,121.83
806743,2,Email,2025-09-12 00:00,N,0
804436,1,SEO,2024-07-25 00:00,N,0
806440,3,Email,2025-10-03 00:00,Y,38.21
805324,3,Email,2024-01-20 00:00,Y,199.83
805631,1,SEO,2025-06-14 00:00,Y,184.29
808360,3,SEO,2025-01-06 00:00,Y,217.79
807108,2,Paid Search,2025-04-27 00:00,Y,159.15
808789,3,Paid Search,2025-10-10 00:00,N,0
805970,3,Email,2024-08-24 00:00,N,0
801169,3,Paid Search,2025-04-22 00:00,Y,124.15
802168,3,SEO,2024-07-20 00:00,Y,198.04
801361,3,Email,2024-10-09 00:00,Y,64.31
806250,2,Email,2025-02-05 00:00,Y,108.98
806646,2,SEO,2024-04-22 00:00,N,0
802772,2,Email,2025-07-04 00:00,Y,157.28
800148,2,Paid Search,2024-05-27 00:00,N,0
806628,1,SEO,2025-05-08 00:00,Y,91.54
803456,1,Paid Social,2024-02-04 00:00,Y,202.26
804000,1,Paid Social,2025-06-25 00:00,N,0
803026,3,Paid Search,2025-09-15 00:00,Y,98.17
804660,2,SEO,2024-08-29 00:00,Y,157.63
802589,4,Email,2025-03-30 00:00,Y,134.43
801003,2,Paid Search,2025-09-30 00:00,Y,149.98
805383,2,Paid Social,2024-10-02 00:00,N,0
807439,1,SEO,2024-12-09 00:00,Y,123.86
802170,3,Paid Search,2025-01-31 00:00,N,0
802441,4,Paid Search,2024-10-07 00:00,N,0
806958,2,SEO,2024-11-24 00:00,Y,150.96
803437,3,Email,2024-02-15 00:00,Y,151.61
802177,1,SEO,2024-07-07 00:00,Y,132.89
807743,2,Paid Social,2024-06-29 00:00,N,0
800348,3,SEO,2024-12-25 00:00,Y,56.23
804402,1,SEO,2024-06-06 00:00,N,0
805047,1,SEO,2025-03-03 00:00,N,0
800029,2,Paid Social,2024-03-20 00:00,Y,157.71
802583,5,SEO,2024-03-25 00:00,N,0
800154,2,Email,2025-02-03 00:00,N,0
800384,5,Paid Social,2025-03-22 00:00,N,0
800335,4,Paid Social,2024-10-27 00:00,N,0
804044,1,SEO,2025-06-27 00:00,N,0
800371,4,Paid Social,2024-08-25 00:00,Y,219.09
808839,1,SEO,2025-09-04 00:00,Y,119.1
806568,3,SEO,2024-11-29 00:00,Y,107.8
807185,1,Email,2025-08-07 00:00,N,0
807468,1,Paid Search,2025-07-21 00:00,N,0
803658,2,SEO,2025-03-17 00:00,Y,138.73
808148,2,Email,2025-09-15 00:00,Y,62.35
800736,4,Paid Social,2025-08-03 00:00,Y,139.21
806843,3,Paid Social,2024-11-13 00:00,Y,146.77
804990,1,Email,2025-02-17 00:00,N,0
807670,3,Email,2025-09-01 00:00,Y,88.35
802653,4,Email,2024-12-23 00:00,Y,111.05
804615,1,SEO,2025-08-01 00:00,Y,148.65
803699,1,Paid Social,2025-09-16 00:00,Y,137.94
804994,3,Paid Social,2025-06-11 00:00,Y,202.07
803926,1,SEO,2025-04-15 00:00,Y,149.83
801782,2,SEO,2025-03-02 00:00,Y,188.06
801697,1,Paid Search,2025-05-13 00:00,N,0
805594,3,SEO,2025-01-02 00:00,N,0
802569,1,SEO,2025-05-14 00:00,Y,162.54
803843,1,Paid Search,2025-09-10 00:00,N,0
805427,4,SEO,2025-03-29 00:00,Y,62.74
803565,1,Email,2025-04-01 00:00,Y,176.28
806299,2,Paid Social,2025-02-28 00:00,Y,147.03
800384,3,Email,2025-03-20 00:00,N,0
807392,2,SEO,2024-11-17 00:00,N,0
803867,2,Email,2024-02-12 00:00,N,0
802152,2,Paid Social,2024-02-06 00:00,Y,106.59
807242,2,Email,2024-02-10 00:00,N,0
805151,1,Paid Social,2025-08-12 00:00,N,0
803130,1,Email,2024-01-07 00:00,Y,89.76
806993,1,SEO,2024-08-03 00:00,Y,133.57
802094,2,Paid Social,2025-03-03 00:00,N,0
808529,2,SEO,2024-12-09 00:00,Y,102.65
801654,1,Paid Social,2024-07-27 00:00,N,0
808072,1,SEO,2024-09-11 00:00,N,0
800004,1,Email,2025-07-27 00:00,N,0
805548,2,Email,2024-08-15 00:00,N,0
805212,2,Email,2024-12-12 00:00,N,0
805382,1,SEO,2024-02-01 00:00,N,0
803656,5,Email,2025-04-23 00:00,Y,207.56
806113,3,Email,2024-05-01 00:00,Y,192.48
806387,1,Email,2024-04-27 00:00,Y,99.89
805859,4,Email,2024-12-03 00:00,N,0
802886,1,SEO,2025-04-27 00:00,Y,46.56
808944,3,Email,2024-08-09 00:00,N,0
802070,2,Email,2024-08-02 00:00,N,0
808323,2,Email,2024-10-20 00:00,N,0
807641,3,Paid Search,2025-02-04 00:00,Y,108.98
807448,1,Paid Social,2024-12-18 00:00,Y,156.38
805685,1,SEO,2025-07-31 00:00,N,0
808410,1,SEO,2024-06-17 00:00,Y,158.28
807625,2,SEO,2024-05-04 00:00,N,0
803837,4,Email,2024-08-05 00:00,N,0
804795,3,Email,2025-06-05 00:00,Y,76.19
801079,1,Paid Social,2024-05-08 00:00,N,0
800784,1,Paid Social,2025-01-20 00:00,Y,165.18
802119,4,Paid Social,2024-04-09 00:00,Y,81.89
803150,1,Email,2024-06-30 00:00,Y,145.16
805180,3,Paid Social,2025-04-06 00:00,N,0
805492,2,Paid Social,2024-07-18 00:00,N,0
802245,3,Paid Search,2025-10-17 00:00,Y,148.84
807234,2,Paid Search,2024-09-01 00:00,Y,154.24
801054,1,Paid Social,2025-05-07 00:00,Y,120.76
802198,1,SEO,2024-01-15 00:00,N,0
807634,3,Email,2024-08-24 00:00,N,0
803715,1,SEO,2025-02-11 00:00,Y,144.51
802711,3,Paid Search,2024-07-24 00:00,Y,49.51
807549,2,Paid Social,2025-01-26 00:00,Y,109.89
805817,2,Paid Social,2024-03-23 00:00,Y,198.4
801150,1,Email,2024-11-07 00:00,N,0
801076,2,SEO,2024-06-01 00:00,N,0
807079,1,SEO,2025-07-16 00:00,N,0
806252,1,SEO,2025-03-10 00:00,Y,159.63
800462,3,Paid Social,2024-08-08 00:00,Y,210.86
808248,2,Email,2025-08-08 00:00,N,0
803130,4,Email,2024-01-19 00:00,Y,89.76
800601,1,Email,2024-08-05 00:00,N,0
804506,1,Paid Social,2025-04-19 00:00,N,0
807162,1,SEO,2024-12-10 00:00,Y,103.05
808685,1,Paid Search,2025-08-16 00:00,Y,213.14
806058,5,Email,2024-10-21 00:00,N,0
801004,1,Paid Social,2025-10-07 00:00,Y,210.01
805787,1,Paid Social,2025-03-31 00:00,Y,89.25
802233,2,Paid Social,2025-09-13 00:00,Y,216.48
800812,4,Email,2025-08-10 00:00,Y,140.0
802442,1,SEO,2025-09-27 00:00,Y,153.63
800863,1,Paid Search,2024-03-30 00:00,N,0
801792,2,Email,2025-02-27 00:00,Y,146.17
807060,1,Paid Search,2025-02-19 00:00,Y,174.55
806450,3,Email,2025-07-11 00:00,Y,114.24
807144,2,Paid Social,2025-01-08 00:00,Y,116.49
803367,3,Email,2025-08-18 00:00,N,0
806475,3,Email,2024-07-15 00:00,Y,83.26
803979,2,Paid Social,2025-06-27 00:00,N,0
804426,3,Email,2024-01-06 00:00,Y,135.59
801506,2,Paid Social,2025-03-15 00:00,N,0
808548,1,Email,2024-01-28 00:00,Y,214.98
804569,2,Paid Social,2025-08-08 00:00,Y,58.4
804353,1,Email,2025-07-05 00:00,N,0
800242,2,Email,2024-11-22 00:00,N,0
807216,1,SEO,2024-08-26 00:00,N,0
804233,1,SEO,2025-07-06 00:00,Y,122.77
801165,3,Email,2025-08-17 00:00,N,0
802221,1,Paid Search,2024-07-09 00:00,Y,168.94
801677,1,Paid Social,2024-11-27 00:00,Y,112.73
804180,1,Email,2024-01-13 00:00,Y,138.46
807685,5,Paid Search,2024-04-05 00:00,Y,60.54
804720,2,Email,2024-11-21 00:00,N,0
807811,2,SEO,2025-01-20 00:00,N,0
802407,2,SEO,2025-02-26 00:00,Y,109.48
806506,2,Email,2024-02-08 00:00,N,0
803827,2,SEO,2025-07-25 00:00,N,0
803936,1,Email,2024-04-01 00:00,Y,199.33
803810,3,Paid Social,2024-11-16 00:00,Y,219.35
805489,2,Paid Search,2024-11-09 00:00,Y,51.56
805891,1,Paid Social,2024-12-10 00:00,N,0
806636,1,Email,2024-02-23 00:00,N,0
808693,1,Paid Search,2025-05-07 00:00,N,0
803766,3,Paid Search,2024-05-13 00:00,Y,45.61
806630,3,Paid Social,2024-04-04 00:00,Y,177.46
807768,2,Email,2024-06-08 00:00,Y,108.88
804671,2,SEO,2024-02-10 00:00,N,0
800916,1,SEO,2025-03-04 00:00,Y,46.03
802262,3,Paid Search,2025-06-13 00:00,Y,60.63
803271,1,Paid Social,2024-01-15 00:00,Y,170.5
803324,2,Email,2025-01-31 00:00,N,0
805161,1,Paid Social,2025-09-28 00:00,N,0
801304,1,SEO,2024-06-12 00:00,N,0
807794,1,Paid Search,2024-10-03 00:00,Y,118.44
803598,3,Paid Search,2025-06-05 00:00,Y,190.16
800594,1,Paid Search,2024-01-04 00:00,Y,79.42
802125,2,Paid Search,2024-07-11 00:00,Y,75.83
806964,2,Paid Search,2025-07-16 00:00,Y,216.31
804086,4,Email,2024-09-30 00:00,N,0
807442,2,Paid Search,2025-02-07 00:00,N,0
802949,1,Paid Social,2025-07-24 00:00,Y,161.07
808043,3,Email,2024-09-13 00:00,N,0
807107,1,SEO,2024-06-02 00:00,Y,78.81
805309,2,Paid Search,2024-10-24 00:00,Y,41.64
807484,2,Email,2024-11-24 00:00,Y,214.67
806110,1,Email,2025-08-08 00:00,Y,205.22
808976,2,Paid Search,2024-01-19 00:00,Y,53.29
803669,3,Paid Search,2024-02-23 00:00,N,0
806523,3,Paid Search,2024-09-29 00:00,Y,124.79
802502,2,Paid Search,2025-02-11 00:00,Y,159.49
808474,2,Paid Social,2025-07-24 00:00,Y,205.72
804485,3,Paid Search,2024-03-23 00:00,Y,129.26
802234,3,Email,2024-02-05 00:00,Y,111.51
805382,3,Paid Social,2024-02-09 00:00,N,0
800166,3,Paid Search,2024-05-01 00:00,N,0
802985,1,Paid Search,2025-06-16 00:00,Y,56.31
803541,3,Email,2024-04-07 00:00,Y,57.87
802828,2,Paid Search,2024-07-22 00:00,Y,172.32
800500,2,Paid Search,2024-07-05 00:00,N,0
802448,2,Paid Social,2024-04-07 00:00,N,0
804300,3,Email,2025-01-12 00:00,Y,70.08
807590,2,Email,2024-10-01 00:00,Y,36.44
800229,3,SEO,2025-07-02 00:00,Y,112.84
803082,3,Paid Social,2024-04-18 00:00,Y,66.86
800075,3,SEO,2025-06-05 00:00,Y,136.78
807236,1,SEO,2025-08-07 00:00,N,0
800851,3,Email,2025-08-19 00:00,Y,144.56
800443,1,Paid Social,2025-02-11 00:00,Y,67.0
806331,4,Paid Social,2024-04-10 00:00,Y,180.19
801302,1,Paid Social,2024-12-24 00:00,Y,200.9
802476,3,Paid Social,2024-07-03 00:00,Y,62.05
801152,1,SEO,2025-10-12 00:00,Y,129.91
802858,1,SEO,2024-06-19 00:00,Y,66.97
803401,1,SEO,2025-06-03 00:00,N,0
803847,3,Paid Search,2025-07-14 00:00,N,0
807285,2,Paid Search,2025-05-01 00:00,N,0
804500,1,SEO,2025-06-29 00:00,Y,123.56
802068,3,Email,2024-11-22 00:00,Y,216.06
807960,4,Paid Search,2024-04-26 00:00,N,0
808170,4,Paid Search,2025-06-03 00:00,Y,77.51
802157,3,Paid Social,2024-09-18 00:00,Y,120.35
805825,2,Email,2024-12-17 00:00,Y,139.59
800762,3,Email,2024-08-25 00:00,N,0
803321,1,Paid Social,2025-04-04 00:00,Y,215.64
807936,1,Paid Social,2025-03-24 00:00,N,0
800735,1,SEO,2025-07-11 00:00,N,0
806480,3,Paid Social,2025-10-09 00:00,Y,42.64
808487,2,Paid Social,2024-04-03 00:00,Y,96.44
800106,3,Email,2024-06-03 00:00,Y,49.69
803567,2,Paid Search,2025-05-18 00:00,Y,54.52
806422,2,Email,2024-07-15 00:00,Y,117.23
808561,1,Paid Social,2024-08-02 00:00,Y,98.35
801375,1,SEO,2025-05-28 00:00,Y,205.23
805381,1,Email,2024-09-24 00:00,Y,72.54
803107,2,Paid Social,2024-10-20 00:00,N,0
805506,1,Paid Social,2025-05-10 00:00,Y,202.23
801774,1,Paid Social,2025-02-06 00:00,Y,211.46
805842,4,SEO,2025-05-17 00:00,Y,141.48
807311,3,Email,2024-10-16 00:00,N,0
802774,2,Email,2025-10-16 00:00,Y,38.77
806091,1,SEO,2025-01-29 00:00,N,0
807586,2,Email,2025-07-03 00:00,N,0
808317,3,Email,2024-07-07 00:00,N,0
802943,1,SEO,2024-10-26 00:00,Y,76.66
804923,3,SEO,2024-02-11 00:00,Y,196.45
807481,1,Paid Search,2024-02-17 00:00,N,0
804066,2,Paid Search,2025-07-14 00:00,Y,155.81
801013,2,SEO,2024-11-17 00:00,N,0
807477,1,SEO,2025-07-28 00:00,Y,171.35
802598,2,Email,2024-12-13 00:00,Y,160.11
806943,1,SEO,2024-03-15 00:00,Y,94.43
807003,1,SEO,2025-10-03 00:00,Y,74.98
807327,4,Email,2024-07-20 00:00,Y,122.53
808042,1,Email,2024-01-06 00:00,Y,69.97
807700,1,SEO,2025-05-22 00:00,Y,191.22
800940,2,Paid Social,2025-06-18 00:00,Y,184.67
806404,2,Paid Social,2025-01-22 00:00,Y,151.77
804538,1,SEO,2024-06-11 00:00,N,0
803571,4,Email,2024-12-29 00:00,N,0
800929,2,Email,2025-09-14 00:00,Y,81.52
801434,2,Email,2024-11-11 00:00,N,0
804602,2,Paid Search,2024-04-20 00:00,N,0
804331,2,Paid Social,2024-11-18 00:00,Y,180.89
800629,1,Paid Search,2024-04-19 00:00,Y,64.27
803064,4,Email,2025-03-18 00:00,Y,163.98
802192,3,Email,2025-09-03 00:00,N,0
803821,2,Email,2024-08-14 00:00,Y,84.94
805367,1,Paid Social,2024-06-05 00:00,N,0
802670,2,SEO,2025-04-20 00:00,Y,124.91
806335,2,Email,2024-03-20 00:00,N,0
800265,5,Email,2025-08-29 00:00,N,0
802899,3,Paid Social,2024-12-29 00:00,N,0
802231,1,Paid Search,2024-02-19 00:00,Y,201.88
804974,3,Paid Search,2025-05-01 00:00,Y,100.26
802343,2,Email,2024-05-08 00:00,N,0
801752,1,SEO,2025-07-28 00:00,Y,201.2
806727,2,Paid Social,2025-08-24 00:00,Y,114.34
806674,3,SEO,2025-02-04 00:00,Y,198.64
805486,1,SEO,2025-05-03 00:00,N,0
806708,2,Paid Search,2024-07-05 00:00,Y,150.66
803328,4,Paid Search,2025-08-11 00:00,N,0
806174,1,Paid Social,2025-04-07 00:00,Y,126.33
800299,4,Paid Social,2024-12-05 00:00,Y,121.66
806920,1,SEO,2025-01-23 00:00,Y,116.18
806235,1,SEO,2025-03-27 00:00,Y,51.49
808731,2,Paid Social,2024-02-21 00:00,Y,147.11
808196,4,SEO,2025-01-06 00:00,Y,217.71
806306,1,Paid Search,2024-04-17 00:00,Y,144.15
807453,2,Paid Search,2025-06-29 00:00,N,0
800709,4,Email,2024-10-28 00:00,Y,218.77
803247,2,SEO,2024-03-22 00:00,Y,205.1
803028,1,Paid Search,2025-07-22 00:00,N,0
803017,2,Email,2025-02-02 00:00,Y,56.32
806709,1,Paid Social,2025-08-27 00:00,N,0
801156,2,Email,2025-09-10 00:00,N,0
801151,2,Paid Search,2025-07-08 00:00,Y,106.25
801806,3,Email,2025-09-13 00:00,Y,219.3
800362,3,Paid Search,2024-01-17 00:00,Y,204.08
800500,3,Paid Search,2024-07-08 00:00,N,0
805841,4,Paid Search,2024-06-11 00:00,N,0
803395,3,Paid Search,2025-05-28 00:00,Y,134.28
802584,1,Email,2025-02-20 00:00,Y,104.62
804909,1,Paid Social,2025-02-10 00:00,N,0
807083,1,Paid Search,2024-06-24 00:00,Y,61.89
801866,4,Email,2025-05-14 00:00,Y,166.0
800436,2,Paid Social,2025-07-19 00:00,N,0
801311,1,SEO,2024-11-19 00:00,Y,61.77
805059,1,Email,2025-07-24 00:00,N,0
803217,2,Paid Search,2024-06-18 00:00,Y,108.28
801183,1,Paid Social,2024-09-06 00:00,N,0
801083,1,Paid Social,2025-06-02 00:00,Y,132.46
802203,4,SEO,2024-11-17 00:00,Y,59.88
806986,3,Email,2024-06-16 00:00,Y,200.44
808921,2,Paid Social,2025-07-02 00:00,Y,147.09
807218,3,Paid Social,2025-02-24 00:00,Y,200.0
808862,1,Email,2025-05-06 00:00,N,0
805901,2,Paid Social,2025-01-04 00:00,N,0
804972,2,SEO,2025-01-19 00:00,N,0
806795,2,Email,2024-05-27 00:00,N,0
803747,2,Paid Search,2025-02-08 00:00,Y,141.24
800080,1,Paid Search,2024-09-07 00:00,Y,64.47
800557,1,Paid Search,2025-07-25 00:00,Y,199.36
802312,1,Paid Social,2024-12-28 00:00,Y,47.19
803994,2,SEO,2024-07-22 00:00,N,0
804179,2,SEO,2024-12-05 00:00,N,0
804861,5,SEO,2024-09-02 00:00,N,0
805815,2,Paid Search,2024-01-16 00:00,Y,143.38
800690,2,SEO,2025-05-16 00:00,Y,143.13
801352,1,SEO,2025-04-27 00:00,N,0
804968,1,SEO,2025-04-27 00:00,Y,59.05
803078,1,Paid Search,2024-05-25 00:00,Y,80.22
804489,5,Email,2024-02-17 00:00,Y,65.47
806100,1,Email,2024-07-23 00:00,N,0
804039,3,SEO,2025-04-16 00:00,Y,120.74
800480,1,Paid Social,2025-02-03 00:00,N,0
802970,3,Email,2024-10-20 00:00,Y,74.1
806757,1,Paid Social,2024-10-18 00:00,N,0
808353,2,Email,2025-05-13 00:00,Y,101.96
802366,2,Paid Social,2025-07-25 00:00,N,0
808395,2,Email,2024-11-24 00:00,N,0
801118,1,Paid Social,2024-05-31 00:00,Y,216.44
807018,2,Paid Search,2024-02-13 00:00,Y,96.98
802618,3,Paid Search,2024-11-10 00:00,Y,82.55
805643,3,Email,2024-04-25 00:00,Y,71.77
801113,1,Email,2025-01-04 00:00,Y,162.1
801669,4,Paid Search,2025-01-20 00:00,Y,190.78
807665,3,Email,2024-01-28 00:00,N,0
807824,2,Email,2024-07-16 00:00,Y,194.46
805697,1,Paid Social,2025-08-27 00:00,Y,57.22
800036,2,Email,2024-10-17 00:00,Y,212.91
806467,1,Paid Social,2024-09-19 00:00,Y,69.15
805074,1,Paid Social,2024-05-22 00:00,N,0
806198,3,SEO,2025-01-15 00:00,N,0
803160,2,Paid Search,2025-08-26 00:00,Y,65.11
800712,4,Paid Search,2024-04-05 00:00,Y,87.07
806317,1,Paid Social,2024-01-28 00:00,N,0
807025,1,Paid Social,2025-03-02 00:00,Y,217.2
805666,2,SEO,2024-08-20 00:00,Y,94.82
807335,3,Email,2025-03-09 00:00,N,0
805657,1,Paid Social,2024-03-11 00:00,Y,64.71
802700,2,SEO,2024-01-03 00:00,Y,56.23
806510,2,Email,2025-10-20 00:00,N,0
801232,1,Paid Social,2025-05-26 00:00,N,0
808091,1,Paid Social,2024-05-19 00:00,Y,58.15
803618,1,Paid Search,2024-08-19 00:00,N,0
806712,1,Email,2024-02-07 00:00,Y,90.79
806652,1,Paid Social,2025-03-17 00:00,N,0
800237,3,SEO,2025-03-22 00:00,N,0
802821,3,Email,2024-02-06 00:00,N,0
805823,2,Email,2024-01-09 00:00,Y,194.87
803248,1,Email,2025-01-19 00:00,Y,127.69
805634,2,Paid Social,2024-07-22 00:00,Y,101.76
802655,3,Email,2024-01-13 00:00,Y,206.76
800679,4,SEO,2025-04-05 00:00,Y,74.58
803106,2,SEO,2024-06-28 00:00,Y,37.22
800269,1,Email,2025-03-09 00:00,N,0
801446,5,SEO,2024-12-05 00:00,Y,131.52
805091,5,Paid Search,2025-01-22 00:00,Y,60.17
807517,1,SEO,2025-03-13 00:00,Y,85.86
808976,4,Paid Social,2024-01-22 00:00,Y,53.29
804725,4,Email,2025-06-27 00:00,Y,66.59
800695,3,Email,2024-07-12 00:00,N,0
802846,5,SEO,2024-06-22 00:00,N,0
806994,2,Paid Social,2025-01-20 00:00,Y,35.24
804846,4,SEO,2025-06-16 00:00,N,0
808148,1,SEO,2025-09-14 00:00,Y,62.35
807047,2,Paid Social,2024-02-26 00:00,Y,70.8
807914,2,Paid Search,2025-04-14 00:00,Y,132.32
804024,2,Email,2024-07-22 00:00,N,0
803779,4,Email,2025-10-05 00:00,N,0
801203,2,Paid Search,2024-04-28 00:00,Y,138.37
802408,1,Paid Search,2024-06-28 00:00,N,0
803699,2,SEO,2025-09-20 00:00,Y,137.94
800631,1,Paid Social,2025-04-23 00:00,Y,44.46
804730,4,Paid Search,2025-01-27 00:00,Y,85.88
806916,2,Paid Social,2025-09-14 00:00,Y,99.34
802806,1,SEO,2024-11-17 00:00,Y,74.61
807641,2,Paid Search,2025-01-31 00:00,Y,108.98
804190,1,SEO,2024-11-06 00:00,Y,87.23
805843,2,Paid Social,2025-08-30 00:00,Y,186.23
806175,4,Email,2025-06-17 00:00,N,0
801913,3,Paid Search,2025-05-02 00:00,N,0
807206,2,SEO,2025-04-19 00:00,N,0
805089,1,Paid Social,2025-08-12 00:00,Y,115.66
802516,4,Email,2025-04-02 00:00,N,0
801150,3,Email,2024-11-11 00:00,N,0
808636,1,SEO,2025-06-14 00:00,Y,83.29
808345,2,Email,2024-05-27 00:00,Y,115.73
803059,1,Paid Social,2024-01-29 00:00,N,0
808785,3,SEO,2025-07-28 00:00,Y,46.62
802641,3,SEO,2024-04-04 00:00,Y,192.15
800302,2,Email,2025-07-27 00:00,N,0
805398,4,Paid Search,2025-02-23 00:00,Y,58.82
804995,5,Paid Search,2025-04-30 00:00,Y,45.08
803699,3,Email,2025-09-22 00:00,Y,137.94
807310,1,SEO,2024-04-12 00:00,Y,110.16
800103,1,Email,2024-09-24 00:00,N,0
804300,2,Email,2025-01-06 00:00,Y,70.08
808983,2,Email,2025-08-25 00:00,Y,164.24
805410,1,Paid Social,2024-02-21 00:00,N,0
805131,5,Email,2025-02-06 00:00,Y,69.38
804280,3,Email,2025-01-31 00:00,Y,122.3
802065,5,SEO,2024-01-14 00:00,Y,153.27
801853,1,Email,2025-05-03 00:00,Y,148.37
807729,1,SEO,2025-03-30 00:00,Y,69.95
807020,1,SEO,2024-03-12 00:00,N,0
803790,3,Email,2024-04-24 00:00,N,0
805293,1,SEO,2024-02-08 00:00,Y,176.22
802471,1,SEO,2025-03-08 00:00,Y,155.95
804172,1,Paid Social,2024-08-26 00:00,Y,46.14
807430,3,Paid Search,2024-09-28 00:00,Y,67.15
804639,1,Paid Search,2025-10-12 00:00,N,0
806291,5,Paid Search,2024-06-21 00:00,N,0
803910,3,Paid Social,2024-10-21 00:00,Y,135.92
805265,3,Paid Search,2024-08-04 00:00,Y,106.9
805915,1,SEO,2025-03-19 00:00,N,0
804825,2,Email,2024-06-12 00:00,N,0
804970,1,SEO,2025-06-27 00:00,N,0
800210,2,SEO,2025-04-13 00:00,N,0
803197,1,SEO,2024-01-26 00:00,N,0
803950,2,Paid Social,2024-04-02 00:00,Y,115.24
804086,3,Email,2024-09-23 00:00,N,0
804855,2,Paid Social,2025-06-07 00:00,Y,187.54
806009,2,Email,2024-10-22 00:00,Y,91.94
806619,1,Paid Social,2025-06-14 00:00,Y,126.04
803279,1,SEO,2024-08-05 00:00,Y,172.91
806223,2,Paid Social,2024-10-09 00:00,N,0
808369,4,Paid Social,2024-01-31 00:00,N,0
807258,4,SEO,2025-08-17 00:00,Y,211.84
807938,1,Email,2025-10-17 00:00,Y,159.22
800709,1,Paid Social,2024-10-25 00:00,Y,218.77
802676,2,Paid Social,2024-12-20 00:00,Y,42.5
806944,4,Email,2024-09-02 00:00,N,0
807817,1,Paid Social,2025-08-15 00:00,Y,74.01
803469,1,SEO,2025-06-13 00:00,Y,112.99
806429,1,SEO,2025-03-20 00:00,Y,108.92
800701,1,SEO,2024-04-27 00:00,Y,191.41
800620,1,Paid Social,2024-10-18 00:00,N,0
802798,5,Paid Search,2025-02-18 00:00,N,0
807235,4,Email,2024-07-11 00:00,Y,82.77
807325,1,Paid Social,2025-09-13 00:00,Y,217.18
800230,2,Paid Search,2025-07-08 00:00,Y,132.65
804695,5,Paid Search,2025-06-06 00:00,Y,98.31
802751,1,SEO,2024-04-22 00:00,N,0
807558,1,Paid Social,2025-02-22 00:00,Y,119.61
806479,1,Paid Social,2025-10-16 00:00,N,0
806155,1,SEO,2024-11-10 00:00,Y,183.28
801888,3,SEO,2025-02-06 00:00,Y,211.19
800565,1,SEO,2024-03-26 00:00,N,0
806252,3,Paid Social,2025-03-12 00:00,Y,159.63
803645,1,SEO,2024-12-20 00:00,Y,155.77
803906,2,Paid Social,2024-08-06 00:00,Y,101.06
808370,2,Paid Search,2025-06-17 00:00,Y,141.59
800606,3,Email,2024-11-05 00:00,Y,215.0
802100,2,Paid Search,2024-10-30 00:00,Y,125.73
808093,3,Paid Search,2024-06-24 00:00,N,0
807218,1,SEO,2025-02-18 00:00,Y,200.0
803260,5,Paid Social,2025-05-15 00:00,N,0
802562,2,SEO,2024-03-09 00:00,N,0
804285,1,Paid Social,2024-05-22 00:00,N,0
805118,3,SEO,2024-02-05 00:00,Y,201.87
801387,2,Email,2025-09-28 00:00,N,0
803235,1,Paid Social,2024-12-11 00:00,Y,68.07
803559,1,Email,2024-04-25 00:00,N,0
807980,1,Paid Social,2024-07-24 00:00,Y,213.04
808280,3,Email,2024-09-24 00:00,N,0
800257,2,Paid Search,2024-05-12 00:00,N,0
807821,2,SEO,2025-03-31 00:00,Y,120.82
802796,2,Paid Social,2024-04-27 00:00,Y,63.15
808362,1,Paid Social,2024-10-21 00:00,Y,125.37
808582,1,SEO,2024-07-09 00:00,Y,167.76
801261,1,Paid Search,2024-04-28 00:00,Y,189.29
803955,2,SEO,2024-10-20 00:00,Y,61.43
804563,1,SEO,2025-07-29 00:00,N,0
800796,1,SEO,2024-01-22 00:00,Y,109.87
802792,1,SEO,2024-08-05 00:00,Y,118.7
800227,1,SEO,2025-07-18 00:00,Y,112.24
802473,1,Paid Social,2024-10-02 00:00,Y,93.56
805769,2,Paid Search,2025-03-31 00:00,N,0
802801,1,SEO,2024-09-18 00:00,N,0
808419,2,Paid Search,2024-12-28 00:00,Y,202.26
802498,2,Paid Search,2024-11-07 00:00,Y,97.73
807560,1,Paid Search,2025-01-13 00:00,N,0
808636,2,SEO,2025-06-16 00:00,Y,83.29
800140,1,Paid Social,2024-04-04 00:00,N,0
808417,3,Paid Search,2025-06-06 00:00,N,0
801503,4,Email,2024-10-03 00:00,N,0
801541,2,Paid Search,2024-05-20 00:00,Y,196.31
807533,2,Email,2024-10-27 00:00,Y,90.82
807567,3,Paid Search,2024-02-11 00:00,N,0
800395,2,Paid Search,2024-08-18 00:00,Y,185.82
804697,5,Paid Search,2025-07-27 00:00,N,0
804387,1,SEO,2024-01-22 00:00,Y,147.58
803079,1,SEO,2024-04-06 00:00,Y,49.38
807489,5,Email,2024-01-19 00:00,N,0
800760,1,SEO,2024-04-26 00:00,N,0
800067,2,Paid Social,2025-06-28 00:00,Y,77.75
806267,2,Paid Search,2025-08-04 00:00,Y,137.19
800939,1,Email,2024-01-14 00:00,Y,206.57
806734,2,Paid Social,2024-04-24 00:00,Y,108.48
804063,1,Email,2025-04-25 00:00,N,0
800458,3,Email,2024-09-01 00:00,Y,183.12
808449,2,Paid Social,2024-09-01 00:00,N,0
801298,5,Paid Search,2025-04-13 00:00,N,0
800521,3,Paid Search,2024-07-16 00:00,Y,171.56
801642,1,SEO,2024-11-06 00:00,Y,205.25
801976,2,Email,2024-03-25 00:00,N,0
808113,3,Paid Social,2024-03-11 00:00,Y,97.8
808261,4,Paid Search,2025-09-02 00:00,N,0
804772,1,SEO,2025-02-19 00:00,N,0
807065,1,SEO,2025-06-12 00:00,Y,57.52
807877,2,Email,2024-01-05 00:00,N,0
806134,2,Paid Social,2024-04-27 00:00,Y,134.77
803784,2,Paid Search,2025-03-22 00:00,Y,129.63
806694,2,Paid Social,2025-04-18 00:00,Y,116.89
806971,2,Email,2024-05-08 00:00,N,0
804486,1,Paid Social,2024-02-01 00:00,Y,198.38
802345,4,Email,2024-07-23 00:00,N,0
808017,1,Paid Social,2025-07-04 00:00,Y,200.42
805966,3,Paid Social,2025-10-19 00:00,Y,99.23
800774,1,Email,2024-08-24 00:00,N,0
804188,1,Paid Social,2024-09-16 00:00,N,0
807765,2,SEO,2025-05-16 00:00,Y,170.17
804770,2,Paid Social,2024-01-29 00:00,N,0
805329,3,Paid Search,2024-12-01 00:00,Y,132.04
808719,1,SEO,2025-10-13 00:00,Y,54.74
805576,4,Paid Search,2024-12-23 00:00,Y,101.91
802857,1,Email,2025-05-08 00:00,Y,113.32
806720,3,Paid Social,2025-01-01 00:00,Y,66.58
806693,1,Email,2024-02-14 00:00,N,0
804109,5,Paid Search,2024-08-11 00:00,N,0
804008,3,SEO,2025-01-10 00:00,Y,70.6
806579,2,Email,2024-12-17 00:00,N,0
803221,1,Email,2025-01-15 00:00,Y,161.91
807792,1,Paid Social,2024-11-26 00:00,Y,138.96
808961,3,Email,2024-05-17 00:00,Y,196.29
800553,3,Paid Search,2025-01-31 00:00,Y,100.21
802002,3,Email,2025-02-04 00:00,Y,124.67
803587,2,Paid Search,2025-09-19 00:00,Y,99.29
800728,3,Email,2024-12-02 00:00,Y,111.27
804738,1,Paid Social,2024-04-19 00:00,Y,160.65
808377,1,SEO,2025-02-22 00:00,Y,82.44
800733,1,Paid Social,2024-04-25 00:00,Y,204.29
804327,3,SEO,2025-10-11 00:00,Y,46.66
806463,1,SEO,2025-04-05 00:00,N,0
805338,1,SEO,2025-10-14 00:00,Y,40.36
800488,2,Paid Social,2025-05-25 00:00,Y,118.94
805101,1,Paid Social,2025-02-08 00:00,N,0
807540,1,Paid Search,2025-01-25 00:00,Y,82.49
807968,2,Email,2024-10-07 00:00,N,0
805171,2,Email,2025-03-17 00:00,N,0
801852,2,Paid Social,2024-09-30 00:00,N,0
800768,2,SEO,2024-05-02 00:00,Y,116.14
803767,2,Paid Social,2024-02-13 00:00,Y,187.56
806948,1,SEO,2025-09-06 00:00,Y,102.15
807751,3,Paid Social,2024-09-16 00:00,N,0
802104,2,Email,2025-04-25 00:00,N,0
802574,2,Paid Social,2024-10-06 00:00,Y,41.54
801348,1,Paid Search,2025-05-19 00:00,Y,201.45
803026,1,SEO,2025-09-07 00:00,Y,98.17
805206,1,Paid Search,2024-12-27 00:00,Y,115.13
804370,4,Paid Search,2025-07-24 00:00,N,0
801010,3,Email,2024-02-04 00:00,Y,77.03
806494,5,SEO,2025-03-20 00:00,N,0
807140,2,Paid Social,2025-09-11 00:00,Y,169.19
802588,1,Email,2024-04-11 00:00,N,0
804465,1,Email,2024-08-10 00:00,Y,74.09
801533,2,Paid Social,2024-08-01 00:00,Y,214.58
802833,1,Paid Social,2025-09-15 00:00,N,0
800274,2,Email,2025-08-05 00:00,N,0
806784,1,Paid Search,2025-05-01 00:00,N,0
801297,2,SEO,2024-01-18 00:00,N,0
804956,1,SEO,2024-02-06 00:00,N,0
801849,4,SEO,2024-07-18 00:00,N,0
806085,2,Email,2024-11-17 00:00,N,0
801302,3,Paid Search,2024-12-30 00:00,Y,200.9
805671,2,Paid Social,2024-11-15 00:00,Y,203.33
800802,2,Paid Social,2024-03-22 00:00,Y,146.51
804548,1,Paid Social,2024-12-07 00:00,N,0
808677,5,Email,2025-03-14 00:00,Y,57.47
808604,1,Email,2025-09-22 00:00,N,0
806130,1,Paid Search,2025-01-01 00:00,N,0
800990,3,Email,2025-09-14 00:00,Y,72.52
801730,2,Paid Social,2024-03-26 00:00,Y,156.68
806301,2,SEO,2025-02-10 00:00,Y,163.4
807268,1,Paid Social,2024-10-28 00:00,N,0
803629,4,Email,2025-02-13 00:00,N,0
800070,4,Email,2025-03-19 00:00,Y,142.26
803008,1,Email,2024-02-03 00:00,Y,84.93
804501,1,Paid Social,2024-02-10 00:00,Y,179.95
805110,1,Paid Search,2025-01-25 00:00,N,0
800299,3,Email,2024-12-04 00:00,Y,121.66
805739,2,Paid Social,2024-03-03 00:00,N,0
804561,2,Email,2024-04-08 00:00,Y,149.54
808625,2,Email,2024-07-18 00:00,N,0
803521,1,SEO,2024-08-15 00:00,Y,75.53
808463,2,Email,2024-10-08 00:00,Y,214.67
808558,2,Paid Social,2024-11-19 00:00,N,0
803757,4,Paid Social,2024-11-11 00:00,Y,66.22
801588,2,Paid Social,2025-10-02 00:00,N,0
806093,3,SEO,2025-08-07 00:00,Y,162.96
801415,1,Email,2024-10-29 00:00,N,0
802958,1,Paid Search,2025-03-15 00:00,N,0
802571,2,Paid Social,2024-09-12 00:00,Y,87.36
808054,2,Email,2024-01-13 00:00,Y,46.81
805164,1,SEO,2024-02-05 00:00,Y,156.49
806199,4,Email,2024-07-09 00:00,Y,182.53
801625,2,Paid Social,2025-01-12 00:00,N,0
800511,1,Paid Social,2025-08-02 00:00,Y,59.5
804914,4,Email,2024-07-30 00:00,N,0
805953,3,Email,2024-11-19 00:00,N,0
804934,3,Paid Search,2024-05-30 00:00,N,0
803963,3,Paid Search,2025-06-20 00:00,N,0
803529,3,Paid Search,2025-08-18 00:00,N,0
806047,3,SEO,2025-01-29 00:00,Y,95.11
807339,1,SEO,2024-07-19 00:00,Y,162.64
803783,1,Email,2024-06-17 00:00,Y,201.88
802558,2,Paid Social,2025-01-30 00:00,Y,85.5
800379,4,Email,2025-08-30 00:00,Y,131.67
802981,1,Paid Social,2024-12-09 00:00,N,0
800249,2,Email,2025-04-01 00:00,Y,35.41
807275,3,Email,2025-05-24 00:00,Y,117.42
803157,1,Paid Social,2024-07-13 00:00,Y,127.79
808364,3,Paid Search,2024-09-02 00:00,N,0
804213,2,Email,2024-04-14 00:00,Y,112.45
804146,5,Email,2024-08-18 00:00,Y,144.39
803691,3,SEO,2024-05-21 00:00,Y,77.78
803249,2,Paid Social,2024-05-15 00:00,N,0
800335,3,Email,2024-10-23 00:00,N,0
800630,1,SEO,2024-12-31 00:00,Y,88.88
807737,3,Email,2024-12-16 00:00,Y,62.94
804721,4,Email,2024-05-21 00:00,N,0
808721,3,Paid Social,2024-03-12 00:00,Y,114.64
800370,2,Paid Social,2025-04-03 00:00,N,0
804494,1,Paid Social,2025-05-17 00:00,Y,100.82
802991,2,Paid Social,2024-10-29 00:00,Y,197.22
801634,2,Paid Search,2024-12-04 00:00,Y,180.83
805168,1,Paid Social,2025-04-11 00:00,N,0
808467,2,Paid Search,2024-09-25 00:00,Y,179.01
805467,3,Paid Search,2025-02-01 00:00,N,0
804563,3,Email,2025-07-31 00:00,N,0
808080,1,SEO,2024-02-02 00:00,Y,194.98
808397,2,Paid Search,2024-08-30 00:00,N,0
804031,3,Email,2024-08-13 00:00,Y,162.69
805116,1,Paid Social,2024-12-23 00:00,Y,201.33
802875,2,Paid Social,2024-08-17 00:00,N,0
803214,2,Paid Social,2024-04-11 00:00,N,0
800833,5,SEO,2024-05-31 00:00,Y,193.44
803997,2,SEO,2024-04-12 00:00,N,0
800819,2,Paid Social,2025-09-24 00:00,Y,171.02
805952,2,SEO,2024-03-25 00:00,Y,58.47
801839,1,Paid Social,2025-04-26 00:00,Y,46.02
806934,1,Paid Social,2025-09-27 00:00,Y,81.5
800351,1,Paid Social,2024-05-22 00:00,Y,97.99
808796,2,Email,2024-09-30 00:00,Y,206.61
802039,3,Paid Social,2024-03-21 00:00,N,0
802250,3,Email,2025-04-22 00:00,Y,87.42
803131,1,Paid Search,2025-08-15 00:00,N,0
808857,3,Email,2024-04-07 00:00,N,0
805170,3,Email,2025-06-05 00:00,Y,101.46
804300,1,Paid Social,2025-01-04 00:00,Y,70.08
803236,2,Email,2024-05-10 00:00,N,0
806858,2,Paid Search,2024-01-29 00:00,Y,126.7
801632,1,Paid Social,2025-04-15 00:00,Y,125.15
805249,1,SEO,2025-08-02 00:00,N,0
801309,1,Paid Social,2025-04-08 00:00,Y,149.3
807279,1,Email,2024-07-08 00:00,Y,186.39
802197,3,Email,2024-11-24 00:00,Y,183.21
802241,3,Email,2025-06-11 00:00,Y,84.94
800612,1,Paid Search,2024-08-24 00:00,Y,131.38
805515,3,Paid Search,2025-09-30 00:00,Y,184.67
806512,2,Paid Search,2025-08-24 00:00,Y,94.42
806474,2,Paid Search,2025-08-16 00:00,N,0
802584,2,SEO,2025-02-22 00:00,Y,104.62
807063,1,Paid Search,2025-06-09 00:00,Y,168.49
807617,1,Paid Search,2024-05-07 00:00,N,0
804952,2,SEO,2025-09-25 00:00,Y,102.54
802969,3,Email,2025-09-08 00:00,Y,168.19
802850,2,SEO,2025-08-22 00:00,Y,81.86
800072,1,Paid Search,2024-02-08 00:00,Y,99.44
800603,2,Paid Search,2024-01-08 00:00,N,0
808187,1,Paid Search,2025-03-14 00:00,Y,111.6
802651,5,Email,2024-01-19 00:00,N,0
806265,4,Email,2024-05-04 00:00,N,0
808488,2,Email,2025-09-16 00:00,Y,101.01
802829,2,SEO,2025-04-01 00:00,Y,100.46
805009,1,Paid Search,2025-04-29 00:00,Y,188.71
806723,1,Paid Social,2025-06-13 00:00,Y,92.08
804582,3,Paid Search,2024-04-22 00:00,N,0
806599,2,SEO,2025-09-10 00:00,N,0
802335,1,Paid Social,2025-05-04 00:00,N,0
801988,2,SEO,2025-07-25 00:00,Y,132.97
805424,2,Email,2025-02-19 00:00,Y,70.12
805849,5,Email,2025-05-10 00:00,Y,196.95
802764,1,Email,2024-07-22 00:00,N,0
803485,2,Email,2024-11-29 00:00,Y,88.65
808556,1,SEO,2024-12-03 00:00,Y,216.71
806495,4,Paid Search,2025-09-02 00:00,Y,106.03
800372,1,Email,2025-07-10 00:00,Y,99.4
805342,1,SEO,2024-12-26 00:00,N,0
803951,1,SEO,2025-01-17 00:00,N,0
800905,1,SEO,2025-05-09 00:00,N,0
800817,3,SEO,2024-09-16 00:00,N,0
807280,3,Email,2024-11-25 00:00,N,0
804070,1,Paid Social,2024-09-29 00:00,Y,147.01
801566,2,Paid Social,2024-12-31 00:00,Y,41.29
804351,2,Paid Search,2024-09-10 00:00,Y,81.35
805346,1,SEO,2024-09-16 00:00,N,0
804924,1,Paid Social,2024-08-02 00:00,N,0
804086,2,Email,2024-09-23 00:00,N,0
807646,3,Paid Search,2024-04-29 00:00,N,0
805596,1,Paid Search,2025-07-25 00:00,Y,35.92
802859,1,Email,2024-06-21 00:00,Y,115.82
802876,3,Email,2024-03-07 00:00,Y,78.08
803048,2,Email,2024-05-27 00:00,Y,49.97
805882,5,Paid Search,2024-07-14 00:00,N,0
802541,1,Paid Search,2024-11-17 00:00,Y,142.3
806278,1,SEO,2025-08-20 00:00,N,0
801608,1,SEO,2024-07-15 00:00,N,0
807525,3,Email,2025-03-06 00:00,Y,208.76
807182,1,Email,2024-11-23 00:00,N,0
804679,1,Paid Search,2025-09-27 00:00,Y,100.18
804398,1,SEO,2025-04-26 00:00,N,0
806645,1,SEO,2025-09-19 00:00,N,0
801132,3,SEO,2024-05-02 00:00,N,0
803241,2,Paid Social,2025-05-13 00:00,Y,90.99
804323,1,SEO,2024-12-21 00:00,N,0
804254,1,Paid Social,2024-03-30 00:00,Y,101.99
808895,2,Paid Search,2025-06-26 00:00,N,0
808636,3,Paid Search,2025-06-22 00:00,Y,83.29
806831,2,Paid Search,2024-11-23 00:00,Y,127.61
806573,1,SEO,2025-06-18 00:00,Y,70.28
808377,2,SEO,2025-02-25 00:00,Y,82.44
808768,4,Email,2024-02-22 00:00,Y,166.88
801828,3,Paid Social,2024-03-15 00:00,Y,42.47
808346,1,Email,2024-07-13 00:00,Y,214.79
807331,2,Paid Search,2025-01-29 00:00,N,0
808214,3,Email,2025-10-14 00:00,Y,211.36
808493,1,Paid Search,2024-11-14 00:00,Y,102.21
805895,2,Email,2024-01-13 00:00,Y,141.39
803782,2,Paid Social,2024-12-31 00:00,Y,133.31
806607,5,Email,2024-10-14 00:00,N,0
807430,2,Email,2024-09-27 00:00,Y,67.15
807373,1,Email,2024-12-23 00:00,Y,158.66
808750,1,SEO,2024-05-30 00:00,Y,157.78
802361,2,Paid Social,2024-10-07 00:00,Y,182.93
806157,4,Paid Search,2024-12-03 00:00,Y,108.79
804464,1,SEO,2024-08-30 00:00,Y,174.09
804284,1,SEO,2024-04-06 00:00,Y,100.75
805265,2,SEO,2024-08-03 00:00,Y,106.9
801942,4,Paid Search,2024-10-06 00:00,Y,140.54
803141,4,Paid Social,2024-03-13 00:00,Y,97.61
807412,3,Email,2025-01-23 00:00,Y,159.54
807814,1,SEO,2024-10-23 00:00,Y,107.95
807857,2,Paid Search,2025-10-09 00:00,Y,169.03
808201,2,SEO,2024-04-09 00:00,N,0
804141,1,SEO,2025-08-16 00:00,Y,104.15
804669,1,Paid Social,2024-05-08 00:00,Y,148.25
802422,1,SEO,2024-10-07 00:00,Y,139.45
802321,1,SEO,2025-07-01 00:00,N,0
800779,1,Paid Search,2025-04-22 00:00,Y,132.46
800120,2,Email,2025-08-02 00:00,Y,48.79
807604,3,Email,2024-05-21 00:00,N,0
800869,2,Paid Search,2024-09-27 00:00,N,0
808126,2,SEO,2024-08-25 00:00,Y,115.66
801899,2,Paid Social,2025-01-26 00:00,N,0
801166,1,Paid Social,2025-08-31 00:00,Y,185.06
802092,2,Paid Search,2025-10-18 00:00,Y,42.75
808976,3,Paid Search,2024-01-22 00:00,Y,53.29
804766,1,Paid Social,2024-08-12 00:00,Y,91.92
801801,5,Email,2024-10-17 00:00,Y,193.11
800971,2,Paid Social,2024-07-11 00:00,N,0
801237,1,SEO,2025-01-16 00:00,Y,96.28
807743,3,SEO,2024-07-02 00:00,N,0
802853,3,SEO,2024-04-30 00:00,Y,114.38
801345,1,SEO,2025-09-29 00:00,Y,64.65
800805,1,SEO,2024-04-20 00:00,Y,37.51
804782,1,SEO,2025-05-21 00:00,N,0
806699,4,SEO,2024-06-03 00:00,N,0
801832,1,Paid Social,2024-10-26 00:00,N,0
803516,2,Paid Search,2024-11-20 00:00,Y,166.56
806126,2,Email,2024-05-23 00:00,Y,41.44
807445,4,Paid Search,2025-10-18 00:00,N,0
801121,1,Email,2024-12-10 00:00,N,0
807119,2,Paid Social,2024-11-24 00:00,N,0
803689,3,Paid Search,2025-05-28 00:00,Y,54.55
805759,3,SEO,2024-08-16 00:00,N,0
800279,1,Paid Search,2024-05-24 00:00,N,0
806990,1,Paid Social,2025-01-15 00:00,N,0
805681,1,Paid Search,2024-09-30 00:00,N,0
800559,5,Email,2025-09-06 00:00,N,0
807898,5,Email,2024-02-12 00:00,N,0
806609,4,Paid Search,2025-09-05 00:00,Y,205.44
804636,4,Email,2025-04-01 00:00,N,0
804994,1,SEO,2025-06-05 00:00,Y,202.07
800375,1,Email,2025-01-02 00:00,N,0
800563,1,Paid Social,2025-04-06 00:00,N,0
803014,2,Email,2025-01-26 00:00,Y,112.5
800414,4,Paid Search,2024-04-06 00:00,Y,192.16
808322,2,Paid Search,2024-03-15 00:00,N,0
801282,2,SEO,2025-04-22 00:00,N,0
803986,2,Email,2024-09-26 00:00,N,0
808753,2,SEO,2024-09-10 00:00,Y,88.12
803643,1,Paid Social,2025-03-20 00:00,Y,63.5
806276,2,Paid Search,2025-03-12 00:00,N,0
800367,2,SEO,2024-02-02 00:00,N,0
803213,1,SEO,2025-05-26 00:00,Y,165.96
805098,4,Email,2024-05-02 00:00,Y,126.96
800308,4,SEO,2024-09-22 00:00,N,0
802029,1,Email,2024-03-12 00:00,Y,147.45
800188,1,Paid Social,2024-12-12 00:00,Y,195.26
806879,2,Paid Social,2025-03-05 00:00,Y,52.0
808827,2,Paid Search,2024-01-18 00:00,Y,146.37
807066,1,Paid Social,2024-10-15 00:00,N,0
807017,3,Paid Search,2024-08-09 00:00,N,0
803477,1,Paid Search,2024-11-20 00:00,Y,206.65
802705,1,Paid Search,2025-08-24 00:00,Y,82.84
804286,3,Email,2024-02-16 00:00,Y,55.02
808454,2,Paid Social,2024-05-12 00:00,N,0
805626,1,Paid Search,2025-03-08 00:00,N,0
806852,4,Email,2025-06-18 00:00,Y,63.34
806679,1,Paid Social,2024-11-12 00:00,Y,83.06
802748,1,Paid Social,2025-07-22 00:00,Y,184.21
803400,2,Paid Social,2025-02-21 00:00,Y,196.35
801781,3,Paid Search,2025-02-28 00:00,Y,134.36
804625,2,Paid Search,2024-01-11 00:00,N,0
805454,3,Paid Search,2024-02-14 00:00,Y,87.91
805980,1,Email,2024-08-10 00:00,Y,35.55
806698,1,Paid Social,2025-07-21 00:00,N,0
808327,2,Paid Search,2025-06-06 00:00,Y,145.73
806531,4,Email,2024-01-24 00:00,Y,206.77
803188,1,Paid Social,2025-08-03 00:00,Y,152.98
806263,1,Email,2025-07-18 00:00,N,0
801823,1,Paid Search,2025-01-12 00:00,Y,121.53
808602,2,Paid Social,2025-07-10 00:00,N,0
808719,3,Paid Search,2025-10-19 00:00,Y,54.74
805278,2,Paid Search,2024-05-05 00:00,N,0
806668,3,Email,2024-11-24 00:00,Y,164.07
806879,3,Paid Search,2025-03-11 00:00,Y,52.0
807860,2,Paid Social,2024-08-28 00:00,N,0
806034,3,Email,2025-03-16 00:00,Y,61.41
800126,1,SEO,2025-08-14 00:00,N,0
800139,1,Paid Social,2024-06-24 00:00,Y,78.69
808347,3,SEO,2025-08-27 00:00,Y,216.84
806325,2,Paid Social,2025-05-01 00:00,Y,42.13
803883,1,Paid Search,2025-01-14 00:00,N,0
807573,2,Email,2024-05-17 00:00,Y,103.36
807161,1,Email,2024-02-18 00:00,Y,68.07
805985,1,Paid Social,2025-01-21 00:00,Y,93.13
803708,1,Paid Social,2024-01-23 00:00,Y,57.05
800014,3,Email,2025-03-20 00:00,Y,177.03
807863,1,Paid Search,2024-09-30 00:00,Y,212.74
801839,3,Email,2025-05-04 00:00,Y,46.02
804854,1,Paid Social,2024-05-23 00:00,Y,201.85
802874,3,Email,2024-09-20 00:00,Y,114.68
804896,1,Paid Social,2025-07-29 00:00,Y,151.95
808393,3,Email,2025-03-27 00:00,Y,124.76
802107,3,Paid Search,2024-12-13 00:00,N,0
808568,1,Paid Social,2024-02-27 00:00,Y,139.35
803429,2,Paid Search,2024-12-14 00:00,Y,131.36
801119,2,Paid Search,2025-07-22 00:00,Y,207.87
800131,5,Email,2024-11-28 00:00,N,0
800692,1,SEO,2024-09-25 00:00,Y,166.63
800768,1,Paid Social,2024-05-01 00:00,Y,116.14
800205,2,Paid Social,2024-12-23 00:00,N,0
805521,2,Paid Search,2024-02-08 00:00,Y,208.83
806576,3,Paid Search,2024-12-21 00:00,Y,128.97
802619,1,SEO,2025-07-02 00:00,N,0
804596,1,SEO,2025-06-14 00:00,N,0
800772,4,Email,2024-10-15 00:00,N,0
801060,1,Paid Social,2024-01-30 00:00,N,0
805205,2,Paid Search,2024-02-10 00:00,Y,217.37
808318,2,Paid Search,2024-01-20 00:00,Y,62.66
805710,3,Email,2024-11-15 00:00,Y,35.53
802757,3,Paid Search,2024-10-02 00:00,N,0
801811,4,Paid Search,2024-11-15 00:00,N,0
805605,3,Email,2024-09-20 00:00,Y,92.44
804700,1,SEO,2025-06-30 00:00,Y,119.19
803506,1,SEO,2024-11-27 00:00,N,0
808895,1,SEO,2025-06-24 00:00,N,0
804365,5,Paid Search,2024-07-22 00:00,Y,132.18
805370,3,SEO,2024-01-19 00:00,Y,52.57
805331,2,Paid Search,2025-09-10 00:00,Y,124.74
806004,3,Email,2025-08-16 00:00,Y,218.16
808726,2,SEO,2024-10-28 00:00,Y,77.72
805287,1,SEO,2024-06-21 00:00,Y,208.0
807022,1,Paid Search,2024-07-11 00:00,Y,207.96
808055,3,Paid Social,2025-08-26 00:00,N,0
806924,1,Paid Social,2024-02-27 00:00,Y,134.19
803147,3,Paid Social,2024-05-24 00:00,N,0
806212,1,Paid Social,2024-06-14 00:00,N,0
806941,3,Paid Social,2025-05-01 00:00,N,0
800928,1,Email,2024-05-27 00:00,N,0
800837,3,Email,2024-05-05 00:00,Y,123.71
803332,1,Paid Social,2025-06-26 00:00,N,0
802576,1,Email,2025-06-02 00:00,Y,87.28
805370,2,Email,2024-01-12 00:00,Y,52.57
807470,2,SEO,2024-07-01 00:00,N,0
800806,1,SEO,2025-04-10 00:00,Y,199.43
804830,2,SEO,2024-11-19 00:00,Y,51.05
805973,2,Email,2024-11-17 00:00,N,0
801536,1,Paid Social,2024-04-17 00:00,Y,180.08
801888,1,Paid Social,2025-01-31 00:00,Y,211.19
802520,2,Email,2024-05-13 00:00,Y,121.04
804636,3,Email,2025-03-22 00:00,N,0
801624,1,Paid Search,2025-01-06 00:00,Y,73.98
801717,3,Email,2025-01-29 00:00,Y,178.57
801918,4,Paid Search,2024-02-19 00:00,Y,77.17
808123,1,SEO,2025-06-16 00:00,N,0
801705,3,Paid Social,2025-09-12 00:00,Y,166.78
806367,1,SEO,2025-09-15 00:00,Y,158.94
804430,5,Email,2025-01-21 00:00,Y,43.22
807455,2,Paid Search,2025-03-19 00:00,Y,105.53
805545,1,Paid Social,2025-02-10 00:00,Y,62.37
807929,1,Paid Social,2024-03-19 00:00,Y,54.48
802965,2,Paid Search,2025-10-13 00:00,N,0
804684,2,SEO,2024-07-08 00:00,N,0
808980,1,SEO,2024-01-21 00:00,N,0
806892,2,Email,2025-01-02 00:00,Y,203.26
805573,2,Email,2024-01-26 00:00,Y,138.95
805719,1,Email,2024-10-20 00:00,N,0
805257,2,Paid Search,2025-06-08 00:00,N,0
807452,1,SEO,2024-05-17 00:00,Y,183.1
805349,2,Paid Search,2025-05-26 00:00,N,0
801975,1,Paid Social,2024-06-29 00:00,N,0
807866,2,Email,2024-02-22 00:00,N,0
807470,3,SEO,2024-07-03 00:00,N,0
806404,3,SEO,2025-01-24 00:00,Y,151.77
804209,1,Paid Search,2025-08-22 00:00,Y,62.93
807960,2,SEO,2024-04-25 00:00,N,0
801239,2,Paid Search,2024-08-08 00:00,N,0
808465,3,Email,2025-05-31 00:00,Y,106.95
805376,1,Paid Social,2024-03-31 00:00,Y,101.25
800059,4,SEO,2024-05-07 00:00,Y,140.83
805875,1,SEO,2025-06-18 00:00,N,0
803982,3,Email,2024-08-19 00:00,Y,62.18
803892,1,Paid Social,2025-01-17 00:00,Y,120.72
805085,4,Paid Social,2025-03-07 00:00,Y,110.4
807676,2,Paid Search,2025-01-14 00:00,N,0
808756,2,SEO,2025-03-24 00:00,Y,114.46
807039,1,Paid Social,2024-07-30 00:00,Y,115.26
806919,2,SEO,2025-03-25 00:00,Y,189.54
807607,2,Paid Search,2024-10-18 00:00,N,0
803764,2,SEO,2024-08-02 00:00,N,0
804025,1,SEO,2024-12-16 00:00,N,0
804459,1,SEO,2024-07-06 00:00,Y,38.15
808202,2,Email,2025-06-05 00:00,Y,116.31
801376,1,SEO,2024-06-16 00:00,Y,57.35
808642,2,Email,2024-02-06 00:00,Y,208.01
801561,2,Email,2025-09-16 00:00,Y,73.12
804498,1,SEO,2025-10-06 00:00,Y,86.81
808628,3,Paid Search,2025-10-19 00:00,N,0
800181,2,SEO,2024-12-08 00:00,Y,193.22
801310,4,SEO,2024-12-10 00:00,N,0
805958,1,Paid Search,2024-09-10 00:00,Y,185.7
804280,1,SEO,2025-01-27 00:00,Y,122.3
804821,3,Paid Social,2025-05-22 00:00,N,0
808102,3,Email,2024-09-02 00:00,N,0
806391,3,Paid Social,2024-07-29 00:00,Y,94.72
804359,3,Email,2024-07-13 00:00,Y,55.56
808447,1,Paid Social,2025-03-27 00:00,Y,110.21
805328,2,Paid Social,2025-07-26 00:00,Y,162.79
802930,4,Paid Search,2024-04-08 00:00,Y,127.93
803397,2,SEO,2025-09-16 00:00,N,0
807951,2,Paid Search,2025-10-13 00:00,Y,184.95
801786,2,SEO,2024-03-14 00:00,Y,202.86
807138,5,SEO,2025-05-07 00:00,N,0
802648,2,Paid Search,2024-01-06 00:00,Y,119.03
807024,1,Paid Search,2024-05-15 00:00,N,0
808855,2,SEO,2024-03-20 00:00,Y,47.09
801372,1,SEO,2025-04-14 00:00,N,0
803639,2,Paid Search,2025-01-19 00:00,Y,205.69
808257,2,Paid Social,2025-08-26 00:00,Y,170.48
808362,2,Paid Search,2024-10-24 00:00,Y,125.37
802724,2,Paid Social,2024-09-21 00:00,Y,167.15
800702,2,Paid Search,2025-04-07 00:00,Y,186.54
806350,1,Paid Social,2025-07-06 00:00,Y,44.01
807610,1,Email,2024-03-28 00:00,Y,190.88
800468,2,SEO,2024-11-10 00:00,N,0
807433,4,Paid Search,2024-11-24 00:00,Y,71.98
801338,1,Paid Search,2025-09-29 00:00,N,0
806848,2,Paid Social,2024-05-21 00:00,Y,204.8
803623,1,Paid Search,2024-07-07 00:00,Y,96.89
808336,1,Paid Social,2024-08-10 00:00,Y,62.34
801063,2,Email,2025-06-18 00:00,N,0
802708,2,Email,2025-09-11 00:00,N,0
808888,1,SEO,2024-10-18 00:00,Y,197.79
801531,3,Paid Search,2024-11-06 00:00,Y,66.54
808409,2,Paid Social,2024-11-21 00:00,N,0
805911,1,SEO,2024-05-18 00:00,N,0
801389,3,Email,2025-08-22 00:00,N,0
805706,1,SEO,2024-08-17 00:00,N,0
801350,2,Paid Search,2024-01-25 00:00,Y,119.81
804093,2,Paid Social,2024-09-07 00:00,Y,164.19
802182,2,Email,2025-08-25 00:00,Y,94.86
800430,4,Paid Social,2024-02-04 00:00,Y,43.57
807074,2,Paid Search,2024-06-14 00:00,Y,39.79
807670,1,Paid Search,2025-08-28 00:00,Y,88.35
808929,2,Paid Search,2024-12-13 00:00,Y,133.81
808235,2,Email,2025-09-09 00:00,Y,218.04
806957,3,SEO,2025-09-20 00:00,Y,202.85
803556,4,Paid Social,2025-10-13 00:00,N,0
804437,2,Email,2024-03-13 00:00,Y,46.0
808556,2,Email,2024-12-07 00:00,Y,216.71
801694,1,Paid Social,2024-09-10 00:00,Y,214.15
800835,2,SEO,2025-06-07 00:00,N,0
808958,1,Paid Search,2025-01-09 00:00,Y,196.28
803018,1,Paid Social,2024-02-20 00:00,Y,62.32
807965,3,Paid Social,2025-02-03 00:00,Y,176.94
807027,2,Paid Social,2025-06-20 00:00,Y,114.52
800613,2,Email,2024-11-07 00:00,Y,126.48
802647,3,Paid Search,2025-08-05 00:00,Y,213.7
803795,5,SEO,2024-10-23 00:00,Y,95.31
802925,1,Email,2025-03-20 00:00,N,0
806298,1,SEO,2025-06-27 00:00,N,0
804126,1,Paid Social,2025-04-01 00:00,N,0
802607,3,Paid Search,2024-01-16 00:00,N,0
803225,1,Paid Search,2024-05-11 00:00,Y,120.69
803992,1,Paid Social,2024-09-07 00:00,Y,193.88
805236,1,Paid Search,2025-07-16 00:00,Y,178.3
802681,2,Paid Social,2025-07-05 00:00,Y,44.97
806228,2,Email,2025-05-11 00:00,N,0
803004,2,Email,2024-06-30 00:00,N,0
801942,2,Email,2024-09-26 00:00,Y,140.54
806536,4,SEO,2024-01-24 00:00,Y,181.67
805573,1,Paid Search,2024-01-25 00:00,Y,138.95
803228,1,Paid Social,2025-01-19 00:00,Y,88.2
801508,1,SEO,2024-09-02 00:00,Y,96.54
807625,3,SEO,2024-05-07 00:00,N,0
801917,2,Email,2024-06-01 00:00,N,0
800001,3,Paid Search,2024-09-05 00:00,Y,181.6
805589,1,Paid Social,2024-02-25 00:00,Y,177.57
801993,2,Email,2025-08-26 00:00,Y,202.46
804820,1,SEO,2024-08-20 00:00,Y,57.38
801209,4,Email,2024-04-01 00:00,N,0
807798,2,Paid Search,2024-03-01 00:00,Y,156.32
803252,2,Paid Search,2024-08-19 00:00,Y,108.44
802325,3,Paid Search,2024-09-30 00:00,Y,140.61
803810,2,Paid Search,2024-11-10 00:00,Y,219.35
807114,4,SEO,2024-05-04 00:00,Y,76.32
807006,4,Email,2025-02-03 00:00,N,0
807655,1,Paid Social,2025-04-27 00:00,N,0
800251,1,Paid Social,2024-01-15 00:00,N,0
800856,2,Email,2024-01-07 00:00,N,0
803388,2,SEO,2025-04-08 00:00,Y,113.02
803671,1,Paid Search,2024-09-21 00:00,Y,208.93
808367,2,SEO,2025-09-12 00:00,Y,112.62
803894,3,Email,2025-03-19 00:00,Y,202.57
803240,1,Paid Social,2024-07-09 00:00,Y,206.88
804928,2,SEO,2024-05-27 00:00,Y,108.9
801199,1,Paid Search,2025-09-18 00:00,N,0
801206,3,Paid Search,2025-04-02 00:00,N,0
801274,1,Paid Search,2025-09-19 00:00,Y,179.91
806615,1,SEO,2025-01-02 00:00,N,0
800857,2,Paid Search,2025-01-09 00:00,Y,153.4
802253,3,SEO,2024-09-27 00:00,N,0
804217,2,Email,2024-03-19 00:00,Y,217.53
800676,2,Email,2024-02-03 00:00,Y,156.96
804390,1,Paid Social,2025-08-30 00:00,N,0
802795,1,Paid Search,2025-04-12 00:00,Y,209.85
800437,1,Paid Social,2024-10-28 00:00,N,0
801754,1,Email,2024-11-30 00:00,Y,200.6
800592,1,Paid Social,2025-05-23 00:00,N,0
803566,4,Paid Search,2024-11-21 00:00,Y,161.76
800327,2,Paid Search,2024-08-30 00:00,Y,119.32
808767,1,SEO,2024-02-17 00:00,Y,147.12
803922,2,Email,2024-06-04 00:00,Y,134.6
803515,3,SEO,2025-02-16 00:00,N,0
801612,1,Email,2024-12-18 00:00,Y,210.21
806119,4,Paid Search,2025-05-25 00:00,Y,167.7
803566,1,SEO,2024-11-09 00:00,Y,161.76
800026,1,SEO,2024-12-24 00:00,N,0
804249,2,Paid Social,2025-09-06 00:00,Y,56.6
801613,5,SEO,2025-03-08 00:00,N,0
807268,4,SEO,2024-11-06 00:00,N,0
804956,3,SEO,2024-02-14 00:00,N,0
802657,1,SEO,2025-02-28 00:00,N,0
804747,1,Paid Social,2024-12-10 00:00,Y,92.23
806931,3,Paid Search,2024-02-13 00:00,N,0
801255,4,SEO,2025-04-11 00:00,N,0
802557,2,Paid Search,2024-02-16 00:00,Y,53.93
805867,2,Email,2025-01-03 00:00,N,0
807327,3,Paid Search,2024-07-14 00:00,Y,122.53
800105,2,Paid Search,2025-03-28 00:00,Y,175.57
800621,2,Email,2025-07-16 00:00,N,0
801855,2,SEO,2025-03-28 00:00,Y,129.03
801495,1,Email,2025-04-24 00:00,N,0
804459,2,Email,2024-07-09 00:00,Y,38.15
807343,3,Email,2024-10-11 00:00,N,0
800668,1,SEO,2025-01-11 00:00,N,0
808394,3,SEO,2025-08-06 00:00,Y,108.58
808441,1,Paid Social,2024-08-04 00:00,Y,132.19
803350,1,Paid Social,2025-01-24 00:00,Y,66.69
803913,4,Email,2024-05-16 00:00,Y,65.31
808478,2,Paid Search,2024-03-06 00:00,N,0
801251,1,Paid Social,2024-09-19 00:00,Y,171.68
800320,3,Email,2024-07-13 00:00,Y,106.66
805415,1,Paid Social,2024-04-03 00:00,Y,99.87
805464,1,Paid Social,2024-12-20 00:00,N,0
804327,2,Paid Search,2025-10-07 00:00,Y,46.66
804489,4,Paid Search,2024-02-12 00:00,Y,65.47
800654,4,Paid Search,2024-02-18 00:00,Y,80.67
801363,2,SEO,2025-05-14 00:00,N,0
805135,3,Email,2024-11-12 00:00,Y,181.1
804690,3,Email,2024-06-19 00:00,N,0
808427,2,Paid Social,2024-11-12 00:00,Y,170.72
802907,3,Paid Search,2024-07-18 00:00,Y,88.55
800381,3,Paid Search,2025-08-23 00:00,N,0
803050,2,Email,2025-03-08 00:00,Y,141.55
804798,1,SEO,2025-10-08 00:00,Y,40.12
804169,1,Email,2025-09-10 00:00,N,0
802738,3,Paid Search,2024-10-25 00:00,N,0
802450,3,Paid Search,2024-04-10 00:00,N,0
800930,2,Paid Search,2025-09-23 00:00,N,0
802039,1,Paid Social,2024-03-15 00:00,N,0
801097,2,Email,2024-10-25 00:00,Y,171.55
802324,3,Paid Search,2025-06-02 00:00,Y,188.79
803207,1,Paid Social,2025-09-10 00:00,Y,90.45
805889,3,Email,2024-05-13 00:00,N,0
807631,1,SEO,2024-03-24 00:00,Y,75.32
804560,1,Paid Social,2025-07-17 00:00,Y,137.83
802162,3,Paid Search,2024-09-23 00:00,N,0
800161,2,Paid Search,2025-01-16 00:00,N,0
806592,3,Paid Social,2025-08-14 00:00,Y,97.09
807553,4,Email,2025-06-23 00:00,Y,194.88
804211,1,Paid Search,2025-01-16 00:00,N,0
800718,1,Paid Search,2024-05-09 00:00,N,0
804481,2,Paid Social,2025-05-16 00:00,Y,149.57
807444,1,Paid Search,2025-08-12 00:00,Y,207.06
801381,2,Paid Social,2024-02-24 00:00,Y,57.44
808594,1,SEO,2025-06-03 00:00,N,0
802012,1,Paid Social,2024-05-13 00:00,N,0
805699,1,Email,2025-05-14 00:00,N,0
800838,1,Paid Social,2024-11-05 00:00,N,0
806273,1,SEO,2025-08-16 00:00,N,0
808965,3,Paid Search,2025-02-04 00:00,N,0
801034,1,SEO,2025-09-20 00:00,Y,186.61
805736,2,Email,2025-08-04 00:00,Y,66.93
808797,1,Paid Social,2025-04-25 00:00,N,0
805120,1,Email,2025-05-23 00:00,Y,76.91
808551,1,SEO,2024-06-07 00:00,Y,112.17
808550,5,Paid Social,2025-10-06 00:00,Y,174.78
800838,5,Paid Social,2024-11-09 00:00,N,0
800903,1,Paid Social,2025-04-06 00:00,Y,195.9
801087,4,Email,2025-03-10 00:00,Y,198.25
805352,1,SEO,2024-05-14 00:00,Y,86.88
806968,1,SEO,2025-04-28 00:00,Y,67.28
804588,2,Paid Social,2024-12-27 00:00,N,0
802654,2,Paid Search,2024-11-04 00:00,N,0
808855,1,SEO,2024-03-16 00:00,Y,47.09
805573,5,Email,2024-02-06 00:00,Y,138.95
802115,3,Email,2025-08-13 00:00,Y,181.71
801753,3,Email,2025-08-25 00:00,Y,212.23
800704,2,Email,2025-07-26 00:00,N,0
806569,4,Paid Social,2024-01-18 00:00,N,0
807522,2,Paid Search,2024-03-25 00:00,N,0
806142,2,Paid Social,2025-10-17 00:00,N,0
803194,2,Paid Search,2024-08-18 00:00,Y,147.84
805354,3,Email,2024-06-30 00:00,Y,77.7
804919,1,Email,2024-12-27 00:00,Y,206.79
808472,2,Paid Social,2025-09-22 00:00,Y,212.2
807707,2,Paid Search,2025-03-27 00:00,N,0
801964,2,Email,2024-11-16 00:00,Y,208.5
805055,2,Paid Social,2025-02-13 00:00,Y,210.84
804876,2,Paid Search,2024-02-28 00:00,Y,199.87
804995,2,Email,2025-04-23 00:00,Y,45.08
805363,2,SEO,2024-09-11 00:00,Y,39.0
807719,3,Email,2025-02-04 00:00,N,0
805312,4,SEO,2024-05-11 00:00,N,0
807280,1,SEO,2024-11-17 00:00,N,0
800340,2,Paid Search,2024-11-28 00:00,Y,189.29
800438,2,Paid Search,2024-12-17 00:00,Y,204.59
808144,1,SEO,2024-04-29 00:00,N,0
803381,1,Paid Social,2024-10-29 00:00,N,0
802056,2,SEO,2025-07-04 00:00,N,0
800049,1,Paid Social,2024-08-22 00:00,N,0
808084,2,SEO,2024-12-10 00:00,Y,68.37
805759,2,Paid Search,2024-08-13 00:00,N,0
800570,2,Email,2024-01-05 00:00,Y,215.84
808341,3,Email,2025-04-26 00:00,Y,171.86
801134,1,SEO,2025-04-21 00:00,N,0
805015,1,SEO,2025-08-13 00:00,Y,122.6
800117,1,Email,2024-07-29 00:00,N,0
800697,1,Paid Social,2025-08-04 00:00,N,0
803215,2,Paid Search,2025-08-14 00:00,Y,43.76
801209,2,Email,2024-03-31 00:00,N,0
805830,1,SEO,2025-08-11 00:00,Y,210.36
807141,3,Paid Social,2025-02-16 00:00,Y,37.0
803122,1,Paid Search,2024-01-08 00:00,N,0
800199,1,SEO,2024-10-28 00:00,Y,170.98
804685,1,Paid Social,2024-03-27 00:00,Y,79.94
804476,1,Email,2025-08-11 00:00,N,0
803338,4,Email,2025-07-10 00:00,N,0
803637,1,Paid Search,2024-03-22 00:00,Y,46.75
803154,4,Email,2025-09-22 00:00,Y,85.03
802200,1,SEO,2024-11-19 00:00,Y,83.37
808826,1,SEO,2025-09-05 00:00,Y,138.02
802128,2,SEO,2024-05-21 00:00,Y,67.77
802710,2,SEO,2025-09-06 00:00,Y,83.96
800559,2,Email,2025-08-31 00:00,N,0
806813,4,Email,2025-02-23 00:00,Y,111.44
801979,1,Paid Social,2025-02-08 00:00,N,0
803125,1,Paid Social,2024-06-17 00:00,Y,201.23
805697,2,Email,2025-08-28 00:00,Y,57.22
803962,1,Paid Social,2024-10-07 00:00,Y,194.2
800712,1,Paid Search,2024-03-30 00:00,Y,87.07
804041,4,Paid Social,2024-02-14 00:00,Y,54.38
804916,3,SEO,2025-04-10 00:00,Y,48.94
808141,2,Email,2024-09-24 00:00,Y,60.67
801340,3,Paid Social,2024-11-06 00:00,N,0
808768,2,SEO,2024-02-16 00:00,Y,166.88
804344,1,SEO,2024-05-23 00:00,Y,128.45
805228,1,Paid Search,2025-04-02 00:00,N,0
804407,2,Paid Search,2024-11-04 00:00,N,0
800985,2,Paid Social,2024-06-14 00:00,N,0
802275,1,Paid Social,2024-05-09 00:00,Y,156.81
803543,1,Paid Social,2024-07-09 00:00,Y,88.4
808455,3,Paid Social,2024-04-16 00:00,Y,52.98
802520,1,SEO,2024-05-11 00:00,Y,121.04
805201,2,Paid Search,2024-10-22 00:00,N,0
807641,1,SEO,2025-01-27 00:00,Y,108.98
806289,2,SEO,2024-01-29 00:00,Y,84.12
802846,1,Paid Search,2024-06-06 00:00,N,0
804323,2,SEO,2024-12-23 00:00,N,0
801196,2,Email,2025-02-15 00:00,N,0
800459,4,Email,2024-05-13 00:00,Y,80.38
802847,3,Paid Search,2025-10-13 00:00,N,0
803137,1,Paid Social,2024-04-29 00:00,Y,44.04
806982,1,SEO,2024-08-04 00:00,N,0
806056,4,SEO,2025-08-27 00:00,N,0
807513,2,Paid Social,2024-07-03 00:00,Y,55.25
801031,1,SEO,2025-04-07 00:00,Y,67.06
806338,3,Email,2025-06-07 00:00,N,0
803570,3,Email,2024-02-10 00:00,Y,83.5
807654,2,Email,2024-11-19 00:00,N,0
807515,4,Email,2024-06-08 00:00,N,0
808500,5,Paid Search,2025-09-07 00:00,Y,134.85
800881,1,Paid Social,2025-03-20 00:00,N,0
806006,3,Paid Social,2025-07-27 00:00,Y,212.63
805584,1,SEO,2025-05-29 00:00,Y,204.2
801356,3,Paid Search,2024-03-27 00:00,N,0
806486,2,Paid Social,2024-10-13 00:00,N,0
805916,2,SEO,2025-09-01 00:00,Y,112.72
806522,1,Paid Social,2024-06-15 00:00,N,0
800494,2,SEO,2024-01-21 00:00,Y,173.79
801283,3,Email,2025-02-18 00:00,N,0
802736,1,Paid Social,2024-12-04 00:00,Y,59.99
803120,2,Paid Social,2024-07-23 00:00,Y,150.59
805574,2,Email,2025-02-04 00:00,N,0
801298,2,SEO,2025-03-31 00:00,N,0
808404,2,SEO,2025-02-04 00:00,Y,119.69
800639,1,Paid Social,2024-12-21 00:00,N,0
808783,1,Email,2025-03-27 00:00,N,0
802384,1,SEO,2024-06-25 00:00,Y,63.72
802432,4,Paid Search,2024-12-30 00:00,Y,115.12
807131,2,SEO,2024-05-10 00:00,Y,130.54
800449,1,SEO,2024-08-11 00:00,N,0
808667,1,SEO,2024-01-08 00:00,Y,41.49
806813,1,Email,2025-02-17 00:00,Y,111.44
802709,3,Email,2024-09-25 00:00,N,0
803511,4,Paid Social,2025-08-05 00:00,Y,198.46
800294,1,Email,2025-05-27 00:00,Y,138.11
802055,1,Paid Search,2024-01-09 00:00,N,0
808499,2,Email,2024-09-01 00:00,Y,84.18
803973,2,SEO,2025-06-08 00:00,Y,204.46
808629,2,SEO,2024-03-15 00:00,Y,219.59
806699,3,Paid Search,2024-05-29 00:00,N,0
803349,1,Paid Social,2024-03-02 00:00,Y,96.23
800255,1,SEO,2024-11-04 00:00,Y,217.34
807946,2,Paid Search,2025-04-13 00:00,Y,166.57
805786,2,Paid Search,2025-08-12 00:00,N,0
806056,1,SEO,2025-08-18 00:00,N,0
803593,1,SEO,2025-10-17 00:00,Y,121.69
806185,2,Paid Search,2024-10-26 00:00,Y,67.62
804393,4,Email,2024-01-23 00:00,N,0
808083,1,Paid Social,2024-03-15 00:00,N,0
807937,1,Paid Social,2025-04-12 00:00,Y,123.67
804993,4,Email,2024-02-13 00:00,N,0
804095,3,Email,2024-09-28 00:00,N,0
801229,3,SEO,2025-02-24 00:00,Y,115.74
806512,3,Paid Social,2025-08-25 00:00,Y,94.42
805601,2,SEO,2025-08-17 00:00,N,0
803200,3,Paid Social,2024-03-05 00:00,N,0
802501,3,Email,2025-01-04 00:00,Y,214.54
806413,2,Paid Social,2024-06-12 00:00,Y,106.52
803335,3,SEO,2024-02-01 00:00,Y,177.51
805279,2,SEO,2024-10-07 00:00,Y,173.52
802789,2,Paid Social,2024-07-27 00:00,N,0
804046,1,SEO,2025-02-10 00:00,Y,218.89
808450,2,Email,2025-10-17 00:00,Y,200.36
802375,1,Paid Social,2024-07-14 00:00,Y,207.85
804196,2,Paid Social,2024-05-15 00:00,Y,190.33
804223,3,Email,2025-09-06 00:00,N,0
800109,3,Paid Social,2024-11-22 00:00,Y,193.19
805574,3,Paid Search,2025-02-07 00:00,N,0
803476,3,Email,2025-06-19 00:00,N,0
800305,2,Paid Social,2024-05-28 00:00,N,0
803675,1,SEO,2024-08-19 00:00,Y,154.93
807062,1,Paid Search,2024-11-05 00:00,Y,216.85
801907,2,Paid Search,2024-03-02 00:00,N,0
805672,2,Email,2024-02-12 00:00,Y,37.6
808078,5,Email,2024-05-09 00:00,N,0
804887,4,Paid Search,2025-07-19 00:00,Y,128.07
803904,2,Email,2024-05-10 00:00,Y,187.63
804610,4,Paid Social,2025-08-03 00:00,N,0
800896,2,Email,2024-11-13 00:00,Y,180.58
807179,1,Paid Social,2024-04-18 00:00,N,0
808258,1,SEO,2025-01-19 00:00,Y,35.01
808868,3,Paid Social,2025-05-02 00:00,N,0
801597,3,SEO,2025-04-16 00:00,Y,121.44
806373,1,Paid Search,2024-09-19 00:00,Y,97.58
808087,2,Paid Social,2024-09-08 00:00,N,0
805785,3,Email,2025-02-11 00:00,Y,182.97
800879,1,Paid Social,2024-11-23 00:00,Y,214.74
805361,1,SEO,2025-01-08 00:00,Y,127.18
801567,1,Paid Search,2025-01-10 00:00,N,0
806082,1,Paid Social,2025-08-15 00:00,Y,192.56
801290,3,Paid Search,2024-09-05 00:00,Y,187.3
800500,1,SEO,2024-07-02 00:00,N,0
808602,1,Paid Search,2025-07-09 00:00,N,0
805311,1,Paid Search,2024-10-23 00:00,Y,149.44
804664,1,Paid Social,2024-03-26 00:00,N,0
802941,2,Email,2025-01-28 00:00,Y,112.23
800677,4,Email,2025-06-05 00:00,N,0
802632,4,Email,2025-08-07 00:00,N,0
804928,1,SEO,2024-05-23 00:00,Y,108.9
802917,1,SEO,2024-10-26 00:00,Y,71.56
800417,1,SEO,2025-03-08 00:00,Y,199.2
800093,2,Email,2024-05-06 00:00,N,0
802573,1,SEO,2024-03-15 00:00,Y,205.3
808048,1,Email,2025-01-27 00:00,Y,162.71
800869,1,SEO,2024-09-23 00:00,N,0
801493,2,Paid Social,2024-03-29 00:00,N,0
802170,1,Email,2025-01-23 00:00,N,0
807534,1,SEO,2024-02-10 00:00,Y,211.98
801106,1,Paid Social,2025-10-03 00:00,N,0
803761,4,Paid Social,2024-10-15 00:00,Y,135.05
806508,3,Email,2024-07-13 00:00,Y,92.08
804922,3,Email,2024-11-13 00:00,N,0
803468,4,Email,2025-05-08 00:00,Y,67.0
807737,4,Paid Social,2024-12-13 00:00,Y,62.94
808442,1,Paid Search,2024-01-19 00:00,Y,212.63
806594,4,Paid Social,2024-06-03 00:00,Y,79.72
801105,2,Paid Social,2025-08-24 00:00,N,0
804257,2,Email,2024-10-28 00:00,N,0
808850,2,SEO,2025-04-08 00:00,Y,197.91
807675,3,Paid Search,2025-02-23 00:00,N,0
807654,3,Paid Search,2024-11-24 00:00,N,0
802098,4,Email,2025-04-14 00:00,Y,191.89
804882,1,SEO,2025-05-12 00:00,Y,50.22
800184,1,SEO,2025-08-16 00:00,Y,58.54
802960,4,Paid Search,2025-03-04 00:00,N,0
808601,2,Email,2025-06-08 00:00,Y,108.68
804296,1,SEO,2025-02-09 00:00,N,0
801616,1,SEO,2025-03-14 00:00,Y,150.74
804559,4,Paid Search,2024-10-27 00:00,Y,44.09
803590,5,SEO,2025-03-22 00:00,Y,56.59
804971,1,Paid Social,2024-07-08 00:00,Y,127.02
801869,2,Email,2025-04-15 00:00,Y,179.5
801768,1,Paid Social,2025-02-11 00:00,Y,138.48
807028,1,SEO,2025-09-20 00:00,N,0
801971,1,SEO,2025-10-11 00:00,N,0
805485,1,Paid Search,2024-08-13 00:00,Y,160.96
801892,1,Paid Search,2024-12-24 00:00,Y,45.82
801458,3,Paid Social,2024-12-22 00:00,N,0
802936,2,Paid Social,2025-08-23 00:00,Y,89.27
802099,3,SEO,2025-03-20 00:00,Y,51.4
807955,1,SEO,2024-11-17 00:00,Y,179.91
801628,2,Email,2025-03-22 00:00,N,0
800641,1,SEO,2024-08-31 00:00,Y,195.63
800408,1,SEO,2025-08-19 00:00,Y,151.65
806925,2,Paid Social,2024-06-23 00:00,Y,75.77
808114,3,Email,2025-07-26 00:00,Y,148.88
803362,4,Paid Social,2025-01-12 00:00,Y,54.51
803028,2,Paid Social,2025-07-26 00:00,N,0
805571,2,Email,2025-06-25 00:00,Y,168.87
802828,3,Paid Search,2024-07-26 00:00,Y,172.32
806806,3,SEO,2024-07-27 00:00,Y,190.16
805704,1,Paid Social,2025-01-08 00:00,Y,213.18
806586,2,Paid Search,2024-05-02 00:00,N,0
800619,1,SEO,2025-04-21 00:00,Y,92.67
803475,2,Email,2024-10-14 00:00,Y,102.01
802661,1,SEO,2024-11-23 00:00,Y,141.71
807916,2,Email,2024-07-19 00:00,Y,80.89
808907,2,Paid Search,2024-08-23 00:00,Y,87.75
804005,2,Email,2024-04-23 00:00,Y,65.34
807923,1,SEO,2025-08-16 00:00,Y,187.68
805604,1,Paid Social,2024-02-12 00:00,Y,42.17
802880,3,Paid Search,2025-01-09 00:00,Y,186.97
801613,2,Paid Social,2025-03-01 00:00,N,0
805253,1,Paid Social,2024-07-28 00:00,N,0
803836,1,SEO,2024-06-18 00:00,Y,169.28
805043,1,SEO,2024-12-04 00:00,Y,152.63
804199,3,Paid Search,2024-03-22 00:00,Y,48.03
802355,2,Email,2025-05-13 00:00,Y,80.83
805075,2,Paid Search,2025-10-02 00:00,Y,215.55
800593,2,Paid Social,2024-11-30 00:00,Y,76.59
803825,2,Paid Search,2025-01-05 00:00,Y,200.33
805987,2,Paid Search,2024-09-09 00:00,Y,151.08
801952,1,Email,2024-08-21 00:00,Y,60.48
804155,2,Email,2024-06-14 00:00,N,0
804232,1,SEO,2025-09-13 00:00,Y,153.19
805264,2,Paid Social,2025-07-19 00:00,Y,48.7
806275,1,Paid Social,2024-07-19 00:00,Y,113.44
806686,1,Paid Social,2024-08-27 00:00,Y,175.83
804513,3,Email,2024-10-07 00:00,Y,168.5
805042,2,Paid Search,2025-01-18 00:00,N,0
800318,3,Paid Search,2025-01-26 00:00,Y,132.54
801389,1,SEO,2025-08-20 00:00,N,0
803211,3,Paid Social,2024-10-21 00:00,N,0
802674,1,SEO,2025-09-29 00:00,Y,208.49
807410,1,SEO,2024-10-12 00:00,Y,114.38
803228,2,Paid Social,2025-01-20 00:00,Y,88.2
804343,2,Paid Social,2024-02-21 00:00,Y,105.15
805639,1,SEO,2025-06-04 00:00,Y,82.54
802865,1,Paid Search,2024-04-28 00:00,Y,97.94
800295,2,Paid Social,2025-02-27 00:00,Y,108.29
801272,1,SEO,2025-03-13 00:00,N,0
801122,1,Paid Social,2025-07-20 00:00,N,0
807498,2,SEO,2025-09-19 00:00,N,0
800312,2,SEO,2024-07-15 00:00,Y,116.27
804899,2,Paid Social,2024-05-26 00:00,N,0
801062,4,Paid Social,2024-12-03 00:00,Y,173.22
801660,3,Paid Search,2024-03-19 00:00,Y,158.41
804206,1,Paid Search,2024-07-08 00:00,Y,72.29
805216,1,Paid Social,2025-01-15 00:00,N,0
803751,2,SEO,2025-02-11 00:00,Y,40.24
807042,1,Paid Search,2024-07-06 00:00,Y,97.69
807446,3,Paid Search,2025-06-06 00:00,N,0
800335,1,SEO,2024-10-21 00:00,N,0
805190,1,SEO,2025-04-10 00:00,Y,108.59
804233,3,Email,2025-07-10 00:00,Y,122.77
808788,1,Paid Social,2025-09-05 00:00,Y,94.94
806899,3,Email,2025-09-15 00:00,Y,73.59
808381,1,SEO,2024-08-07 00:00,N,0
800016,3,Paid Search,2024-08-09 00:00,N,0
804259,1,SEO,2024-10-20 00:00,Y,95.29
807222,1,SEO,2025-09-04 00:00,N,0
806941,4,Email,2025-05-01 00:00,N,0
808474,3,Email,2025-07-31 00:00,Y,205.72
804768,2,Paid Social,2024-04-16 00:00,N,0
804971,2,Paid Social,2024-07-11 00:00,Y,127.02
802546,2,Paid Social,2025-07-28 00:00,Y,155.74
806677,2,Email,2024-01-07 00:00,Y,183.23
808008,1,SEO,2024-02-05 00:00,N,0
805334,1,Paid Search,2025-10-03 00:00,Y,61.1
801705,2,Paid Social,2025-09-09 00:00,Y,166.78
803437,1,SEO,2024-02-09 00:00,Y,151.61
801518,2,SEO,2025-02-26 00:00,Y,84.8
800527,2,SEO,2025-03-17 00:00,N,0
801514,2,SEO,2025-10-08 00:00,Y,49.96
804115,2,SEO,2025-08-19 00:00,N,0
800706,2,Paid Search,2024-11-16 00:00,Y,166.21
801593,1,SEO,2024-09-13 00:00,N,0
803190,1,SEO,2025-09-10 00:00,N,0
802566,3,Email,2025-07-02 00:00,N,0
808368,3,Paid Search,2025-02-17 00:00,Y,128.02
805146,1,SEO,2024-10-14 00:00,N,0
803535,2,Email,2024-11-04 00:00,Y,198.4
806042,1,SEO,2025-09-27 00:00,Y,206.85
802891,1,Paid Social,2024-10-31 00:00,N,0
801974,2,Email,2025-09-26 00:00,Y,114.4
803725,1,SEO,2025-03-29 00:00,Y,174.24
802888,3,Email,2025-08-19 00:00,N,0
806402,3,Paid Search,2024-07-18 00:00,N,0
804230,1,Paid Social,2024-06-16 00:00,Y,153.68
802187,4,Paid Social,2025-01-01 00:00,N,0
806609,1,SEO,2025-09-02 00:00,Y,205.44
805972,1,SEO,2025-03-28 00:00,N,0
805859,3,SEO,2024-12-02 00:00,N,0
805623,1,Email,2025-10-02 00:00,Y,76.72
807790,1,Paid Social,2025-04-09 00:00,Y,133.89
803291,1,SEO,2025-03-19 00:00,N,0
801574,1,Paid Social,2024-01-15 00:00,N,0
804369,1,Email,2024-03-11 00:00,Y,205.88
807563,2,SEO,2025-05-21 00:00,Y,145.93
802890,3,Email,2025-05-02 00:00,Y,217.55
803035,2,SEO,2024-06-03 00:00,N,0
805753,1,Paid Social,2024-06-11 00:00,N,0
801879,4,Paid Search,2024-11-12 00:00,Y,179.57
800351,3,Email,2024-05-24 00:00,Y,97.99
803276,1,Paid Social,2025-05-08 00:00,Y,173.37
801578,2,Paid Social,2024-10-31 00:00,Y,215.79
808116,2,Paid Search,2025-03-26 00:00,Y,179.11
806237,2,Paid Search,2025-10-05 00:00,Y,51.01
801515,1,Email,2024-07-18 00:00,Y,38.72
806309,1,Email,2024-08-20 00:00,Y,213.73
807461,1,Paid Search,2025-07-22 00:00,Y,166.8
807604,1,SEO,2024-05-17 00:00,N,0
804363,2,Paid Search,2024-09-17 00:00,N,0
802319,1,SEO,2025-08-22 00:00,Y,163.01
806062,1,Paid Social,2024-12-17 00:00,Y,144.31
807899,2,Email,2025-09-21 00:00,Y,82.65
800970,2,Paid Search,2024-01-04 00:00,Y,68.62
800465,2,Paid Social,2025-04-07 00:00,N,0
806852,3,Paid Search,2025-06-13 00:00,Y,63.34
801072,2,Paid Social,2024-09-30 00:00,N,0
806828,1,Email,2024-01-24 00:00,Y,127.84
808686,4,Paid Social,2024-09-07 00:00,N,0
801243,1,Paid Social,2024-05-08 00:00,Y,142.9
801459,5,Paid Search,2024-10-25 00:00,Y,96.93
804834,1,Paid Social,2025-06-08 00:00,Y,140.38
804182,1,Paid Social,2025-05-09 00:00,N,0
805844,1,Paid Search,2024-07-12 00:00,Y,168.91
808102,1,SEO,2024-08-27 00:00,N,0
800928,3,Paid Social,2024-05-31 00:00,N,0
803615,5,Paid Search,2024-12-11 00:00,Y,58.83
806286,4,Email,2025-09-16 00:00,Y,167.85
802816,1,SEO,2024-08-25 00:00,N,0
804649,1,SEO,2025-06-03 00:00,N,0
807075,2,SEO,2024-09-07 00:00,Y,145.62
807962,2,SEO,2024-07-31 00:00,Y,148.36
805835,3,Paid Search,2024-05-08 00:00,Y,180.88
803173,1,Paid Search,2025-02-15 00:00,Y,61.19
808415,3,Paid Search,2024-03-28 00:00,N,0
806358,2,Email,2024-09-17 00:00,N,0
800025,1,Paid Social,2025-03-28 00:00,Y,156.54
800119,1,Paid Social,2024-11-06 00:00,Y,202.52
801446,4,Paid Social,2024-11-25 00:00,Y,131.52
800565,5,Email,2024-03-30 00:00,N,0
800252,1,Paid Social,2024-10-09 00:00,Y,170.63
801994,2,SEO,2025-08-27 00:00,N,0
801029,2,Paid Social,2025-05-31 00:00,Y,112.24
805467,1,SEO,2025-01-30 00:00,N,0
802626,1,Paid Search,2024-12-29 00:00,Y,178.72
808595,4,Paid Search,2024-11-12 00:00,Y,114.61
807727,2,Paid Search,2025-08-09 00:00,Y,85.03
804058,2,Paid Social,2025-01-29 00:00,Y,108.46
805968,1,Paid Social,2024-05-05 00:00,Y,37.33
806262,3,Paid Social,2024-08-20 00:00,Y,73.48
802903,4,Paid Search,2024-12-09 00:00,Y,174.42
804863,1,SEO,2024-02-08 00:00,Y,160.1
800578,2,Paid Search,2024-10-25 00:00,Y,64.3
802915,1,SEO,2025-03-07 00:00,Y,200.13
803962,2,Paid Search,2024-10-08 00:00,Y,194.2
805138,1,Paid Search,2025-07-01 00:00,Y,76.86
803792,1,SEO,2025-06-27 00:00,N,0
802038,1,Paid Social,2024-06-11 00:00,N,0
805422,1,Paid Search,2024-10-07 00:00,N,0
803736,2,Paid Search,2025-07-09 00:00,N,0
801351,1,SEO,2024-08-11 00:00,Y,208.91
803694,2,Paid Search,2024-04-05 00:00,N,0
806673,2,Paid Social,2025-04-26 00:00,N,0
808456,2,Paid Search,2025-05-13 00:00,N,0
802485,1,Email,2024-01-07 00:00,N,0
806539,2,Email,2025-06-11 00:00,N,0
805173,2,Email,2024-03-12 00:00,Y,72.16
807390,2,Paid Search,2025-07-27 00:00,Y,140.74
803067,1,Paid Social,2024-05-25 00:00,N,0
806749,3,Paid Search,2024-03-21 00:00,Y,205.31
808705,2,Email,2024-04-20 00:00,Y,130.81
806781,2,Paid Search,2025-08-15 00:00,Y,218.32
801820,2,Paid Social,2024-09-21 00:00,N,0
800216,2,Paid Search,2024-10-12 00:00,N,0
800228,2,Paid Social,2025-07-31 00:00,Y,140.81
804663,3,Paid Search,2024-06-29 00:00,Y,138.28
807682,2,Paid Social,2024-12-14 00:00,Y,202.0
806117,1,SEO,2025-10-06 00:00,Y,114.23
801498,1,Paid Search,2024-05-16 00:00,N,0
800192,5,Email,2024-02-20 00:00,Y,111.06
801812,2,SEO,2024-06-17 00:00,Y,211.88
803568,2,SEO,2025-09-05 00:00,Y,98.04
800166,4,Paid Search,2024-04-26 00:00,N,0
803667,3,Paid Search,2025-05-13 00:00,Y,200.97
804757,2,Paid Search,2024-10-25 00:00,N,0
804753,2,Paid Social,2024-09-13 00:00,Y,210.97
806385,1,Email,2024-07-22 00:00,Y,194.89
802960,1,Email,2025-02-23 00:00,N,0
808823,1,SEO,2024-08-20 00:00,Y,195.44
802251,1,Paid Search,2024-06-15 00:00,Y,144.56
800491,2,Paid Search,2024-08-12 00:00,Y,129.27
808186,1,Email,2024-09-09 00:00,N,0
808837,2,Paid Search,2024-09-05 00:00,Y,114.54
801349,1,SEO,2024-04-19 00:00,N,0
801289,2,SEO,2025-06-15 00:00,Y,39.72
807286,2,Paid Search,2025-03-16 00:00,N,0
807542,2,SEO,2025-03-27 00:00,Y,150.7
805181,3,Paid Search,2024-03-13 00:00,Y,209.67
808626,3,Email,2024-11-20 00:00,N,0
803862,2,SEO,2025-01-24 00:00,Y,139.48
806603,4,Paid Search,2024-04-29 00:00,Y,124.33
803340,2,Paid Search,2024-02-27 00:00,N,0
805417,3,SEO,2025-06-23 00:00,Y,202.53
805653,2,Paid Search,2025-09-09 00:00,N,0
800570,1,Paid Social,2024-01-01 00:00,Y,215.84
807471,3,Paid Search,2025-03-05 00:00,N,0
803780,1,Paid Social,2025-06-28 00:00,Y,201.81
806890,2,Paid Search,2025-07-24 00:00,N,0
802151,2,SEO,2025-03-05 00:00,Y,132.37
806096,1,SEO,2025-09-17 00:00,Y,142.15
800243,2,Paid Search,2025-02-05 00:00,Y,163.21
804761,1,Email,2024-04-06 00:00,Y,128.19
806167,1,Paid Social,2024-10-18 00:00,N,0
805831,3,Email,2025-02-02 00:00,Y,74.62
804661,2,Email,2024-12-19 00:00,Y,186.42
807531,1,SEO,2024-08-29 00:00,Y,40.64
804578,5,Email,2024-01-16 00:00,Y,55.26
802006,2,Email,2024-06-07 00:00,Y,134.77
804777,1,SEO,2025-06-10 00:00,N,0
803033,3,Paid Search,2024-01-25 00:00,N,0
806966,4,SEO,2024-10-19 00:00,N,0
806398,2,SEO,2024-09-05 00:00,Y,177.33
801967,1,Paid Social,2024-10-13 00:00,Y,95.48
802210,2,Paid Search,2024-06-07 00:00,Y,77.91
802366,3,Paid Social,2025-07-31 00:00,N,0
802854,4,Email,2025-07-12 00:00,N,0
803737,2,Paid Social,2025-04-07 00:00,N,0
807016,1,Paid Search,2024-02-13 00:00,Y,215.74
808899,2,Email,2025-01-09 00:00,Y,179.46
807102,1,Paid Social,2025-07-11 00:00,Y,125.71
806785,3,Email,2024-10-28 00:00,Y,78.23
805300,2,Paid Social,2025-08-28 00:00,Y,99.93
805055,1,SEO,2025-02-12 00:00,Y,210.84
804033,3,SEO,2025-05-13 00:00,N,0
803561,1,Paid Search,2025-01-27 00:00,Y,133.13
801698,1,Paid Social,2024-11-02 00:00,Y,135.16
802658,5,Paid Social,2025-01-08 00:00,Y,129.8
801905,2,Paid Social,2025-01-10 00:00,N,0
803678,2,Paid Search,2025-09-02 00:00,Y,199.71
804288,1,Paid Social,2024-03-19 00:00,Y,102.41
805856,3,Email,2024-11-04 00:00,Y,70.16
800842,2,Paid Search,2025-07-22 00:00,Y,193.07
802950,4,Email,2025-04-03 00:00,Y,54.89
808650,3,Paid Social,2025-02-14 00:00,N,0
801961,1,Paid Social,2024-03-26 00:00,N,0
806252,2,SEO,2025-03-14 00:00,Y,159.63
800302,1,SEO,2025-07-25 00:00,N,0
801778,4,Email,2025-09-21 00:00,Y,45.13
800716,1,Paid Social,2025-09-19 00:00,Y,107.23
806339,3,Email,2025-05-21 00:00,Y,203.1
805638,2,Email,2025-10-05 00:00,N,0
807617,3,Email,2024-05-13 00:00,N,0
802174,3,Paid Search,2025-05-10 00:00,N,0
804447,2,Email,2024-12-17 00:00,Y,218.09
802556,2,Email,2025-04-05 00:00,Y,46.65
801939,1,Paid Social,2024-05-25 00:00,Y,206.46
804920,1,SEO,2025-07-30 00:00,N,0
804630,1,Email,2025-05-26 00:00,Y,75.67
806058,2,Email,2024-10-15 00:00,N,0
807553,2,SEO,2025-06-14 00:00,Y,194.88
803134,1,Paid Social,2024-09-24 00:00,Y,141.96
805450,5,Paid Search,2024-08-24 00:00,N,0
800442,1,SEO,2024-01-27 00:00,Y,40.64
804754,1,Email,2025-03-05 00:00,Y,70.21
802888,1,Paid Social,2025-08-13 00:00,N,0
803570,4,Paid Social,2024-02-14 00:00,Y,83.5
803992,3,Email,2024-09-15 00:00,Y,193.88
807466,1,Email,2025-09-29 00:00,Y,132.43
800658,2,Paid Search,2024-04-27 00:00,Y,212.32
806637,1,SEO,2025-08-15 00:00,N,0
803735,1,Email,2024-10-22 00:00,Y,183.47
808716,1,SEO,2024-01-21 00:00,Y,122.15
802360,4,Email,2025-08-24 00:00,N,0
806124,5,Email,2025-03-13 00:00,N,0
807875,4,Paid Search,2024-07-05 00:00,Y,202.88
800766,1,Paid Social,2024-08-05 00:00,Y,177.52
808734,3,SEO,2025-02-01 00:00,N,0
808405,2,SEO,2024-01-16 00:00,Y,112.51
805817,1,SEO,2024-03-22 00:00,Y,198.4
804905,5,Paid Social,2025-05-18 00:00,Y,108.9
801577,1,Email,2025-02-04 00:00,Y,127.62
808631,1,SEO,2024-12-14 00:00,N,0
806303,4,Email,2025-09-05 00:00,Y,123.28
800451,1,Paid Search,2024-04-19 00:00,Y,144.2
801235,2,Email,2025-01-22 00:00,N,0
801028,1,SEO,2024-04-07 00:00,Y,203.89
807770,4,Paid Search,2024-09-16 00:00,Y,66.85
807441,2,SEO,2024-08-16 00:00,Y,80.63
802044,2,Email,2024-06-17 00:00,Y,85.16
805798,1,Paid Social,2024-10-15 00:00,Y,212.27
805454,2,Paid Social,2024-02-08 00:00,Y,87.91
806304,2,Email,2024-11-02 00:00,Y,143.87
808595,2,Email,2024-11-05 00:00,Y,114.61
806069,1,Email,2025-08-30 00:00,Y,205.94
807218,4,Email,2025-02-21 00:00,Y,200.0
806334,3,Paid Search,2025-05-28 00:00,Y,199.27
800462,1,Email,2024-08-02 00:00,Y,210.86
804120,2,Paid Search,2024-01-25 00:00,N,0
807098,2,Email,2025-08-27 00:00,Y,177.45
804788,2,Paid Social,2024-06-04 00:00,Y,148.97
805150,2,Paid Social,2024-03-14 00:00,Y,118.46
807460,2,Email,2025-08-18 00:00,Y,192.86
806298,2,Email,2025-07-01 00:00,N,0
808896,3,Paid Search,2025-02-04 00:00,N,0
805032,1,Paid Social,2025-01-25 00:00,N,0
800662,2,Paid Search,2024-12-19 00:00,N,0
800866,3,Paid Search,2025-01-30 00:00,Y,105.08
808538,1,Paid Social,2025-08-26 00:00,Y,209.59
804656,3,Email,2024-12-19 00:00,Y,36.25
804129,1,SEO,2024-12-19 00:00,N,0
803372,3,Paid Search,2025-01-14 00:00,Y,122.96
805785,2,Paid Social,2025-02-09 00:00,Y,182.97
807237,1,SEO,2024-05-21 00:00,Y,142.06
800780,1,Paid Search,2024-06-02 00:00,Y,196.31
807468,2,SEO,2025-07-25 00:00,N,0
805442,2,Paid Search,2025-09-09 00:00,Y,43.86
805737,2,SEO,2025-04-05 00:00,N,0
804768,3,SEO,2024-04-19 00:00,N,0
805772,3,Email,2024-02-11 00:00,N,0
802433,2,SEO,2025-05-18 00:00,N,0
801364,1,SEO,2024-01-26 00:00,Y,64.04
806832,1,Paid Social,2024-09-18 00:00,Y,133.52
804295,2,Paid Social,2024-02-08 00:00,Y,96.94
805672,1,SEO,2024-02-10 00:00,Y,37.6
807210,3,Paid Social,2025-08-24 00:00,N,0
804823,1,Paid Social,2025-05-17 00:00,N,0
806669,4,SEO,2025-02-01 00:00,Y,167.9
802413,4,Email,2025-10-16 00:00,N,0
801504,3,Email,2025-09-26 00:00,N,0
808646,1,SEO,2024-08-04 00:00,N,0
803955,5,Paid Search,2024-10-21 00:00,Y,61.43
800686,2,Paid Social,2024-05-13 00:00,Y,151.22
803306,2,Paid Search,2025-09-07 00:00,Y,111.36
807078,4,Email,2025-05-15 00:00,N,0
802701,1,SEO,2024-09-11 00:00,N,0
804784,2,Email,2025-08-06 00:00,N,0
805094,3,Paid Search,2024-07-25 00:00,N,0
807827,2,Paid Social,2024-11-28 00:00,Y,174.64
806180,1,Paid Social,2025-01-24 00:00,N,0
803649,5,Email,2024-11-22 00:00,Y,177.54
805763,4,Email,2024-11-01 00:00,Y,108.51
806240,2,Email,2024-03-02 00:00,Y,159.81
800699,4,SEO,2025-03-18 00:00,Y,70.69
806895,2,Email,2024-04-08 00:00,N,0
806243,1,Paid Social,2024-10-04 00:00,Y,91.28
807813,1,Paid Search,2024-08-14 00:00,Y,145.52
801584,2,Paid Social,2025-05-07 00:00,Y,215.91
804183,5,Email,2025-07-26 00:00,Y,65.47
802693,2,Email,2025-08-08 00:00,Y,37.82
800491,3,Email,2024-08-17 00:00,Y,129.27
806588,2,SEO,2025-01-05 00:00,Y,148.11
800573,1,Paid Search,2025-07-23 00:00,Y,87.34
805534,1,SEO,2025-02-11 00:00,Y,53.56
802221,3,SEO,2024-07-11 00:00,Y,168.94
805293,2,Email,2024-02-10 00:00,Y,176.22
804220,1,Paid Social,2024-11-04 00:00,N,0
802341,3,Email,2024-08-07 00:00,Y,84.52
806740,1,SEO,2025-07-03 00:00,Y,58.75
805701,2,SEO,2024-05-18 00:00,Y,83.73
807347,2,SEO,2025-03-26 00:00,Y,72.88
804216,2,Paid Social,2025-10-02 00:00,N,0
805221,4,Paid Social,2024-02-19 00:00,Y,175.13
805041,1,Paid Social,2024-11-14 00:00,N,0
800407,2,Email,2025-10-13 00:00,N,0
805359,2,Paid Social,2024-05-13 00:00,Y,125.79
800883,2,SEO,2024-04-04 00:00,Y,78.3
806140,4,Paid Search,2024-10-08 00:00,Y,153.98
801642,3,Paid Search,2024-11-08 00:00,Y,205.25
803175,1,SEO,2025-08-13 00:00,Y,179.46
807021,3,Email,2024-11-04 00:00,N,0
805764,1,SEO,2024-11-01 00:00,Y,179.42
807175,1,SEO,2024-08-16 00:00,N,0
808342,1,Paid Social,2025-04-05 00:00,Y,125.54
806503,1,Email,2024-06-30 00:00,N,0
803797,2,Paid Social,2025-09-27 00:00,N,0
805255,3,Email,2024-11-23 00:00,Y,148.32
806868,1,Paid Social,2025-03-30 00:00,Y,168.77
803658,1,Paid Social,2025-03-15 00:00,Y,138.73
806688,1,Email,2024-10-01 00:00,N,0
804104,5,Paid Search,2025-04-03 00:00,Y,58.64
806304,3,SEO,2024-11-02 00:00,Y,143.87
802654,1,Email,2024-11-03 00:00,N,0
807514,3,Paid Social,2024-07-30 00:00,N,0
805268,3,Email,2024-11-05 00:00,Y,69.04
806584,1,Email,2024-09-27 00:00,N,0
804912,1,Paid Social,2025-01-14 00:00,N,0
802885,3,SEO,2025-09-12 00:00,Y,134.41
807254,1,Paid Social,2024-09-13 00:00,Y,136.45
807028,4,Paid Search,2025-09-23 00:00,N,0
806745,3,Paid Search,2025-10-06 00:00,N,0
804186,2,Paid Search,2025-06-02 00:00,Y,154.31
800556,1,Paid Social,2024-04-16 00:00,Y,193.95
800584,1,Paid Search,2024-11-21 00:00,Y,68.38
805269,3,Paid Search,2024-11-04 00:00,N,0
806509,3,SEO,2025-05-11 00:00,Y,205.14
808234,5,Paid Search,2025-09-10 00:00,Y,148.68
803150,5,SEO,2024-07-08 00:00,Y,145.16
808158,3,SEO,2025-01-07 00:00,Y,42.98
804977,1,Email,2025-04-20 00:00,N,0
804504,2,Paid Social,2024-11-06 00:00,Y,78.26
806394,1,SEO,2024-07-13 00:00,Y,64.2
806018,1,Email,2024-05-08 00:00,Y,214.34
800741,2,Paid Search,2025-09-28 00:00,Y,53.34
805236,2,Email,2025-07-18 00:00,Y,178.3
804545,2,Paid Social,2024-07-22 00:00,Y,133.54
808896,1,SEO,2025-02-02 00:00,N,0
808512,2,SEO,2025-03-08 00:00,N,0
801787,1,SEO,2025-05-27 00:00,Y,175.72
804640,1,SEO,2025-10-14 00:00,N,0
803809,3,Email,2024-10-09 00:00,Y,107.05
803139,2,Email,2024-09-09 00:00,N,0
802777,2,SEO,2024-11-08 00:00,Y,186.81
802824,3,Email,2024-01-29 00:00,Y,155.34
800713,2,SEO,2025-05-31 00:00,N,0
806639,1,Paid Social,2024-02-29 00:00,Y,179.11
806942,2,Email,2025-10-10 00:00,N,0
803852,2,Paid Search,2025-05-12 00:00,N,0
807914,4,Email,2025-04-20 00:00,Y,132.32
805494,1,Paid Social,2025-01-22 00:00,N,0
807723,1,Email,2025-01-24 00:00,Y,180.32
800890,4,Paid Search,2024-06-03 00:00,N,0
808418,4,Email,2024-10-15 00:00,Y,193.47
807640,4,Paid Search,2025-08-14 00:00,Y,92.45
803328,3,Email,2025-08-07 00:00,N,0
800971,1,SEO,2024-07-09 00:00,N,0
804687,3,Paid Social,2024-11-26 00:00,Y,109.07
803010,1,Paid Social,2024-09-18 00:00,Y,35.99
806985,1,Paid Search,2024-02-01 00:00,N,0
808146,1,Paid Social,2025-02-21 00:00,Y,98.88
804607,2,Paid Search,2025-01-30 00:00,Y,104.66
807775,1,Paid Social,2025-03-08 00:00,Y,41.76
806098,3,Email,2024-07-15 00:00,N,0
807053,3,Email,2025-06-03 00:00,Y,182.41
806288,1,SEO,2025-05-23 00:00,N,0
802606,3,SEO,2025-06-19 00:00,N,0
804413,1,SEO,2024-02-21 00:00,N,0
808415,2,Paid Search,2024-03-27 00:00,N,0
806690,1,Paid Social,2024-03-08 00:00,Y,92.14
807784,1,Paid Social,2024-10-22 00:00,Y,52.77
804984,4,Paid Search,2025-03-03 00:00,Y,67.92
801745,2,Paid Search,2025-07-11 00:00,N,0
803402,1,SEO,2025-02-22 00:00,Y,190.29
802483,1,SEO,2024-12-17 00:00,Y,88.05
803661,1,Paid Social,2025-05-08 00:00,Y,165.76
801870,1,Email,2025-02-04 00:00,Y,75.49
804255,1,SEO,2024-05-16 00:00,N,0
800622,3,Email,2025-10-22 00:00,N,0
808846,2,Paid Social,2025-06-13 00:00,N,0
800256,1,Paid Social,2025-05-12 00:00,N,0
802728,2,SEO,2025-02-23 00:00,N,0
804310,4,SEO,2025-06-25 00:00,Y,176.16
801891,3,Paid Search,2024-07-19 00:00,Y,75.37
802763,5,Paid Search,2024-11-14 00:00,N,0
807863,2,Email,2024-10-02 00:00,Y,212.74
805857,1,Paid Social,2024-11-12 00:00,Y,219.99
803080,1,SEO,2025-10-07 00:00,Y,210.02
803047,2,Email,2025-06-22 00:00,N,0
800384,4,Email,2025-03-17 00:00,N,0
801819,4,Paid Search,2024-04-28 00:00,Y,53.71
807921,1,SEO,2024-04-13 00:00,Y,116.13
805313,3,Email,2024-07-07 00:00,Y,203.76
805493,2,SEO,2025-03-31 00:00,N,0
804006,1,Email,2024-04-11 00:00,N,0
805380,2,SEO,2025-01-09 00:00,Y,72.96
803089,2,Paid Social,2024-03-11 00:00,N,0
801388,3,SEO,2024-07-11 00:00,Y,131.29
805419,2,SEO,2025-08-16 00:00,N,0
808918,1,SEO,2024-09-23 00:00,N,0
804411,1,SEO,2024-05-04 00:00,Y,106.44
802375,4,Paid Search,2024-07-17 00:00,Y,207.85
807628,2,Paid Social,2024-12-29 00:00,Y,39.68
806340,3,SEO,2025-09-25 00:00,Y,141.13
807220,1,Paid Search,2025-01-07 00:00,Y,180.32
801233,1,Paid Social,2025-02-07 00:00,N,0
807394,1,SEO,2025-09-17 00:00,Y,105.55
806604,3,Email,2025-06-13 00:00,N,0
800907,1,Paid Social,2025-07-09 00:00,Y,190.39
807355,3,Email,2024-03-11 00:00,Y,152.6
808633,3,Email,2025-10-18 00:00,Y,200.08
800113,5,Paid Search,2024-05-06 00:00,Y,130.16
807667,1,Paid Search,2024-03-21 00:00,N,0
805692,2,Paid Search,2024-09-02 00:00,Y,86.06
800044,3,SEO,2024-06-07 00:00,Y,201.62
804881,4,Email,2024-03-24 00:00,N,0
801067,4,SEO,2024-07-20 00:00,N,0
800530,3,Email,2025-03-28 00:00,Y,201.98
802707,2,SEO,2025-05-30 00:00,Y,185.91
801984,1,Paid Social,2024-12-18 00:00,Y,60.26
802434,2,Paid Search,2025-10-03 00:00,N,0
808422,1,Paid Social,2024-03-23 00:00,Y,53.45
804928,3,Paid Search,2024-05-27 00:00,Y,108.9
800110,1,Email,2025-04-19 00:00,Y,182.99
801445,2,SEO,2025-06-07 00:00,Y,132.63
801802,1,SEO,2024-09-08 00:00,N,0
800504,2,Paid Search,2025-03-23 00:00,Y,175.84
801054,4,Paid Social,2025-05-10 00:00,Y,120.76
803027,1,Paid Search,2025-01-23 00:00,Y,185.23
805844,3,Paid Social,2024-07-16 00:00,Y,168.91
800121,1,Paid Social,2025-04-03 00:00,Y,109.39
801127,3,Paid Social,2025-03-22 00:00,N,0
806132,1,Paid Social,2024-12-17 00:00,N,0
805335,3,Paid Search,2024-11-14 00:00,Y,38.24
800460,1,Paid Social,2024-08-16 00:00,N,0
804514,3,Email,2024-12-01 00:00,N,0
804681,2,Email,2024-05-04 00:00,Y,109.79
807329,2,Email,2025-09-26 00:00,Y,37.55
803667,4,Email,2025-05-14 00:00,Y,200.97
801895,1,SEO,2024-09-12 00:00,Y,40.85
804677,3,Paid Social,2025-06-01 00:00,Y,140.64
804663,1,SEO,2024-06-27 00:00,Y,138.28
803615,4,Email,2024-12-05 00:00,Y,58.83
804417,3,Paid Search,2024-01-07 00:00,Y,61.62
805342,3,Paid Social,2024-12-28 00:00,N,0
807474,2,SEO,2024-12-17 00:00,Y,119.49
808766,4,SEO,2024-04-02 00:00,N,0
807172,2,Email,2024-11-27 00:00,N,0
806590,1,SEO,2025-08-18 00:00,N,0
804619,3,Paid Social,2024-02-24 00:00,Y,131.33
804817,3,Paid Search,2024-10-29 00:00,N,0
803168,3,Email,2025-08-22 00:00,Y,82.68
801150,2,Paid Social,2024-11-10 00:00,N,0
804859,2,Email,2024-11-05 00:00,Y,135.73
805947,5,Email,2024-10-19 00:00,Y,117.36
808642,3,Email,2024-02-09 00:00,Y,208.01
805150,3,Email,2024-03-20 00:00,Y,118.46
808072,2,Paid Social,2024-09-14 00:00,N,0
807027,1,Paid Social,2025-06-16 00:00,Y,114.52
802371,2,SEO,2025-05-12 00:00,Y,116.03
800105,3,Paid Search,2025-03-30 00:00,Y,175.57
804343,4,Email,2024-02-29 00:00,Y,105.15
808841,2,Paid Search,2024-07-28 00:00,Y,80.75
808126,1,SEO,2024-08-23 00:00,Y,115.66
808713,1,Email,2024-07-15 00:00,Y,97.85
804388,2,Paid Search,2024-06-27 00:00,Y,161.15
800050,2,Email,2025-06-12 00:00,Y,205.23
804123,3,Paid Social,2025-02-26 00:00,N,0
804996,2,Email,2024-03-31 00:00,Y,141.15
804213,3,SEO,2024-04-17 00:00,Y,112.45
801094,2,Paid Social,2024-12-11 00:00,Y,104.08
801220,1,Email,2024-08-19 00:00,Y,73.22
805759,4,Paid Social,2024-08-18 00:00,N,0
805018,1,Paid Social,2024-04-08 00:00,Y,159.0
805296,3,Paid Social,2024-10-08 00:00,Y,43.39
807872,2,SEO,2025-04-01 00:00,Y,114.92
800218,3,Paid Search,2024-12-09 00:00,Y,128.25
804256,2,SEO,2024-01-11 00:00,Y,206.09
803894,1,Paid Search,2025-03-15 00:00,Y,202.57
808697,1,Paid Social,2025-03-16 00:00,N,0
804244,2,Paid Social,2024-02-12 00:00,Y,123.9
803138,4,SEO,2025-10-04 00:00,Y,164.45
801174,2,Email,2024-05-27 00:00,Y,131.72
803346,1,Paid Social,2024-11-30 00:00,N,0
808426,2,Paid Search,2024-07-27 00:00,N,0
805255,2,SEO,2024-11-21 00:00,Y,148.32
800878,5,Paid Social,2024-07-14 00:00,Y,42.14
804889,3,Email,2025-08-08 00:00,N,0
807299,1,Paid Social,2025-07-16 00:00,Y,118.63
807743,4,Email,2024-07-07 00:00,N,0
801064,2,Paid Search,2024-05-19 00:00,Y,93.05
804221,1,SEO,2024-06-01 00:00,Y,63.23
803180,1,Paid Social,2024-04-19 00:00,N,0
808051,1,SEO,2024-09-08 00:00,Y,51.58
804241,3,Email,2025-08-18 00:00,Y,115.54
805534,3,Paid Search,2025-02-17 00:00,Y,53.56
800258,1,SEO,2025-05-14 00:00,Y,170.03
805663,2,Paid Search,2024-05-14 00:00,Y,202.26
806016,2,Paid Social,2025-06-01 00:00,Y,35.17
808034,1,Paid Search,2024-01-17 00:00,Y,41.25
803668,2,SEO,2024-03-19 00:00,N,0
804047,3,Email,2025-02-01 00:00,N,0
800047,2,SEO,2024-11-23 00:00,Y,207.95
803145,2,SEO,2024-12-31 00:00,Y,193.38
806189,2,Paid Social,2024-04-29 00:00,Y,69.2
807082,3,Paid Search,2025-06-28 00:00,Y,197.0
800083,2,SEO,2025-05-16 00:00,Y,82.78
803351,1,SEO,2024-12-29 00:00,Y,149.46
807386,1,Paid Social,2024-05-02 00:00,Y,82.64
804416,1,Paid Search,2024-08-13 00:00,Y,122.38
802563,1,SEO,2024-11-18 00:00,Y,218.16
806246,3,Paid Search,2024-02-28 00:00,Y,125.97
802763,4,Email,2024-11-04 00:00,N,0
804636,1,SEO,2025-03-20 00:00,N,0
803958,1,SEO,2025-06-15 00:00,N,0
801512,4,SEO,2025-10-21 00:00,N,0
802461,1,Paid Social,2024-07-05 00:00,Y,39.96
802114,3,Paid Social,2024-05-22 00:00,Y,49.48
801468,1,SEO,2025-01-19 00:00,N,0
802918,2,Email,2025-07-09 00:00,Y,161.3
803500,1,SEO,2025-09-07 00:00,Y,213.59
802324,2,Paid Social,2025-06-01 00:00,Y,188.79
803594,4,Email,2024-12-24 00:00,N,0
800368,3,Paid Search,2024-08-16 00:00,N,0
805671,1,SEO,2024-11-12 00:00,Y,203.33
804382,2,SEO,2024-04-30 00:00,Y,119.79
806450,2,SEO,2025-07-07 00:00,Y,114.24
802583,3,Email,2024-03-25 00:00,N,0
804352,1,SEO,2025-03-27 00:00,N,0
808701,2,SEO,2024-02-22 00:00,Y,66.87
800240,4,Paid Search,2024-06-02 00:00,N,0
807654,1,SEO,2024-11-16 00:00,N,0
804261,1,SEO,2024-02-25 00:00,Y,94.25
803563,2,Paid Social,2024-11-18 00:00,Y,210.76
801277,1,Email,2025-09-19 00:00,Y,93.51
802734,1,SEO,2025-01-02 00:00,N,0
803960,1,SEO,2025-09-10 00:00,Y,143.46
808700,1,Paid Social,2024-01-29 00:00,N,0
806897,3,Paid Search,2025-05-31 00:00,Y,91.16
802067,1,Paid Search,2024-08-29 00:00,Y,144.24
805136,2,Email,2024-11-02 00:00,Y,161.06
801355,3,Email,2024-03-24 00:00,Y,115.85
801898,3,SEO,2024-08-03 00:00,Y,143.37
800163,3,Email,2025-09-15 00:00,N,0
807781,1,SEO,2025-07-05 00:00,Y,148.87
802878,1,SEO,2024-05-31 00:00,Y,129.11
801620,2,Paid Search,2025-01-07 00:00,Y,216.86
802217,2,Email,2024-02-26 00:00,Y,174.36
802792,2,SEO,2024-08-08 00:00,Y,118.7
803897,2,Email,2024-05-20 00:00,Y,169.16
804380,1,SEO,2025-09-09 00:00,N,0
801372,3,Email,2025-04-16 00:00,N,0
801066,3,Paid Social,2024-07-29 00:00,N,0
808828,2,Paid Social,2024-08-01 00:00,N,0
801104,3,SEO,2024-11-17 00:00,N,0
802234,1,Paid Social,2024-02-03 00:00,Y,111.51
801154,1,Paid Social,2024-11-18 00:00,N,0
801144,1,SEO,2024-03-14 00:00,N,0
801501,2,Email,2025-03-07 00:00,N,0
808945,1,SEO,2024-11-03 00:00,Y,185.21
804701,2,Paid Social,2025-04-13 00:00,Y,195.44
802973,1,Paid Social,2024-07-28 00:00,Y,49.41
805583,4,Paid Search,2025-08-14 00:00,N,0
802797,4,Paid Search,2025-09-16 00:00,Y,146.28
804275,2,Paid Social,2025-02-16 00:00,N,0
808371,2,Paid Social,2024-08-04 00:00,Y,199.28
807608,1,SEO,2025-06-05 00:00,Y,117.57
803860,1,Email,2024-12-18 00:00,Y,161.23
804379,2,Paid Social,2024-04-30 00:00,Y,96.54
800611,2,Paid Search,2025-03-19 00:00,Y,213.43
807694,2,SEO,2025-10-15 00:00,Y,168.6
805881,2,SEO,2024-04-20 00:00,Y,174.75
805151,2,Paid Social,2025-08-15 00:00,N,0
800005,4,Paid Search,2024-08-08 00:00,N,0
800428,3,Email,2025-05-05 00:00,Y,121.93
804978,1,SEO,2024-01-27 00:00,N,0
806581,2,SEO,2024-02-13 00:00,Y,89.81
805180,4,Email,2025-04-12 00:00,N,0
801829,1,Paid Social,2024-08-07 00:00,Y,169.86
803747,1,SEO,2025-02-05 00:00,Y,141.24
801565,2,Paid Social,2025-03-27 00:00,N,0
807342,3,Paid Social,2025-08-15 00:00,Y,44.89
807859,3,Paid Social,2024-07-15 00:00,Y,128.36
805659,2,Email,2024-09-25 00:00,N,0
804202,1,Paid Social,2024-01-10 00:00,N,0
806518,1,SEO,2025-08-05 00:00,Y,178.48
802399,1,SEO,2025-04-02 00:00,Y,202.17
801282,3,Paid Social,2025-04-22 00:00,N,0
808311,5,Email,2024-04-25 00:00,Y,137.1
807861,2,Paid Social,2025-10-15 00:00,N,0
808167,1,Email,2025-07-12 00:00,Y,190.82
802538,3,Email,2024-12-09 00:00,Y,179.54
801087,2,SEO,2025-02-27 00:00,Y,198.25
807630,1,Paid Social,2025-03-05 00:00,Y,123.09
803656,2,SEO,2025-04-10 00:00,Y,207.56
806979,3,Email,2024-06-15 00:00,N,0
801071,1,Paid Social,2024-03-22 00:00,Y,45.1
803912,2,SEO,2025-05-19 00:00,N,0
802633,2,SEO,2024-07-16 00:00,Y,118.33
800618,2,SEO,2024-07-19 00:00,N,0
802539,2,Paid Social,2025-05-08 00:00,Y,160.92
802162,2,Paid Search,2024-09-23 00:00,N,0
804854,2,SEO,2024-05-26 00:00,Y,201.85
806486,3,Email,2024-10-16 00:00,N,0
805214,2,Paid Search,2025-10-07 00:00,Y,58.12
800696,1,Paid Social,2024-10-06 00:00,Y,143.36
806650,2,SEO,2024-02-28 00:00,Y,115.65
800131,2,Paid Social,2024-11-25 00:00,N,0
805191,1,SEO,2024-07-03 00:00,Y,72.94
805391,4,Email,2024-04-24 00:00,Y,102.57
807039,2,Email,2024-08-03 00:00,Y,115.26
806634,1,Paid Search,2025-08-01 00:00,Y,179.9
800023,2,Paid Search,2025-03-11 00:00,Y,125.68
807376,3,SEO,2025-03-21 00:00,Y,95.27
803600,4,Email,2024-04-21 00:00,Y,72.55
805186,1,SEO,2024-02-23 00:00,Y,76.74
806447,2,Paid Social,2024-04-15 00:00,Y,54.12
803504,3,Paid Social,2024-04-18 00:00,Y,149.52
802503,1,SEO,2025-01-06 00:00,Y,182.88
803037,1,SEO,2024-08-07 00:00,Y,173.7
806036,2,Paid Search,2024-05-20 00:00,Y,106.84
808525,2,Paid Search,2024-02-14 00:00,N,0
806926,3,Email,2025-09-30 00:00,N,0
806920,3,SEO,2025-01-25 00:00,Y,116.18
803819,1,Paid Social,2025-01-16 00:00,N,0
804469,1,Paid Social,2024-08-06 00:00,N,0
805368,4,Paid Search,2025-05-01 00:00,N,0
805066,2,Paid Search,2024-07-19 00:00,N,0
808322,3,Email,2024-03-14 00:00,N,0
808110,2,Paid Search,2024-02-13 00:00,N,0
800671,1,Paid Social,2024-08-21 00:00,Y,165.37
807796,2,SEO,2024-01-23 00:00,Y,115.69
800313,1,SEO,2025-06-28 00:00,Y,192.18
800307,1,SEO,2025-04-08 00:00,Y,38.24
807736,1,Paid Search,2024-04-28 00:00,Y,187.7
803214,3,SEO,2024-04-14 00:00,N,0
808360,2,Email,2025-01-08 00:00,Y,217.79
804618,5,Paid Social,2024-11-18 00:00,N,0
800192,2,SEO,2024-02-16 00:00,Y,111.06
802699,1,SEO,2025-02-25 00:00,N,0
808405,4,Email,2024-01-18 00:00,Y,112.51
802619,3,Email,2025-07-06 00:00,N,0
803503,2,Email,2025-09-23 00:00,Y,153.27
800830,1,Paid Social,2024-05-07 00:00,N,0
807553,3,Email,2025-06-17 00:00,Y,194.88
800545,2,Email,2024-10-01 00:00,N,0
801776,1,Paid Search,2024-12-17 00:00,Y,43.12
800737,1,Paid Social,2025-05-09 00:00,N,0
801718,1,Paid Social,2024-05-18 00:00,Y,79.0
805272,1,SEO,2025-02-01 00:00,Y,89.03
806656,2,Paid Social,2024-04-15 00:00,N,0
800494,3,Paid Search,2024-01-23 00:00,Y,173.79
804195,1,Paid Search,2025-02-22 00:00,Y,99.15
800507,3,Paid Social,2024-02-24 00:00,Y,215.41
806849,2,Paid Social,2024-05-13 00:00,Y,184.59
807502,2,Paid Social,2024-10-24 00:00,Y,79.36
806006,1,Email,2025-07-23 00:00,Y,212.63
805783,1,SEO,2024-02-24 00:00,Y,106.22
807554,3,Paid Search,2025-10-18 00:00,N,0
808028,1,Paid Social,2025-10-06 00:00,N,0
806479,2,SEO,2025-10-18 00:00,N,0
800714,1,SEO,2024-11-11 00:00,Y,205.59
805551,4,Email,2025-05-11 00:00,Y,199.81
803409,4,Paid Search,2024-02-22 00:00,Y,179.2
801528,1,Email,2024-04-25 00:00,N,0
802253,1,Paid Social,2024-09-21 00:00,N,0
802426,1,SEO,2024-12-02 00:00,Y,60.52
803681,2,SEO,2025-01-01 00:00,N,0
803487,4,Paid Search,2024-02-20 00:00,Y,80.39
803484,2,SEO,2024-01-05 00:00,Y,126.35
800611,1,SEO,2025-03-17 00:00,Y,213.43
808139,4,Paid Search,2025-09-21 00:00,Y,132.66
803229,1,Paid Social,2024-05-02 00:00,Y,124.38
805530,2,Email,2024-11-12 00:00,Y,174.3
806369,4,Paid Social,2025-05-07 00:00,Y,118.3
807575,2,Paid Search,2024-11-29 00:00,Y,209.94
804364,4,Paid Social,2025-07-05 00:00,N,0
807156,2,Paid Search,2024-03-22 00:00,Y,144.33
801638,4,Paid Search,2024-12-10 00:00,Y,59.0
803352,3,Email,2025-06-24 00:00,Y,197.87
807038,1,Paid Search,2025-09-15 00:00,Y,173.13
807486,2,SEO,2025-01-16 00:00,Y,150.61
808919,2,SEO,2025-02-24 00:00,N,0
807888,1,Paid Social,2024-02-22 00:00,Y,208.03
803530,2,Email,2025-06-25 00:00,Y,133.28
805054,3,SEO,2025-01-25 00:00,N,0
800102,2,Email,2024-09-25 00:00,Y,131.97
806186,1,Email,2024-05-20 00:00,Y,100.7
802002,2,Paid Search,2025-02-02 00:00,Y,124.67
802420,2,Email,2025-05-17 00:00,Y,187.29
802291,2,SEO,2025-01-07 00:00,N,0
804151,1,SEO,2024-10-21 00:00,N,0
807526,2,Email,2025-04-07 00:00,N,0
803483,1,Email,2024-01-30 00:00,Y,134.53
805477,3,Email,2025-03-03 00:00,N,0
801591,1,SEO,2024-09-02 00:00,N,0
804547,1,SEO,2025-06-14 00:00,Y,178.96
803358,4,Paid Social,2025-01-11 00:00,Y,41.53
807843,1,Paid Search,2025-06-26 00:00,Y,167.94
804520,1,SEO,2025-06-19 00:00,Y,51.37
800160,2,Paid Search,2025-01-19 00:00,Y,137.07
804669,2,Paid Search,2024-05-12 00:00,Y,148.25
803311,3,Email,2025-04-19 00:00,Y,110.42
805983,4,Paid Search,2024-06-13 00:00,Y,46.12
800304,1,SEO,2024-03-04 00:00,N,0
802400,3,Email,2024-02-08 00:00,Y,214.59
805408,2,Paid Search,2024-05-04 00:00,Y,57.11
802021,1,SEO,2025-03-05 00:00,Y,96.93
801530,1,Paid Social,2025-06-10 00:00,N,0
801231,2,Paid Search,2024-07-23 00:00,N,0
807431,3,Paid Search,2025-08-14 00:00,Y,129.52
803560,2,Email,2024-06-27 00:00,N,0
807528,1,Paid Social,2025-06-23 00:00,N,0
802278,3,Email,2024-05-18 00:00,N,0
808253,1,Paid Search,2025-02-18 00:00,Y,73.24
805109,2,Paid Search,2024-09-24 00:00,Y,46.59
801108,1,Email,2024-03-27 00:00,N,0
800645,1,SEO,2025-06-21 00:00,Y,39.31
808244,3,Paid Social,2024-09-28 00:00,Y,163.1
800897,1,Email,2024-11-21 00:00,Y,144.22
808838,4,Email,2024-09-13 00:00,Y,195.28
807499,1,Paid Social,2024-03-18 00:00,Y,103.1
800282,2,SEO,2024-08-10 00:00,Y,129.47
800432,2,Email,2025-03-28 00:00,N,0
805058,1,Paid Social,2024-06-23 00:00,Y,188.96
808436,1,SEO,2025-04-02 00:00,Y,150.62
807795,5,Paid Search,2025-02-20 00:00,N,0
800192,3,Email,2024-02-20 00:00,Y,111.06
805282,2,Paid Search,2025-06-01 00:00,Y,167.64
805084,1,SEO,2025-10-01 00:00,Y,175.92
800431,3,Email,2025-08-19 00:00,Y,213.35
807442,1,SEO,2025-02-06 00:00,N,0
801595,3,SEO,2025-07-19 00:00,Y,136.52
800082,3,Email,2024-04-13 00:00,Y,212.17
801152,2,Email,2025-10-13 00:00,Y,129.91
800471,2,Email,2025-06-29 00:00,N,0
803510,2,SEO,2024-08-10 00:00,N,0
803514,2,Paid Search,2025-04-23 00:00,Y,152.52
803226,2,Email,2025-08-30 00:00,Y,37.33
804845,1,Email,2025-05-10 00:00,Y,171.2
805265,1,Paid Social,2024-07-31 00:00,Y,106.9
806341,1,Email,2025-04-28 00:00,Y,78.02
803298,1,SEO,2025-02-20 00:00,Y,177.89
804549,2,Paid Social,2024-08-10 00:00,Y,214.15
806884,5,Paid Search,2024-07-12 00:00,N,0
806606,1,Paid Social,2024-08-13 00:00,Y,44.07
802067,4,SEO,2024-09-01 00:00,Y,144.24
807892,3,Paid Social,2024-04-29 00:00,N,0
803126,2,Paid Search,2025-02-28 00:00,Y,123.73
808161,1,Paid Social,2024-11-19 00:00,Y,60.77
808975,3,Email,2024-08-08 00:00,Y,55.74
800964,2,SEO,2024-10-02 00:00,N,0
801202,2,Paid Social,2025-05-12 00:00,N,0
805876,1,Paid Social,2025-08-19 00:00,N,0
803136,1,SEO,2024-05-01 00:00,Y,60.85
803554,2,Email,2024-06-25 00:00,N,0
803942,2,Email,2025-02-08 00:00,N,0
802027,3,Email,2025-05-31 00:00,Y,172.36
800040,3,Paid Search,2024-04-19 00:00,N,0
806974,2,Paid Social,2024-02-29 00:00,N,0
806671,3,Paid Search,2024-12-31 00:00,N,0
806901,2,Email,2024-07-09 00:00,N,0
803613,2,Email,2025-04-10 00:00,Y,61.66
803181,2,SEO,2025-08-21 00:00,Y,189.71
801482,1,Paid Social,2025-03-17 00:00,Y,209.73
805633,1,Email,2024-10-20 00:00,N,0
800652,5,Email,2024-05-04 00:00,Y,167.27
801627,3,Paid Search,2024-01-13 00:00,N,0
802692,4,SEO,2024-07-21 00:00,Y,178.15
806830,3,Paid Social,2025-10-25 00:00,Y,152.25
804104,3,SEO,2025-03-20 00:00,Y,58.64
800181,3,Paid Social,2024-12-09 00:00,Y,193.22
803798,1,Paid Search,2024-01-07 00:00,Y,166.79
808920,1,SEO,2025-04-26 00:00,Y,92.13
808252,3,Paid Social,2025-03-16 00:00,Y,166.05
808920,2,Email,2025-04-30 00:00,Y,92.13
800756,1,SEO,2024-01-29 00:00,Y,153.68
800859,3,Paid Search,2025-02-16 00:00,N,0
805454,1,SEO,2024-02-06 00:00,Y,87.91
804419,1,Paid Social,2024-05-16 00:00,N,0
805178,1,Paid Social,2024-07-18 00:00,Y,69.32
803284,4,Email,2024-04-07 00:00,Y,200.81
801381,3,Email,2024-02-28 00:00,Y,57.44
803572,1,Paid Social,2025-09-24 00:00,Y,176.92
808966,2,Email,2025-02-09 00:00,N,0
806672,1,Paid Social,2025-08-22 00:00,Y,168.66
802258,1,Paid Social,2025-07-28 00:00,Y,72.5
803166,3,Paid Search,2025-07-11 00:00,N,0
802334,1,Paid Search,2025-07-07 00:00,N,0
806169,5,Paid Social,2025-06-09 00:00,Y,217.09
800179,2,SEO,2025-02-15 00:00,Y,197.33
802294,1,SEO,2024-10-03 00:00,Y,77.64
804257,1,Email,2024-10-24 00:00,N,0
808070,1,Paid Social,2024-12-11 00:00,N,0
800461,3,Email,2025-03-01 00:00,Y,51.23
807318,1,SEO,2024-06-03 00:00,Y,181.08
801604,4,Paid Social,2025-06-13 00:00,N,0
802118,2,SEO,2024-04-21 00:00,Y,51.19
804874,3,Email,2025-01-21 00:00,Y,74.47
801422,1,Paid Social,2025-02-03 00:00,Y,110.84
805438,1,Paid Social,2024-03-12 00:00,N,0
807127,1,SEO,2025-02-16 00:00,Y,194.31
801605,1,Paid Social,2024-07-25 00:00,N,0
804510,3,Paid Search,2025-08-18 00:00,Y,57.71
801103,4,Paid Search,2025-01-28 00:00,Y,218.2
808991,1,SEO,2025-04-15 00:00,Y,80.12
804526,3,Email,2024-10-05 00:00,Y,167.12
801459,3,Paid Search,2024-10-21 00:00,Y,96.93
805000,3,Email,2025-06-11 00:00,N,0
801392,3,SEO,2025-09-06 00:00,Y,176.95
803136,2,SEO,2024-05-02 00:00,Y,60.85
803462,2,Email,2025-08-22 00:00,Y,185.56
808168,2,Email,2025-03-28 00:00,Y,116.81
801868,1,Paid Search,2025-06-28 00:00,N,0
807450,3,Email,2024-02-26 00:00,N,0
801030,4,Paid Search,2025-06-16 00:00,N,0
806874,1,Email,2025-05-03 00:00,N,0
801309,4,Paid Search,2025-04-20 00:00,Y,149.3
801503,1,Email,2024-09-27 00:00,N,0
801820,1,Paid Social,2024-09-20 00:00,N,0
807842,1,Paid Search,2025-07-11 00:00,Y,84.17
802401,1,SEO,2024-11-16 00:00,N,0
806862,1,Paid Search,2025-01-10 00:00,N,0
808538,3,Email,2025-09-03 00:00,Y,209.59
800771,2,Email,2024-07-22 00:00,N,0
805671,4,Email,2024-11-15 00:00,Y,203.33
800016,4,Email,2024-08-14 00:00,N,0
806901,1,Paid Search,2024-07-05 00:00,N,0
801085,2,SEO,2025-03-02 00:00,Y,146.73
808065,3,Paid Search,2024-12-08 00:00,Y,114.09
800693,1,SEO,2024-06-18 00:00,Y,153.61
803825,1,Paid Social,2025-01-01 00:00,Y,200.33
804602,1,Paid Search,2024-04-18 00:00,N,0
804242,1,Email,2025-08-06 00:00,N,0
807095,2,SEO,2024-07-08 00:00,Y,181.21
808434,1,Paid Social,2025-01-10 00:00,Y,150.8
801236,1,SEO,2025-05-18 00:00,N,0
806288,4,SEO,2025-06-04 00:00,N,0
805448,2,Email,2025-08-17 00:00,N,0
800361,2,Paid Search,2024-04-28 00:00,N,0
803461,2,Paid Social,2024-06-01 00:00,N,0
802215,2,Email,2025-04-28 00:00,N,0
805700,3,Email,2024-10-06 00:00,Y,134.24
801694,3,Email,2024-09-16 00:00,Y,214.15
808030,2,Paid Search,2025-03-01 00:00,Y,42.79
806160,2,Email,2024-07-14 00:00,N,0
804095,1,Paid Social,2024-09-24 00:00,N,0
803425,3,Email,2024-05-11 00:00,Y,64.93
803336,2,SEO,2024-09-01 00:00,Y,48.25
806231,3,Paid Search,2025-04-22 00:00,Y,82.06
806339,5,Email,2025-05-17 00:00,Y,203.1
807760,1,Paid Social,2024-08-24 00:00,Y,87.2
808060,2,Paid Social,2024-08-08 00:00,Y,170.48
805804,2,Paid Search,2025-03-08 00:00,Y,129.63
801292,2,Email,2024-07-10 00:00,Y,63.75
807108,3,Paid Search,2025-04-27 00:00,Y,159.15
803095,5,Paid Social,2025-08-05 00:00,Y,112.25
802994,3,Email,2024-12-13 00:00,Y,109.1
804540,2,Email,2025-03-01 00:00,Y,93.9
803483,3,Paid Search,2024-02-01 00:00,Y,134.53
806011,2,Paid Social,2024-03-18 00:00,N,0
804767,2,Paid Search,2025-08-14 00:00,Y,86.49
805918,2,Email,2024-04-30 00:00,N,0
800888,3,Email,2024-10-19 00:00,N,0
806131,4,Email,2024-04-29 00:00,N,0
804592,2,Email,2025-09-23 00:00,N,0
808682,4,Email,2025-02-04 00:00,Y,110.6
802193,1,Email,2024-06-21 00:00,N,0
808286,2,Paid Social,2024-05-27 00:00,N,0
802178,2,SEO,2025-09-06 00:00,N,0
804583,1,Paid Search,2025-05-30 00:00,N,0
804816,2,SEO,2025-01-09 00:00,N,0
800915,2,Paid Search,2024-07-02 00:00,N,0
808335,3,Paid Search,2024-01-14 00:00,Y,122.88
802635,1,SEO,2024-02-17 00:00,N,0
807691,2,SEO,2025-06-19 00:00,Y,156.22
802504,1,SEO,2024-04-12 00:00,N,0
805683,3,Paid Search,2024-07-30 00:00,Y,216.95
805187,1,Paid Social,2024-04-06 00:00,Y,204.16
802598,4,Paid Social,2024-12-12 00:00,Y,160.11
806753,1,Paid Social,2024-12-11 00:00,Y,81.39
806222,2,Email,2025-08-03 00:00,Y,169.97
803145,3,SEO,2025-01-01 00:00,Y,193.38
807186,1,SEO,2025-10-02 00:00,Y,129.01
800868,2,Paid Social,2025-02-07 00:00,Y,81.16
801749,1,Email,2025-05-02 00:00,N,0
806314,5,SEO,2024-12-04 00:00,Y,154.8
800794,2,Email,2024-07-10 00:00,Y,70.37
804457,1,SEO,2024-11-11 00:00,Y,102.26
807922,1,Paid Social,2025-01-06 00:00,Y,167.87
807252,3,Paid Search,2024-12-24 00:00,Y,150.57
805070,1,SEO,2025-09-18 00:00,Y,72.97
805006,5,Paid Search,2025-05-06 00:00,Y,205.29
801421,3,Email,2024-01-12 00:00,N,0
803993,1,Paid Social,2025-03-31 00:00,Y,142.2
801128,2,Paid Search,2024-06-13 00:00,Y,48.84
802865,2,Email,2024-04-29 00:00,Y,97.94
800419,2,Email,2024-10-15 00:00,N,0
804137,2,Paid Social,2025-10-16 00:00,Y,77.47
807711,1,Paid Social,2024-02-10 00:00,N,0
802207,1,Paid Search,2024-10-06 00:00,N,0
802235,1,Paid Search,2024-01-12 00:00,N,0
807583,2,Paid Search,2025-10-03 00:00,Y,178.21
804620,3,Paid Social,2025-02-13 00:00,Y,99.5
803244,4,Paid Social,2024-09-03 00:00,N,0
807490,2,Email,2024-05-24 00:00,N,0
801444,2,Email,2024-08-01 00:00,Y,126.78
802126,2,Paid Search,2025-08-28 00:00,N,0
803847,1,SEO,2025-07-10 00:00,N,0
808811,1,SEO,2025-01-21 00:00,Y,75.14
802933,2,SEO,2024-10-07 00:00,Y,206.43
807725,3,Email,2025-06-30 00:00,Y,172.37
801217,2,SEO,2024-06-09 00:00,Y,96.99
802262,1,SEO,2025-06-05 00:00,Y,60.63
804674,3,SEO,2024-03-23 00:00,Y,84.61
805969,3,Paid Social,2025-06-30 00:00,N,0
807270,4,Paid Search,2024-08-19 00:00,Y,204.7
807107,2,Paid Search,2024-06-06 00:00,Y,78.81
800952,5,Paid Social,2025-01-19 00:00,N,0
802405,4,Email,2025-09-08 00:00,N,0
803550,1,Paid Social,2024-05-26 00:00,N,0
804582,4,Email,2024-04-22 00:00,N,0
808524,1,SEO,2024-04-04 00:00,N,0
804497,3,Paid Social,2025-05-28 00:00,N,0
800461,1,SEO,2025-02-25 00:00,Y,51.23
802111,1,Paid Social,2025-02-14 00:00,Y,152.72
808572,3,SEO,2024-11-17 00:00,Y,122.76
805700,1,Paid Social,2024-09-30 00:00,Y,134.24
802175,3,Email,2025-03-14 00:00,Y,85.03
804211,5,SEO,2025-01-20 00:00,N,0
808383,1,Paid Search,2024-01-10 00:00,N,0
805806,1,Paid Social,2024-01-06 00:00,N,0
800846,3,Paid Social,2025-08-01 00:00,Y,202.24
802298,2,Paid Social,2024-05-19 00:00,Y,96.12
801978,1,Paid Social,2025-08-22 00:00,N,0
805647,1,Paid Search,2025-09-15 00:00,Y,168.36
801762,2,Email,2025-07-11 00:00,Y,111.72
802978,1,SEO,2024-12-22 00:00,Y,124.36
800841,1,Paid Search,2025-08-24 00:00,Y,136.43
805947,4,Email,2024-10-15 00:00,Y,117.36
801647,3,Email,2024-12-11 00:00,N,0
804751,1,Paid Social,2024-05-05 00:00,Y,124.71
806708,3,Email,2024-07-08 00:00,Y,150.66
807630,5,Paid Search,2025-03-17 00:00,Y,123.09
802585,3,SEO,2025-06-15 00:00,Y,206.24
801101,2,Paid Search,2024-09-21 00:00,N,0
803017,3,Paid Search,2025-01-31 00:00,Y,56.32
802647,2,SEO,2025-08-01 00:00,Y,213.7
808162,2,SEO,2024-01-31 00:00,Y,216.13
802987,4,Paid Social,2024-04-17 00:00,N,0
801506,3,Email,2025-03-18 00:00,N,0
802503,3,Email,2025-01-14 00:00,Y,182.88
804891,2,Paid Search,2024-12-25 00:00,N,0
801083,2,Paid Search,2025-06-04 00:00,Y,132.46
805175,1,SEO,2024-12-13 00:00,N,0
801393,1,SEO,2025-08-17 00:00,Y,81.15
807735,1,SEO,2025-03-23 00:00,Y,181.77
803263,3,Paid Search,2024-07-03 00:00,N,0
804092,3,Paid Social,2025-06-24 00:00,N,0
800746,2,Paid Social,2024-01-11 00:00,N,0
807890,1,SEO,2025-04-20 00:00,Y,50.06
802826,5,Paid Search,2024-08-10 00:00,N,0
808411,2,SEO,2025-09-25 00:00,Y,97.72
807780,4,Paid Search,2025-06-13 00:00,N,0
807672,1,Paid Search,2025-07-08 00:00,Y,71.86
802142,4,Email,2024-07-16 00:00,Y,209.51
808544,2,Paid Search,2024-03-28 00:00,Y,47.16
806579,1,SEO,2024-12-15 00:00,N,0
802421,2,Paid Social,2025-08-10 00:00,Y,123.89
804660,4,Email,2024-09-04 00:00,Y,157.63
803344,3,SEO,2024-03-21 00:00,Y,55.02
806029,3,Paid Search,2025-03-27 00:00,Y,69.85
808348,1,Paid Social,2024-06-29 00:00,Y,82.4
808296,3,Email,2025-05-31 00:00,Y,182.09
802412,1,Paid Social,2024-11-15 00:00,N,0
802772,3,Paid Search,2025-07-11 00:00,Y,157.28
806330,1,Paid Social,2025-02-23 00:00,Y,195.44
800567,2,Paid Search,2025-01-26 00:00,Y,169.55
807593,4,Email,2025-09-28 00:00,N,0
805662,3,Email,2025-01-27 00:00,Y,46.18
804352,4,Paid Search,2025-04-05 00:00,N,0
806592,2,Email,2025-08-16 00:00,Y,97.09
803867,1,Paid Social,2024-02-11 00:00,N,0
800885,4,Paid Search,2024-07-01 00:00,Y,165.35
805702,5,Paid Search,2025-10-06 00:00,Y,45.35
801266,1,SEO,2024-07-05 00:00,N,0
805766,1,SEO,2025-06-25 00:00,Y,124.93
802302,2,Email,2024-08-20 00:00,N,0
808703,3,Paid Social,2024-09-12 00:00,Y,35.57
801363,5,Email,2025-05-14 00:00,N,0
805677,1,Email,2024-04-23 00:00,Y,76.38
807980,3,Paid Search,2024-07-26 00:00,Y,213.04
804203,1,SEO,2024-03-11 00:00,Y,184.76
806864,1,SEO,2024-09-16 00:00,N,0
801649,1,Paid Social,2025-07-14 00:00,Y,215.77
806987,1,Paid Social,2024-05-09 00:00,N,0
805294,3,SEO,2024-05-23 00:00,Y,140.84
808519,2,Paid Social,2025-10-02 00:00,Y,55.6
801145,3,Paid Search,2024-05-29 00:00,N,0
808624,2,Email,2024-01-07 00:00,N,0
805062,2,Email,2025-02-21 00:00,Y,64.85
800505,1,Paid Social,2025-02-17 00:00,Y,215.03
800427,2,Paid Search,2024-12-23 00:00,Y,191.17
801063,4,Email,2025-06-17 00:00,N,0
807080,1,Email,2024-08-09 00:00,N,0
808489,1,Paid Search,2024-03-07 00:00,N,0
802671,3,Paid Social,2024-11-19 00:00,Y,147.26
805098,2,Paid Social,2024-05-02 00:00,Y,126.96
807907,5,Paid Social,2024-06-07 00:00,N,0
800405,2,Paid Search,2025-08-27 00:00,N,0
804611,4,Paid Social,2025-06-24 00:00,Y,98.7
808628,4,Paid Social,2025-10-14 00:00,N,0
804124,3,Email,2024-05-08 00:00,Y,153.05
804508,1,Paid Search,2024-04-19 00:00,N,0
806000,3,Paid Social,2025-01-08 00:00,N,0
800730,3,Email,2025-05-26 00:00,N,0
805830,2,SEO,2025-08-15 00:00,Y,210.36
802738,5,SEO,2024-11-04 00:00,N,0
800382,2,Paid Social,2025-07-26 00:00,Y,130.32
803215,3,Paid Social,2025-08-19 00:00,Y,43.76
808317,2,Email,2024-07-03 00:00,N,0
803876,3,Paid Search,2024-04-25 00:00,Y,188.8
808088,2,Email,2024-11-01 00:00,Y,93.61
804875,3,Paid Search,2025-01-06 00:00,Y,142.12
805996,2,Paid Search,2025-05-30 00:00,Y,57.56
802027,2,Email,2025-05-31 00:00,Y,172.36
807395,2,Email,2025-04-01 00:00,N,0
803120,1,SEO,2024-07-22 00:00,Y,150.59
806327,2,Paid Social,2024-10-22 00:00,Y,177.5
805787,2,Paid Search,2025-04-03 00:00,Y,89.25
803634,2,Email,2025-07-22 00:00,N,0
804315,1,Paid Social,2024-02-07 00:00,N,0
804412,1,Paid Search,2024-04-17 00:00,N,0
805200,2,SEO,2024-11-22 00:00,Y,213.49
800436,1,Email,2025-07-17 00:00,N,0
804098,1,Paid Social,2024-10-23 00:00,Y,165.6
800130,2,SEO,2025-07-14 00:00,Y,189.88
805443,1,SEO,2024-01-09 00:00,Y,64.49
801462,4,Email,2024-04-27 00:00,Y,37.09
801768,5,Email,2025-02-27 00:00,Y,138.48
800240,2,Paid Search,2024-05-28 00:00,N,0
808866,1,Email,2025-09-12 00:00,Y,183.45
802629,1,SEO,2025-03-04 00:00,Y,218.17
802887,1,SEO,2024-12-23 00:00,N,0
805375,3,Email,2025-02-05 00:00,N,0
807983,5,Paid Search,2024-10-02 00:00,Y,94.61
806463,2,Email,2025-04-07 00:00,N,0
805232,4,Email,2025-07-30 00:00,Y,110.72
803632,2,Paid Social,2024-01-05 00:00,N,0
804836,2,Paid Search,2025-08-16 00:00,N,0
800183,1,SEO,2024-04-22 00:00,Y,65.84
801999,2,Email,2025-01-02 00:00,N,0
803849,3,SEO,2024-08-01 00:00,Y,55.92
802407,1,Paid Social,2025-02-24 00:00,Y,109.48
804277,2,SEO,2024-10-14 00:00,N,0
804506,4,Paid Search,2025-04-28 00:00,N,0
801995,5,Paid Social,2024-02-04 00:00,Y,69.66
807894,1,SEO,2024-09-11 00:00,Y,53.48
808510,1,SEO,2024-03-21 00:00,Y,214.52
801539,4,Paid Search,2025-01-30 00:00,Y,160.38
801721,1,Paid Search,2025-04-04 00:00,Y,214.27
801036,1,SEO,2024-01-09 00:00,Y,106.68
808314,2,Email,2025-02-26 00:00,Y,162.53
806710,3,SEO,2024-03-01 00:00,Y,217.31
806449,2,Email,2025-06-04 00:00,N,0
800081,2,Email,2024-07-20 00:00,N,0
808979,1,Paid Social,2025-09-11 00:00,Y,130.26
808249,4,Paid Social,2025-08-26 00:00,N,0
805592,2,Paid Search,2024-11-09 00:00,Y,206.63
803370,2,Email,2024-01-28 00:00,Y,138.17
804246,1,Email,2024-06-05 00:00,Y,168.48
800128,3,Paid Search,2024-04-21 00:00,Y,135.26
803721,3,Paid Social,2024-08-18 00:00,Y,55.87
802972,2,Email,2025-01-09 00:00,Y,88.53
806613,5,SEO,2025-03-10 00:00,N,0
804363,4,SEO,2024-09-18 00:00,N,0
801124,3,SEO,2024-10-27 00:00,N,0
808766,5,Paid Search,2024-04-09 00:00,N,0
800797,1,Paid Social,2025-02-01 00:00,N,0
808210,3,Email,2024-05-15 00:00,Y,161.33
801492,2,Email,2024-11-22 00:00,Y,80.07
804791,3,Paid Social,2024-03-19 00:00,Y,124.22
800822,2,Email,2025-03-18 00:00,Y,73.68
802474,2,Paid Search,2025-05-24 00:00,N,0
806718,2,Paid Search,2024-09-06 00:00,Y,209.07
806702,2,Email,2024-07-06 00:00,Y,108.85
803524,4,SEO,2024-02-29 00:00,Y,59.9
804760,2,Email,2024-07-26 00:00,Y,93.93
802147,2,Email,2024-11-21 00:00,Y,86.04
803172,2,Paid Social,2024-05-09 00:00,N,0
807873,1,Paid Social,2024-08-29 00:00,Y,103.49
806750,2,Email,2024-12-10 00:00,Y,48.9
808374,1,Paid Search,2025-02-12 00:00,Y,48.28
802862,1,Paid Social,2024-07-22 00:00,N,0
806367,3,SEO,2025-09-21 00:00,Y,158.94
808514,2,Email,2024-02-17 00:00,N,0
807904,1,Email,2024-09-30 00:00,Y,55.49
807629,3,Paid Social,2025-06-06 00:00,Y,210.17
806607,3,Paid Social,2024-10-04 00:00,N,0
804734,3,Paid Social,2024-02-01 00:00,N,0
801629,1,Paid Social,2024-06-11 00:00,N,0
806971,1,Paid Search,2024-05-05 00:00,N,0
807683,1,SEO,2025-04-09 00:00,N,0
808622,1,Paid Social,2025-05-22 00:00,N,0
801184,2,Paid Social,2024-12-25 00:00,Y,180.04
808898,2,Paid Search,2025-05-07 00:00,Y,46.58
805495,1,SEO,2025-02-11 00:00,N,0
807887,1,Paid Search,2025-09-20 00:00,Y,101.17
803987,1,Paid Social,2024-09-15 00:00,Y,173.38
801211,5,SEO,2025-07-14 00:00,N,0
806211,1,SEO,2024-11-26 00:00,N,0
801576,1,Paid Social,2025-07-21 00:00,N,0
803706,3,Email,2024-09-18 00:00,N,0
805439,1,Paid Search,2025-05-25 00:00,N,0
807784,2,Email,2024-10-25 00:00,Y,52.77
802861,2,Email,2025-06-29 00:00,Y,145.56
804261,2,Paid Social,2024-02-29 00:00,Y,94.25
800208,2,Paid Social,2025-05-05 00:00,N,0
804436,2,Paid Social,2024-07-29 00:00,N,0
805329,1,Paid Social,2024-11-29 00:00,Y,132.04
804399,1,Email,2024-03-13 00:00,Y,186.05
807139,3,Paid Search,2024-09-27 00:00,N,0
801030,1,SEO,2025-06-07 00:00,N,0
803870,1,Paid Social,2025-01-02 00:00,Y,170.23
803280,2,Paid Social,2024-09-11 00:00,Y,198.58
802659,2,SEO,2025-08-06 00:00,Y,199.69
804563,2,SEO,2025-07-31 00:00,N,0
803461,3,Email,2024-06-04 00:00,N,0
804791,1,Paid Social,2024-03-17 00:00,Y,124.22
806836,1,Paid Search,2024-05-20 00:00,Y,162.13
807544,2,Email,2025-05-12 00:00,Y,100.88
803632,1,Paid Search,2024-01-04 00:00,N,0
806351,2,Paid Search,2024-10-22 00:00,Y,175.64
804851,2,Paid Search,2024-11-17 00:00,N,0
806928,1,SEO,2025-01-18 00:00,N,0
800459,5,SEO,2024-05-05 00:00,Y,80.38
808617,4,Paid Search,2025-09-13 00:00,N,0
807259,2,Email,2024-07-19 00:00,N,0
802280,3,Email,2025-08-19 00:00,N,0
803803,3,Paid Social,2025-08-07 00:00,Y,175.41
804907,5,Email,2024-12-07 00:00,Y,152.79
805108,2,Paid Search,2025-02-23 00:00,Y,186.73
801155,1,Paid Search,2024-05-02 00:00,N,0
801033,1,Paid Search,2025-02-06 00:00,N,0
807006,3,Paid Search,2025-01-31 00:00,N,0
802458,1,Paid Search,2025-05-11 00:00,Y,88.53
805691,2,Paid Social,2025-09-17 00:00,N,0
803223,3,Paid Social,2024-07-31 00:00,Y,109.11
808374,5,Email,2025-02-28 00:00,Y,48.28
807755,2,Paid Search,2024-12-29 00:00,N,0
803243,1,SEO,2025-01-21 00:00,N,0
804281,1,Paid Social,2024-04-09 00:00,Y,127.24
805523,2,SEO,2025-10-07 00:00,N,0
803638,4,Paid Social,2024-01-13 00:00,N,0
808837,1,SEO,2024-09-03 00:00,Y,114.54
808685,2,Paid Social,2025-08-18 00:00,Y,213.14
803172,3,Paid Search,2024-05-11 00:00,N,0
805260,1,SEO,2024-12-26 00:00,Y,206.48
806214,2,Paid Social,2025-10-12 00:00,Y,81.61
807960,3,SEO,2024-05-01 00:00,N,0
804482,1,Paid Social,2024-07-13 00:00,N,0
803954,1,Paid Search,2025-02-03 00:00,Y,204.25
801499,1,Email,2025-09-03 00:00,Y,171.64
801403,1,SEO,2025-01-05 00:00,Y,188.76
803513,2,Email,2025-06-02 00:00,N,0
806208,4,Paid Social,2024-11-15 00:00,N,0
805025,2,Paid Search,2025-07-01 00:00,Y,135.26
808567,1,Paid Social,2024-11-02 00:00,Y,194.89
805099,1,Paid Social,2025-04-29 00:00,Y,50.84
805310,2,Paid Search,2025-10-19 00:00,Y,49.0
801936,3,Paid Search,2024-04-29 00:00,Y,99.07
806715,2,Email,2025-10-13 00:00,N,0
807120,5,Email,2024-09-09 00:00,Y,123.16
801426,1,SEO,2024-10-05 00:00,N,0
801831,1,SEO,2024-10-03 00:00,Y,104.31
806718,1,Paid Social,2024-09-05 00:00,Y,209.07
803100,2,Paid Search,2024-10-06 00:00,Y,93.49
807586,3,Email,2025-07-07 00:00,N,0
800156,2,Email,2024-05-19 00:00,Y,189.58
806998,3,SEO,2025-10-04 00:00,N,0
802522,2,Paid Search,2024-07-22 00:00,Y,118.7
803244,2,Email,2024-09-01 00:00,N,0
800560,1,Email,2025-09-09 00:00,N,0
803802,1,Paid Social,2024-08-18 00:00,N,0
801880,1,SEO,2024-07-31 00:00,Y,183.46
802269,4,Paid Search,2025-06-01 00:00,Y,197.58
802791,2,SEO,2024-05-07 00:00,N,0
800719,1,SEO,2025-05-23 00:00,Y,93.6
808145,1,SEO,2025-08-22 00:00,Y,80.89
808643,3,Paid Search,2025-07-25 00:00,Y,143.91
804429,2,Paid Search,2024-06-13 00:00,Y,189.93
800993,1,Paid Social,2024-07-13 00:00,Y,87.66
804436,3,Email,2024-07-27 00:00,N,0
800256,2,SEO,2025-05-16 00:00,N,0
806705,3,Paid Search,2025-10-08 00:00,Y,41.22
806621,2,Paid Search,2024-07-19 00:00,Y,185.79
803126,1,Paid Search,2025-02-25 00:00,Y,123.73
804620,1,SEO,2025-02-11 00:00,Y,99.5
807984,2,Email,2025-01-06 00:00,Y,156.43
803985,2,Email,2025-01-30 00:00,N,0
804734,2,SEO,2024-02-01 00:00,N,0
802338,1,SEO,2025-05-03 00:00,N,0
806570,1,Paid Social,2025-06-26 00:00,N,0
806972,2,Paid Search,2025-03-12 00:00,N,0
800668,2,Paid Social,2025-01-13 00:00,N,0
804511,1,Paid Search,2025-07-08 00:00,Y,35.96
808111,2,SEO,2025-06-28 00:00,Y,39.42
808494,2,Paid Search,2025-02-13 00:00,Y,125.71
807018,3,SEO,2024-02-16 00:00,Y,96.98
805347,1,Paid Social,2025-03-31 00:00,Y,138.82
804342,1,Paid Search,2024-08-20 00:00,Y,175.59
803659,1,Paid Search,2025-08-09 00:00,Y,57.85
800253,3,Paid Search,2024-10-07 00:00,N,0
801357,3,Paid Social,2024-05-17 00:00,Y,69.2
803404,2,Paid Social,2025-08-24 00:00,Y,45.88
806432,1,Paid Social,2025-06-17 00:00,Y,199.65
807782,2,SEO,2024-03-14 00:00,N,0
803094,3,Email,2024-01-30 00:00,N,0
801000,2,Paid Search,2025-02-05 00:00,Y,200.98
805600,1,SEO,2024-10-12 00:00,Y,216.63
807786,2,Paid Search,2024-03-29 00:00,Y,205.99
802951,2,Email,2025-07-31 00:00,Y,143.55
806991,2,Email,2025-09-13 00:00,Y,162.13
800540,5,Paid Search,2024-08-18 00:00,Y,171.32
808405,1,SEO,2024-01-15 00:00,Y,112.51
807660,1,Email,2024-02-04 00:00,Y,97.32
802734,2,SEO,2025-01-04 00:00,N,0
804479,1,Paid Social,2025-03-04 00:00,Y,52.3
806888,3,SEO,2025-02-27 00:00,Y,127.19
808069,3,Email,2024-10-24 00:00,N,0
805388,1,Paid Social,2025-05-08 00:00,N,0
808172,3,SEO,2025-06-16 00:00,N,0
803363,1,SEO,2025-04-25 00:00,Y,54.43
804043,4,Paid Search,2025-08-07 00:00,Y,70.05
803791,2,SEO,2025-10-08 00:00,Y,87.8
804632,1,SEO,2025-05-15 00:00,Y,191.78
806869,4,SEO,2024-12-01 00:00,N,0
808854,2,SEO,2024-11-23 00:00,N,0
808275,1,SEO,2025-08-05 00:00,N,0
800117,3,Paid Search,2024-08-04 00:00,N,0
806204,1,Paid Social,2024-10-10 00:00,N,0
807179,3,Paid Social,2024-04-24 00:00,N,0
800136,1,SEO,2025-08-17 00:00,Y,42.3
807792,2,Paid Search,2024-11-29 00:00,Y,138.96
805001,1,Paid Search,2024-03-31 00:00,Y,209.74
807610,2,SEO,2024-03-31 00:00,Y,190.88
805067,1,Paid Social,2024-12-01 00:00,Y,100.5
807334,2,Paid Search,2024-07-13 00:00,Y,103.38
805122,2,Paid Search,2025-03-19 00:00,Y,46.39
803436,4,Paid Search,2024-12-19 00:00,N,0
803686,1,Paid Social,2024-01-07 00:00,N,0
800232,1,Email,2025-05-05 00:00,Y,54.17
803040,3,SEO,2024-01-12 00:00,N,0
808688,1,Paid Search,2024-08-09 00:00,Y,211.69
800857,1,SEO,2025-01-06 00:00,Y,153.4
808651,1,SEO,2024-01-29 00:00,N,0
800217,2,Paid Search,2025-01-01 00:00,N,0
807586,1,Paid Search,2025-07-01 00:00,N,0
807691,4,Email,2025-06-18 00:00,Y,156.22
801788,3,SEO,2024-04-12 00:00,N,0
802941,3,SEO,2025-01-30 00:00,Y,112.23
807196,2,Paid Search,2024-10-08 00:00,N,0
803811,2,Paid Social,2024-05-29 00:00,N,0
804204,1,Paid Search,2025-05-22 00:00,N,0
807433,2,Email,2024-11-21 00:00,Y,71.98
805577,2,Email,2025-06-11 00:00,Y,195.14
808554,1,SEO,2024-02-21 00:00,Y,56.05
804151,2,Email,2024-10-23 00:00,N,0
802589,5,Email,2025-04-01 00:00,Y,134.43
804467,1,SEO,2025-04-17 00:00,Y,122.39
802496,1,SEO,2025-06-30 00:00,Y,170.02
801778,3,Paid Search,2025-09-24 00:00,Y,45.13
806682,1,SEO,2025-02-25 00:00,Y,40.15
808172,2,Paid Social,2025-06-14 00:00,N,0
806108,3,Paid Social,2024-07-08 00:00,N,0
808136,1,Paid Social,2025-05-18 00:00,N,0
804873,3,Email,2025-01-10 00:00,Y,190.99
800281,1,SEO,2025-09-13 00:00,Y,111.86
807093,2,Paid Social,2025-02-26 00:00,N,0
804264,1,SEO,2025-01-21 00:00,N,0
806128,1,Paid Search,2024-04-09 00:00,Y,122.3
803693,2,SEO,2025-02-26 00:00,Y,199.74
804794,2,SEO,2025-04-21 00:00,N,0
803234,1,Paid Search,2024-05-23 00:00,N,0
801425,3,Paid Search,2025-01-15 00:00,Y,74.33
804710,2,Email,2025-01-01 00:00,Y,145.01
808690,3,Email,2024-12-27 00:00,Y,164.96
805431,2,Paid Social,2025-04-19 00:00,Y,216.85
805776,1,Paid Social,2025-04-01 00:00,N,0
804235,1,SEO,2024-04-10 00:00,Y,133.47
805619,4,Email,2025-01-26 00:00,N,0
801099,1,SEO,2024-07-22 00:00,Y,190.77
806713,2,Paid Social,2024-03-30 00:00,Y,72.49
808475,1,SEO,2024-06-04 00:00,N,0
808507,1,Paid Social,2025-01-29 00:00,N,0
803915,3,Paid Search,2025-09-15 00:00,Y,43.99
802583,1,Paid Social,2024-03-17 00:00,N,0
802348,3,Email,2025-02-03 00:00,Y,105.42
802678,1,Paid Social,2025-05-21 00:00,Y,93.86
806816,2,Paid Search,2024-07-14 00:00,N,0
801233,2,Paid Search,2025-02-10 00:00,N,0
807005,1,SEO,2024-12-31 00:00,Y,138.0
804911,3,Paid Search,2025-10-06 00:00,N,0
808783,4,Email,2025-04-08 00:00,N,0
805457,4,Email,2024-12-20 00:00,Y,58.48
807904,2,SEO,2024-10-03 00:00,Y,55.49
802620,1,Paid Search,2025-03-06 00:00,Y,42.95
806900,1,SEO,2024-12-05 00:00,Y,91.87
804330,1,Paid Search,2025-06-01 00:00,Y,75.88
807949,2,Email,2024-11-17 00:00,Y,145.51
803352,4,Paid Social,2025-06-21 00:00,Y,197.87
805045,1,SEO,2025-08-04 00:00,Y,217.38
800288,1,Paid Social,2024-03-07 00:00,Y,87.58
801809,1,Paid Search,2025-06-05 00:00,N,0
800387,2,Paid Social,2024-11-19 00:00,N,0
806364,1,Paid Social,2024-10-11 00:00,Y,143.28
806971,3,SEO,2024-05-09 00:00,N,0
807838,3,SEO,2024-08-06 00:00,N,0
808285,1,Paid Social,2024-11-12 00:00,N,0
806194,1,SEO,2024-07-15 00:00,Y,205.38
803692,1,SEO,2024-02-29 00:00,Y,47.06
805995,2,Email,2024-09-10 00:00,N,0
805406,1,SEO,2025-01-23 00:00,N,0
803416,2,Paid Search,2024-11-11 00:00,Y,170.22
806556,3,Email,2024-09-19 00:00,Y,202.98
803515,4,Email,2025-02-26 00:00,N,0
804321,3,Paid Social,2024-11-23 00:00,Y,134.34
801252,2,Paid Social,2025-01-23 00:00,Y,163.33
801133,1,Paid Social,2025-10-01 00:00,Y,99.85
801918,2,Paid Social,2024-02-18 00:00,Y,77.17
807471,1,Paid Social,2025-02-27 00:00,N,0
802499,5,SEO,2024-05-23 00:00,Y,95.93
805285,1,SEO,2025-09-26 00:00,Y,95.81
803551,2,Paid Search,2024-09-07 00:00,Y,114.75
807032,4,SEO,2024-08-10 00:00,Y,130.37
803530,1,Paid Social,2025-06-22 00:00,Y,133.28
807762,1,Email,2024-05-20 00:00,N,0
807508,1,Email,2024-01-23 00:00,Y,56.69
808213,1,Email,2025-06-17 00:00,Y,117.99
807795,1,SEO,2025-02-12 00:00,N,0
800602,2,Paid Search,2025-05-04 00:00,N,0
805817,4,Paid Search,2024-04-03 00:00,Y,198.4
801366,4,Email,2024-08-13 00:00,Y,89.95
806747,2,Paid Social,2024-05-12 00:00,Y,114.49
806140,3,Email,2024-10-08 00:00,Y,153.98
803501,1,Paid Search,2024-02-23 00:00,N,0
807568,2,Email,2024-09-28 00:00,N,0
802819,1,Paid Social,2024-03-01 00:00,N,0
806521,5,Paid Search,2024-07-27 00:00,N,0
804775,1,SEO,2024-03-15 00:00,N,0
808922,1,SEO,2024-10-25 00:00,Y,111.33
805860,3,SEO,2025-05-03 00:00,Y,35.24
806079,1,Paid Social,2025-03-16 00:00,N,0
804335,2,Paid Social,2024-03-25 00:00,Y,188.92
805603,1,SEO,2024-07-31 00:00,N,0
800773,1,SEO,2024-12-05 00:00,N,0
800714,2,SEO,2024-11-15 00:00,Y,205.59
806199,3,Paid Search,2024-07-03 00:00,Y,182.53
803211,2,Email,2024-10-16 00:00,N,0
805784,4,Email,2024-12-08 00:00,N,0
801052,1,Paid Social,2025-10-13 00:00,N,0
802850,1,Paid Search,2025-08-20 00:00,Y,81.86
805919,4,Email,2025-04-14 00:00,N,0
808880,3,SEO,2025-07-04 00:00,Y,162.83
806505,2,Paid Social,2024-05-25 00:00,N,0
806505,1,SEO,2024-05-24 00:00,N,0
803209,2,Email,2024-04-13 00:00,Y,168.08
803885,1,SEO,2024-11-04 00:00,Y,83.59
802537,1,SEO,2024-06-03 00:00,Y,69.29
803838,2,Paid Search,2025-04-12 00:00,N,0
803375,2,Email,2025-06-06 00:00,Y,154.0
800566,1,SEO,2025-08-26 00:00,Y,57.89
802268,1,SEO,2025-08-20 00:00,Y,52.81
801551,4,Email,2024-07-06 00:00,Y,184.46
800852,1,SEO,2024-11-04 00:00,Y,190.87
801775,1,Email,2024-04-24 00:00,N,0
801402,1,Email,2024-03-18 00:00,Y,124.81
807335,1,Paid Search,2025-03-05 00:00,N,0
806089,3,Email,2025-05-17 00:00,Y,90.94
802110,1,Paid Social,2024-01-22 00:00,N,0
801655,1,Paid Social,2024-07-12 00:00,Y,145.7
801194,1,SEO,2024-11-25 00:00,Y,102.72
806131,1,Paid Social,2024-04-23 00:00,N,0
807776,1,SEO,2024-11-05 00:00,Y,214.68
802017,2,SEO,2024-07-28 00:00,N,0
805710,2,Email,2024-11-12 00:00,Y,35.53
800846,5,Paid Search,2025-08-09 00:00,Y,202.24
808167,4,Email,2025-07-24 00:00,Y,190.82
802259,2,SEO,2024-09-20 00:00,Y,184.81
803053,1,Paid Social,2024-07-03 00:00,Y,42.25
808212,1,Paid Social,2024-12-26 00:00,Y,47.85
806053,1,Email,2024-12-09 00:00,Y,119.63
804405,1,SEO,2024-01-25 00:00,Y,53.05
800248,3,Paid Social,2025-10-13 00:00,N,0
805815,1,SEO,2024-01-12 00:00,Y,143.38
800552,1,SEO,2025-05-05 00:00,Y,116.37
806327,1,Paid Social,2024-10-18 00:00,Y,177.5
808881,5,Email,2024-11-25 00:00,Y,148.99
803970,3,Paid Search,2025-07-12 00:00,Y,140.04
804002,3,Email,2025-06-22 00:00,N,0
801041,2,Paid Social,2024-12-26 00:00,Y,130.37
804016,4,Email,2025-01-28 00:00,N,0
802240,2,Paid Search,2024-09-03 00:00,N,0
802302,5,SEO,2024-09-04 00:00,N,0
804001,1,Paid Social,2025-08-08 00:00,Y,172.29
800427,3,Paid Social,2024-12-22 00:00,Y,191.17
800641,4,Email,2024-09-06 00:00,Y,195.63
801887,2,Paid Social,2024-11-28 00:00,Y,86.27
802151,3,Paid Search,2025-03-12 00:00,Y,132.37
801227,1,SEO,2025-09-27 00:00,Y,84.52
800443,2,SEO,2025-02-14 00:00,Y,67.0
807262,1,Paid Search,2024-12-30 00:00,Y,49.44
800853,2,Email,2025-03-19 00:00,N,0
804016,2,SEO,2025-01-26 00:00,N,0
805143,1,SEO,2025-09-19 00:00,N,0
801330,1,Paid Social,2024-12-22 00:00,Y,103.0
802645,1,SEO,2024-10-11 00:00,N,0
806605,4,Paid Search,2024-12-31 00:00,N,0
801809,4,Paid Social,2025-06-08 00:00,N,0
802575,2,Paid Social,2024-12-29 00:00,N,0
808774,1,Paid Social,2024-05-12 00:00,Y,57.26
807638,3,Email,2025-05-25 00:00,Y,134.89
805566,1,Paid Social,2024-09-08 00:00,Y,38.94
806870,3,Paid Social,2025-04-30 00:00,Y,114.23
800619,3,Email,2025-04-23 00:00,Y,92.67
806585,1,Email,2025-09-08 00:00,Y,130.08
806831,1,Paid Search,2024-11-21 00:00,Y,127.61
808920,4,Paid Search,2025-05-02 00:00,Y,92.13
801526,2,Paid Social,2025-10-03 00:00,N,0
804738,3,Email,2024-04-27 00:00,Y,160.65
804470,2,SEO,2025-07-28 00:00,Y,215.27
805897,4,Email,2025-08-10 00:00,N,0
808842,1,Paid Social,2024-07-03 00:00,Y,219.6
804646,3,Email,2025-05-06 00:00,Y,35.24
808452,1,SEO,2024-03-26 00:00,Y,174.89
805523,1,Email,2025-10-06 00:00,N,0
806116,2,Email,2024-07-11 00:00,N,0
805883,1,SEO,2025-06-03 00:00,Y,158.02
806360,2,Paid Social,2024-03-24 00:00,Y,121.07
807804,2,SEO,2024-05-30 00:00,N,0
804548,2,Paid Social,2024-12-08 00:00,N,0
802591,2,SEO,2025-07-06 00:00,Y,73.85
800438,3,SEO,2024-12-23 00:00,Y,204.59
802007,2,Paid Search,2025-01-30 00:00,N,0
800467,1,Paid Social,2024-05-31 00:00,N,0
803440,2,Paid Social,2024-10-24 00:00,N,0
808857,2,Paid Social,2024-04-03 00:00,N,0
807696,2,Paid Social,2025-01-07 00:00,N,0
808063,2,Email,2025-03-09 00:00,Y,159.53
803568,3,Email,2025-09-07 00:00,Y,98.04
807126,2,Paid Social,2025-06-17 00:00,Y,55.33
801701,3,Paid Search,2025-02-01 00:00,Y,111.74
806389,2,SEO,2025-08-20 00:00,Y,61.08
804752,3,Paid Search,2024-02-26 00:00,N,0
803417,1,Paid Social,2024-08-12 00:00,N,0
806033,3,Email,2024-05-07 00:00,Y,56.99
807733,1,Paid Social,2025-04-08 00:00,N,0
804199,4,Paid Search,2024-03-27 00:00,Y,48.03
808468,2,Paid Search,2024-02-27 00:00,N,0
803425,5,SEO,2024-05-19 00:00,Y,64.93
804497,2,Email,2025-05-22 00:00,N,0
806660,2,Paid Search,2025-02-15 00:00,N,0
806314,1,Paid Social,2024-11-26 00:00,Y,154.8
807031,1,Paid Search,2024-11-30 00:00,N,0
801203,3,Email,2024-05-02 00:00,Y,138.37
803273,2,Paid Search,2025-06-30 00:00,Y,141.64
804672,3,SEO,2025-01-28 00:00,Y,92.26
807363,4,Paid Search,2025-08-13 00:00,N,0
804475,3,Paid Social,2024-08-14 00:00,N,0
808250,3,Email,2024-12-19 00:00,N,0
805393,1,Paid Social,2024-10-06 00:00,Y,112.83
801885,3,Paid Search,2024-09-17 00:00,Y,37.74
802109,1,Paid Social,2025-01-26 00:00,N,0
803338,2,SEO,2025-07-11 00:00,N,0
806945,3,Email,2024-03-20 00:00,Y,218.73
802769,2,Email,2025-05-07 00:00,Y,185.27
803184,3,Email,2024-02-22 00:00,Y,75.95
800373,1,Paid Social,2024-05-05 00:00,Y,142.96
807273,1,SEO,2024-07-16 00:00,Y,117.9
808401,1,Email,2024-05-01 00:00,Y,54.3
806835,4,Paid Search,2025-10-20 00:00,N,0
803906,4,Paid Social,2024-08-11 00:00,Y,101.06
800944,1,Paid Social,2025-05-23 00:00,N,0
807007,1,SEO,2025-07-22 00:00,N,0
801569,1,Paid Social,2025-04-01 00:00,N,0
803652,5,Paid Social,2025-09-30 00:00,N,0
803430,1,Email,2024-09-16 00:00,Y,143.75
805533,2,Paid Social,2025-02-08 00:00,N,0
801730,1,SEO,2024-03-22 00:00,Y,156.68
808865,1,SEO,2024-10-12 00:00,Y,203.99
803807,1,SEO,2024-03-24 00:00,N,0
804554,3,Paid Search,2024-11-10 00:00,Y,105.42
804985,3,Paid Social,2024-11-01 00:00,N,0
806270,1,SEO,2024-01-16 00:00,Y,217.91
806197,1,Email,2025-09-06 00:00,N,0
806012,3,Paid Search,2025-09-24 00:00,Y,52.34
805133,1,Email,2024-12-17 00:00,Y,153.95
804321,5,Email,2024-11-25 00:00,Y,134.34
801491,1,Paid Search,2024-05-16 00:00,Y,175.62
807754,4,Paid Search,2024-11-22 00:00,Y,180.45
806443,2,SEO,2024-01-21 00:00,Y,122.4
808460,1,SEO,2024-06-07 00:00,N,0
803913,2,Email,2024-05-13 00:00,Y,65.31
801333,1,Paid Search,2025-02-02 00:00,Y,119.45
803272,3,SEO,2025-10-16 00:00,N,0
801044,1,Email,2025-03-25 00:00,N,0
806784,3,SEO,2025-05-05 00:00,N,0
808319,3,Paid Social,2024-11-03 00:00,N,0
807581,1,Paid Social,2024-12-05 00:00,Y,180.19
808758,2,Email,2024-12-30 00:00,Y,44.08
807030,5,Paid Social,2025-01-18 00:00,Y,173.34
803802,3,Paid Search,2024-08-24 00:00,N,0
805074,3,Paid Search,2024-05-26 00:00,N,0
801854,1,Email,2025-09-09 00:00,Y,69.45
807726,2,Paid Social,2024-09-29 00:00,Y,178.04
804864,1,Paid Social,2024-07-24 00:00,Y,140.41
803410,4,SEO,2025-07-10 00:00,Y,106.17
805460,3,Paid Search,2024-08-09 00:00,N,0
802435,1,Paid Social,2025-06-22 00:00,N,0
807705,4,Email,2024-07-03 00:00,N,0
800628,3,Paid Social,2025-04-22 00:00,Y,63.49
808367,3,Email,2025-09-17 00:00,Y,112.62
807206,1,Email,2025-04-15 00:00,N,0
801471,1,Email,2024-04-05 00:00,Y,171.87
801470,1,Paid Search,2025-01-08 00:00,Y,167.84
808249,3,Email,2025-08-25 00:00,N,0
808724,2,Email,2024-06-20 00:00,N,0
805553,5,Paid Search,2025-09-19 00:00,N,0
808353,1,SEO,2025-05-11 00:00,Y,101.96
806779,3,Email,2025-01-02 00:00,Y,35.29
801669,3,Paid Search,2025-01-17 00:00,Y,190.78
802955,1,SEO,2025-03-16 00:00,Y,60.57
806043,4,Paid Search,2025-02-09 00:00,Y,196.28
806625,1,Paid Search,2025-07-15 00:00,Y,179.27
800584,3,Email,2024-11-29 00:00,Y,68.38
804853,5,Email,2024-08-16 00:00,N,0
800168,1,Paid Social,2025-10-06 00:00,N,0
804884,2,Paid Social,2025-08-24 00:00,Y,63.92
805857,3,Paid Search,2024-11-20 00:00,Y,219.99
806602,1,Paid Social,2024-08-25 00:00,N,0
806535,2,Email,2024-06-11 00:00,N,0
807655,2,SEO,2025-04-29 00:00,N,0
806672,2,Email,2025-08-26 00:00,Y,168.66
801982,2,Email,2024-09-02 00:00,N,0
800814,3,Paid Search,2024-12-09 00:00,Y,192.59
806699,2,Paid Search,2024-05-27 00:00,N,0
808831,2,Paid Search,2024-06-01 00:00,N,0
800233,2,Email,2024-01-06 00:00,Y,182.6
806177,4,Email,2024-04-23 00:00,Y,194.75
807757,2,Paid Search,2025-05-01 00:00,Y,138.93
805328,3,SEO,2025-08-02 00:00,Y,162.79
800594,2,Paid Social,2024-01-07 00:00,Y,79.42
807487,1,SEO,2024-08-22 00:00,N,0
802063,4,Email,2025-10-13 00:00,N,0
807630,4,SEO,2025-03-11 00:00,Y,123.09
805869,1,Paid Social,2025-05-04 00:00,N,0
803103,2,Email,2024-02-04 00:00,Y,210.95
808074,3,Paid Search,2025-07-29 00:00,N,0
803666,2,Email,2024-11-10 00:00,Y,164.39
800607,2,Paid Social,2025-01-29 00:00,Y,183.88
804340,2,Paid Search,2025-08-18 00:00,Y,40.28
808614,1,SEO,2024-05-27 00:00,Y,108.45
804466,3,Paid Search,2024-11-10 00:00,Y,112.66
804538,2,Paid Search,2024-06-15 00:00,N,0
807112,2,SEO,2024-10-04 00:00,N,0
805312,2,Email,2024-05-03 00:00,N,0
806520,1,Paid Social,2025-03-01 00:00,N,0
804469,3,Paid Search,2024-08-10 00:00,N,0
801785,3,SEO,2025-02-06 00:00,Y,74.3
804853,3,Paid Social,2024-08-06 00:00,N,0
807981,2,Paid Search,2024-05-30 00:00,Y,200.94
804415,1,SEO,2025-08-22 00:00,Y,185.66
806411,1,Paid Social,2024-12-19 00:00,Y,215.26
803424,1,SEO,2024-06-10 00:00,Y,196.68
806838,1,Email,2024-03-25 00:00,Y,130.24
801880,3,SEO,2024-08-06 00:00,Y,183.46
805238,5,Email,2024-02-24 00:00,Y,126.62
804170,3,Email,2024-04-08 00:00,N,0
802043,5,Email,2025-07-24 00:00,Y,156.19
805761,1,SEO,2024-12-06 00:00,N,0
805071,1,SEO,2025-06-18 00:00,N,0
808396,2,Paid Social,2025-05-04 00:00,Y,91.93
802022,4,Email,2024-09-27 00:00,N,0
801157,2,Paid Search,2024-07-22 00:00,Y,123.21
800411,2,Paid Social,2024-12-20 00:00,Y,111.08
807816,2,Email,2024-09-09 00:00,Y,81.37
801303,4,Paid Search,2024-07-05 00:00,Y,174.55
808896,4,SEO,2025-02-08 00:00,N,0
804655,2,Paid Social,2025-08-18 00:00,N,0
800631,3,Paid Social,2025-04-29 00:00,Y,44.46
803805,1,SEO,2024-01-28 00:00,N,0
806721,2,Paid Search,2024-01-09 00:00,Y,211.33
802731,1,SEO,2024-01-12 00:00,N,0
800063,1,SEO,2024-07-01 00:00,Y,104.21
805251,3,Email,2025-09-10 00:00,N,0
800387,1,SEO,2024-11-17 00:00,N,0
801704,1,SEO,2025-03-22 00:00,N,0
803489,2,SEO,2025-07-16 00:00,Y,57.01
803980,2,SEO,2024-10-30 00:00,N,0
808124,2,Paid Search,2025-06-22 00:00,Y,195.61
802658,4,Paid Search,2025-01-02 00:00,Y,129.8
804929,1,SEO,2025-07-05 00:00,N,0
800561,1,Paid Social,2025-04-20 00:00,Y,40.81
807405,4,Paid Search,2024-10-27 00:00,Y,214.56
803091,2,Paid Search,2024-04-11 00:00,N,0
807687,2,SEO,2025-02-10 00:00,N,0
803950,5,Paid Social,2024-04-16 00:00,Y,115.24
806670,1,Paid Search,2025-07-04 00:00,N,0
805509,3,Email,2024-09-13 00:00,N,0
800760,2,Paid Search,2024-04-27 00:00,N,0
807946,1,Paid Social,2025-04-10 00:00,Y,166.57
808021,1,SEO,2025-02-10 00:00,Y,202.27
804539,2,Email,2025-01-18 00:00,Y,213.81
804785,3,Email,2024-12-18 00:00,Y,92.89
802562,3,Paid Search,2024-03-11 00:00,N,0
806689,2,Paid Search,2025-09-13 00:00,N,0
805305,2,Email,2025-10-14 00:00,N,0
803687,1,SEO,2025-06-28 00:00,Y,87.81
808856,1,Paid Search,2024-08-03 00:00,Y,110.1
804486,3,Email,2024-02-07 00:00,Y,198.38
803886,2,Paid Search,2024-01-14 00:00,Y,171.68
803519,1,Paid Social,2024-07-01 00:00,N,0
806464,2,Email,2024-11-18 00:00,Y,75.05
803159,1,Paid Social,2025-05-28 00:00,Y,211.27
800336,3,Paid Search,2024-04-22 00:00,N,0
802680,1,Paid Social,2024-12-29 00:00,Y,77.95
804631,3,Paid Social,2024-11-20 00:00,Y,54.97
805882,1,Paid Social,2024-07-06 00:00,N,0
804762,1,SEO,2025-05-02 00:00,N,0
807119,3,Email,2024-11-27 00:00,N,0
806656,3,Paid Search,2024-04-19 00:00,N,0
808830,1,Paid Social,2024-11-12 00:00,N,0
802573,2,Paid Social,2024-03-17 00:00,Y,205.3
803479,1,SEO,2024-08-20 00:00,Y,138.59
802820,2,Paid Social,2024-11-19 00:00,Y,211.95
807395,1,Email,2025-03-30 00:00,N,0
808095,1,Email,2024-01-01 00:00,Y,36.91
803386,1,SEO,2025-01-03 00:00,N,0
804156,2,Paid Search,2024-03-28 00:00,N,0
804743,2,Paid Search,2025-04-30 00:00,N,0
805731,1,Paid Search,2025-02-07 00:00,Y,97.38
804139,3,Paid Social,2025-01-01 00:00,Y,141.24
807580,1,Paid Search,2025-08-02 00:00,Y,161.86
807940,4,Email,2025-04-04 00:00,Y,52.21
802775,1,Paid Social,2024-10-09 00:00,Y,49.84
804775,2,Paid Social,2024-03-17 00:00,N,0
802132,1,Paid Social,2024-12-28 00:00,Y,60.62
807511,2,Email,2024-01-12 00:00,Y,204.38
800226,1,SEO,2025-06-13 00:00,Y,170.94
802972,1,SEO,2025-01-07 00:00,Y,88.53
808897,2,Email,2024-08-16 00:00,N,0
801363,4,Paid Search,2025-05-19 00:00,N,0
804188,2,SEO,2024-09-20 00:00,N,0
806925,5,Paid Social,2024-07-05 00:00,Y,75.77
805385,2,Paid Social,2025-08-19 00:00,Y,143.92
803865,3,Paid Search,2025-01-09 00:00,N,0
806962,4,Paid Social,2025-07-30 00:00,N,0
807053,4,SEO,2025-06-05 00:00,Y,182.41
802577,1,SEO,2024-09-01 00:00,N,0
800846,2,SEO,2025-08-01 00:00,Y,202.24
808335,2,SEO,2024-01-07 00:00,Y,122.88
802886,2,Paid Search,2025-04-29 00:00,Y,46.56
800515,1,Paid Social,2025-08-08 00:00,N,0
806879,1,Paid Social,2025-03-03 00:00,Y,52.0
807810,3,Paid Social,2025-10-08 00:00,N,0
808875,2,Paid Search,2024-06-29 00:00,Y,105.69
807195,5,Email,2025-03-03 00:00,Y,158.12
805419,5,Paid Social,2025-08-27 00:00,N,0
800059,3,Email,2024-05-04 00:00,Y,140.83
801579,1,Paid Social,2025-01-11 00:00,Y,200.99
803868,2,Email,2024-11-11 00:00,N,0
801708,1,Email,2024-06-14 00:00,Y,179.87
808650,4,Paid Social,2025-02-18 00:00,N,0
807314,1,Email,2025-02-08 00:00,Y,79.36
802355,1,Paid Search,2025-05-12 00:00,Y,80.83
804225,1,Paid Search,2025-01-19 00:00,Y,161.71
800408,3,Paid Search,2025-08-23 00:00,Y,151.65
801062,3,Email,2024-12-08 00:00,Y,173.22
808115,1,Paid Social,2024-08-17 00:00,Y,192.61
805127,4,Paid Search,2024-09-10 00:00,N,0
800725,3,Paid Search,2024-04-24 00:00,N,0
806235,2,Paid Social,2025-03-28 00:00,Y,51.49
801614,1,Paid Search,2025-05-11 00:00,Y,48.35
803308,2,Email,2024-06-03 00:00,N,0
804143,3,Email,2025-05-11 00:00,Y,170.12
803921,1,Paid Search,2025-08-03 00:00,Y,153.69
800497,3,Email,2025-07-14 00:00,Y,209.11
805729,4,Paid Search,2025-09-19 00:00,Y,123.79
800289,1,SEO,2025-05-28 00:00,Y,145.29
805827,3,Paid Search,2025-03-23 00:00,Y,144.04
803540,1,Paid Social,2025-09-19 00:00,Y,81.83
805504,2,SEO,2025-05-12 00:00,N,0
800412,4,Paid Search,2024-04-30 00:00,N,0
800592,2,Paid Search,2025-05-26 00:00,N,0
806828,2,SEO,2024-01-27 00:00,Y,127.84
804079,2,Email,2025-08-08 00:00,Y,71.02
803224,2,Paid Social,2025-10-17 00:00,Y,170.12
800332,4,Email,2025-08-28 00:00,N,0
806268,3,Paid Search,2024-12-24 00:00,Y,178.71
802680,2,Paid Search,2024-12-30 00:00,Y,77.95
807033,2,Email,2024-05-16 00:00,Y,186.33
801693,1,SEO,2024-01-14 00:00,Y,139.47
803254,1,Paid Search,2025-02-06 00:00,N,0
808950,3,Email,2025-02-22 00:00,Y,73.74
806604,1,Paid Social,2025-06-09 00:00,N,0
803388,3,Paid Social,2025-04-08 00:00,Y,113.02
807668,1,SEO,2024-10-20 00:00,Y,107.01
800848,1,Paid Social,2025-06-26 00:00,Y,35.64
803881,1,SEO,2024-08-22 00:00,Y,123.89
808484,2,Email,2025-02-20 00:00,N,0
803215,1,Paid Social,2025-08-11 00:00,Y,43.76
806868,4,Paid Social,2025-04-05 00:00,Y,168.77
802971,2,Paid Social,2024-12-04 00:00,N,0
800954,2,Email,2024-02-06 00:00,N,0
802105,1,Paid Social,2024-06-14 00:00,N,0
805458,5,Paid Search,2024-11-16 00:00,N,0
804196,3,Paid Search,2024-05-18 00:00,Y,190.33
807020,2,Paid Search,2024-03-14 00:00,N,0
803212,3,Paid Search,2025-05-12 00:00,Y,211.76
803868,3,Paid Social,2024-11-12 00:00,N,0
806152,1,SEO,2025-01-10 00:00,Y,126.23
801251,3,SEO,2024-09-25 00:00,Y,171.68
805975,1,Paid Search,2025-03-06 00:00,N,0
802291,1,Paid Search,2025-01-05 00:00,N,0
804212,1,Email,2024-08-12 00:00,N,0
808077,1,SEO,2025-05-14 00:00,N,0
805790,2,Email,2024-01-11 00:00,N,0
802314,2,Email,2024-09-30 00:00,Y,143.75
803010,3,Email,2024-09-22 00:00,Y,35.99
800043,1,SEO,2024-04-22 00:00,N,0
803163,2,Paid Social,2025-03-23 00:00,Y,166.91
801374,1,SEO,2024-06-26 00:00,N,0
803570,2,SEO,2024-02-05 00:00,Y,83.5
808842,4,Email,2024-07-06 00:00,Y,219.6
806359,2,Paid Search,2024-09-19 00:00,Y,215.92
807909,1,SEO,2024-01-20 00:00,Y,133.03
803041,4,Paid Search,2024-03-10 00:00,Y,190.19
804137,3,Email,2025-10-14 00:00,Y,77.47
802798,3,SEO,2025-02-10 00:00,N,0
808276,3,SEO,2024-10-05 00:00,Y,46.84
804989,1,Paid Social,2024-05-30 00:00,Y,64.06
807476,2,SEO,2025-02-20 00:00,Y,161.44
801432,1,Paid Social,2024-08-04 00:00,N,0
804403,2,Paid Search,2024-01-13 00:00,Y,206.75
801381,1,Paid Social,2024-02-20 00:00,Y,57.44
806177,3,Email,2024-04-25 00:00,Y,194.75
801204,1,Paid Social,2025-05-23 00:00,Y,161.04
801126,2,SEO,2024-01-04 00:00,Y,201.44
801193,1,SEO,2025-07-19 00:00,N,0
805474,2,Paid Social,2025-10-11 00:00,Y,121.49
804935,2,Email,2024-05-22 00:00,Y,36.99
800221,2,Paid Search,2025-09-16 00:00,N,0
808402,4,Email,2024-11-23 00:00,N,0
804564,1,Paid Search,2025-09-09 00:00,N,0
808315,4,Paid Search,2024-08-05 00:00,Y,38.72
808617,3,Paid Search,2025-09-16 00:00,N,0
803721,4,Paid Social,2024-08-21 00:00,Y,55.87
806266,3,Email,2024-04-06 00:00,Y,175.37
804246,3,Paid Search,2024-06-07 00:00,Y,168.48
804903,3,SEO,2024-09-14 00:00,Y,82.38
805220,5,SEO,2025-01-11 00:00,N,0
808639,1,SEO,2025-03-25 00:00,N,0
806960,3,Paid Search,2024-06-10 00:00,Y,157.0
806150,2,Paid Social,2024-06-22 00:00,Y,36.08
802432,3,Email,2024-12-27 00:00,Y,115.12
800674,2,Email,2025-06-17 00:00,N,0
808786,1,Paid Social,2025-04-10 00:00,N,0
807211,2,SEO,2024-06-29 00:00,Y,168.42
805167,1,Paid Social,2024-06-21 00:00,N,0
801054,5,Email,2025-05-11 00:00,Y,120.76
808234,1,Paid Social,2025-09-06 00:00,Y,148.68
804869,1,SEO,2025-06-07 00:00,N,0
801368,1,SEO,2024-10-16 00:00,Y,161.81
805764,3,Email,2024-11-09 00:00,Y,179.42
808029,3,Paid Search,2024-06-08 00:00,Y,182.37
805563,2,SEO,2025-06-29 00:00,Y,110.23
805166,1,SEO,2025-09-08 00:00,N,0
804512,4,Email,2025-07-16 00:00,Y,146.17
800953,2,SEO,2024-02-25 00:00,Y,99.42
807300,3,SEO,2025-05-21 00:00,Y,158.97
807540,3,SEO,2025-01-31 00:00,Y,82.49
804807,1,Paid Social,2024-08-09 00:00,Y,43.67
804220,2,Paid Search,2024-11-06 00:00,N,0
808066,2,Paid Search,2025-05-30 00:00,Y,79.29
802475,3,Email,2024-01-05 00:00,Y,162.6
807342,2,Paid Search,2025-08-09 00:00,Y,44.89
808097,1,SEO,2024-10-15 00:00,Y,106.92
802274,1,Paid Social,2024-07-19 00:00,Y,196.48
803823,4,Paid Search,2025-03-30 00:00,Y,82.02
803901,3,Paid Search,2025-02-11 00:00,N,0
806380,1,SEO,2025-09-20 00:00,N,0
808751,2,SEO,2025-05-08 00:00,N,0
802374,1,Paid Social,2025-02-17 00:00,Y,103.7
800041,1,SEO,2025-06-23 00:00,Y,170.82
800088,1,SEO,2025-02-23 00:00,Y,201.74
803270,3,SEO,2025-04-20 00:00,Y,98.28
805588,1,Paid Social,2025-07-17 00:00,N,0
801445,1,SEO,2025-06-03 00:00,Y,132.63
808525,3,Paid Social,2024-02-16 00:00,N,0
807704,1,SEO,2025-06-15 00:00,Y,197.96
807606,5,Paid Social,2025-03-14 00:00,Y,191.11
802460,1,Paid Search,2024-05-26 00:00,Y,216.05
807213,2,Paid Social,2025-04-24 00:00,N,0
800355,2,Paid Search,2025-09-25 00:00,N,0
803102,2,Paid Search,2024-06-29 00:00,Y,146.86
801635,2,Paid Social,2025-02-22 00:00,N,0
801053,3,Email,2025-06-12 00:00,N,0
804271,2,Email,2025-07-13 00:00,N,0
808135,2,Email,2024-04-14 00:00,Y,130.88
805649,1,Paid Search,2024-05-13 00:00,N,0
804857,4,SEO,2024-03-23 00:00,Y,103.97
805783,4,Email,2024-03-01 00:00,Y,106.22
804788,1,SEO,2024-05-31 00:00,Y,148.97
807548,4,Email,2024-05-14 00:00,Y,52.14
802295,2,Paid Search,2024-04-24 00:00,Y,80.84
805501,1,Paid Social,2024-12-19 00:00,N,0
805079,1,Paid Social,2024-08-27 00:00,Y,179.39
801419,3,Email,2024-08-25 00:00,Y,136.94
806783,3,Paid Search,2024-02-16 00:00,Y,65.2
805456,2,Paid Search,2024-06-16 00:00,N,0
801000,1,SEO,2025-02-01 00:00,Y,200.98
805721,2,Email,2024-02-07 00:00,Y,160.14
800728,1,SEO,2024-11-24 00:00,Y,111.27
806395,3,Email,2025-02-15 00:00,N,0
808915,1,Paid Social,2024-12-19 00:00,Y,118.58
801627,1,Paid Search,2024-01-11 00:00,N,0
800815,2,Email,2025-05-19 00:00,Y,181.56
802400,5,Paid Search,2024-02-12 00:00,Y,214.59
807275,1,Paid Social,2025-05-22 00:00,Y,117.42
802650,2,SEO,2025-06-08 00:00,Y,128.74
805003,1,Email,2025-01-28 00:00,Y,175.99
806795,1,Paid Search,2024-05-24 00:00,N,0
805733,1,SEO,2024-11-16 00:00,Y,154.49
806360,3,Email,2024-03-30 00:00,Y,121.07
805788,2,Paid Social,2024-07-05 00:00,Y,134.24
802684,3,Email,2024-11-11 00:00,Y,74.97
808202,3,Email,2025-06-09 00:00,Y,116.31
802157,2,Paid Social,2024-09-16 00:00,Y,120.35
803544,5,Email,2024-09-26 00:00,Y,160.0
804098,3,SEO,2024-10-29 00:00,Y,165.6
806316,1,SEO,2025-06-26 00:00,N,0
800835,3,Email,2025-06-10 00:00,N,0
801547,1,Paid Social,2024-01-05 00:00,Y,211.98
803890,5,Email,2024-08-20 00:00,Y,61.57
804266,1,SEO,2025-05-07 00:00,Y,121.93
807683,2,SEO,2025-04-13 00:00,N,0
806105,2,SEO,2024-08-22 00:00,N,0
803154,1,SEO,2025-09-10 00:00,Y,85.03
803795,3,Paid Social,2024-10-23 00:00,Y,95.31
802065,2,Paid Social,2024-01-03 00:00,Y,153.27
805879,3,SEO,2024-12-09 00:00,N,0
804406,1,Email,2024-11-18 00:00,N,0
807632,1,Paid Social,2025-10-06 00:00,N,0
806904,2,Paid Social,2025-05-18 00:00,Y,102.14
804942,2,Email,2025-01-14 00:00,Y,121.63
801514,4,SEO,2025-10-13 00:00,Y,49.96
801814,2,Email,2025-04-25 00:00,Y,214.65
800309,2,Email,2024-06-20 00:00,Y,122.96
803947,3,Email,2024-07-10 00:00,Y,65.05
807920,1,SEO,2025-08-19 00:00,N,0
801173,3,Paid Search,2024-06-25 00:00,Y,99.17
807033,1,Paid Social,2024-05-15 00:00,Y,186.33
806848,1,SEO,2024-05-18 00:00,Y,204.8
803423,3,Paid Search,2024-12-15 00:00,Y,163.48
807136,3,Email,2025-04-21 00:00,Y,179.36
806025,1,SEO,2024-03-07 00:00,N,0
802537,2,Paid Search,2024-06-04 00:00,Y,69.29
807136,1,SEO,2025-04-19 00:00,Y,179.36
807291,1,SEO,2025-08-27 00:00,N,0
800677,3,Email,2025-06-06 00:00,N,0
802968,1,Paid Social,2025-08-30 00:00,Y,72.89
800104,1,SEO,2024-01-29 00:00,Y,135.36
803067,2,Paid Social,2024-05-26 00:00,N,0
803756,3,SEO,2025-06-15 00:00,Y,88.39
805437,3,Paid Search,2025-10-17 00:00,N,0
804867,2,Email,2024-04-02 00:00,Y,43.75
802965,1,Paid Search,2025-10-12 00:00,N,0
805299,1,SEO,2025-04-26 00:00,Y,142.7
808722,1,Paid Social,2024-08-08 00:00,N,0
806006,5,Paid Social,2025-07-31 00:00,Y,212.63
801098,2,Email,2025-06-10 00:00,Y,75.43
802060,2,SEO,2024-12-25 00:00,N,0
800837,4,Email,2024-05-08 00:00,Y,123.71
804800,1,Paid Social,2024-03-20 00:00,Y,216.68
802501,1,Paid Search,2024-12-29 00:00,Y,214.54
806569,1,SEO,2024-01-12 00:00,N,0
802795,2,SEO,2025-04-16 00:00,Y,209.85
808069,5,Paid Search,2024-11-01 00:00,N,0
802848,1,Email,2024-11-19 00:00,N,0
807401,1,SEO,2025-05-18 00:00,Y,187.8
807212,2,Paid Social,2024-08-04 00:00,Y,170.73
800082,2,SEO,2024-04-10 00:00,Y,212.17
806165,5,Paid Social,2025-09-10 00:00,N,0
802344,3,Email,2025-10-11 00:00,Y,131.16
800422,2,Paid Search,2024-12-26 00:00,Y,134.21
805714,3,Paid Search,2024-05-23 00:00,Y,187.2
806279,2,Email,2025-08-06 00:00,Y,186.53
803597,2,Paid Search,2024-03-09 00:00,N,0
800071,4,SEO,2025-07-28 00:00,N,0
802483,2,Paid Search,2024-12-20 00:00,Y,88.05
801321,1,Paid Social,2024-03-16 00:00,N,0
804424,1,SEO,2024-04-25 00:00,N,0
806369,1,Email,2025-05-04 00:00,Y,118.3
803826,2,SEO,2025-04-01 00:00,Y,126.75
805798,3,Paid Search,2024-10-23 00:00,Y,212.27
806874,5,Email,2025-05-15 00:00,N,0
801817,2,Paid Social,2024-09-01 00:00,N,0
801148,3,Paid Search,2025-02-05 00:00,Y,151.14
804698,2,Paid Social,2024-08-19 00:00,N,0
805210,4,Paid Social,2024-10-06 00:00,Y,97.91
802922,1,SEO,2025-09-28 00:00,Y,181.95
800912,1,SEO,2024-12-22 00:00,Y,187.26
803857,1,SEO,2025-08-09 00:00,Y,144.1
800300,2,Email,2025-08-30 00:00,N,0
805499,1,Paid Search,2024-06-13 00:00,Y,37.84
806506,3,SEO,2024-02-08 00:00,N,0
805723,2,Email,2025-04-25 00:00,Y,176.88
806338,4,Paid Search,2025-06-17 00:00,N,0
800550,2,Email,2025-07-23 00:00,N,0
808472,3,Paid Search,2025-09-22 00:00,Y,212.2
805418,5,Paid Search,2025-08-12 00:00,N,0
801427,2,SEO,2025-05-12 00:00,Y,149.15
804570,4,Paid Search,2024-02-08 00:00,N,0
804814,1,Paid Social,2025-05-10 00:00,Y,49.78
807575,1,Paid Search,2024-11-27 00:00,Y,209.94
803943,3,Email,2024-05-27 00:00,Y,164.71
800773,2,Paid Social,2024-12-07 00:00,N,0
805969,2,Email,2025-06-29 00:00,N,0
805542,1,Paid Social,2024-11-17 00:00,Y,193.46
802465,1,SEO,2025-04-19 00:00,N,0
804312,3,Email,2025-03-22 00:00,Y,154.33
802116,1,SEO,2025-02-07 00:00,Y,181.11
803248,2,SEO,2025-01-20 00:00,Y,127.69
805004,5,Paid Search,2025-06-07 00:00,N,0
803650,2,Paid Social,2024-02-10 00:00,Y,68.36
804918,2,Paid Search,2024-01-26 00:00,Y,131.72
801557,1,Paid Search,2024-08-29 00:00,Y,203.87
806043,1,Email,2025-01-31 00:00,Y,196.28
801017,1,SEO,2025-02-10 00:00,N,0
807197,3,Email,2025-05-26 00:00,N,0
807500,2,SEO,2024-08-08 00:00,N,0
804070,3,Email,2024-10-07 00:00,Y,147.01
801215,2,Email,2024-01-20 00:00,Y,192.75
803989,2,Paid Search,2025-03-16 00:00,N,0
805887,2,SEO,2024-02-19 00:00,N,0
800318,1,Paid Social,2025-01-18 00:00,Y,132.54
807929,2,Paid Social,2024-03-21 00:00,Y,54.48
805929,1,Paid Search,2025-05-08 00:00,Y,149.5
802933,1,Paid Social,2024-10-04 00:00,Y,206.43
800020,3,Paid Search,2024-04-14 00:00,Y,153.89
801580,2,SEO,2024-08-18 00:00,Y,68.18
802754,1,Paid Social,2025-09-13 00:00,Y,61.81
803475,3,Paid Search,2024-10-19 00:00,Y,102.01
804749,3,Paid Search,2024-11-18 00:00,N,0
805931,1,SEO,2025-08-02 00:00,N,0
805637,3,Paid Social,2025-03-25 00:00,Y,214.31
800638,1,Paid Social,2024-09-05 00:00,Y,67.28
804668,1,Paid Social,2024-03-13 00:00,N,0
808103,1,Email,2024-07-29 00:00,Y,139.69
800055,1,Email,2025-09-25 00:00,Y,130.74
803662,3,Email,2024-09-24 00:00,N,0
808016,2,SEO,2025-10-07 00:00,N,0
801670,5,Email,2024-10-21 00:00,Y,215.09
804831,2,Paid Social,2024-11-08 00:00,N,0
806878,1,Paid Search,2025-05-29 00:00,Y,214.02
802413,2,Email,2025-10-08 00:00,N,0
808571,1,SEO,2025-06-08 00:00,Y,210.94
805624,2,Paid Search,2024-12-14 00:00,Y,63.46
807789,1,SEO,2024-07-27 00:00,Y,71.79
801782,1,SEO,2025-02-28 00:00,Y,188.06
800848,2,Paid Social,2025-06-28 00:00,Y,35.64
801541,1,Paid Social,2024-05-16 00:00,Y,196.31
804252,1,SEO,2024-10-07 00:00,Y,152.19
801086,3,Paid Search,2025-06-16 00:00,Y,182.81
806056,2,Paid Social,2025-08-22 00:00,N,0
806370,3,Paid Search,2024-10-31 00:00,N,0
805572,2,Paid Social,2025-08-16 00:00,Y,110.18
805576,2,SEO,2024-12-22 00:00,Y,101.91
804796,1,Paid Social,2024-05-28 00:00,Y,56.44
805572,5,Email,2025-08-24 00:00,Y,110.18
808196,3,Paid Social,2024-12-31 00:00,Y,217.71
804252,3,SEO,2024-10-15 00:00,Y,152.19
807130,2,Email,2024-08-12 00:00,N,0
802507,2,Email,2024-06-02 00:00,Y,181.25
807252,4,Paid Social,2024-12-24 00:00,Y,150.57
806073,1,Email,2025-09-02 00:00,Y,183.85
807729,3,Email,2025-04-03 00:00,Y,69.95
803314,1,SEO,2025-07-28 00:00,Y,103.38
806449,1,Paid Social,2025-05-31 00:00,N,0
804166,1,Paid Search,2024-06-03 00:00,N,0
802773,1,Paid Search,2024-07-21 00:00,Y,218.79
806511,2,Paid Social,2025-10-16 00:00,N,0
805004,4,Email,2025-06-07 00:00,N,0
800547,2,Email,2024-01-15 00:00,N,0
803026,2,SEO,2025-09-10 00:00,Y,98.17
800877,1,Email,2024-04-26 00:00,N,0
804534,1,Paid Social,2024-07-20 00:00,Y,121.94
803035,3,Email,2024-06-06 00:00,N,0
801813,1,SEO,2025-10-04 00:00,N,0
801089,2,SEO,2024-05-09 00:00,N,0
808803,1,Email,2024-01-12 00:00,Y,104.72
804913,1,Paid Search,2024-07-11 00:00,Y,81.79
803759,3,Paid Search,2025-04-08 00:00,N,0
804431,1,SEO,2024-04-25 00:00,N,0
808393,1,SEO,2025-03-19 00:00,Y,124.76
804585,1,Paid Social,2025-09-20 00:00,Y,207.69
806527,2,Paid Social,2024-05-18 00:00,N,0
807109,2,Paid Social,2024-12-28 00:00,Y,118.72
807066,5,Email,2024-10-19 00:00,N,0
805695,1,SEO,2024-03-12 00:00,Y,153.33
801443,2,Paid Search,2025-04-07 00:00,N,0
805158,2,Email,2025-05-02 00:00,N,0
802969,1,Paid Social,2025-08-31 00:00,Y,168.19
803186,1,Paid Social,2024-09-22 00:00,Y,58.43
801197,1,Paid Social,2024-11-25 00:00,N,0
808963,2,Paid Search,2025-03-25 00:00,N,0
804725,1,SEO,2025-06-21 00:00,Y,66.59
805344,1,SEO,2025-05-24 00:00,N,0
805783,3,Email,2024-03-01 00:00,Y,106.22
806836,2,Paid Social,2024-05-24 00:00,Y,162.13
806546,2,Paid Search,2025-02-22 00:00,N,0
807427,3,Paid Search,2024-05-24 00:00,Y,159.32
800663,2,Paid Search,2025-06-06 00:00,Y,104.44
808469,2,Paid Search,2024-07-09 00:00,N,0
807202,1,Paid Search,2024-12-13 00:00,N,0
806980,4,Email,2025-01-22 00:00,Y,197.09
808431,2,SEO,2024-04-27 00:00,Y,83.53
808223,4,Paid Social,2025-04-18 00:00,Y,219.18
805301,5,Paid Social,2025-08-12 00:00,Y,46.73
808421,1,Paid Social,2024-04-25 00:00,Y,54.82
802376,1,SEO,2024-02-25 00:00,N,0
804718,2,Paid Social,2024-01-17 00:00,Y,193.43
801162,1,SEO,2025-01-31 00:00,N,0
807072,4,Paid Search,2025-01-21 00:00,Y,110.36
805281,2,Paid Social,2024-02-10 00:00,Y,48.93
804509,3,Email,2024-04-26 00:00,N,0
806999,1,Paid Social,2024-05-14 00:00,N,0
805462,3,SEO,2024-02-14 00:00,Y,66.07
808060,1,Paid Social,2024-08-05 00:00,Y,170.48
803008,2,Email,2024-02-05 00:00,Y,84.93
807086,1,Email,2025-05-20 00:00,Y,81.96
807324,3,Paid Search,2025-04-15 00:00,N,0
805076,1,Paid Social,2025-06-21 00:00,Y,202.16
806442,4,Email,2024-08-02 00:00,N,0
805765,5,Email,2025-04-28 00:00,N,0
800013,2,Paid Search,2025-03-15 00:00,Y,163.63
804559,2,Paid Search,2024-10-27 00:00,Y,44.09
804408,2,Paid Search,2024-05-09 00:00,N,0
805802,1,Paid Social,2024-11-28 00:00,N,0
804994,4,Paid Social,2025-06-08 00:00,Y,202.07
807090,2,Paid Search,2024-06-03 00:00,N,0
801331,3,Paid Search,2024-01-11 00:00,Y,145.91
806340,1,Paid Search,2025-09-21 00:00,Y,141.13
807844,1,Paid Search,2025-01-24 00:00,N,0
800297,3,Email,2024-03-14 00:00,N,0
805842,3,SEO,2025-05-17 00:00,Y,141.48
805695,2,Paid Social,2024-03-14 00:00,Y,153.33
807539,2,Email,2025-10-19 00:00,Y,95.2
801958,2,Paid Search,2024-04-01 00:00,N,0
802484,2,Paid Search,2025-03-18 00:00,Y,56.43
802790,1,Paid Search,2024-05-24 00:00,Y,186.97
804282,4,Email,2024-07-03 00:00,Y,149.5
805222,1,Paid Search,2024-06-16 00:00,N,0
805605,2,SEO,2024-09-15 00:00,Y,92.44
805743,2,SEO,2024-03-19 00:00,N,0
806827,1,Email,2025-08-21 00:00,Y,81.27
801098,3,SEO,2025-06-11 00:00,Y,75.43
805796,4,SEO,2024-12-28 00:00,Y,192.74
801245,2,SEO,2025-06-20 00:00,N,0
804261,5,Paid Search,2024-03-08 00:00,Y,94.25
803801,1,Paid Search,2025-06-27 00:00,N,0
803981,1,Paid Search,2024-09-24 00:00,Y,156.12
803050,1,Paid Social,2025-03-06 00:00,Y,141.55
806705,1,SEO,2025-10-02 00:00,Y,41.22
800068,3,Paid Social,2025-08-15 00:00,Y,65.35
805630,2,Email,2024-09-14 00:00,N,0
801332,2,Paid Search,2024-01-15 00:00,Y,126.42
805181,1,SEO,2024-03-09 00:00,Y,209.67
805306,3,Email,2024-02-03 00:00,Y,191.29
808567,4,Paid Social,2024-11-08 00:00,Y,194.89
804092,1,Paid Social,2025-06-18 00:00,N,0
808024,3,Email,2024-08-21 00:00,Y,127.26
806461,1,Paid Social,2025-07-02 00:00,N,0
800488,1,SEO,2025-05-21 00:00,Y,118.94
808975,1,SEO,2024-08-04 00:00,Y,55.74
807935,1,Paid Social,2025-09-21 00:00,Y,205.46
804122,3,Paid Search,2025-09-24 00:00,Y,112.78
807417,1,Paid Social,2024-08-04 00:00,N,0
808539,2,Paid Social,2024-09-25 00:00,Y,122.91
808234,2,Email,2025-09-09 00:00,Y,148.68
805606,5,Paid Search,2025-07-07 00:00,N,0
800973,3,Paid Social,2024-11-03 00:00,N,0
801706,1,SEO,2024-10-07 00:00,Y,72.16
806807,2,SEO,2024-01-30 00:00,N,0
807714,2,SEO,2024-05-29 00:00,N,0
801224,2,Email,2025-06-21 00:00,N,0
803679,1,SEO,2024-08-28 00:00,Y,132.44
807640,2,SEO,2025-08-10 00:00,Y,92.45
808275,2,Email,2025-08-07 00:00,N,0
804045,1,Paid Social,2025-10-13 00:00,Y,203.39
808938,1,Paid Social,2025-07-04 00:00,Y,137.75
800379,3,Paid Social,2025-08-30 00:00,Y,131.67
802675,3,Email,2025-10-07 00:00,Y,200.8
808816,1,Paid Social,2024-08-31 00:00,N,0
805602,1,Paid Social,2024-06-21 00:00,Y,161.58
801800,1,SEO,2025-06-10 00:00,N,0
807497,1,Paid Social,2024-08-16 00:00,N,0
804778,2,Email,2025-07-26 00:00,Y,175.03
800163,2,Paid Social,2025-09-13 00:00,N,0
802115,4,Paid Search,2025-08-18 00:00,Y,181.71
801494,3,SEO,2024-06-23 00:00,N,0
801477,2,SEO,2024-08-14 00:00,Y,118.61
807064,1,SEO,2025-02-24 00:00,Y,183.05
800302,4,Paid Search,2025-08-06 00:00,N,0
804906,2,Paid Search,2025-05-26 00:00,N,0
808678,2,Paid Search,2024-07-10 00:00,N,0
805504,5,Email,2025-05-17 00:00,N,0
807677,2,Paid Search,2024-04-06 00:00,Y,167.28
804762,4,Email,2025-05-11 00:00,N,0
808635,2,Email,2024-01-15 00:00,Y,193.97
802153,4,SEO,2024-02-07 00:00,N,0
805576,1,Paid Social,2024-12-20 00:00,Y,101.91
804733,2,Email,2025-07-24 00:00,N,0
805353,5,Email,2024-03-21 00:00,Y,142.13
804770,4,Email,2024-02-06 00:00,N,0
801937,1,Paid Social,2024-04-07 00:00,Y,188.55
804463,4,Email,2024-06-12 00:00,Y,131.68
806544,2,Paid Search,2024-07-23 00:00,Y,143.03
804248,2,Paid Search,2024-06-20 00:00,Y,163.19
808413,2,Paid Search,2024-06-09 00:00,Y,87.75
801782,5,Email,2025-03-16 00:00,Y,188.06
804443,4,Paid Social,2025-05-17 00:00,Y,176.58
800166,2,Paid Search,2024-04-26 00:00,N,0
802497,3,Email,2025-06-21 00:00,Y,88.8
800211,1,SEO,2024-02-15 00:00,Y,80.33
807023,4,Email,2024-03-03 00:00,Y,152.13
806242,3,Paid Search,2024-02-07 00:00,Y,141.33
804283,1,Paid Social,2025-02-19 00:00,N,0
805492,3,Email,2024-07-17 00:00,N,0
800900,1,Paid Search,2024-01-12 00:00,Y,126.33
806521,4,SEO,2024-07-14 00:00,N,0
803312,1,SEO,2025-08-25 00:00,Y,58.39
805442,1,SEO,2025-09-07 00:00,Y,43.86
806171,1,SEO,2025-08-02 00:00,Y,85.48
804234,3,Email,2025-01-08 00:00,N,0
805237,1,Email,2024-07-13 00:00,N,0
805263,2,Paid Social,2024-07-25 00:00,N,0
808039,3,SEO,2024-12-21 00:00,Y,140.97
803085,1,Paid Social,2025-01-15 00:00,Y,63.9
803176,4,Email,2024-04-03 00:00,N,0
802606,2,Paid Social,2025-06-17 00:00,N,0
802095,3,SEO,2025-09-26 00:00,Y,187.79
808108,1,Paid Social,2024-09-29 00:00,Y,64.23
808916,1,Email,2024-11-03 00:00,N,0
807416,1,Paid Search,2024-02-19 00:00,N,0
803904,4,SEO,2024-05-19 00:00,Y,187.63
803732,2,Email,2024-12-03 00:00,Y,188.96
802059,2,Email,2024-08-05 00:00,N,0
808699,2,SEO,2024-08-20 00:00,N,0
807900,3,Paid Search,2025-08-14 00:00,Y,127.67
806393,1,SEO,2025-04-15 00:00,Y,218.61
800755,2,Paid Search,2024-01-08 00:00,N,0
802995,1,Paid Social,2024-08-05 00:00,Y,203.96
803339,2,Email,2024-04-15 00:00,Y,215.01
808100,2,Email,2025-08-25 00:00,N,0
801300,1,Paid Social,2024-03-14 00:00,N,0
800926,1,Paid Social,2024-10-22 00:00,Y,147.44
808933,2,Paid Search,2024-04-20 00:00,N,0
808252,2,SEO,2025-03-16 00:00,Y,166.05
801489,3,Email,2024-09-20 00:00,N,0
808334,1,Email,2025-03-04 00:00,Y,98.62
804374,3,Paid Search,2024-12-28 00:00,Y,196.1
804560,2,Paid Social,2025-07-21 00:00,Y,137.83
800964,4,Email,2024-10-11 00:00,N,0
808720,4,Email,2024-07-18 00:00,Y,171.02
802356,2,SEO,2025-01-07 00:00,Y,198.31
805313,2,Paid Social,2024-07-08 00:00,Y,203.76
806035,3,Paid Search,2025-01-04 00:00,Y,47.11
802439,1,SEO,2025-07-17 00:00,Y,170.96
801612,3,Paid Search,2024-12-22 00:00,Y,210.21
807297,3,Email,2024-11-25 00:00,Y,135.37
806641,2,Paid Search,2025-05-03 00:00,Y,79.23
808705,1,SEO,2024-04-18 00:00,Y,130.81
805286,1,Paid Social,2025-03-20 00:00,Y,44.39
805095,2,Email,2024-12-20 00:00,N,0
808521,1,Paid Search,2024-07-22 00:00,Y,75.56
807165,2,Paid Social,2024-02-20 00:00,N,0
804235,2,Paid Social,2024-04-14 00:00,Y,133.47
807300,1,Email,2025-05-13 00:00,Y,158.97
800278,1,Paid Search,2024-12-20 00:00,N,0
800240,3,Email,2024-06-01 00:00,N,0
807505,3,Email,2024-07-25 00:00,Y,91.92
802007,3,Paid Social,2025-02-05 00:00,N,0
807525,2,Email,2025-03-05 00:00,Y,208.76
806359,3,Email,2024-09-22 00:00,Y,215.92
801550,1,SEO,2025-08-17 00:00,Y,191.32
803995,1,SEO,2024-09-22 00:00,Y,138.15
800258,5,Email,2025-05-26 00:00,Y,170.03
808653,5,Paid Search,2025-05-19 00:00,Y,121.74
806779,2,Email,2025-01-02 00:00,Y,35.29
803906,1,Paid Social,2024-08-02 00:00,Y,101.06
807804,1,Email,2024-05-27 00:00,N,0
800803,2,Paid Social,2024-12-24 00:00,N,0
806623,2,Paid Social,2024-11-18 00:00,Y,168.68
808035,1,Paid Social,2025-10-06 00:00,Y,159.61
801500,2,Email,2025-03-06 00:00,Y,38.72
806366,2,Paid Search,2025-02-04 00:00,Y,79.03
802239,2,Email,2024-07-23 00:00,N,0
804164,2,Email,2024-04-16 00:00,Y,108.39
805252,2,Paid Social,2024-11-25 00:00,Y,115.82
807203,1,SEO,2025-04-20 00:00,Y,174.49
806346,1,SEO,2025-06-10 00:00,Y,40.86
808051,4,Email,2024-09-11 00:00,Y,51.58
805674,2,Paid Search,2025-01-08 00:00,N,0
802203,2,Email,2024-11-08 00:00,Y,59.88
807528,3,Email,2025-06-27 00:00,N,0
805227,1,Email,2025-07-31 00:00,N,0
800363,3,Paid Search,2025-04-18 00:00,Y,98.62
803473,2,Email,2024-04-05 00:00,Y,179.0
802885,1,Paid Social,2025-09-06 00:00,Y,134.41
801999,1,Paid Search,2025-01-01 00:00,N,0
802628,2,Email,2025-01-11 00:00,Y,189.83
808885,3,Email,2025-05-28 00:00,Y,204.18
807331,1,SEO,2025-01-26 00:00,N,0
800807,2,Email,2025-08-21 00:00,Y,170.25
801081,2,Email,2024-10-25 00:00,Y,152.2
800828,1,Paid Social,2024-08-17 00:00,Y,88.88
803239,5,Paid Social,2024-12-19 00:00,N,0
805068,4,Email,2025-01-21 00:00,Y,199.95
808612,2,Email,2024-06-08 00:00,N,0
807463,1,SEO,2024-09-08 00:00,N,0
807588,2,SEO,2024-03-07 00:00,Y,37.58
800418,2,Email,2024-06-30 00:00,Y,48.41
802797,1,SEO,2025-09-04 00:00,Y,146.28
806074,3,Paid Search,2025-03-24 00:00,N,0
802714,1,Paid Social,2025-10-06 00:00,Y,172.68
807776,3,Email,2024-11-09 00:00,Y,214.68
800730,5,Email,2025-06-03 00:00,N,0
804791,4,Email,2024-03-20 00:00,Y,124.22
805491,1,Paid Social,2025-01-21 00:00,Y,219.53
803374,2,Paid Search,2025-07-12 00:00,Y,150.06
807549,1,Paid Search,2025-01-22 00:00,Y,109.89
806549,3,Email,2025-10-11 00:00,N,0
805663,1,Paid Social,2024-05-12 00:00,Y,202.26
804714,3,Email,2024-12-17 00:00,Y,83.31
800658,1,SEO,2024-04-26 00:00,Y,212.32
802911,1,Paid Search,2024-03-28 00:00,N,0
805100,2,Email,2025-07-15 00:00,Y,79.87
802419,2,Paid Social,2024-08-09 00:00,N,0
808384,1,SEO,2025-02-05 00:00,N,0
801131,1,Paid Social,2024-11-21 00:00,Y,197.28
807330,1,Paid Social,2025-06-22 00:00,N,0
804709,4,Paid Social,2025-08-17 00:00,Y,70.67
805401,1,Paid Social,2025-01-30 00:00,Y,60.44
807705,3,Paid Search,2024-06-28 00:00,N,0
808178,3,Paid Search,2025-06-06 00:00,Y,114.36
802597,1,Paid Search,2024-08-21 00:00,Y,151.41
803840,2,Paid Search,2024-03-24 00:00,N,0
808109,2,Email,2024-08-15 00:00,Y,78.38
800211,3,SEO,2024-02-17 00:00,Y,80.33
800558,1,Paid Social,2024-12-07 00:00,Y,190.72
803916,4,Paid Social,2025-06-12 00:00,Y,183.94
803404,3,Paid Social,2025-08-30 00:00,Y,45.88
805935,1,SEO,2024-01-23 00:00,Y,115.77
808216,4,Paid Social,2024-01-12 00:00,Y,86.8
800962,5,Email,2024-12-18 00:00,Y,166.59
801136,1,Paid Social,2024-05-17 00:00,Y,91.34
808611,2,Email,2024-04-30 00:00,N,0
806732,1,Paid Search,2024-06-15 00:00,N,0
807674,1,Paid Social,2024-06-08 00:00,Y,134.38
803122,3,Email,2024-01-12 00:00,N,0
806050,1,Paid Social,2024-03-14 00:00,Y,152.17
806717,1,SEO,2025-09-06 00:00,Y,69.32
804815,1,SEO,2024-05-21 00:00,Y,179.48
802047,2,SEO,2024-03-03 00:00,Y,88.28
800790,1,Email,2025-05-11 00:00,N,0
802026,3,Paid Social,2024-08-30 00:00,N,0
800207,1,Paid Search,2025-03-12 00:00,Y,98.1
803406,1,Paid Social,2024-05-18 00:00,Y,102.78
805517,2,SEO,2024-08-24 00:00,Y,67.72
801790,2,SEO,2024-04-23 00:00,Y,123.42
805875,2,Email,2025-06-21 00:00,N,0
800147,2,Paid Search,2025-03-22 00:00,Y,198.43
808078,4,Paid Social,2024-05-17 00:00,N,0
804876,3,Email,2024-03-04 00:00,Y,199.87
800222,2,Email,2024-06-14 00:00,Y,219.49
804325,5,Email,2025-04-17 00:00,Y,49.64
806382,1,Paid Social,2025-09-02 00:00,Y,109.69
806644,5,Paid Search,2024-07-24 00:00,Y,35.69
802696,4,Email,2024-02-21 00:00,Y,194.68
805891,2,SEO,2024-12-14 00:00,N,0
800633,5,Paid Search,2024-11-17 00:00,Y,175.14
803009,2,Paid Social,2024-07-17 00:00,Y,148.61
804982,2,Email,2025-04-25 00:00,N,0
800890,1,Email,2024-05-31 00:00,N,0
807094,5,Paid Social,2024-10-22 00:00,N,0
804066,3,Email,2025-07-19 00:00,Y,155.81
801714,5,Paid Social,2025-05-24 00:00,Y,192.9
807777,3,Paid Search,2025-09-21 00:00,Y,213.51
804388,1,Paid Social,2024-06-25 00:00,Y,161.15
806059,5,Paid Social,2025-08-28 00:00,Y,79.3
807897,2,Paid Social,2024-06-19 00:00,N,0
802000,2,Paid Social,2025-02-21 00:00,Y,105.77
801849,1,Paid Search,2024-07-12 00:00,N,0
808408,1,Paid Search,2024-03-23 00:00,Y,214.62
805721,1,Paid Search,2024-02-04 00:00,Y,160.14
805306,1,Email,2024-02-01 00:00,Y,191.29
800409,1,SEO,2024-03-30 00:00,Y,52.55
804581,2,Email,2024-09-09 00:00,Y,175.32
802387,2,SEO,2024-05-05 00:00,Y,108.68
805134,5,Email,2025-10-28 00:00,Y,188.76
805171,3,Paid Search,2025-03-22 00:00,N,0
805202,2,Email,2025-07-28 00:00,N,0
806752,1,Paid Search,2025-05-14 00:00,Y,78.93
801923,1,SEO,2025-03-13 00:00,Y,49.29
802685,1,Email,2025-04-21 00:00,Y,138.74
808757,2,Email,2024-05-27 00:00,Y,96.52
800977,2,SEO,2025-04-24 00:00,N,0
802796,1,SEO,2024-04-24 00:00,Y,63.15
807611,2,SEO,2024-07-16 00:00,Y,122.55
804443,5,Email,2025-05-20 00:00,Y,176.58
800283,1,SEO,2024-03-31 00:00,N,0
803246,1,Email,2024-08-31 00:00,Y,130.68
804377,1,SEO,2024-03-19 00:00,N,0
805992,1,Paid Social,2025-04-29 00:00,N,0
805920,3,Paid Social,2024-06-08 00:00,Y,204.6
807375,1,Paid Social,2024-09-03 00:00,Y,72.65
806322,4,Paid Search,2024-08-10 00:00,Y,84.38
800228,3,Email,2025-07-29 00:00,Y,140.81
807378,1,SEO,2025-05-14 00:00,N,0
806274,1,Paid Social,2024-08-27 00:00,N,0
800111,3,Paid Search,2024-05-20 00:00,N,0
802280,2,Paid Search,2025-08-13 00:00,N,0
807249,2,Paid Search,2024-06-15 00:00,Y,213.25
804749,2,SEO,2024-11-18 00:00,N,0
805193,3,SEO,2025-02-15 00:00,N,0
806178,1,Paid Search,2024-03-05 00:00,N,0
800791,2,SEO,2025-09-09 00:00,N,0
800979,2,Paid Social,2024-08-15 00:00,Y,141.13
806466,4,SEO,2024-05-31 00:00,Y,37.88
802574,4,Email,2024-10-12 00:00,Y,41.54
808152,4,Paid Search,2025-08-29 00:00,Y,78.15
801373,1,SEO,2024-11-14 00:00,Y,175.59
800536,2,SEO,2024-03-17 00:00,Y,58.49
803759,2,Paid Social,2025-04-05 00:00,N,0
805714,2,Email,2024-05-19 00:00,Y,187.2
804393,3,Email,2024-01-15 00:00,N,0
806184,2,Paid Social,2025-05-30 00:00,Y,116.33
807604,2,Paid Social,2024-05-18 00:00,N,0
805357,1,SEO,2025-06-30 00:00,Y,125.18
804881,3,Email,2024-03-21 00:00,N,0
804784,3,Email,2025-08-11 00:00,N,0
803476,2,SEO,2025-06-14 00:00,N,0
800404,2,SEO,2025-06-20 00:00,Y,209.56
808487,1,Paid Search,2024-03-30 00:00,Y,96.44
806301,1,Paid Social,2025-02-08 00:00,Y,163.4
807327,1,Email,2024-07-08 00:00,Y,122.53
805294,1,SEO,2024-05-19 00:00,Y,140.84
803042,2,Email,2024-04-01 00:00,Y,76.51
806653,1,Paid Search,2024-04-15 00:00,N,0
804742,4,Email,2024-07-27 00:00,Y,48.98
807093,1,Paid Search,2025-02-22 00:00,N,0
803356,1,SEO,2025-06-04 00:00,N,0
802453,3,Paid Search,2024-05-28 00:00,Y,36.33
800483,2,Email,2024-01-12 00:00,Y,163.39
802447,2,SEO,2025-05-04 00:00,Y,130.84
804846,3,Email,2025-06-11 00:00,N,0
800420,1,SEO,2024-12-19 00:00,N,0
806195,1,Email,2024-11-13 00:00,Y,152.93
802974,2,Paid Social,2025-08-28 00:00,Y,174.42
802541,2,Email,2024-11-19 00:00,Y,142.3
800783,2,Paid Social,2024-08-28 00:00,Y,125.22
807523,5,Paid Search,2024-06-01 00:00,Y,83.44
807228,2,Paid Social,2025-02-15 00:00,N,0
807992,2,SEO,2024-05-20 00:00,N,0
802745,1,SEO,2024-02-29 00:00,Y,79.32
803459,4,Email,2025-06-25 00:00,Y,82.01
801871,1,Paid Social,2024-11-23 00:00,Y,97.02
803591,3,Email,2024-03-30 00:00,N,0
800885,2,SEO,2024-06-23 00:00,Y,165.35
803644,1,Paid Search,2025-04-11 00:00,N,0
801459,4,Paid Social,2024-10-20 00:00,Y,96.93
803712,1,SEO,2025-07-28 00:00,Y,187.59
805328,4,Email,2025-07-28 00:00,Y,162.79
805308,1,Paid Social,2024-01-19 00:00,Y,101.98
807896,1,Paid Social,2025-04-02 00:00,N,0
801946,3,Email,2025-03-14 00:00,Y,173.74
803448,3,SEO,2024-05-01 00:00,Y,144.76
802742,1,Paid Social,2024-08-02 00:00,Y,62.5
802564,2,Paid Social,2024-08-10 00:00,Y,123.11
802242,4,Email,2024-07-29 00:00,N,0
807493,1,SEO,2025-04-28 00:00,Y,207.5
807705,2,Paid Social,2024-06-28 00:00,N,0
802373,2,Paid Search,2024-01-11 00:00,N,0
806953,3,Paid Search,2024-07-22 00:00,N,0
804727,1,Paid Social,2025-02-14 00:00,Y,55.41
805032,2,Email,2025-01-29 00:00,N,0
803829,3,Paid Social,2025-09-17 00:00,N,0
807597,3,Paid Social,2025-05-04 00:00,Y,173.66
801535,1,Email,2024-03-03 00:00,Y,150.63
806566,1,SEO,2024-11-30 00:00,N,0
802051,4,Email,2025-08-09 00:00,Y,132.87
803013,5,Email,2025-05-29 00:00,Y,147.38
804972,3,Paid Search,2025-01-21 00:00,N,0
805869,2,Paid Search,2025-05-07 00:00,N,0
806590,2,Paid Social,2025-08-21 00:00,N,0
805893,3,Email,2025-05-07 00:00,Y,80.65
805648,2,Email,2025-10-06 00:00,Y,145.32
800229,4,Email,2025-07-05 00:00,Y,112.84
807288,1,Paid Social,2024-02-09 00:00,Y,205.24
808573,1,Paid Social,2025-02-10 00:00,Y,67.35
808946,1,Paid Social,2024-02-21 00:00,N,0
800034,1,Email,2024-01-28 00:00,Y,96.22
803676,2,Paid Search,2025-06-15 00:00,N,0
804338,1,SEO,2025-01-12 00:00,Y,186.53
805989,2,SEO,2025-02-20 00:00,Y,120.51
807245,1,SEO,2025-05-01 00:00,Y,75.11
803336,1,SEO,2024-08-31 00:00,Y,48.25
807869,2,Paid Social,2024-06-08 00:00,Y,95.89
805172,1,Paid Social,2025-03-10 00:00,Y,70.64
805406,2,SEO,2025-01-25 00:00,N,0
805220,4,SEO,2025-01-02 00:00,N,0
803326,2,Paid Social,2024-11-13 00:00,Y,60.95
805889,1,Paid Social,2024-05-09 00:00,N,0
807876,1,SEO,2025-07-01 00:00,Y,88.23
806601,1,SEO,2025-03-20 00:00,Y,103.06
807133,1,SEO,2025-09-19 00:00,N,0
808442,2,Paid Social,2024-01-23 00:00,Y,212.63
807786,1,SEO,2024-03-28 00:00,Y,205.99
806098,4,SEO,2024-07-10 00:00,N,0
800764,2,Email,2024-04-29 00:00,N,0
803351,3,Paid Social,2025-01-04 00:00,Y,149.46
805913,2,Email,2025-08-01 00:00,Y,157.91
801435,1,Paid Social,2025-05-19 00:00,Y,72.89
800428,2,Paid Search,2025-05-04 00:00,Y,121.93
806153,2,SEO,2025-01-08 00:00,N,0
805392,3,Paid Search,2025-02-06 00:00,Y,131.77
806847,3,Email,2025-06-23 00:00,N,0
805313,1,Paid Social,2024-07-05 00:00,Y,203.76
804940,2,Paid Search,2025-07-06 00:00,N,0
808425,2,Email,2024-03-01 00:00,Y,146.09
803409,5,Email,2024-03-03 00:00,Y,179.2
808078,1,Paid Social,2024-05-05 00:00,N,0
801506,1,SEO,2025-03-14 00:00,N,0
803244,1,Paid Social,2024-08-28 00:00,N,0
808233,1,Paid Social,2025-04-11 00:00,N,0
803225,3,Email,2024-05-13 00:00,Y,120.69
800006,1,Paid Social,2025-02-17 00:00,Y,101.24
801455,2,SEO,2024-09-08 00:00,Y,153.46
806151,2,Paid Search,2025-04-18 00:00,Y,134.57
805267,4,Email,2025-01-17 00:00,Y,160.75
801020,1,SEO,2024-11-16 00:00,Y,90.66
806586,1,Email,2024-05-01 00:00,N,0
805207,3,Email,2024-07-15 00:00,N,0
802091,1,SEO,2025-05-14 00:00,N,0
803217,3,Email,2024-06-23 00:00,Y,108.28
801279,2,Paid Social,2024-03-04 00:00,Y,83.6
807249,3,Email,2024-06-20 00:00,Y,213.25
803978,1,Email,2024-12-22 00:00,N,0
808049,1,Paid Social,2025-03-16 00:00,Y,174.06
806906,1,Paid Search,2025-03-20 00:00,Y,159.1
800405,4,SEO,2025-08-26 00:00,N,0
804234,1,SEO,2025-01-04 00:00,N,0
805650,1,Paid Social,2024-04-11 00:00,Y,211.74
806054,4,Paid Social,2025-02-13 00:00,Y,179.41
804987,1,Paid Social,2024-04-28 00:00,N,0
803901,2,SEO,2025-02-10 00:00,N,0
804553,2,Paid Search,2025-05-07 00:00,Y,73.09
807238,2,Paid Search,2025-08-21 00:00,N,0
805973,1,SEO,2024-11-13 00:00,N,0
801152,4,Paid Search,2025-10-21 00:00,Y,129.91
807968,1,Paid Social,2024-10-06 00:00,N,0
803957,2,Paid Search,2025-03-10 00:00,Y,111.63
801684,3,Paid Social,2025-03-06 00:00,N,0
806554,1,Paid Social,2024-10-13 00:00,Y,183.38
806394,2,Paid Search,2024-07-17 00:00,Y,64.2
808773,1,Paid Social,2025-05-28 00:00,Y,81.57
802030,1,SEO,2024-01-04 00:00,Y,122.39
804877,4,Email,2025-01-27 00:00,Y,144.69
804756,1,SEO,2024-11-08 00:00,Y,178.56
802270,1,Paid Search,2024-12-31 00:00,N,0
805880,3,Paid Search,2025-10-13 00:00,N,0
808725,1,Email,2024-03-29 00:00,Y,189.78
804933,2,Email,2024-08-31 00:00,Y,127.36
807099,4,Email,2024-08-15 00:00,N,0
808461,2,SEO,2025-05-25 00:00,Y,39.97
805101,4,SEO,2025-02-20 00:00,N,0
801023,1,Paid Social,2025-09-02 00:00,N,0
802333,2,Paid Social,2025-08-05 00:00,Y,207.51
801562,2,Email,2025-06-26 00:00,Y,198.77
800209,1,Email,2025-01-30 00:00,Y,209.99
803300,1,SEO,2024-07-04 00:00,N,0
806969,2,Paid Social,2025-08-31 00:00,Y,126.27
804974,2,Paid Social,2025-05-03 00:00,Y,100.26
802554,2,Email,2024-11-14 00:00,Y,198.59
806030,1,Email,2024-01-24 00:00,Y,78.5
800242,5,Email,2024-11-29 00:00,N,0
804085,1,SEO,2024-08-10 00:00,Y,132.52
808012,2,Email,2024-03-24 00:00,Y,149.58
806552,1,Paid Search,2025-04-10 00:00,Y,130.58
807168,3,Paid Search,2025-07-28 00:00,Y,156.89
800992,2,SEO,2024-05-20 00:00,Y,42.01
800426,3,SEO,2025-08-28 00:00,Y,136.65
800146,1,SEO,2024-10-15 00:00,Y,114.68
808685,4,Email,2025-08-19 00:00,Y,213.14
805797,1,Email,2024-10-06 00:00,Y,186.48
804955,5,Email,2025-05-12 00:00,N,0
807049,1,Paid Search,2024-11-14 00:00,N,0
801915,2,SEO,2024-08-21 00:00,Y,148.87
807229,1,SEO,2024-09-13 00:00,N,0
807026,2,Email,2024-04-25 00:00,N,0
800639,2,Email,2024-12-24 00:00,N,0
807833,1,Paid Social,2024-10-10 00:00,Y,72.64
802009,2,Paid Search,2025-01-16 00:00,Y,57.47
807394,2,Paid Search,2025-09-19 00:00,Y,105.55
806781,3,Email,2025-08-20 00:00,Y,218.32
808915,2,Email,2024-12-22 00:00,Y,118.58
800559,1,SEO,2025-08-29 00:00,N,0
801831,3,SEO,2024-10-11 00:00,Y,104.31
803200,2,SEO,2024-03-05 00:00,N,0
805660,2,SEO,2025-01-30 00:00,N,0
800991,2,Paid Search,2024-05-11 00:00,Y,83.32
806640,2,SEO,2024-04-27 00:00,Y,157.56
804452,3,SEO,2024-10-31 00:00,Y,43.29
800192,4,SEO,2024-02-21 00:00,Y,111.06
802122,3,Paid Search,2025-04-20 00:00,N,0
806913,1,Paid Social,2024-08-02 00:00,N,0
808392,5,SEO,2024-01-18 00:00,N,0
802774,1,SEO,2025-10-14 00:00,Y,38.77
806511,5,Paid Search,2025-10-16 00:00,N,0
804122,2,SEO,2025-09-19 00:00,Y,112.78
802315,1,SEO,2024-05-29 00:00,Y,162.54
803685,1,SEO,2025-07-01 00:00,Y,182.3
808890,1,Paid Search,2024-07-30 00:00,Y,101.79
802929,1,Email,2024-10-08 00:00,Y,154.4
800244,3,Paid Social,2024-03-03 00:00,Y,194.55
802035,4,Email,2025-01-19 00:00,Y,156.23
802029,2,Paid Search,2024-03-15 00:00,Y,147.45
804308,1,SEO,2025-10-07 00:00,Y,211.66
808767,2,Paid Search,2024-02-21 00:00,Y,147.12
804054,1,SEO,2025-05-01 00:00,N,0
808260,2,SEO,2024-11-13 00:00,Y,150.07
808137,1,SEO,2024-04-13 00:00,Y,66.23
808944,1,Paid Social,2024-08-03 00:00,N,0
801191,2,SEO,2025-02-24 00:00,Y,172.06
807673,3,SEO,2024-09-27 00:00,N,0
804309,1,Paid Social,2025-08-02 00:00,Y,58.35
807575,4,Paid Social,2024-12-03 00:00,Y,209.94
806401,2,SEO,2025-08-28 00:00,N,0
806922,3,Paid Search,2024-01-13 00:00,Y,35.05
807225,4,Email,2025-10-23 00:00,Y,120.3
803262,2,Paid Search,2024-09-21 00:00,Y,98.35
806694,1,Paid Social,2025-04-15 00:00,Y,116.89
800926,2,Email,2024-10-25 00:00,Y,147.44
807061,1,Email,2025-06-16 00:00,Y,92.38
800369,2,Paid Search,2024-07-08 00:00,Y,42.02
806526,3,SEO,2025-02-11 00:00,Y,79.5
800734,1,Paid Social,2024-05-28 00:00,Y,183.27
805004,1,SEO,2025-05-26 00:00,N,0
805617,1,SEO,2024-04-25 00:00,N,0
801883,2,Paid Social,2024-07-28 00:00,Y,155.9
806357,1,SEO,2025-02-10 00:00,N,0
800805,3,SEO,2024-04-24 00:00,Y,37.51
802247,2,Paid Social,2025-09-03 00:00,N,0
805379,3,Email,2024-04-09 00:00,N,0
800078,1,Paid Social,2024-10-30 00:00,Y,64.92
801800,2,Paid Search,2025-06-14 00:00,N,0
800129,2,Paid Search,2024-05-27 00:00,N,0
807765,1,Email,2025-05-13 00:00,Y,170.17
803088,2,Email,2025-05-01 00:00,N,0
807974,4,Paid Search,2024-07-06 00:00,N,0
802978,2,Paid Search,2024-12-26 00:00,Y,124.36
804983,2,Email,2024-03-03 00:00,Y,89.97
805691,1,SEO,2025-09-14 00:00,N,0
802130,2,Paid Social,2024-07-04 00:00,N,0
803040,4,Paid Search,2024-01-07 00:00,N,0
800537,2,SEO,2025-01-11 00:00,Y,148.95
802535,1,Paid Social,2024-10-02 00:00,N,0
806711,2,Email,2024-11-18 00:00,N,0
808594,2,Email,2025-06-06 00:00,N,0
802866,1,Email,2024-02-10 00:00,N,0
801269,1,SEO,2025-03-30 00:00,N,0
800871,2,Paid Search,2024-05-27 00:00,Y,214.64
804276,2,Paid Social,2025-01-22 00:00,Y,73.79
808300,3,Paid Search,2025-06-07 00:00,Y,88.39
806978,2,Paid Social,2024-03-14 00:00,N,0
808510,2,SEO,2024-03-23 00:00,Y,214.52
800159,3,Email,2024-08-15 00:00,N,0
801714,3,SEO,2025-05-12 00:00,Y,192.9
804337,1,Paid Search,2025-01-19 00:00,Y,69.14
804695,4,Email,2025-06-01 00:00,Y,98.31
806877,3,Email,2025-06-19 00:00,Y,180.93
802679,3,Paid Search,2024-10-30 00:00,N,0
800035,4,SEO,2024-12-10 00:00,N,0
804894,2,SEO,2025-04-30 00:00,N,0
800031,1,Email,2025-05-05 00:00,N,0
805374,3,Paid Social,2024-06-28 00:00,Y,74.46
806034,2,Paid Social,2025-03-13 00:00,Y,61.41
805279,3,SEO,2024-10-12 00:00,Y,173.52
807756,3,Paid Social,2025-05-24 00:00,Y,198.08
807869,1,Paid Social,2024-06-06 00:00,Y,95.89
805071,2,SEO,2025-06-21 00:00,N,0
808180,1,SEO,2024-12-18 00:00,Y,56.52
803852,1,Paid Search,2025-05-09 00:00,N,0
801297,1,Paid Search,2024-01-15 00:00,N,0
806181,1,SEO,2024-08-28 00:00,N,0
804535,3,Email,2025-08-02 00:00,Y,193.35
804457,2,Email,2024-11-13 00:00,Y,102.26
807749,2,Paid Social,2024-02-02 00:00,Y,82.73
808725,2,Paid Search,2024-03-31 00:00,Y,189.78
807397,2,Paid Search,2025-01-29 00:00,N,0
805645,1,Email,2025-10-10 00:00,N,0
807303,1,Paid Social,2024-11-02 00:00,Y,154.53
801586,2,SEO,2025-01-27 00:00,Y,60.31
806318,2,Email,2025-03-30 00:00,Y,66.73
806290,4,Email,2025-06-27 00:00,Y,218.88
805073,2,Paid Social,2024-07-20 00:00,Y,122.91
802874,4,Paid Search,2024-09-15 00:00,Y,114.68
808816,3,Paid Search,2024-09-02 00:00,N,0
802380,2,Email,2025-02-15 00:00,N,0
802498,1,Email,2024-11-03 00:00,Y,97.73
803425,2,Paid Social,2024-05-11 00:00,Y,64.93
808551,3,Email,2024-06-11 00:00,Y,112.17
808142,1,SEO,2024-02-09 00:00,Y,76.87
803562,1,Paid Social,2024-08-12 00:00,N,0
803869,3,Paid Search,2025-02-22 00:00,N,0
805785,4,Email,2025-02-13 00:00,Y,182.97
800796,3,Paid Search,2024-01-26 00:00,Y,109.87
800876,3,Email,2024-08-12 00:00,Y,194.53
802574,5,Email,2024-10-19 00:00,Y,41.54
800141,1,SEO,2024-05-16 00:00,Y,204.31
803584,1,Paid Search,2025-05-04 00:00,Y,183.2
806964,1,SEO,2025-07-13 00:00,Y,216.31
808071,1,SEO,2024-12-06 00:00,Y,143.92
800962,3,Email,2024-12-10 00:00,Y,166.59
803241,3,SEO,2025-05-20 00:00,Y,90.99
805208,1,Paid Social,2025-07-22 00:00,Y,50.25
803536,4,Email,2025-07-19 00:00,Y,76.69
805017,1,Paid Social,2025-01-10 00:00,Y,37.75
805655,2,SEO,2025-07-10 00:00,Y,71.0
808878,3,SEO,2024-09-29 00:00,Y,200.11
804093,1,Paid Social,2024-09-05 00:00,Y,164.19
807783,2,Paid Search,2024-02-01 00:00,N,0
802154,2,Email,2024-07-02 00:00,Y,75.65
806264,1,Paid Search,2024-06-06 00:00,Y,94.51
804659,1,Paid Social,2024-09-26 00:00,Y,54.11
804948,1,Paid Social,2024-08-02 00:00,Y,180.78
801448,2,Paid Search,2024-01-16 00:00,Y,76.7
808595,3,SEO,2024-11-07 00:00,Y,114.61
807166,3,SEO,2025-03-26 00:00,N,0
803589,1,Email,2025-06-27 00:00,Y,116.89
801603,1,SEO,2025-03-26 00:00,N,0
806405,2,SEO,2024-08-07 00:00,Y,150.56
803395,1,Email,2025-05-26 00:00,Y,134.28
805893,1,SEO,2025-05-01 00:00,Y,80.65
800042,1,SEO,2025-02-12 00:00,N,0
803452,1,Paid Search,2025-02-28 00:00,Y,98.63
800404,3,Paid Search,2025-06-21 00:00,Y,209.56
807168,1,Paid Social,2025-07-26 00:00,Y,156.89
802306,2,Email,2024-03-16 00:00,Y,151.76
800317,1,Paid Social,2024-11-22 00:00,Y,97.12
802884,4,SEO,2025-09-20 00:00,Y,64.71
800362,1,Paid Social,2024-01-15 00:00,Y,204.08
800064,4,SEO,2024-12-15 00:00,N,0
808346,5,Email,2024-07-25 00:00,Y,214.79
802707,1,Paid Search,2025-05-28 00:00,Y,185.91
800005,2,Paid Social,2024-08-06 00:00,N,0
808952,1,Email,2024-10-24 00:00,Y,81.44
802699,2,SEO,2025-03-01 00:00,N,0
802098,1,Paid Social,2025-04-11 00:00,Y,191.89
802777,1,SEO,2024-11-04 00:00,Y,186.81
800939,3,Email,2024-01-22 00:00,Y,206.57
803974,4,Paid Search,2024-08-12 00:00,Y,44.08
807779,1,Paid Search,2024-02-18 00:00,Y,157.93
803646,4,Email,2025-08-08 00:00,Y,186.34
807628,1,Paid Social,2024-12-28 00:00,Y,39.68
806056,3,SEO,2025-08-26 00:00,N,0
803771,3,Email,2024-09-27 00:00,Y,49.14
805284,1,Paid Social,2025-03-13 00:00,N,0
803855,1,SEO,2025-07-01 00:00,Y,173.28
805268,4,Paid Search,2024-11-09 00:00,Y,69.04
802910,3,SEO,2024-03-20 00:00,Y,46.79
805905,2,Paid Search,2024-01-09 00:00,N,0
806644,3,Email,2024-07-26 00:00,Y,35.69
801811,1,Paid Social,2024-11-06 00:00,N,0
805552,1,SEO,2024-05-04 00:00,Y,153.02
807758,2,SEO,2024-10-15 00:00,Y,99.97
807723,2,Paid Social,2025-01-26 00:00,Y,180.32
808562,1,SEO,2024-05-27 00:00,Y,137.99
807074,1,Paid Search,2024-06-10 00:00,Y,39.79
800403,1,Paid Search,2024-04-18 00:00,Y,212.09
805784,2,Email,2024-12-09 00:00,N,0
807310,2,Paid Search,2024-04-13 00:00,Y,110.16
805012,2,Paid Social,2025-05-07 00:00,Y,62.2
800365,2,Email,2024-08-04 00:00,N,0
804076,2,Email,2024-02-15 00:00,Y,109.94
802552,3,SEO,2025-02-28 00:00,N,0
802122,2,Paid Social,2025-04-15 00:00,N,0
808339,1,Paid Social,2024-09-02 00:00,Y,196.07
804499,2,Paid Social,2024-08-09 00:00,N,0
804642,1,Paid Social,2024-08-15 00:00,N,0
802160,1,Paid Search,2024-06-28 00:00,N,0
802586,1,SEO,2025-04-23 00:00,N,0
807368,1,SEO,2024-12-06 00:00,N,0
805220,1,SEO,2024-12-30 00:00,N,0
804132,2,Paid Search,2024-01-19 00:00,Y,157.54
808233,4,SEO,2025-04-23 00:00,N,0
807797,1,SEO,2024-02-08 00:00,Y,38.58
805948,2,SEO,2024-08-19 00:00,N,0
806029,2,Paid Social,2025-03-25 00:00,Y,69.85
805709,2,Email,2025-08-23 00:00,Y,77.14
805004,2,SEO,2025-05-29 00:00,N,0
808098,4,Paid Social,2025-04-22 00:00,Y,120.77
805441,1,Paid Social,2024-07-20 00:00,Y,119.6
804346,1,Paid Social,2025-05-15 00:00,Y,86.23
803114,3,Paid Search,2025-04-19 00:00,Y,121.93
806571,1,Paid Social,2024-08-27 00:00,Y,39.04
806707,3,SEO,2024-10-22 00:00,Y,52.09
805677,2,Email,2024-04-26 00:00,Y,76.38
801531,2,SEO,2024-11-02 00:00,Y,66.54
807253,2,Paid Social,2025-02-04 00:00,N,0
800328,2,Paid Social,2024-12-07 00:00,N,0
802201,1,Paid Search,2024-05-02 00:00,N,0
804945,1,Paid Search,2025-08-10 00:00,N,0
802746,1,SEO,2025-06-27 00:00,N,0
801684,4,Paid Social,2025-03-05 00:00,N,0
802227,1,SEO,2024-04-05 00:00,Y,196.17
804247,4,Email,2024-02-17 00:00,Y,192.9
800274,1,Paid Social,2025-08-03 00:00,N,0
802246,3,Email,2025-05-26 00:00,Y,80.21
801402,5,Paid Social,2024-03-30 00:00,Y,124.81
803001,3,Email,2024-01-31 00:00,N,0
801689,2,Email,2025-09-25 00:00,Y,146.06
805594,2,Email,2024-12-31 00:00,N,0
804544,3,Email,2024-12-19 00:00,Y,196.35
808024,2,Paid Search,2024-08-21 00:00,Y,127.26
800252,3,Email,2024-10-15 00:00,Y,170.63
808310,1,Email,2025-05-28 00:00,Y,168.68
803239,3,Paid Social,2024-12-11 00:00,N,0
801510,3,Paid Search,2024-03-10 00:00,Y,65.4
808933,1,SEO,2024-04-19 00:00,N,0
805655,1,SEO,2025-07-07 00:00,Y,71.0
801066,2,Paid Search,2024-07-31 00:00,N,0
804674,1,SEO,2024-03-21 00:00,Y,84.61
807593,1,Paid Search,2025-09-22 00:00,N,0
800210,3,Email,2025-04-17 00:00,N,0
807577,2,SEO,2024-09-10 00:00,Y,77.43
800045,4,Email,2025-04-15 00:00,Y,186.75
807128,1,Paid Social,2024-03-19 00:00,Y,107.87
807184,4,Paid Search,2025-09-11 00:00,Y,106.45
804234,2,Paid Search,2025-01-06 00:00,N,0
804968,2,Paid Social,2025-05-01 00:00,Y,59.05
801826,2,Email,2024-03-21 00:00,Y,159.98
808325,4,Paid Social,2025-09-02 00:00,N,0
802793,1,SEO,2025-01-30 00:00,Y,36.98
803101,4,Paid Search,2024-08-12 00:00,N,0
807562,2,Email,2025-05-15 00:00,Y,192.84
805206,2,SEO,2024-12-29 00:00,Y,115.13
802039,2,Paid Search,2024-03-17 00:00,N,0
802518,2,SEO,2024-04-10 00:00,Y,149.47
805643,4,SEO,2024-04-29 00:00,Y,71.77
800886,1,Paid Search,2025-01-12 00:00,Y,113.47
807682,1,SEO,2024-12-10 00:00,Y,202.0
801290,1,SEO,2024-08-30 00:00,Y,187.3
808677,4,Paid Search,2025-03-12 00:00,Y,57.47
806251,2,Email,2024-12-19 00:00,N,0
807166,1,SEO,2025-03-24 00:00,N,0
806188,2,Paid Search,2024-10-07 00:00,N,0
803265,3,Paid Search,2025-03-14 00:00,Y,74.22
804897,1,SEO,2024-03-17 00:00,N,0
803502,2,SEO,2025-09-21 00:00,Y,79.22
801944,3,Email,2024-02-19 00:00,N,0
808122,3,SEO,2024-10-07 00:00,N,0
806982,3,Paid Social,2024-08-08 00:00,N,0
807184,5,SEO,2025-09-06 00:00,Y,106.45
801365,2,Paid Search,2025-08-02 00:00,Y,106.43
807843,3,Email,2025-06-28 00:00,Y,167.94
808373,3,Email,2025-10-12 00:00,Y,193.17
808565,1,Paid Social,2024-07-22 00:00,Y,197.7
801399,2,SEO,2024-01-07 00:00,N,0
803072,1,Paid Social,2025-01-04 00:00,N,0
801392,2,Email,2025-09-01 00:00,Y,176.95
802408,3,Paid Social,2024-07-04 00:00,N,0
803517,3,Email,2025-09-19 00:00,Y,189.54
805564,3,Paid Search,2024-06-01 00:00,Y,198.47
804622,1,SEO,2025-07-21 00:00,N,0
808747,4,Email,2024-06-04 00:00,Y,46.41
802797,2,Paid Social,2025-09-08 00:00,Y,146.28
808650,2,SEO,2025-02-08 00:00,N,0
807488,3,Paid Social,2024-12-01 00:00,N,0
806633,3,Email,2025-01-07 00:00,N,0
806472,2,Email,2025-01-29 00:00,N,0
804886,3,Email,2025-09-12 00:00,N,0
805027,2,Paid Search,2024-03-01 00:00,N,0
806782,1,Paid Search,2024-08-13 00:00,Y,82.8
805738,1,SEO,2025-10-15 00:00,Y,124.98
800510,3,Email,2024-06-12 00:00,Y,209.95
807871,2,SEO,2024-10-06 00:00,N,0
802585,5,Email,2025-06-29 00:00,Y,206.24
808838,3,Paid Social,2024-09-15 00:00,Y,195.28
803486,4,Email,2024-06-22 00:00,N,0
807717,2,Email,2025-10-02 00:00,Y,128.53
800506,3,Email,2024-05-25 00:00,Y,191.33
801930,2,SEO,2024-05-27 00:00,Y,85.06
804098,4,Paid Search,2024-11-01 00:00,Y,165.6
802842,3,Paid Search,2024-05-11 00:00,Y,57.64
802380,1,Paid Social,2025-02-13 00:00,N,0
800984,1,Paid Search,2024-11-25 00:00,N,0
803721,2,Email,2024-08-15 00:00,Y,55.87
807428,2,Email,2024-03-23 00:00,Y,130.35
800241,1,Paid Social,2025-06-20 00:00,N,0
800208,3,Paid Social,2025-05-12 00:00,N,0
800435,1,SEO,2025-03-26 00:00,Y,64.49
808578,3,SEO,2025-08-23 00:00,N,0
804115,1,SEO,2025-08-15 00:00,N,0
804335,1,Paid Social,2024-03-23 00:00,Y,188.92
804840,3,Email,2024-11-19 00:00,Y,127.15
803748,1,Paid Social,2024-06-16 00:00,N,0
804621,2,Email,2025-07-07 00:00,Y,102.58
808593,1,Paid Social,2025-10-15 00:00,N,0
801217,3,Paid Search,2024-06-11 00:00,Y,96.99
803403,1,Paid Search,2024-03-28 00:00,N,0
806907,2,Paid Social,2024-10-02 00:00,N,0
801900,5,Paid Social,2025-06-13 00:00,Y,42.14
807945,2,Email,2024-03-04 00:00,Y,43.69
801687,1,Paid Social,2025-05-18 00:00,N,0
800220,3,Email,2025-10-13 00:00,Y,111.64
808216,2,Paid Social,2024-01-04 00:00,Y,86.8
806671,2,Paid Social,2024-12-26 00:00,N,0
807186,3,Paid Search,2025-10-08 00:00,Y,129.01
804295,1,SEO,2024-02-05 00:00,Y,96.94
806788,1,SEO,2024-08-31 00:00,Y,161.03
805606,1,SEO,2025-06-25 00:00,N,0
805174,1,Email,2024-03-26 00:00,N,0
803536,5,Paid Search,2025-07-11 00:00,Y,76.69
805892,2,SEO,2024-08-18 00:00,N,0
803977,1,Paid Search,2025-03-02 00:00,Y,78.34
802146,1,Email,2024-04-16 00:00,Y,140.79
800675,1,Email,2024-08-18 00:00,Y,176.91
808545,3,SEO,2024-04-03 00:00,Y,58.5
808055,2,SEO,2025-08-26 00:00,N,0
800452,1,SEO,2025-01-07 00:00,Y,191.66
805050,3,Email,2025-01-14 00:00,Y,160.15
804276,3,SEO,2025-01-25 00:00,Y,73.79
803975,1,Paid Social,2024-03-04 00:00,Y,154.23
801555,3,Paid Search,2024-04-16 00:00,N,0
805382,2,Paid Social,2024-02-03 00:00,N,0
802865,3,Email,2024-05-06 00:00,Y,97.94
806207,2,Paid Social,2024-09-27 00:00,N,0
801640,4,Email,2024-12-24 00:00,Y,81.48
807808,2,Email,2025-10-09 00:00,N,0
807142,1,Paid Social,2025-01-25 00:00,N,0
805886,1,Paid Search,2025-04-10 00:00,Y,158.51
808798,1,SEO,2024-08-31 00:00,Y,211.66
808716,2,Paid Social,2024-01-25 00:00,Y,122.15
805618,1,SEO,2024-01-31 00:00,Y,129.76
806710,2,Paid Social,2024-02-28 00:00,Y,217.31
806138,2,Paid Social,2024-04-30 00:00,Y,56.01
802642,4,Paid Search,2025-06-23 00:00,N,0
804033,2,Email,2025-05-13 00:00,N,0
805680,2,Email,2025-02-08 00:00,Y,178.81
805946,1,Paid Social,2024-09-15 00:00,N,0
806717,4,Paid Search,2025-09-12 00:00,Y,69.32
802377,1,Paid Social,2024-07-10 00:00,N,0
804206,4,Paid Social,2024-07-14 00:00,Y,72.29
805967,1,SEO,2025-06-04 00:00,Y,142.67
800315,3,Email,2024-07-23 00:00,Y,175.28
806993,2,Email,2024-08-06 00:00,Y,133.57
802844,2,Email,2024-06-21 00:00,Y,137.25
806698,2,SEO,2025-07-22 00:00,N,0
804317,1,Email,2024-03-06 00:00,Y,151.2
807328,1,Paid Search,2025-07-22 00:00,N,0
801435,3,SEO,2025-05-21 00:00,Y,72.89
807916,1,Paid Social,2024-07-17 00:00,Y,80.89
807462,1,SEO,2024-12-22 00:00,Y,214.5
806905,1,SEO,2024-02-23 00:00,Y,156.84
808757,1,Paid Social,2024-05-23 00:00,Y,96.52
805789,1,Paid Social,2024-10-04 00:00,N,0
801662,1,Paid Social,2024-11-19 00:00,Y,115.49
806851,1,Paid Search,2025-03-23 00:00,Y,206.4
803522,4,SEO,2025-06-03 00:00,N,0
804812,2,Paid Social,2025-08-02 00:00,Y,79.54
800590,3,SEO,2025-09-02 00:00,Y,130.73
808158,1,Paid Social,2024-12-30 00:00,Y,42.98
806737,2,Email,2024-03-13 00:00,Y,113.33
804382,1,Paid Social,2024-04-29 00:00,Y,119.79
800526,2,Email,2025-08-01 00:00,Y,94.04
801444,3,Email,2024-08-06 00:00,Y,126.78
807221,1,SEO,2025-05-30 00:00,Y,45.16
800585,1,Email,2024-06-23 00:00,N,0
801650,1,SEO,2024-08-19 00:00,Y,156.07
808043,2,SEO,2024-09-06 00:00,N,0
808578,1,Paid Social,2025-08-19 00:00,N,0
808470,2,Paid Search,2025-01-15 00:00,Y,102.44
807816,1,Paid Search,2024-09-06 00:00,Y,81.37
805997,1,Paid Social,2024-11-29 00:00,N,0
805716,4,SEO,2025-06-25 00:00,Y,213.61
806850,5,Paid Search,2024-10-09 00:00,Y,184.85
808057,3,SEO,2024-08-30 00:00,Y,143.73
806564,1,Email,2025-03-03 00:00,Y,46.07
806004,2,Paid Search,2025-08-17 00:00,Y,218.16
806046,1,Paid Social,2025-02-09 00:00,Y,105.56
802063,1,SEO,2025-10-07 00:00,N,0
806262,2,Paid Search,2024-08-17 00:00,Y,73.48
803790,1,SEO,2024-04-22 00:00,N,0
804108,4,Paid Search,2025-08-11 00:00,Y,44.08
804473,3,Email,2024-10-06 00:00,Y,173.54
801107,3,Email,2025-03-14 00:00,Y,105.91
806427,3,Email,2025-01-05 00:00,Y,88.91
808487,3,Paid Search,2024-04-03 00:00,Y,96.44
808790,1,SEO,2024-02-11 00:00,Y,60.57
800309,1,SEO,2024-06-17 00:00,Y,122.96
800960,3,Paid Search,2024-11-09 00:00,N,0
803991,3,Paid Search,2024-05-19 00:00,Y,157.45
808685,3,Paid Search,2025-08-20 00:00,Y,213.14
802885,4,Paid Search,2025-09-09 00:00,Y,134.41
800068,1,Paid Social,2025-08-11 00:00,Y,65.35
800388,2,Email,2025-01-13 00:00,Y,171.4
802726,2,Paid Search,2024-03-28 00:00,Y,87.43
802469,2,Paid Search,2024-04-18 00:00,Y,113.26
802338,2,Paid Search,2025-05-04 00:00,N,0
806381,2,Email,2024-10-19 00:00,N,0
801927,1,SEO,2024-01-28 00:00,Y,83.49
804974,1,SEO,2025-04-29 00:00,Y,100.26
807344,1,Paid Search,2024-08-22 00:00,Y,170.18
806600,1,SEO,2024-09-21 00:00,Y,65.63
803656,3,Email,2025-04-11 00:00,Y,207.56
800725,2,Email,2024-04-17 00:00,N,0
801668,2,Paid Search,2024-10-26 00:00,Y,205.86
800834,4,Paid Search,2024-05-03 00:00,Y,178.47
802800,4,Email,2024-05-17 00:00,N,0
801993,4,Paid Search,2025-08-29 00:00,Y,202.46
801718,2,Paid Search,2024-05-22 00:00,Y,79.0
804125,1,Paid Search,2025-07-30 00:00,Y,140.91
804599,3,Paid Search,2025-08-28 00:00,Y,208.59
806000,1,Email,2025-01-04 00:00,N,0
808252,1,Paid Social,2025-03-12 00:00,Y,166.05
803785,2,SEO,2025-03-26 00:00,Y,42.52
803943,2,SEO,2024-05-26 00:00,Y,164.71
805962,3,Email,2024-06-06 00:00,N,0
801763,1,Paid Search,2024-07-02 00:00,N,0
808281,4,Email,2024-01-05 00:00,Y,62.55
804506,3,SEO,2025-04-21 00:00,N,0
805453,1,SEO,2025-01-13 00:00,Y,58.07
803410,5,Paid Search,2025-07-08 00:00,Y,106.17
806127,2,Paid Search,2024-09-13 00:00,Y,165.97
805427,3,Paid Search,2025-03-30 00:00,Y,62.74
805942,1,Paid Social,2025-08-19 00:00,Y,198.66
806810,4,Paid Social,2024-11-26 00:00,Y,202.12
803417,2,Paid Social,2024-08-15 00:00,N,0
805358,3,SEO,2024-08-25 00:00,N,0
806821,1,Paid Search,2025-09-12 00:00,N,0
800832,2,Paid Search,2024-03-22 00:00,Y,182.17
800084,1,Paid Search,2024-02-03 00:00,Y,152.54
802834,1,Paid Social,2024-05-02 00:00,N,0
801856,2,Paid Social,2024-06-17 00:00,Y,167.32
806681,1,Email,2024-10-30 00:00,Y,115.03
807964,4,SEO,2025-06-20 00:00,Y,39.13
802311,3,Paid Social,2024-07-14 00:00,Y,48.44
805870,1,Paid Search,2024-06-09 00:00,N,0
806749,2,Email,2024-03-23 00:00,Y,205.31
804646,4,Paid Search,2025-05-07 00:00,Y,35.24
807226,1,SEO,2025-02-12 00:00,Y,126.21
805698,1,Paid Search,2024-12-08 00:00,Y,205.6
800633,3,Email,2024-11-15 00:00,Y,175.14
802034,1,Paid Search,2025-05-31 00:00,Y,84.79
805813,2,Email,2025-09-19 00:00,N,0
807606,4,SEO,2025-03-07 00:00,Y,191.11
807322,1,SEO,2025-08-02 00:00,Y,177.36
800248,1,Paid Search,2025-10-07 00:00,N,0
802999,1,SEO,2024-03-04 00:00,Y,145.33
800249,1,Paid Social,2025-03-28 00:00,Y,35.41
805743,1,SEO,2024-03-15 00:00,N,0
804117,3,Paid Search,2025-07-24 00:00,Y,89.18
803249,1,Paid Social,2024-05-11 00:00,N,0
806164,2,SEO,2024-09-11 00:00,Y,204.76
808337,1,SEO,2025-05-04 00:00,N,0
806095,1,SEO,2025-08-31 00:00,Y,86.45
808457,1,SEO,2024-11-19 00:00,Y,184.57
806502,2,Paid Search,2024-07-21 00:00,Y,208.67
802305,1,Paid Social,2024-12-29 00:00,Y,141.39
800876,2,Email,2024-08-12 00:00,Y,194.53
800960,2,SEO,2024-11-05 00:00,N,0
808816,2,Paid Social,2024-09-01 00:00,N,0
801336,1,SEO,2025-09-19 00:00,Y,109.64
800359,3,Paid Social,2024-08-12 00:00,N,0
803674,3,Paid Search,2025-04-16 00:00,Y,140.71
808430,2,SEO,2024-10-08 00:00,N,0
806330,3,Paid Search,2025-02-27 00:00,Y,195.44
807530,1,Paid Social,2024-09-13 00:00,N,0
808118,3,Email,2024-11-15 00:00,Y,163.97
805297,2,Email,2025-05-29 00:00,Y,115.67
806167,3,Email,2024-10-24 00:00,N,0
804112,2,SEO,2024-07-03 00:00,N,0
808872,2,Email,2025-05-02 00:00,N,0
808942,1,SEO,2025-10-11 00:00,N,0
808852,3,Email,2024-07-14 00:00,Y,194.81
800693,2,Paid Search,2024-06-19 00:00,Y,153.61
804426,1,Paid Social,2024-01-04 00:00,Y,135.59
808215,2,Paid Search,2025-02-08 00:00,Y,114.66
807454,4,Email,2024-09-01 00:00,Y,67.6
807853,1,Paid Social,2024-01-16 00:00,N,0
803547,1,Paid Social,2025-06-04 00:00,Y,179.92
808222,4,Email,2024-05-22 00:00,N,0
800379,1,SEO,2025-08-24 00:00,Y,131.67
808099,2,SEO,2024-09-08 00:00,N,0
806693,2,Email,2024-02-18 00:00,N,0
804367,1,SEO,2025-03-03 00:00,Y,182.84
805864,1,Paid Social,2025-03-22 00:00,Y,51.71
800792,1,Paid Search,2024-05-31 00:00,N,0
800812,3,Paid Social,2025-08-11 00:00,Y,140.0
807006,1,SEO,2025-01-25 00:00,N,0
806002,2,Paid Social,2024-04-22 00:00,Y,112.78
802386,1,Email,2025-08-27 00:00,Y,192.85
807258,3,Email,2025-08-22 00:00,Y,211.84
800833,2,Paid Social,2024-05-27 00:00,Y,193.44
802704,1,Paid Search,2024-07-02 00:00,Y,62.37
806425,1,Paid Social,2024-01-27 00:00,N,0
802054,4,Email,2025-04-25 00:00,Y,124.81
802966,2,SEO,2024-12-08 00:00,Y,106.81
804830,3,Paid Search,2024-11-23 00:00,Y,51.05
802149,1,SEO,2024-07-06 00:00,Y,146.63
803650,1,SEO,2024-02-09 00:00,Y,68.36
808641,3,SEO,2024-03-23 00:00,Y,52.32
802226,3,Paid Social,2025-05-26 00:00,Y,71.78
801638,3,Paid Search,2024-12-07 00:00,Y,59.0
801131,2,SEO,2024-11-22 00:00,Y,197.28
808313,3,Email,2024-09-06 00:00,N,0
800324,2,Paid Search,2025-01-27 00:00,Y,104.7
808024,1,SEO,2024-08-19 00:00,Y,127.26
800838,4,Paid Search,2024-11-11 00:00,N,0
802622,2,Paid Social,2024-09-16 00:00,N,0
806753,2,Email,2024-12-12 00:00,Y,81.39
807236,3,Email,2025-08-15 00:00,N,0
800067,1,Paid Social,2025-06-25 00:00,Y,77.75
803517,1,SEO,2025-09-17 00:00,Y,189.54
802770,1,Email,2024-09-09 00:00,N,0
804395,3,Paid Search,2025-09-08 00:00,N,0
807965,1,SEO,2025-02-01 00:00,Y,176.94
808255,2,SEO,2025-06-27 00:00,N,0
802081,1,Email,2024-12-21 00:00,Y,217.43
807354,2,Paid Search,2025-08-15 00:00,Y,194.6
807349,1,Paid Social,2024-08-10 00:00,Y,197.33
806240,1,SEO,2024-03-01 00:00,Y,159.81
803869,2,SEO,2025-02-17 00:00,N,0
808274,2,Paid Search,2025-01-04 00:00,Y,125.6
808215,1,Email,2025-02-06 00:00,Y,114.66
805861,4,Email,2024-07-06 00:00,Y,43.75
800444,4,Paid Search,2025-02-21 00:00,N,0
808585,1,Paid Social,2024-10-12 00:00,Y,88.61
801990,1,SEO,2024-05-31 00:00,N,0
808039,1,SEO,2024-12-13 00:00,Y,140.97
800365,3,Email,2024-08-05 00:00,N,0
802673,2,Email,2024-11-12 00:00,Y,93.47
806667,1,Paid Search,2024-02-08 00:00,N,0
807129,4,Paid Search,2025-05-31 00:00,Y,53.09
800962,4,SEO,2024-12-08 00:00,Y,166.59
800638,2,SEO,2024-09-07 00:00,Y,67.28
805839,1,Email,2024-10-15 00:00,N,0
806151,1,Paid Search,2025-04-17 00:00,Y,134.57
804398,3,SEO,2025-04-28 00:00,N,0
801433,1,Paid Social,2025-04-30 00:00,Y,203.95
801992,1,Paid Social,2025-03-19 00:00,Y,86.06
801299,1,SEO,2025-02-20 00:00,Y,108.51
800307,2,Email,2025-04-11 00:00,Y,38.24
804975,3,Email,2024-08-21 00:00,Y,165.61
802879,1,Paid Search,2024-12-12 00:00,Y,45.96
801722,3,Email,2024-03-31 00:00,Y,145.4
802205,1,SEO,2024-03-29 00:00,Y,71.94
801258,1,SEO,2025-08-04 00:00,Y,72.46
802307,1,Email,2025-06-26 00:00,N,0
805030,1,Paid Social,2025-06-24 00:00,Y,128.27
801517,1,Paid Social,2024-05-24 00:00,N,0
803423,2,SEO,2024-12-11 00:00,Y,163.48
808969,1,Paid Social,2024-03-29 00:00,Y,77.16
807372,1,Paid Social,2024-04-17 00:00,N,0
806998,2,Paid Search,2025-10-06 00:00,N,0
805994,3,Email,2024-05-10 00:00,N,0
804035,2,Email,2025-08-27 00:00,N,0
808540,4,Email,2024-11-25 00:00,N,0
801542,2,Email,2025-09-16 00:00,N,0
808182,1,SEO,2024-02-01 00:00,Y,167.21
800386,2,SEO,2024-04-28 00:00,N,0
808818,1,Paid Search,2025-08-29 00:00,Y,152.28
805772,2,Paid Social,2024-02-10 00:00,N,0
800709,2,Paid Social,2024-10-29 00:00,Y,218.77
800116,2,SEO,2024-02-07 00:00,Y,168.33
800909,3,Paid Search,2025-03-30 00:00,N,0
801960,4,Paid Social,2024-06-24 00:00,Y,53.83
805102,4,Paid Social,2025-04-02 00:00,Y,167.15
806710,1,SEO,2024-02-26 00:00,Y,217.31
802598,3,Paid Social,2024-12-11 00:00,Y,160.11
801679,2,Email,2025-03-24 00:00,Y,97.91
802638,2,Paid Search,2025-01-04 00:00,Y,210.01
806680,2,Paid Social,2024-11-28 00:00,Y,179.21
808276,2,Paid Search,2024-09-29 00:00,Y,46.84
803199,2,Paid Social,2025-10-16 00:00,Y,74.22
800057,1,Paid Social,2024-05-03 00:00,N,0
805657,2,Paid Search,2024-03-12 00:00,Y,64.71
801788,4,Paid Social,2024-04-15 00:00,N,0
803029,2,Paid Search,2025-03-15 00:00,Y,155.12
801119,1,SEO,2025-07-20 00:00,Y,207.87
805448,1,SEO,2025-08-16 00:00,N,0
802166,2,SEO,2025-06-19 00:00,Y,126.06
800386,1,Paid Search,2024-04-24 00:00,N,0
802082,1,SEO,2024-11-10 00:00,Y,210.97
803591,1,SEO,2024-03-26 00:00,N,0
804937,1,SEO,2024-12-07 00:00,N,0
808080,2,Paid Search,2024-02-03 00:00,Y,194.98
803687,2,Paid Search,2025-06-30 00:00,Y,87.81
801217,1,SEO,2024-06-05 00:00,Y,96.99
806012,2,Email,2025-09-23 00:00,Y,52.34
805125,1,Email,2025-09-05 00:00,Y,100.71
801258,4,Paid Social,2025-08-13 00:00,Y,72.46
807910,1,Paid Social,2024-05-15 00:00,Y,144.3
807291,2,SEO,2025-08-29 00:00,N,0
803248,3,Paid Search,2025-01-25 00:00,Y,127.69
804698,1,SEO,2024-08-15 00:00,N,0
805715,3,Paid Search,2025-03-22 00:00,N,0
807121,2,Paid Social,2024-07-01 00:00,Y,200.21
805851,1,Paid Search,2024-02-21 00:00,N,0
805926,1,Paid Social,2025-10-04 00:00,Y,89.02
801419,1,Paid Search,2024-08-19 00:00,Y,136.94
807177,1,Paid Social,2025-01-13 00:00,N,0
802554,1,SEO,2024-11-10 00:00,Y,198.59
807441,3,Email,2024-08-21 00:00,Y,80.63
806875,1,SEO,2024-05-01 00:00,Y,76.15
805775,2,SEO,2024-08-10 00:00,N,0
803934,1,Email,2024-10-21 00:00,Y,151.36
804251,2,Email,2024-09-17 00:00,Y,195.55
801670,2,Email,2024-10-06 00:00,Y,215.09
806047,4,Email,2025-01-24 00:00,Y,95.11
800640,1,Paid Social,2024-04-14 00:00,Y,64.23
807374,3,Paid Social,2025-01-15 00:00,N,0
808138,1,SEO,2025-04-02 00:00,N,0
806417,3,SEO,2025-08-27 00:00,Y,137.35
800586,1,SEO,2025-01-16 00:00,Y,50.59
802711,2,Email,2024-07-19 00:00,Y,49.51
808575,1,SEO,2024-10-24 00:00,N,0
805698,2,Paid Social,2024-12-11 00:00,Y,205.6
800338,1,SEO,2024-05-16 00:00,N,0
807656,4,Paid Search,2024-10-29 00:00,N,0
806911,1,Paid Social,2024-02-19 00:00,Y,218.64
804155,3,Email,2024-06-15 00:00,N,0
801015,1,Paid Social,2025-02-02 00:00,N,0
801867,1,SEO,2024-03-21 00:00,Y,75.2
804441,1,Paid Search,2024-05-13 00:00,Y,93.63
806536,2,SEO,2024-01-22 00:00,Y,181.67
804275,4,SEO,2025-02-21 00:00,N,0
807045,2,Email,2025-08-10 00:00,Y,190.64
805073,3,Email,2024-07-20 00:00,Y,122.91
804546,2,Paid Search,2024-09-12 00:00,Y,47.81
802516,1,SEO,2025-03-21 00:00,N,0
805074,4,Paid Social,2024-05-25 00:00,N,0
804634,1,Paid Search,2025-05-13 00:00,Y,139.92
802646,1,Paid Search,2024-11-23 00:00,N,0
802794,1,Email,2024-04-19 00:00,Y,41.58
800002,1,SEO,2025-02-01 00:00,N,0
801860,1,SEO,2024-01-30 00:00,Y,108.69
800163,4,Paid Search,2025-09-20 00:00,N,0
807629,1,Paid Social,2025-06-04 00:00,Y,210.17
807938,3,Email,2025-10-21 00:00,Y,159.22
807084,1,Email,2024-11-07 00:00,N,0
805862,2,Email,2024-10-19 00:00,Y,129.85
803052,2,Paid Search,2024-12-28 00:00,Y,87.47
803204,1,SEO,2025-06-30 00:00,Y,219.02
801346,2,Email,2024-11-29 00:00,N,0
806158,1,SEO,2024-11-06 00:00,N,0
808909,3,Email,2025-01-31 00:00,N,0
807401,3,Paid Search,2025-05-20 00:00,Y,187.8
807719,2,Email,2025-01-30 00:00,N,0
807030,4,Email,2025-01-18 00:00,Y,173.34
803710,1,SEO,2025-05-12 00:00,Y,128.9
804024,1,SEO,2024-07-21 00:00,N,0
802944,2,Paid Social,2024-03-22 00:00,N,0
804655,1,SEO,2025-08-16 00:00,N,0
808044,1,SEO,2025-09-29 00:00,N,0
802517,1,SEO,2024-11-22 00:00,Y,179.9
808201,4,Email,2024-04-09 00:00,N,0
802521,2,Email,2024-10-20 00:00,Y,153.25
808282,2,Email,2024-03-28 00:00,Y,191.75
800670,5,Email,2025-07-17 00:00,Y,165.26
801608,2,Email,2024-07-16 00:00,N,0
808389,2,Email,2024-04-04 00:00,Y,178.12
801530,2,SEO,2025-06-11 00:00,N,0
806123,1,SEO,2025-06-10 00:00,Y,191.76
800123,5,Email,2024-11-14 00:00,Y,128.37
804894,1,Paid Search,2025-04-26 00:00,N,0
800068,2,Paid Search,2025-08-14 00:00,Y,65.35
807569,1,SEO,2025-03-28 00:00,N,0
801562,3,SEO,2025-06-26 00:00,Y,198.77
808849,2,Email,2024-10-05 00:00,N,0
805289,1,Paid Social,2025-06-25 00:00,Y,157.43
801949,1,Paid Social,2025-07-11 00:00,N,0
803420,2,Paid Social,2025-04-12 00:00,N,0
805373,2,SEO,2024-02-07 00:00,Y,83.2
801602,3,SEO,2025-10-05 00:00,N,0
802200,5,Email,2024-11-27 00:00,Y,83.37
802976,1,Paid Social,2025-04-15 00:00,Y,127.14
805501,3,Paid Search,2024-12-23 00:00,N,0
800430,1,Email,2024-01-23 00:00,Y,43.57
801786,3,Email,2024-03-18 00:00,Y,202.86
803912,3,Email,2025-05-19 00:00,N,0
806043,3,Email,2025-02-08 00:00,Y,196.28
803738,2,Email,2024-08-19 00:00,Y,140.78
800097,2,Email,2025-04-21 00:00,Y,119.61
802596,1,Paid Search,2024-09-05 00:00,N,0
807637,1,SEO,2024-04-04 00:00,N,0
800664,3,Paid Search,2024-01-15 00:00,Y,128.37
804901,2,Paid Search,2025-04-25 00:00,Y,106.92
803497,1,Paid Social,2024-03-04 00:00,Y,182.83
802681,4,Paid Social,2025-07-08 00:00,Y,44.97
805562,1,Paid Search,2024-03-01 00:00,N,0
804652,2,SEO,2024-11-22 00:00,Y,132.21
800362,5,Email,2024-01-23 00:00,Y,204.08
802400,1,SEO,2024-02-04 00:00,Y,214.59
800803,3,Paid Search,2024-12-22 00:00,N,0
801764,2,Paid Search,2025-03-28 00:00,N,0
802189,1,Paid Social,2025-10-12 00:00,N,0
804768,1,SEO,2024-04-15 00:00,N,0
800180,1,Paid Social,2024-03-04 00:00,Y,199.72
805671,3,Paid Social,2024-11-18 00:00,Y,203.33
806895,1,SEO,2024-04-07 00:00,N,0
806123,3,Paid Social,2025-06-12 00:00,Y,191.76
800315,1,Paid Social,2024-07-19 00:00,Y,175.28
807931,3,Paid Search,2024-12-29 00:00,Y,45.38
800860,4,Paid Search,2025-10-12 00:00,N,0
803888,1,SEO,2024-01-11 00:00,N,0
801441,2,SEO,2024-11-02 00:00,N,0
801920,2,SEO,2025-03-11 00:00,Y,149.01
805126,3,Paid Search,2024-11-07 00:00,N,0
805971,1,Paid Social,2025-09-15 00:00,Y,82.94
806589,4,Email,2024-08-09 00:00,Y,88.83
803941,4,Paid Social,2025-08-18 00:00,Y,81.18
802053,2,Email,2025-05-12 00:00,N,0
805160,2,Paid Social,2025-04-20 00:00,Y,189.36
806643,3,Paid Social,2024-07-02 00:00,N,0
807338,1,SEO,2025-07-25 00:00,Y,209.77
807059,2,Email,2024-07-24 00:00,N,0
802724,1,Paid Social,2024-09-17 00:00,Y,167.15
806830,4,Email,2025-10-26 00:00,Y,152.25
804375,1,Paid Search,2024-05-26 00:00,Y,214.48
801168,2,SEO,2024-11-19 00:00,Y,209.05
801866,3,Paid Search,2025-05-19 00:00,Y,166.0
802359,1,Paid Social,2025-05-29 00:00,Y,146.24
806923,2,Paid Search,2024-02-21 00:00,Y,120.96
807391,1,SEO,2025-03-22 00:00,N,0
801912,3,SEO,2024-08-01 00:00,Y,111.14
802615,2,Email,2025-06-17 00:00,N,0
808907,3,Email,2024-08-25 00:00,Y,87.75
807810,2,Paid Search,2025-10-10 00:00,N,0
802640,3,Paid Search,2025-04-29 00:00,N,0
802260,1,SEO,2024-06-15 00:00,Y,215.4
806737,1,Paid Search,2024-03-12 00:00,Y,113.33
801840,3,SEO,2024-01-28 00:00,Y,145.52
801740,1,SEO,2024-10-12 00:00,N,0
802580,1,SEO,2024-12-11 00:00,Y,79.82
805444,4,SEO,2025-07-14 00:00,N,0
806329,2,SEO,2025-07-14 00:00,N,0
808810,1,SEO,2025-01-16 00:00,N,0
807299,2,Email,2025-07-18 00:00,Y,118.63
800258,2,SEO,2025-05-17 00:00,Y,170.03
806117,3,Email,2025-10-12 00:00,Y,114.23
801818,2,Paid Social,2025-03-22 00:00,Y,61.78
806936,2,SEO,2025-04-17 00:00,Y,47.92
801889,1,SEO,2024-03-04 00:00,Y,208.25
802389,3,Paid Social,2025-07-05 00:00,Y,122.82
808496,1,Paid Search,2024-03-17 00:00,Y,180.82
808578,4,Email,2025-08-22 00:00,N,0
802383,1,Paid Social,2025-05-09 00:00,Y,144.45
801434,3,Paid Social,2024-11-14 00:00,N,0
807485,1,SEO,2024-04-06 00:00,Y,67.36
808249,1,SEO,2025-08-23 00:00,N,0
808560,1,Paid Search,2024-12-13 00:00,N,0
803205,1,Paid Search,2025-04-18 00:00,Y,207.16
801937,2,SEO,2024-04-09 00:00,Y,188.55
806907,4,Paid Search,2024-10-01 00:00,N,0
806582,2,Paid Search,2024-06-10 00:00,Y,109.18
807923,3,Email,2025-08-22 00:00,Y,187.68
805392,1,Paid Search,2025-01-31 00:00,Y,131.77
806296,5,Paid Search,2024-09-22 00:00,N,0
802585,1,Paid Social,2025-06-13 00:00,Y,206.24
804357,3,Email,2025-07-25 00:00,Y,164.73
807151,1,Paid Social,2024-11-14 00:00,Y,112.5
801554,2,SEO,2024-12-02 00:00,Y,42.52
806814,1,Paid Social,2024-06-13 00:00,Y,153.48
805771,3,Paid Social,2025-09-14 00:00,N,0
801124,2,Email,2024-10-21 00:00,N,0
804496,3,Paid Search,2024-03-19 00:00,Y,148.79
804579,2,Paid Social,2025-01-03 00:00,Y,189.91
802328,1,Paid Social,2024-06-04 00:00,N,0
807976,1,SEO,2024-01-07 00:00,Y,106.69
801937,3,Email,2024-04-11 00:00,Y,188.55
804144,1,SEO,2024-04-23 00:00,Y,128.77
801904,3,Paid Social,2024-05-01 00:00,Y,68.28
802253,5,Email,2024-09-25 00:00,N,0
804938,1,Paid Social,2024-09-26 00:00,N,0
808670,1,SEO,2024-06-08 00:00,N,0
805793,2,SEO,2024-05-20 00:00,N,0
808273,1,SEO,2024-05-10 00:00,Y,50.08
802579,1,Paid Social,2025-02-03 00:00,Y,108.39
805179,1,Paid Social,2024-09-29 00:00,Y,161.57
807285,3,Email,2025-05-01 00:00,N,0
801735,4,Email,2024-10-05 00:00,Y,167.75
801678,2,Email,2024-11-27 00:00,N,0
807630,3,Paid Social,2025-03-13 00:00,Y,123.09
803561,3,Email,2025-02-04 00:00,Y,133.13
806611,1,SEO,2024-05-12 00:00,Y,180.37
804219,1,SEO,2024-11-21 00:00,N,0
806659,3,SEO,2024-01-23 00:00,Y,151.52
803129,1,SEO,2024-09-29 00:00,Y,196.77
803239,4,Paid Social,2024-12-15 00:00,N,0
802084,2,SEO,2025-08-03 00:00,Y,52.8
803732,1,Paid Social,2024-12-02 00:00,Y,188.96
801066,1,Paid Social,2024-07-27 00:00,N,0
800582,2,Email,2025-01-13 00:00,N,0
804688,2,Paid Search,2025-01-15 00:00,Y,123.21
802241,1,Paid Social,2025-06-03 00:00,Y,84.94
807363,3,Paid Search,2025-08-06 00:00,N,0
807379,3,Email,2025-06-17 00:00,N,0
800628,2,Paid Social,2025-04-18 00:00,Y,63.49
800994,2,Email,2025-10-05 00:00,Y,38.62
802518,3,Email,2024-04-15 00:00,Y,149.47
807870,3,Email,2025-04-16 00:00,N,0
803556,1,Paid Search,2025-10-07 00:00,N,0
802060,4,Email,2024-12-30 00:00,N,0
807720,3,Paid Social,2025-02-20 00:00,Y,62.95
808105,2,Paid Search,2025-06-23 00:00,N,0
807934,2,Email,2024-01-22 00:00,Y,207.75
807673,1,Paid Social,2024-09-21 00:00,N,0
804670,2,Paid Search,2025-10-14 00:00,N,0
808325,3,Paid Search,2025-09-05 00:00,N,0
803728,1,SEO,2024-09-13 00:00,N,0
806690,2,Paid Social,2024-03-09 00:00,Y,92.14
807972,2,Email,2025-10-08 00:00,Y,148.63
801077,2,Email,2025-10-09 00:00,Y,126.45
807289,5,Paid Search,2024-11-30 00:00,N,0
801526,1,SEO,2025-10-01 00:00,N,0
808686,3,Paid Search,2024-09-04 00:00,N,0
805688,2,SEO,2024-09-14 00:00,N,0
803003,1,Paid Search,2025-01-12 00:00,Y,166.46
808851,2,Paid Search,2025-07-07 00:00,N,0
803672,4,Email,2024-04-20 00:00,Y,46.26
801962,4,Email,2024-03-26 00:00,N,0
802229,4,Email,2024-02-13 00:00,Y,137.85
804430,1,SEO,2025-01-05 00:00,Y,43.22
808012,1,Paid Social,2024-03-23 00:00,Y,149.58
806009,4,Email,2024-10-22 00:00,Y,91.94
800019,3,Paid Social,2024-04-05 00:00,Y,156.98
808517,3,Paid Search,2025-10-10 00:00,Y,88.81
803557,2,Paid Search,2025-03-06 00:00,N,0
802960,3,Paid Search,2025-02-25 00:00,N,0
803539,1,SEO,2025-03-07 00:00,Y,196.21
808542,3,Paid Search,2024-05-31 00:00,Y,54.92
807103,1,SEO,2025-04-03 00:00,Y,196.31
803237,1,SEO,2025-07-13 00:00,Y,94.77
805765,4,Email,2025-04-27 00:00,N,0
808333,2,Paid Social,2024-04-26 00:00,Y,60.27
807516,5,Email,2024-10-11 00:00,N,0
800435,3,Paid Social,2025-03-28 00:00,Y,64.49
802769,3,Paid Social,2025-05-05 00:00,Y,185.27
803781,3,Paid Social,2024-11-08 00:00,Y,142.41
801686,1,Paid Search,2025-06-11 00:00,N,0
805226,2,Paid Search,2025-04-03 00:00,Y,57.95
801081,3,Paid Search,2024-10-26 00:00,Y,152.2
807335,5,Paid Social,2025-03-13 00:00,N,0
801989,1,Paid Social,2024-04-20 00:00,N,0
808052,1,SEO,2025-07-17 00:00,N,0
801042,1,Paid Search,2024-09-13 00:00,Y,174.72
806717,2,Email,2025-09-07 00:00,Y,69.32
804270,5,Email,2024-11-08 00:00,N,0
807052,3,Email,2025-10-03 00:00,Y,142.36
800636,4,Paid Search,2025-01-04 00:00,N,0
800888,2,Paid Social,2024-10-15 00:00,N,0
802732,3,Paid Search,2024-05-05 00:00,Y,180.73
806754,5,Email,2025-04-01 00:00,N,0
808430,4,Paid Search,2024-10-15 00:00,N,0
804768,4,Paid Social,2024-04-27 00:00,N,0
807253,3,Paid Search,2025-02-09 00:00,N,0
800054,1,Paid Social,2025-08-28 00:00,N,0
802733,1,SEO,2025-06-24 00:00,N,0
805437,4,Paid Social,2025-10-18 00:00,N,0
807140,3,SEO,2025-09-15 00:00,Y,169.19
801069,1,SEO,2025-08-30 00:00,N,0
802362,3,Email,2024-08-01 00:00,Y,168.87
802792,5,Email,2024-08-09 00:00,Y,118.7
807633,1,Paid Social,2024-09-09 00:00,Y,39.44
806747,1,Paid Social,2024-05-10 00:00,Y,114.49
801016,2,Email,2024-12-22 00:00,N,0
803909,2,Email,2025-08-17 00:00,Y,152.21
803051,1,Paid Social,2024-11-09 00:00,N,0
801739,5,Email,2024-09-18 00:00,Y,138.73
802668,1,Email,2024-03-21 00:00,Y,57.36
800708,2,Email,2025-03-07 00:00,Y,87.33
803369,1,SEO,2024-08-13 00:00,Y,145.36
808256,1,SEO,2025-04-17 00:00,Y,107.33
808654,2,SEO,2025-10-16 00:00,N,0
804012,3,Email,2025-09-10 00:00,N,0
802269,1,Email,2025-05-29 00:00,Y,197.58
807833,2,Paid Social,2024-10-11 00:00,Y,72.64
805810,2,SEO,2025-10-08 00:00,N,0
801887,1,Email,2024-11-26 00:00,Y,86.27
805614,2,Email,2025-02-05 00:00,Y,131.34
804022,1,Email,2025-01-04 00:00,Y,136.57
804591,2,Paid Social,2025-03-02 00:00,Y,47.7
800490,1,SEO,2025-07-01 00:00,Y,145.34
807986,2,Paid Search,2024-11-21 00:00,Y,45.18
806516,1,SEO,2025-08-02 00:00,Y,81.33
808211,1,Paid Social,2025-01-18 00:00,N,0
802706,2,Paid Social,2024-07-28 00:00,Y,135.8
806665,1,Paid Social,2025-02-26 00:00,N,0
806494,4,SEO,2025-03-21 00:00,N,0
804357,1,SEO,2025-07-19 00:00,Y,164.73
806854,2,Paid Social,2024-12-26 00:00,Y,102.04
801158,1,SEO,2024-05-09 00:00,N,0
804060,4,Paid Search,2025-05-06 00:00,Y,202.19
804312,2,Paid Social,2025-03-16 00:00,Y,154.33
808878,1,Paid Social,2024-09-27 00:00,Y,200.11
800429,2,SEO,2024-08-12 00:00,N,0
800917,1,SEO,2025-06-03 00:00,N,0
806577,3,Paid Social,2025-09-30 00:00,N,0
808449,4,SEO,2024-09-06 00:00,N,0
806369,3,SEO,2025-05-06 00:00,Y,118.3
804081,1,Email,2025-09-15 00:00,Y,216.71
807570,1,SEO,2024-04-08 00:00,Y,163.37
806102,2,Paid Social,2024-12-03 00:00,Y,38.69
808078,2,Paid Search,2024-05-06 00:00,N,0
806522,4,Email,2024-06-21 00:00,N,0
805318,3,Paid Search,2024-02-21 00:00,N,0
808788,4,Email,2025-09-17 00:00,Y,94.94
806664,1,SEO,2025-03-23 00:00,Y,150.77
800895,4,Email,2024-01-19 00:00,Y,204.62
808126,3,Paid Social,2024-08-31 00:00,Y,115.66
806926,1,Paid Social,2025-09-28 00:00,N,0
806344,3,Paid Search,2024-07-04 00:00,N,0
804082,1,SEO,2025-08-11 00:00,N,0
800679,3,SEO,2025-04-01 00:00,Y,74.58
800591,1,SEO,2024-04-02 00:00,Y,150.52
808893,2,Email,2024-02-07 00:00,Y,97.21
805409,2,Paid Search,2025-05-07 00:00,N,0
804778,1,Paid Social,2025-07-25 00:00,Y,175.03
805853,1,Paid Search,2024-12-01 00:00,Y,175.16
802739,2,Paid Social,2024-04-27 00:00,N,0
801065,1,SEO,2024-07-19 00:00,Y,66.75
802587,2,Paid Social,2024-08-03 00:00,Y,130.94
801186,2,SEO,2024-01-10 00:00,Y,143.96
803389,2,SEO,2025-05-14 00:00,Y,106.88
807515,1,SEO,2024-05-27 00:00,N,0
805318,1,Paid Social,2024-02-15 00:00,N,0
801199,3,Paid Search,2025-09-22 00:00,N,0
805803,2,Paid Social,2024-08-07 00:00,Y,135.88
807347,4,SEO,2025-04-03 00:00,Y,72.88
805801,1,Paid Social,2025-04-10 00:00,Y,45.85
806874,2,SEO,2025-05-05 00:00,N,0
807300,5,Paid Search,2025-05-29 00:00,Y,158.97
806556,5,Email,2024-09-17 00:00,Y,202.98
804943,1,SEO,2025-06-03 00:00,Y,52.43
808329,2,SEO,2024-10-11 00:00,N,0
801854,3,Email,2025-09-11 00:00,Y,69.45
807772,3,Paid Search,2025-01-10 00:00,N,0
808125,3,Paid Social,2024-08-10 00:00,Y,180.32
800699,3,Paid Social,2025-03-17 00:00,Y,70.69
800178,2,Paid Social,2024-05-23 00:00,N,0
800855,2,SEO,2024-11-25 00:00,N,0
807311,1,SEO,2024-10-12 00:00,N,0
800008,1,Paid Search,2024-01-28 00:00,N,0
801319,1,Paid Search,2024-02-29 00:00,Y,164.05
803696,1,SEO,2024-03-02 00:00,N,0
804954,2,Email,2025-06-25 00:00,Y,199.34
804801,3,Email,2024-05-17 00:00,Y,199.01
806390,2,Paid Search,2025-08-14 00:00,Y,209.72
807469,1,SEO,2025-09-26 00:00,N,0
804612,2,Email,2024-08-30 00:00,N,0
806885,2,Paid Search,2025-07-06 00:00,Y,161.39
805359,1,Email,2024-05-09 00:00,Y,125.79
802447,3,SEO,2025-05-02 00:00,Y,130.84
803382,1,Paid Search,2025-06-10 00:00,N,0
800989,1,Paid Social,2024-09-27 00:00,Y,190.45
806840,1,Paid Social,2025-06-22 00:00,Y,143.98
807766,1,Paid Social,2024-07-20 00:00,Y,77.84
804384,1,SEO,2024-02-09 00:00,Y,205.52
802984,4,Email,2024-08-01 00:00,N,0
802275,2,Paid Social,2024-05-11 00:00,Y,156.81
803127,1,Email,2024-01-20 00:00,Y,182.21
803373,1,SEO,2024-12-20 00:00,N,0
801301,1,Paid Search,2025-04-06 00:00,Y,146.71
800891,1,Paid Search,2024-06-09 00:00,N,0
807875,5,Paid Search,2024-07-14 00:00,Y,202.88
802563,2,SEO,2024-11-22 00:00,Y,218.16
800744,1,SEO,2024-02-20 00:00,N,0
805058,4,Paid Social,2024-06-26 00:00,Y,188.96
805458,3,SEO,2024-11-08 00:00,N,0
801510,1,Paid Search,2024-03-06 00:00,Y,65.4
801035,4,Paid Search,2024-06-19 00:00,Y,133.51
803596,5,Paid Search,2025-03-04 00:00,Y,133.81
808248,1,SEO,2025-08-05 00:00,N,0
800586,2,Paid Search,2025-01-18 00:00,Y,50.59
801746,2,Email,2024-01-05 00:00,N,0
805353,1,Paid Social,2024-03-09 00:00,Y,142.13
801457,1,SEO,2024-06-23 00:00,Y,215.22
805668,1,Email,2024-07-18 00:00,Y,107.63
808904,2,SEO,2025-06-14 00:00,N,0
806933,1,Paid Social,2025-06-30 00:00,Y,166.42
804110,3,Paid Search,2025-02-20 00:00,N,0
800770,1,SEO,2024-10-01 00:00,Y,38.63
800907,2,SEO,2025-07-12 00:00,Y,190.39
806277,2,Email,2024-11-08 00:00,Y,219.67
803012,3,Email,2025-02-27 00:00,Y,85.86
806452,3,SEO,2025-03-29 00:00,N,0
804936,1,Paid Search,2025-01-13 00:00,N,0
803470,4,Paid Social,2024-06-30 00:00,N,0
800043,2,Email,2024-04-25 00:00,N,0
800036,3,Paid Social,2024-10-19 00:00,Y,212.91
807140,1,SEO,2025-09-09 00:00,Y,169.19
808016,3,Email,2025-10-09 00:00,N,0
804389,3,Email,2024-06-09 00:00,Y,134.33
803268,3,Email,2025-05-29 00:00,Y,60.98
801702,1,SEO,2024-11-08 00:00,N,0
806531,5,Email,2024-01-20 00:00,Y,206.77
808006,1,Paid Social,2024-11-27 00:00,N,0
802913,4,Paid Search,2024-08-25 00:00,Y,187.7
807016,3,Email,2024-02-15 00:00,Y,215.74
807850,1,SEO,2024-08-21 00:00,Y,102.75
804793,1,Paid Search,2024-07-10 00:00,Y,200.31
806526,2,Email,2025-02-10 00:00,Y,79.5
803490,1,SEO,2024-04-26 00:00,N,0
801795,1,SEO,2025-01-18 00:00,Y,70.9
804325,2,Paid Search,2025-04-13 00:00,Y,49.64
804167,3,Paid Social,2024-02-25 00:00,Y,48.54
800533,2,Paid Social,2025-01-13 00:00,Y,213.13
803968,2,Email,2024-01-18 00:00,N,0
808195,1,Paid Social,2025-01-31 00:00,Y,100.94
801256,4,Email,2024-05-21 00:00,Y,87.18
802097,2,Paid Search,2025-07-10 00:00,Y,152.51
807440,2,SEO,2025-09-10 00:00,N,0
806707,2,Email,2024-10-17 00:00,Y,52.09
807968,3,Email,2024-10-14 00:00,N,0
804657,3,Paid Search,2024-01-31 00:00,N,0
802229,3,Paid Social,2024-02-09 00:00,Y,137.85
802152,3,SEO,2024-02-07 00:00,Y,106.59
807759,5,Email,2024-02-23 00:00,Y,185.39
800519,3,Email,2025-02-26 00:00,N,0
802246,2,Email,2025-05-23 00:00,Y,80.21
804201,1,SEO,2025-05-22 00:00,Y,186.24
801212,2,Paid Search,2025-01-22 00:00,Y,202.69
800952,1,SEO,2025-01-15 00:00,N,0
804247,1,Paid Social,2024-02-08 00:00,Y,192.9
805245,2,Paid Search,2024-08-12 00:00,Y,133.52
802000,4,Paid Search,2025-02-21 00:00,Y,105.77
807212,5,Paid Social,2024-08-10 00:00,Y,170.73
805722,1,SEO,2025-09-19 00:00,N,0
806953,1,Paid Social,2024-07-16 00:00,N,0
803527,1,SEO,2024-04-08 00:00,N,0
800332,3,Paid Social,2025-08-21 00:00,N,0
807887,3,Email,2025-09-28 00:00,Y,101.17
801093,2,Paid Search,2024-08-19 00:00,Y,115.93
803915,1,SEO,2025-09-11 00:00,Y,43.99
800145,2,Email,2025-01-27 00:00,N,0
803190,3,Paid Social,2025-09-16 00:00,N,0
804696,3,Email,2024-03-27 00:00,N,0
801159,1,SEO,2024-10-09 00:00,N,0
804274,3,Paid Search,2024-11-04 00:00,Y,123.93
801741,2,SEO,2024-03-30 00:00,N,0
804376,2,Email,2024-06-09 00:00,Y,120.13
800501,2,SEO,2024-08-21 00:00,Y,183.4
806293,4,Email,2025-08-23 00:00,N,0
801356,2,Email,2024-03-23 00:00,N,0
806094,2,Paid Search,2024-04-12 00:00,Y,179.01
805412,1,SEO,2025-03-03 00:00,Y,57.82
808822,2,Email,2025-01-10 00:00,N,0
800078,3,Paid Social,2024-11-01 00:00,Y,64.92
805414,3,Paid Social,2024-12-24 00:00,Y,152.08
806511,3,SEO,2025-10-18 00:00,N,0
803795,1,SEO,2024-10-15 00:00,Y,95.31
806628,2,SEO,2025-05-10 00:00,Y,91.54
801212,1,SEO,2025-01-20 00:00,Y,202.69
803441,1,Email,2024-10-27 00:00,N,0
804411,2,Email,2024-05-08 00:00,Y,106.44
808546,1,Paid Social,2025-06-24 00:00,Y,138.47
803373,3,Paid Social,2024-12-22 00:00,N,0
806997,1,SEO,2024-06-12 00:00,Y,55.28
803755,2,Email,2024-12-21 00:00,Y,204.93
807884,3,Email,2025-09-25 00:00,Y,79.47
803272,1,SEO,2025-10-10 00:00,N,0
801081,4,Email,2024-11-05 00:00,Y,152.2
803939,1,SEO,2024-12-26 00:00,Y,128.11
805771,2,Paid Social,2025-09-07 00:00,N,0
801641,1,Email,2025-02-08 00:00,Y,60.9
805227,2,Email,2025-08-04 00:00,N,0
801637,2,Paid Search,2024-10-23 00:00,Y,192.07
807879,3,Email,2024-10-14 00:00,N,0
804155,1,SEO,2024-06-11 00:00,N,0
803950,1,Email,2024-03-31 00:00,Y,115.24
803088,3,SEO,2025-05-01 00:00,N,0
806130,3,Email,2025-01-05 00:00,N,0
804980,1,Paid Social,2025-05-25 00:00,N,0
800076,1,SEO,2025-04-15 00:00,Y,57.67
804479,2,Email,2025-03-05 00:00,Y,52.3
808508,2,Email,2024-04-14 00:00,N,0
800450,1,SEO,2025-02-12 00:00,Y,100.99
808749,2,Paid Social,2024-02-11 00:00,N,0
800768,3,SEO,2024-05-09 00:00,Y,116.14
806483,1,Paid Search,2024-11-25 00:00,N,0
805170,2,Email,2025-06-05 00:00,Y,101.46
806334,2,Paid Search,2025-05-29 00:00,Y,199.27
800760,4,Paid Social,2024-05-05 00:00,N,0
805606,3,Email,2025-07-01 00:00,N,0
803493,3,Paid Search,2024-09-22 00:00,Y,162.18
807756,4,Paid Search,2025-05-25 00:00,Y,198.08
808522,3,Email,2024-08-22 00:00,Y,40.64
803551,3,Paid Search,2024-09-14 00:00,Y,114.75
808967,2,SEO,2024-04-02 00:00,Y,140.7
804400,3,Email,2024-04-10 00:00,Y,55.91
804039,2,SEO,2025-04-10 00:00,Y,120.74
805352,2,Email,2024-05-16 00:00,Y,86.88
803711,1,Paid Search,2024-10-14 00:00,Y,54.24
802040,1,Paid Social,2024-10-12 00:00,Y,212.99
808317,1,Paid Social,2024-06-29 00:00,N,0
804229,2,Paid Search,2025-08-08 00:00,N,0
800540,4,SEO,2024-08-20 00:00,Y,171.32
807141,1,SEO,2025-02-10 00:00,Y,37.0
805606,4,SEO,2025-06-28 00:00,N,0
800659,2,Paid Social,2025-03-28 00:00,Y,160.1
803739,1,Paid Social,2025-05-29 00:00,N,0
801240,1,Paid Search,2025-05-31 00:00,Y,85.33
806374,3,Paid Search,2024-04-20 00:00,Y,116.12
803130,5,Paid Search,2024-01-19 00:00,Y,89.76
803453,3,Paid Social,2024-08-14 00:00,Y,58.38
806469,2,Paid Search,2025-06-11 00:00,N,0
804849,1,Paid Search,2024-03-17 00:00,Y,76.04
805741,1,SEO,2024-02-09 00:00,Y,83.23
804160,1,SEO,2024-07-24 00:00,Y,38.31
803960,2,SEO,2025-09-12 00:00,Y,143.46
808313,4,Paid Social,2024-09-16 00:00,N,0
801126,1,SEO,2024-01-03 00:00,Y,201.44
800119,5,SEO,2024-11-14 00:00,Y,202.52
806029,1,Paid Social,2025-03-23 00:00,Y,69.85
808545,2,Paid Social,2024-04-02 00:00,Y,58.5
802886,4,Email,2025-04-30 00:00,Y,46.56
802614,2,Email,2024-04-03 00:00,Y,182.69
805181,2,Email,2024-03-13 00:00,Y,209.67
807453,1,SEO,2025-06-27 00:00,N,0
804504,1,SEO,2024-11-03 00:00,Y,78.26
807037,3,Paid Social,2025-02-05 00:00,Y,54.88
808906,1,Paid Social,2024-05-04 00:00,N,0
800887,1,Paid Social,2024-01-20 00:00,Y,172.83
807561,2,SEO,2025-03-12 00:00,Y,176.58
807801,2,Paid Search,2024-01-07 00:00,Y,117.18
803646,1,Paid Social,2025-07-30 00:00,Y,186.34
807646,4,SEO,2024-04-27 00:00,N,0
801104,2,SEO,2024-11-17 00:00,N,0
802722,1,Paid Social,2024-12-25 00:00,Y,72.35
809000,1,Paid Social,2025-02-17 00:00,Y,176.55
802261,1,Paid Social,2025-07-21 00:00,Y,113.7
804542,1,SEO,2024-01-16 00:00,Y,59.86
808843,1,Paid Social,2025-08-16 00:00,Y,177.0
804666,1,Paid Social,2025-06-03 00:00,Y,86.93
804503,3,SEO,2024-08-22 00:00,Y,216.88
801022,2,SEO,2025-04-11 00:00,Y,212.92
807460,1,SEO,2025-08-14 00:00,Y,192.86
804337,3,Paid Search,2025-01-23 00:00,Y,69.14
807752,1,Paid Social,2024-08-21 00:00,Y,165.42
803765,2,Paid Social,2024-04-11 00:00,Y,198.38
806008,1,Paid Social,2024-12-28 00:00,Y,120.34
807092,1,SEO,2024-03-13 00:00,Y,214.55
801953,2,Paid Social,2025-04-28 00:00,Y,210.42
808035,2,Email,2025-10-10 00:00,Y,159.61
804536,1,SEO,2024-05-11 00:00,N,0
808346,3,Paid Search,2024-07-19 00:00,Y,214.79
803955,3,Email,2024-10-19 00:00,Y,61.43
800783,3,Paid Search,2024-08-31 00:00,Y,125.22
808089,1,Paid Social,2024-04-29 00:00,Y,40.05
807494,4,Email,2024-08-22 00:00,N,0
802303,1,Paid Search,2025-06-26 00:00,N,0
803966,1,Paid Social,2025-06-12 00:00,Y,62.39
802512,3,Paid Social,2024-05-11 00:00,Y,130.42
804509,2,SEO,2024-04-25 00:00,N,0
806292,2,SEO,2025-05-04 00:00,Y,153.43
806207,3,Paid Social,2024-10-02 00:00,N,0
806344,2,Email,2024-07-01 00:00,N,0
807239,1,Paid Search,2024-12-14 00:00,Y,75.28
808814,2,SEO,2025-09-13 00:00,Y,147.28
801439,3,Email,2025-02-23 00:00,N,0
808197,4,Email,2025-10-11 00:00,N,0
804533,3,SEO,2024-09-11 00:00,N,0
802743,2,SEO,2024-12-06 00:00,Y,203.21
803096,3,Paid Social,2025-04-01 00:00,N,0
807596,1,SEO,2024-01-04 00:00,Y,60.18
807105,1,Paid Search,2025-10-07 00:00,N,0
805355,3,Paid Search,2024-04-12 00:00,Y,39.78
807911,1,SEO,2024-02-22 00:00,N,0
801645,1,Paid Social,2025-09-24 00:00,Y,143.01
801941,3,Email,2025-01-04 00:00,Y,167.97
804022,3,Paid Social,2025-01-06 00:00,Y,136.57
806490,2,Email,2024-03-24 00:00,N,0
806361,2,SEO,2024-08-30 00:00,Y,61.17
803178,1,Paid Social,2024-10-07 00:00,Y,73.93
803048,3,Paid Search,2024-05-28 00:00,Y,49.97
803023,1,SEO,2024-05-20 00:00,Y,111.69
806167,2,SEO,2024-10-22 00:00,N,0
803945,3,Email,2024-01-19 00:00,Y,39.75
803339,3,Paid Search,2024-04-19 00:00,Y,215.01
806898,2,Email,2025-09-22 00:00,N,0
808473,1,Paid Search,2024-03-30 00:00,N,0
805309,4,Paid Search,2024-10-27 00:00,Y,41.64
802729,1,Paid Social,2025-07-31 00:00,Y,212.66
804927,1,Paid Search,2024-08-22 00:00,Y,119.1
801751,1,Paid Social,2024-03-03 00:00,N,0
806101,2,Email,2024-02-16 00:00,N,0
806919,3,Paid Search,2025-03-31 00:00,Y,189.54
805302,5,Paid Social,2024-01-21 00:00,Y,176.26
800933,3,Paid Search,2025-08-07 00:00,N,0
802644,1,Paid Social,2024-02-04 00:00,Y,80.41
802167,4,Email,2024-07-19 00:00,Y,219.99
807410,2,Paid Social,2024-10-15 00:00,Y,114.38
806518,4,Paid Search,2025-08-14 00:00,Y,178.48
807165,4,SEO,2024-02-22 00:00,N,0
806486,1,Paid Social,2024-10-12 00:00,N,0
802233,1,Paid Social,2025-09-12 00:00,Y,216.48
803667,1,SEO,2025-05-05 00:00,Y,200.97
803283,2,Paid Social,2025-03-22 00:00,Y,160.32
806598,1,Paid Social,2024-01-08 00:00,Y,79.55
806888,1,Paid Search,2025-02-19 00:00,Y,127.19
801624,4,Paid Search,2025-01-12 00:00,Y,73.98
805851,4,Paid Social,2024-03-01 00:00,N,0
808098,1,Paid Social,2025-04-19 00:00,Y,120.77
808536,1,Paid Social,2025-04-13 00:00,N,0
801873,1,Paid Social,2024-10-24 00:00,Y,50.34
802220,1,Email,2024-07-22 00:00,Y,37.11
804454,2,Email,2024-06-08 00:00,Y,56.9
804302,3,Email,2025-01-20 00:00,Y,186.54
808099,1,Paid Search,2024-09-07 00:00,N,0
802652,1,Paid Search,2025-09-07 00:00,N,0
803727,1,SEO,2024-04-10 00:00,N,0
808428,1,Paid Social,2025-01-20 00:00,N,0
801132,1,Paid Search,2024-04-30 00:00,N,0
807043,1,Email,2024-10-05 00:00,N,0
808451,1,Paid Social,2024-07-20 00:00,Y,53.36
801268,1,Email,2025-04-25 00:00,N,0
808343,1,Paid Search,2024-08-06 00:00,Y,56.38
804064,1,Paid Social,2025-03-17 00:00,Y,203.9
808907,1,Paid Social,2024-08-19 00:00,Y,87.75
803174,2,Email,2025-02-14 00:00,N,0
806424,1,SEO,2025-01-08 00:00,Y,103.95
802228,1,Paid Social,2024-01-14 00:00,N,0
803367,1,SEO,2025-08-12 00:00,N,0
800875,1,SEO,2024-04-27 00:00,Y,64.29
801170,3,Paid Social,2024-07-24 00:00,Y,185.25
801779,2,Email,2025-10-01 00:00,N,0
803749,1,SEO,2024-10-16 00:00,Y,185.22
803277,1,Paid Search,2024-06-11 00:00,N,0
802961,1,Paid Social,2025-05-05 00:00,N,0
805292,2,Email,2025-10-01 00:00,N,0
803468,1,Paid Search,2025-05-05 00:00,Y,67.0
801550,4,Paid Search,2025-08-29 00:00,Y,191.32
807881,4,Email,2024-12-24 00:00,N,0
805300,5,Paid Search,2025-09-10 00:00,Y,99.93
808852,2,SEO,2024-07-13 00:00,Y,194.81
808096,1,SEO,2024-02-27 00:00,Y,135.0
808134,1,SEO,2024-12-03 00:00,N,0
801847,2,Paid Search,2024-09-01 00:00,N,0
808793,1,Email,2025-09-10 00:00,Y,132.55
801199,2,SEO,2025-09-19 00:00,N,0
802790,2,Email,2024-05-25 00:00,Y,186.97
804019,2,Email,2024-10-14 00:00,Y,79.28
800148,3,SEO,2024-05-25 00:00,N,0
802063,5,Email,2025-10-11 00:00,N,0
802167,1,SEO,2024-07-10 00:00,Y,219.99
801733,1,SEO,2024-04-24 00:00,Y,145.73
807084,2,Email,2024-11-10 00:00,N,0
805267,3,Paid Social,2025-01-13 00:00,Y,160.75
805163,5,Email,2024-03-06 00:00,Y,54.05
802251,3,Email,2024-06-21 00:00,Y,144.56
801151,3,Email,2025-07-13 00:00,Y,106.25
802142,1,SEO,2024-07-13 00:00,Y,209.51
802281,2,Paid Social,2024-02-10 00:00,Y,192.35
800655,1,Paid Search,2025-05-11 00:00,N,0
804320,3,Email,2025-02-24 00:00,N,0
803616,1,SEO,2024-08-04 00:00,Y,87.92
801873,5,Email,2024-11-05 00:00,Y,50.34
804997,3,Paid Search,2024-02-02 00:00,Y,71.77
803210,1,Paid Social,2024-02-16 00:00,Y,210.06
806095,3,Paid Social,2025-09-02 00:00,Y,86.45
802845,3,Paid Search,2025-03-25 00:00,N,0
800951,2,Email,2024-04-26 00:00,Y,46.53
801717,4,Paid Search,2025-02-08 00:00,Y,178.57
801958,4,Paid Search,2024-04-04 00:00,N,0
802240,1,SEO,2024-08-30 00:00,N,0
806308,1,Email,2025-08-27 00:00,Y,113.08
801943,3,Email,2025-02-12 00:00,Y,120.9
800376,1,SEO,2025-06-01 00:00,N,0
807868,1,SEO,2024-05-27 00:00,Y,195.7
805437,1,Paid Search,2025-10-15 00:00,N,0
801478,3,Paid Social,2024-04-15 00:00,Y,130.14
805102,1,Paid Search,2025-03-24 00:00,Y,167.15
802480,1,SEO,2024-08-16 00:00,N,0
807254,2,Paid Social,2024-09-17 00:00,Y,136.45
800893,1,Paid Social,2025-05-16 00:00,Y,140.48
807489,1,SEO,2024-01-03 00:00,N,0
806796,3,Paid Search,2024-01-10 00:00,Y,184.62
804656,2,Email,2024-12-15 00:00,Y,36.25
807548,5,Paid Search,2024-05-27 00:00,Y,52.14
800868,3,SEO,2025-02-13 00:00,Y,81.16
808809,1,Paid Search,2024-03-07 00:00,N,0
805737,1,SEO,2025-04-03 00:00,N,0
808753,4,Paid Search,2024-09-15 00:00,Y,88.12
803932,3,SEO,2025-10-21 00:00,Y,73.8
801442,3,SEO,2024-10-13 00:00,Y,94.61
801134,4,Email,2025-04-30 00:00,N,0
805483,1,SEO,2024-02-15 00:00,Y,169.74
807740,3,Paid Social,2024-12-24 00:00,Y,81.18
804551,2,Paid Search,2024-10-22 00:00,N,0
808242,3,Email,2025-06-23 00:00,Y,129.5
804692,1,Paid Search,2024-04-23 00:00,Y,177.2
807834,3,Email,2024-07-25 00:00,Y,36.97
800165,3,SEO,2024-02-05 00:00,Y,59.7
805693,1,Email,2025-03-16 00:00,N,0
807581,3,Paid Social,2024-12-09 00:00,Y,180.19
800814,1,SEO,2024-12-05 00:00,Y,192.59
808117,2,Email,2025-01-03 00:00,Y,160.58
808523,1,Paid Social,2025-01-30 00:00,N,0
803193,2,Paid Search,2024-01-23 00:00,Y,110.93
806396,3,Paid Search,2025-09-06 00:00,N,0
801003,1,Paid Social,2025-09-26 00:00,Y,149.98
800667,2,Email,2024-11-19 00:00,Y,117.6
801613,4,Paid Search,2025-03-09 00:00,N,0
807493,5,Paid Search,2025-05-02 00:00,Y,207.5
804475,2,Paid Social,2024-08-10 00:00,N,0
803436,2,Paid Social,2024-12-11 00:00,N,0
801428,4,Email,2025-01-12 00:00,Y,125.54
802631,1,SEO,2025-06-22 00:00,Y,187.6
807157,1,Paid Search,2024-02-20 00:00,N,0
805952,1,SEO,2024-03-21 00:00,Y,58.47
806136,1,Paid Social,2024-06-22 00:00,N,0
800474,2,Paid Social,2025-03-28 00:00,N,0
801243,2,Email,2024-05-12 00:00,Y,142.9
800197,2,Paid Search,2025-05-06 00:00,Y,177.13
800542,3,SEO,2025-05-28 00:00,Y,35.81
800015,3,Paid Social,2025-07-03 00:00,Y,60.45
803711,3,Paid Search,2024-10-16 00:00,Y,54.24
803609,2,Email,2025-08-30 00:00,N,0
803805,3,SEO,2024-02-03 00:00,N,0
801361,1,Paid Social,2024-10-05 00:00,Y,64.31
804325,1,SEO,2025-04-09 00:00,Y,49.64
807154,2,Email,2025-07-03 00:00,Y,134.93
801601,3,Paid Social,2024-09-06 00:00,N,0
803789,1,Paid Social,2024-10-25 00:00,N,0
808961,2,Paid Social,2024-05-14 00:00,Y,196.29
806869,5,Email,2024-12-11 00:00,N,0
808347,1,SEO,2025-08-19 00:00,Y,216.84
800542,1,Paid Social,2025-05-20 00:00,Y,35.81
804579,4,Email,2025-01-02 00:00,Y,189.91
804275,3,Email,2025-02-18 00:00,N,0
800082,1,SEO,2024-04-07 00:00,Y,212.17
800133,1,SEO,2025-03-27 00:00,Y,208.27
808041,1,Paid Social,2025-01-09 00:00,N,0
801335,1,SEO,2024-11-05 00:00,Y,216.48
800515,2,Email,2025-08-11 00:00,N,0
806487,3,Email,2024-04-25 00:00,N,0
801111,1,SEO,2024-12-01 00:00,Y,160.55
805607,1,Email,2025-02-24 00:00,Y,203.5
807014,1,Paid Social,2024-07-23 00:00,N,0
808221,2,Paid Social,2024-01-11 00:00,N,0
805793,1,SEO,2024-05-16 00:00,N,0
803338,1,SEO,2025-07-07 00:00,N,0
802101,3,Email,2025-06-24 00:00,Y,54.11
805844,2,SEO,2024-07-16 00:00,Y,168.91
806902,3,SEO,2024-10-13 00:00,Y,51.9
807401,2,Email,2025-05-22 00:00,Y,187.8
800454,4,Paid Social,2024-08-30 00:00,Y,213.68
803088,1,Paid Social,2025-04-27 00:00,N,0
808214,4,Email,2025-10-14 00:00,Y,211.36
807599,3,Paid Social,2025-05-10 00:00,Y,65.89
802812,1,Email,2024-02-01 00:00,Y,167.38
805951,2,Paid Search,2025-03-20 00:00,Y,162.18
807944,3,Paid Social,2024-07-09 00:00,Y,36.28
803873,1,Paid Social,2024-06-28 00:00,N,0
808913,4,Paid Social,2024-01-14 00:00,N,0
808741,1,Paid Search,2024-07-25 00:00,N,0
801258,2,Paid Social,2025-08-08 00:00,Y,72.46
806962,3,Email,2025-07-22 00:00,N,0
800305,3,Email,2024-06-02 00:00,N,0
806632,2,SEO,2025-09-13 00:00,N,0
803449,2,Email,2024-04-11 00:00,Y,71.75
804329,3,Paid Social,2024-12-05 00:00,Y,56.04
808333,3,Paid Search,2024-04-27 00:00,Y,60.27
801142,1,Paid Social,2024-08-24 00:00,Y,210.13
807341,2,Paid Search,2025-02-13 00:00,Y,35.34
805779,3,Paid Search,2024-10-20 00:00,Y,198.6
806241,1,SEO,2024-01-27 00:00,N,0
804780,1,Paid Search,2024-06-25 00:00,N,0
800707,1,SEO,2024-01-13 00:00,N,0
804140,4,Paid Social,2025-07-28 00:00,Y,83.15
803836,2,Paid Social,2024-06-20 00:00,Y,169.28
801468,3,SEO,2025-01-27 00:00,N,0
803278,4,Email,2025-01-07 00:00,N,0
808510,3,Email,2024-03-23 00:00,Y,214.52
803143,3,Paid Search,2025-09-30 00:00,Y,135.47
805383,3,SEO,2024-10-05 00:00,N,0
805384,2,Paid Social,2024-10-07 00:00,Y,95.98
808118,1,SEO,2024-11-13 00:00,Y,163.97
807758,1,SEO,2024-10-12 00:00,Y,99.97
800273,4,Paid Search,2024-07-07 00:00,N,0
808114,2,SEO,2025-07-21 00:00,Y,148.88
803089,3,Email,2024-03-12 00:00,N,0
805482,1,Paid Social,2024-07-23 00:00,Y,206.77
802137,1,SEO,2025-08-21 00:00,Y,144.46
801769,1,Paid Social,2024-04-23 00:00,Y,184.32
801865,3,Email,2024-04-01 00:00,N,0
800112,4,SEO,2025-02-09 00:00,Y,127.64
804392,3,Paid Social,2024-06-05 00:00,Y,193.23
801709,3,Paid Social,2025-01-13 00:00,Y,112.5
804181,3,Email,2024-09-18 00:00,N,0
806979,2,Paid Search,2024-06-15 00:00,N,0
806831,3,Paid Social,2024-11-29 00:00,Y,127.61
804809,4,Paid Social,2025-10-08 00:00,Y,178.95
807470,1,SEO,2024-06-29 00:00,N,0
808233,5,Email,2025-04-27 00:00,N,0
808924,1,SEO,2024-01-10 00:00,N,0
804988,1,Paid Social,2024-06-18 00:00,Y,207.7
808909,5,Email,2025-02-02 00:00,N,0
804822,3,Email,2025-02-25 00:00,Y,66.06
805254,1,SEO,2025-02-08 00:00,N,0
803775,1,SEO,2024-10-15 00:00,Y,108.98
801537,1,SEO,2024-10-09 00:00,Y,159.01
805319,1,Paid Social,2024-11-10 00:00,Y,204.95
806639,3,SEO,2024-03-04 00:00,Y,179.11
806518,3,SEO,2025-08-07 00:00,Y,178.48
808198,4,Paid Search,2025-09-28 00:00,N,0
806181,2,SEO,2024-08-29 00:00,N,0
806975,2,Email,2024-12-02 00:00,Y,46.04
801728,3,Paid Search,2024-02-28 00:00,N,0
808470,3,Paid Social,2025-01-15 00:00,Y,102.44
803864,4,SEO,2024-11-24 00:00,Y,70.22
802824,2,Paid Social,2024-01-27 00:00,Y,155.34
805575,1,Email,2025-08-31 00:00,Y,48.42
804857,3,Paid Search,2024-03-23 00:00,Y,103.97
802600,1,SEO,2024-07-02 00:00,N,0
801035,1,Paid Search,2024-06-13 00:00,Y,133.51
801761,1,Paid Search,2024-07-15 00:00,Y,195.68
802363,1,Email,2025-01-23 00:00,N,0
805115,2,SEO,2025-04-19 00:00,Y,139.08
805111,1,Paid Social,2024-11-04 00:00,N,0
808490,2,Email,2024-09-16 00:00,Y,49.96
801388,1,Paid Search,2024-07-09 00:00,Y,131.29
804677,1,SEO,2025-05-28 00:00,Y,140.64
808887,1,Paid Social,2025-06-23 00:00,N,0
808861,2,Paid Search,2024-09-11 00:00,Y,107.74
804373,2,Email,2025-01-19 00:00,Y,175.96
805142,2,Email,2024-10-29 00:00,Y,150.66
801415,2,Paid Social,2024-10-30 00:00,N,0
803518,2,Paid Search,2024-09-09 00:00,Y,81.23
803583,1,Paid Social,2024-09-17 00:00,N,0
805595,4,Paid Search,2025-04-14 00:00,N,0
806269,1,SEO,2024-10-29 00:00,N,0
801380,2,Paid Social,2024-06-28 00:00,N,0
807914,5,Email,2025-04-15 00:00,Y,132.32
801976,1,SEO,2024-03-21 00:00,N,0
805734,1,SEO,2024-12-22 00:00,Y,38.76
806175,2,Paid Search,2025-06-13 00:00,N,0
805346,4,SEO,2024-09-22 00:00,N,0
801238,2,Paid Social,2025-07-16 00:00,Y,180.34
803069,1,Paid Social,2024-02-19 00:00,Y,182.7
802058,1,SEO,2025-06-18 00:00,Y,83.83
800779,3,SEO,2025-04-24 00:00,Y,132.46
807582,3,Email,2024-10-07 00:00,N,0
806063,1,Paid Social,2024-06-14 00:00,Y,96.01
804699,3,Paid Social,2025-06-24 00:00,N,0
803371,1,Email,2025-04-22 00:00,N,0
807898,2,Paid Search,2024-02-11 00:00,N,0
802709,1,SEO,2024-09-23 00:00,N,0
800086,1,Paid Search,2025-09-08 00:00,N,0
803626,2,SEO,2025-09-28 00:00,Y,152.48
808628,2,SEO,2025-10-15 00:00,N,0
808891,3,SEO,2024-07-23 00:00,Y,158.26
803436,3,Paid Social,2024-12-14 00:00,N,0
800159,2,Paid Search,2024-08-09 00:00,N,0
807997,3,Email,2025-01-26 00:00,Y,164.32
802447,1,SEO,2025-04-30 00:00,Y,130.84
805577,1,SEO,2025-06-10 00:00,Y,195.14
807356,2,Paid Search,2025-05-25 00:00,Y,63.25
802793,3,SEO,2025-02-03 00:00,Y,36.98
808776,1,Paid Social,2024-12-01 00:00,N,0
803109,4,Paid Search,2024-07-26 00:00,N,0
803140,4,Paid Search,2025-03-29 00:00,Y,180.83
806589,3,Paid Social,2024-08-10 00:00,Y,88.83
807855,2,Email,2024-06-22 00:00,Y,112.31
803235,2,SEO,2024-12-14 00:00,Y,68.07
802805,4,Paid Social,2024-04-29 00:00,Y,138.76
802990,2,Paid Social,2024-02-15 00:00,Y,61.6
805807,2,Paid Social,2024-09-08 00:00,Y,159.09
806553,2,Email,2024-08-04 00:00,Y,205.57
800080,4,Paid Social,2024-09-10 00:00,Y,64.47
803251,1,SEO,2024-03-16 00:00,Y,122.84
800937,1,Paid Social,2025-01-02 00:00,N,0
808763,1,Paid Social,2025-01-03 00:00,N,0
807868,2,Paid Social,2024-05-31 00:00,Y,195.7
801244,1,SEO,2025-01-18 00:00,N,0
806759,2,SEO,2024-02-26 00:00,N,0
800265,2,SEO,2025-08-18 00:00,N,0
801850,3,Email,2024-09-22 00:00,Y,118.73
800032,2,Paid Social,2025-02-28 00:00,N,0
804798,2,Email,2025-10-11 00:00,Y,40.12
805793,3,SEO,2024-05-22 00:00,N,0
803916,2,SEO,2025-06-04 00:00,Y,183.94
800176,2,Email,2024-11-26 00:00,Y,159.29
803649,3,Paid Social,2024-11-12 00:00,Y,177.54
804126,3,SEO,2025-04-03 00:00,N,0
808393,4,Paid Social,2025-03-31 00:00,Y,124.76
808155,2,SEO,2024-12-10 00:00,Y,156.41
804485,4,Paid Search,2024-03-18 00:00,Y,129.26
801789,1,SEO,2025-03-25 00:00,Y,182.77
802204,1,SEO,2024-01-09 00:00,N,0
800392,1,SEO,2024-04-05 00:00,N,0
803858,1,Paid Social,2024-08-04 00:00,Y,77.94
800549,1,SEO,2024-07-11 00:00,N,0
801834,1,SEO,2025-02-13 00:00,Y,199.83
802778,2,Paid Search,2024-07-26 00:00,Y,104.22
805651,1,SEO,2025-03-31 00:00,Y,75.01
803771,4,Email,2024-09-25 00:00,Y,49.14
801208,4,Email,2024-10-27 00:00,N,0
802192,2,Paid Search,2025-09-02 00:00,N,0
800243,1,SEO,2025-02-04 00:00,Y,163.21
808262,2,Paid Search,2024-05-08 00:00,Y,142.85
805235,2,Email,2024-01-28 00:00,Y,147.03
804267,4,Paid Social,2024-12-13 00:00,Y,204.31
800523,2,Paid Social,2024-06-09 00:00,Y,117.56
800825,2,Paid Social,2024-03-13 00:00,N,0
803446,2,Paid Social,2025-04-30 00:00,Y,127.77
800713,3,Paid Search,2025-06-02 00:00,N,0
807701,2,Email,2025-05-09 00:00,N,0
807566,4,Email,2025-03-19 00:00,Y,213.21
807015,3,Paid Social,2025-06-16 00:00,N,0
801185,3,Paid Search,2025-04-18 00:00,N,0
805646,1,Paid Social,2025-10-08 00:00,N,0
806742,1,Paid Social,2025-04-05 00:00,Y,163.52
800965,1,Paid Search,2024-12-07 00:00,N,0
806767,2,Email,2025-08-27 00:00,Y,161.94
805383,4,Paid Social,2024-10-08 00:00,N,0
806629,4,Paid Social,2024-11-17 00:00,N,0
808977,4,Email,2024-07-04 00:00,N,0
802428,1,Paid Search,2025-08-14 00:00,Y,137.38
806135,2,SEO,2024-01-30 00:00,N,0
808669,2,Email,2024-12-09 00:00,N,0
800551,1,Email,2025-08-24 00:00,N,0
801376,2,Paid Search,2024-06-18 00:00,Y,57.35
801096,1,Paid Social,2024-03-11 00:00,Y,210.07
807880,2,Paid Search,2024-05-01 00:00,Y,117.33
801831,4,Paid Social,2024-10-09 00:00,Y,104.31
808690,2,Paid Search,2024-12-20 00:00,Y,164.96
807547,2,SEO,2025-06-14 00:00,N,0
803359,1,SEO,2024-01-05 00:00,Y,141.82
803818,1,Paid Social,2025-09-22 00:00,Y,99.42
804204,4,Paid Social,2025-06-03 00:00,N,0
800273,2,Email,2024-07-07 00:00,N,0
800718,2,SEO,2024-05-10 00:00,N,0
801329,4,Paid Search,2024-08-17 00:00,Y,166.5
802327,3,Email,2024-05-27 00:00,N,0
806089,1,SEO,2025-05-15 00:00,Y,90.94
808001,4,Email,2024-09-26 00:00,Y,100.0
805701,1,Paid Social,2024-05-17 00:00,Y,83.73
800666,1,SEO,2025-06-23 00:00,N,0
804352,3,SEO,2025-03-31 00:00,N,0
804484,1,SEO,2024-07-15 00:00,N,0
801790,3,SEO,2024-04-21 00:00,Y,123.42
803707,1,SEO,2024-01-16 00:00,N,0
803829,4,Paid Social,2025-09-14 00:00,N,0
806131,3,Email,2024-05-01 00:00,N,0
802641,1,Paid Search,2024-03-31 00:00,Y,192.15
807982,2,Paid Social,2024-12-06 00:00,Y,207.28
808998,1,SEO,2024-11-02 00:00,N,0
808716,3,SEO,2024-01-27 00:00,Y,122.15
807263,3,Email,2024-04-10 00:00,Y,120.67
806523,1,SEO,2024-09-23 00:00,Y,124.79
804179,3,Email,2024-12-05 00:00,N,0
807311,4,Paid Search,2024-10-18 00:00,N,0
804969,1,SEO,2025-04-14 00:00,Y,178.86
806489,2,Email,2025-02-22 00:00,N,0
801689,3,Paid Search,2025-09-27 00:00,Y,146.06
800035,1,Paid Social,2024-12-07 00:00,N,0
801314,2,Paid Search,2024-04-05 00:00,Y,145.52
802937,2,Paid Search,2024-10-17 00:00,N,0
805033,1,Paid Social,2024-05-31 00:00,Y,126.28
808802,1,SEO,2025-07-03 00:00,Y,68.94
802710,4,SEO,2025-09-14 00:00,Y,83.96
802024,2,Paid Search,2024-05-06 00:00,Y,125.32
801740,2,Email,2024-10-14 00:00,N,0
807673,2,Paid Search,2024-09-25 00:00,N,0
806090,3,Paid Search,2025-04-21 00:00,Y,145.52
800990,2,Paid Social,2025-09-14 00:00,Y,72.52
800744,2,Paid Search,2024-02-24 00:00,N,0
801139,3,SEO,2024-09-27 00:00,N,0
802041,1,Paid Social,2025-01-21 00:00,Y,130.16
801564,2,SEO,2024-05-11 00:00,Y,95.28
801355,1,Paid Social,2024-03-20 00:00,Y,115.85
804865,2,Email,2024-12-23 00:00,Y,90.43
805041,2,Email,2024-11-18 00:00,N,0
806776,2,Email,2025-04-04 00:00,N,0
807707,3,Paid Social,2025-03-28 00:00,N,0
802139,2,SEO,2024-01-07 00:00,Y,42.19
805493,3,Email,2025-04-05 00:00,N,0
805301,4,Paid Social,2025-08-06 00:00,Y,46.73
801377,1,SEO,2024-05-21 00:00,N,0
808409,1,Email,2024-11-19 00:00,N,0
808085,2,Paid Search,2025-05-13 00:00,Y,141.3
805333,2,SEO,2024-05-05 00:00,Y,194.12
802570,3,SEO,2024-05-18 00:00,Y,193.74
800073,1,Email,2025-01-29 00:00,Y,95.05
800787,2,Paid Search,2024-02-05 00:00,Y,75.04
803987,4,Paid Social,2024-09-27 00:00,Y,173.38
800527,1,SEO,2025-03-13 00:00,N,0
801315,1,SEO,2024-01-17 00:00,Y,108.55
805594,1,SEO,2024-12-27 00:00,N,0
806046,3,SEO,2025-02-13 00:00,Y,105.56
807353,3,Email,2024-03-26 00:00,N,0
805362,2,SEO,2024-11-17 00:00,Y,148.17
804901,3,Paid Social,2025-04-28 00:00,Y,106.92
802930,2,Paid Search,2024-04-02 00:00,Y,127.93
805678,1,Email,2024-09-18 00:00,N,0
800816,1,SEO,2025-08-22 00:00,N,0
803982,2,Email,2024-08-15 00:00,Y,62.18
804900,2,Email,2025-09-01 00:00,N,0
800692,2,SEO,2024-09-28 00:00,Y,166.63
805794,1,SEO,2024-03-22 00:00,N,0
807101,1,Paid Social,2024-07-04 00:00,Y,91.88
801739,2,Email,2024-09-15 00:00,Y,138.73
806883,2,SEO,2024-12-01 00:00,Y,48.73
808133,1,Paid Social,2025-06-13 00:00,N,0
808747,2,Paid Social,2024-05-30 00:00,Y,46.41
808550,1,Email,2025-09-28 00:00,Y,174.78
801803,3,Paid Social,2025-10-11 00:00,N,0
804146,2,SEO,2024-08-13 00:00,Y,144.39
800879,4,Email,2024-12-05 00:00,Y,214.74
801342,4,Paid Search,2024-07-06 00:00,N,0
800445,1,Paid Social,2025-05-20 00:00,Y,82.1
802753,4,Paid Social,2025-05-31 00:00,N,0
805612,3,Paid Social,2024-01-18 00:00,Y,201.6
805810,1,Paid Social,2025-10-05 00:00,N,0
808867,1,SEO,2025-03-01 00:00,Y,216.28
808652,1,Paid Search,2025-07-25 00:00,N,0
804505,2,Paid Search,2024-03-10 00:00,N,0
802254,3,Paid Social,2025-10-19 00:00,Y,171.13
805398,1,Email,2025-02-20 00:00,Y,58.82
808528,3,SEO,2024-06-01 00:00,N,0
808049,3,Email,2025-03-24 00:00,Y,174.06
808534,1,Paid Social,2024-04-21 00:00,N,0
806986,2,Paid Social,2024-06-15 00:00,Y,200.44
802589,1,SEO,2025-03-24 00:00,Y,134.43
808236,4,Email,2025-09-16 00:00,N,0
805311,2,Paid Social,2024-10-27 00:00,Y,149.44
801934,1,Paid Search,2024-06-14 00:00,N,0
804505,3,Email,2024-03-12 00:00,N,0
803543,3,Paid Search,2024-07-13 00:00,Y,88.4
806379,1,Email,2025-08-23 00:00,Y,198.56
802776,2,SEO,2025-01-17 00:00,Y,82.02
802815,1,Paid Social,2025-03-13 00:00,Y,68.34
804651,1,Paid Social,2025-09-30 00:00,Y,141.02
806015,1,Paid Social,2024-03-10 00:00,Y,155.74
803046,2,Paid Search,2025-04-13 00:00,Y,85.38
804282,1,Paid Social,2024-06-27 00:00,Y,149.5
802956,2,Paid Search,2024-02-10 00:00,Y,160.74
802267,1,SEO,2025-03-07 00:00,Y,130.88
801604,3,Email,2025-06-14 00:00,N,0
807041,1,Paid Social,2024-04-23 00:00,Y,210.84
801711,2,Email,2025-03-31 00:00,Y,214.78
800134,3,Paid Social,2024-04-22 00:00,N,0
805775,1,SEO,2024-08-09 00:00,N,0
808265,1,Paid Social,2024-01-13 00:00,N,0
805144,2,Email,2025-02-05 00:00,N,0
808919,1,SEO,2025-02-21 00:00,N,0
806890,3,Paid Search,2025-07-26 00:00,N,0
806152,3,Paid Social,2025-01-16 00:00,Y,126.23
808209,2,Email,2024-10-20 00:00,Y,42.82
800874,2,Paid Search,2024-06-05 00:00,Y,94.75
801334,1,Paid Social,2025-09-04 00:00,Y,172.68
807798,3,SEO,2024-03-06 00:00,Y,156.32
803117,3,Paid Social,2024-01-21 00:00,Y,97.44
808450,1,Paid Social,2025-10-14 00:00,Y,200.36
801601,2,Email,2024-08-30 00:00,N,0
803294,1,Email,2025-05-22 00:00,N,0
800091,2,Paid Search,2025-09-24 00:00,Y,184.32
805502,1,SEO,2025-08-09 00:00,Y,211.69
803738,1,Email,2024-08-17 00:00,Y,140.78
801650,2,Email,2024-08-23 00:00,Y,156.07
803782,3,Paid Search,2025-01-07 00:00,Y,133.31
801027,1,Paid Social,2025-07-02 00:00,N,0
803529,1,SEO,2025-08-10 00:00,N,0
806531,3,Paid Search,2024-01-16 00:00,Y,206.77
802531,1,SEO,2025-08-09 00:00,Y,71.14
801242,1,SEO,2024-07-01 00:00,Y,203.43
803701,5,Email,2025-08-16 00:00,Y,196.85
803644,4,Paid Search,2025-04-23 00:00,N,0
806754,3,SEO,2025-04-05 00:00,N,0
806000,2,Paid Search,2025-01-08 00:00,N,0
804119,2,Email,2025-08-02 00:00,Y,98.16
800403,2,Paid Search,2024-04-22 00:00,Y,212.09
804432,4,SEO,2024-10-24 00:00,Y,195.32
806770,2,SEO,2024-04-10 00:00,Y,174.77
800258,3,SEO,2025-05-20 00:00,Y,170.03
800778,2,Paid Search,2025-06-08 00:00,N,0
803281,3,Paid Search,2024-04-19 00:00,Y,77.42
807680,1,SEO,2025-07-13 00:00,Y,124.28
805291,1,Email,2024-12-26 00:00,N,0
803057,1,Paid Social,2024-03-24 00:00,Y,128.9
805309,5,Paid Search,2024-10-25 00:00,Y,41.64
803438,1,SEO,2024-03-06 00:00,Y,197.35
808969,3,Paid Social,2024-04-06 00:00,Y,77.16
808581,1,SEO,2025-01-03 00:00,N,0
801207,3,Email,2025-07-15 00:00,Y,196.48
805641,4,Paid Social,2024-07-09 00:00,Y,183.12
800048,1,Paid Search,2025-08-06 00:00,Y,42.85
806311,1,Email,2024-02-29 00:00,N,0
808888,3,Paid Search,2024-10-26 00:00,Y,197.79
802647,4,Paid Social,2025-08-08 00:00,Y,213.7
801529,1,SEO,2025-04-17 00:00,N,0
800244,2,SEO,2024-03-01 00:00,Y,194.55
808447,3,Email,2025-04-02 00:00,Y,110.21
802141,2,Email,2025-08-26 00:00,Y,50.95
807509,2,Paid Search,2024-11-06 00:00,N,0
805463,4,SEO,2024-10-16 00:00,N,0
803835,2,SEO,2024-11-03 00:00,Y,36.16
804812,1,SEO,2025-08-01 00:00,Y,79.54
804811,2,Paid Search,2024-10-20 00:00,Y,179.35
808191,2,Email,2024-02-06 00:00,N,0
808194,5,Email,2025-09-04 00:00,Y,63.38
803849,5,Paid Search,2024-08-05 00:00,Y,55.92
803308,1,Paid Search,2024-05-30 00:00,N,0
800219,2,Paid Search,2025-04-11 00:00,N,0
805218,2,Paid Search,2024-08-23 00:00,N,0
804498,3,Email,2025-10-08 00:00,Y,86.81
805849,2,Paid Social,2025-04-28 00:00,Y,196.95
806823,1,Paid Social,2024-11-14 00:00,Y,193.19
800564,2,Paid Social,2025-05-27 00:00,Y,57.72
804452,2,SEO,2024-10-25 00:00,Y,43.29
805624,1,SEO,2024-12-11 00:00,Y,63.46
808503,1,SEO,2024-06-06 00:00,Y,149.19
807346,4,Paid Search,2024-01-17 00:00,Y,137.8
807123,1,Paid Search,2024-02-02 00:00,N,0
804771,1,Email,2024-07-30 00:00,Y,140.15
803568,1,Paid Search,2025-09-03 00:00,Y,98.04
800170,5,Paid Search,2024-01-16 00:00,Y,176.21
801425,2,Email,2025-01-13 00:00,Y,74.33
807394,4,Paid Search,2025-09-29 00:00,Y,105.55
802003,1,Paid Search,2025-09-15 00:00,Y,187.12
805755,1,Paid Social,2024-05-02 00:00,Y,73.53
803513,1,Paid Social,2025-05-29 00:00,N,0
800656,2,Email,2024-08-26 00:00,Y,201.39
800605,3,Paid Search,2024-06-01 00:00,N,0
806488,2,Paid Search,2024-07-22 00:00,N,0
802438,1,Paid Social,2024-09-19 00:00,N,0
802250,1,SEO,2025-04-14 00:00,Y,87.42
807405,2,Paid Search,2024-10-20 00:00,Y,214.56
807153,2,Paid Search,2024-03-12 00:00,Y,171.29
807379,2,SEO,2025-06-14 00:00,N,0
800564,1,Email,2025-05-24 00:00,Y,57.72
808878,2,SEO,2024-09-29 00:00,Y,200.11
804526,2,Paid Social,2024-10-04 00:00,Y,167.12
800858,2,Paid Social,2024-07-21 00:00,N,0
803137,3,Paid Search,2024-05-01 00:00,Y,44.04
805916,1,Email,2025-08-31 00:00,Y,112.72
806165,2,Email,2025-08-29 00:00,N,0
803271,2,Paid Search,2024-01-16 00:00,Y,170.5
807873,2,SEO,2024-08-30 00:00,Y,103.49
804844,2,Email,2024-02-25 00:00,N,0
800834,1,Paid Social,2024-04-30 00:00,Y,178.47
807241,2,Paid Search,2024-12-31 00:00,Y,179.63
803496,1,Paid Search,2024-02-04 00:00,Y,109.13
803908,2,Paid Search,2025-09-15 00:00,Y,44.09
803547,4,Paid Search,2025-06-10 00:00,Y,179.92
806900,5,Email,2024-12-17 00:00,Y,91.87
806832,2,SEO,2024-09-22 00:00,Y,133.52
803317,3,SEO,2025-08-30 00:00,Y,136.85
804400,2,Paid Search,2024-04-05 00:00,Y,55.91
806096,2,Email,2025-09-21 00:00,Y,142.15
803201,4,Paid Search,2024-01-12 00:00,Y,93.7
804481,1,SEO,2025-05-15 00:00,Y,149.57
807793,1,Email,2024-02-20 00:00,Y,214.92
806385,2,Paid Search,2024-07-26 00:00,Y,194.89
808786,2,Paid Social,2025-04-14 00:00,N,0
807051,1,Paid Social,2024-10-17 00:00,Y,79.6
802516,2,Email,2025-03-25 00:00,N,0
800967,2,Paid Social,2024-02-02 00:00,Y,51.29
806930,1,Paid Search,2024-09-12 00:00,N,0
807069,2,SEO,2025-03-27 00:00,N,0
805505,2,SEO,2025-09-20 00:00,N,0
800058,1,SEO,2025-09-19 00:00,Y,81.58
808886,3,Email,2024-02-04 00:00,Y,73.43
804707,3,Paid Search,2025-09-02 00:00,Y,207.53
808549,2,Paid Search,2025-06-05 00:00,N,0
804370,2,Email,2025-07-23 00:00,N,0
806604,2,SEO,2025-06-10 00:00,N,0
803929,2,Email,2025-02-17 00:00,Y,102.07
806561,1,SEO,2024-10-07 00:00,Y,185.84
802506,1,Paid Social,2024-08-11 00:00,Y,164.48
801662,4,Paid Search,2024-11-25 00:00,Y,115.49
802512,4,Paid Search,2024-05-14 00:00,Y,130.42
808489,2,Paid Search,2024-03-09 00:00,N,0
806585,3,Email,2025-09-16 00:00,Y,130.08
800264,2,Email,2024-08-12 00:00,Y,103.75
808516,4,Email,2025-03-22 00:00,N,0
800527,4,Paid Search,2025-03-16 00:00,N,0
803479,3,Email,2024-08-26 00:00,Y,138.59
803754,1,SEO,2024-03-03 00:00,Y,214.06
801303,5,SEO,2024-07-14 00:00,Y,174.55
808518,1,SEO,2025-09-27 00:00,Y,137.62
801476,2,SEO,2024-07-27 00:00,Y,125.12
805528,1,Paid Search,2025-02-07 00:00,Y,43.78
803276,2,Paid Social,2025-05-11 00:00,Y,173.37
801902,2,Email,2024-04-03 00:00,Y,173.44
803873,2,Email,2024-06-29 00:00,N,0
800984,2,SEO,2024-11-29 00:00,N,0
807253,1,Email,2025-02-03 00:00,N,0
804704,3,Email,2025-03-10 00:00,Y,99.38
805674,1,Paid Search,2025-01-07 00:00,N,0
805410,3,Email,2024-02-29 00:00,N,0
801713,2,Email,2024-03-04 00:00,N,0
805911,2,Paid Social,2024-05-21 00:00,N,0
805930,4,Email,2025-06-24 00:00,Y,210.41
806455,1,SEO,2024-02-05 00:00,Y,213.09
806891,2,Paid Social,2024-02-13 00:00,N,0
804713,4,Email,2024-12-21 00:00,N,0
801050,4,Email,2025-06-23 00:00,N,0
805364,2,SEO,2024-11-15 00:00,Y,161.51
802864,3,SEO,2025-05-10 00:00,N,0
808697,2,Email,2025-03-18 00:00,N,0
803638,2,Paid Search,2024-01-06 00:00,N,0
801503,3,SEO,2024-10-05 00:00,N,0
805149,3,SEO,2024-05-03 00:00,Y,175.27
805407,3,Email,2025-09-30 00:00,Y,84.22
802684,2,Paid Search,2024-11-07 00:00,Y,74.97
800933,2,Paid Search,2025-08-05 00:00,N,0
805606,2,Email,2025-06-28 00:00,N,0
808815,1,Paid Social,2024-06-06 00:00,N,0
801841,3,Email,2024-12-07 00:00,Y,43.43
802979,1,Paid Social,2024-09-23 00:00,N,0
804218,1,Paid Social,2024-12-04 00:00,Y,203.6
808166,1,Paid Search,2024-03-27 00:00,Y,140.41
807343,2,Paid Search,2024-10-07 00:00,N,0
808569,1,Paid Search,2024-07-20 00:00,N,0
804926,3,Paid Search,2025-05-06 00:00,N,0
808437,1,Paid Social,2025-05-18 00:00,N,0
808541,2,Email,2025-07-14 00:00,Y,37.0
805784,1,Paid Search,2024-12-05 00:00,N,0
806326,1,Email,2025-10-03 00:00,Y,121.15
802779,1,Paid Search,2024-04-16 00:00,N,0
808907,4,SEO,2024-08-28 00:00,Y,87.75
808175,3,Paid Social,2024-06-13 00:00,N,0
802433,1,Email,2025-05-16 00:00,N,0
804032,1,SEO,2024-02-02 00:00,N,0
803875,1,Paid Social,2024-10-02 00:00,Y,64.33
806159,1,SEO,2024-02-25 00:00,Y,71.9
806978,3,Paid Search,2024-03-14 00:00,N,0
803690,2,Email,2024-06-13 00:00,N,0
806046,5,Paid Search,2025-02-17 00:00,Y,105.56
801409,5,Email,2025-06-24 00:00,Y,193.43
806806,1,SEO,2024-07-25 00:00,Y,190.16
806403,1,SEO,2025-02-12 00:00,Y,66.63
804652,1,SEO,2024-11-21 00:00,Y,132.21
800934,1,SEO,2024-09-05 00:00,N,0
803667,2,Paid Social,2025-05-09 00:00,Y,200.97
808888,4,SEO,2024-10-30 00:00,Y,197.79
805255,1,SEO,2024-11-17 00:00,Y,148.32
803624,1,SEO,2024-11-15 00:00,Y,140.75
804771,3,Paid Social,2024-08-07 00:00,Y,140.15
800045,1,SEO,2025-04-12 00:00,Y,186.75
805527,1,Paid Social,2024-12-12 00:00,N,0
806436,3,Email,2024-06-21 00:00,Y,140.75
801549,1,Paid Search,2025-05-04 00:00,Y,59.47
807050,2,Email,2024-10-29 00:00,Y,147.29
806329,1,SEO,2025-07-12 00:00,N,0
805325,3,Paid Social,2024-10-10 00:00,Y,41.68
805935,2,Email,2024-01-25 00:00,Y,115.77
805841,2,Paid Social,2024-06-01 00:00,N,0
800507,4,SEO,2024-03-01 00:00,Y,215.41
804327,1,SEO,2025-10-05 00:00,Y,46.66
803701,4,Paid Search,2025-08-13 00:00,Y,196.85
802895,1,SEO,2024-12-17 00:00,Y,205.27
800856,3,Paid Social,2024-01-05 00:00,N,0
802007,4,Paid Social,2025-02-03 00:00,N,0
801669,1,SEO,2025-01-11 00:00,Y,190.78
803504,2,Email,2024-04-12 00:00,Y,149.52
805042,1,Paid Social,2025-01-15 00:00,N,0
806370,2,Paid Search,2024-10-27 00:00,N,0
807996,3,SEO,2024-09-03 00:00,Y,163.92
801657,3,Paid Social,2024-08-20 00:00,Y,183.46
800991,3,Paid Social,2024-05-12 00:00,Y,83.32
805267,2,Paid Social,2025-01-08 00:00,Y,160.75
800624,1,Paid Social,2025-02-20 00:00,Y,154.55
802801,2,Paid Search,2024-09-21 00:00,N,0
801486,2,Paid Social,2025-03-26 00:00,Y,67.53
807438,1,Email,2025-04-15 00:00,N,0
805149,1,Paid Search,2024-05-01 00:00,Y,175.27
807346,2,SEO,2024-01-06 00:00,Y,137.8
805852,2,Paid Social,2024-04-24 00:00,Y,214.53
802628,1,Email,2025-01-10 00:00,Y,189.83
801007,2,Paid Search,2024-06-08 00:00,Y,178.54
805485,2,Paid Search,2024-08-17 00:00,Y,160.96
805341,1,Paid Social,2025-02-12 00:00,N,0
804883,1,Paid Social,2025-04-15 00:00,N,0
808448,2,Email,2024-11-29 00:00,Y,46.63
801634,1,SEO,2024-12-02 00:00,Y,180.83
806939,2,Paid Search,2025-05-12 00:00,N,0
806539,3,SEO,2025-06-15 00:00,N,0
808582,3,Paid Social,2024-07-11 00:00,Y,167.76
801421,2,Email,2024-01-06 00:00,N,0
806809,1,SEO,2024-02-22 00:00,Y,170.37
801840,5,Email,2024-01-28 00:00,Y,145.52
805949,1,SEO,2024-06-12 00:00,Y,196.51
806593,1,SEO,2025-08-10 00:00,N,0
805421,1,SEO,2025-08-26 00:00,Y,108.5
804732,3,Paid Social,2025-07-24 00:00,Y,39.2
804507,2,SEO,2025-08-03 00:00,Y,70.57
808557,2,Email,2025-04-13 00:00,Y,162.38
807836,1,Paid Search,2024-01-16 00:00,Y,113.59
808572,2,Paid Search,2024-11-17 00:00,Y,122.76
800648,1,SEO,2025-02-25 00:00,Y,91.89
808122,4,Paid Search,2024-10-02 00:00,N,0
808112,5,Email,2025-03-21 00:00,Y,161.78
804122,1,Paid Search,2025-09-16 00:00,Y,112.78
800429,1,Email,2024-08-08 00:00,N,0
802659,1,Paid Search,2025-08-05 00:00,Y,199.69
803734,2,Paid Search,2024-06-17 00:00,N,0
804905,1,SEO,2025-05-10 00:00,Y,108.9
807113,4,Email,2025-08-14 00:00,Y,199.54
804965,1,SEO,2024-04-16 00:00,N,0
806968,3,Paid Social,2025-04-30 00:00,Y,67.28
804135,2,Email,2024-08-02 00:00,Y,38.68
808422,2,Email,2024-03-24 00:00,Y,53.45
800566,3,Email,2025-08-28 00:00,Y,57.89
808761,1,SEO,2025-04-16 00:00,N,0
807138,3,Email,2025-05-01 00:00,N,0
800183,2,Paid Search,2024-04-24 00:00,Y,65.84
800306,2,Paid Search,2025-08-11 00:00,Y,84.29
802401,2,Paid Social,2024-11-20 00:00,N,0
806754,4,SEO,2025-04-06 00:00,N,0
808481,2,Paid Search,2025-05-26 00:00,N,0
804724,1,Paid Search,2025-04-14 00:00,Y,132.47
807217,2,Paid Social,2025-10-07 00:00,Y,139.09
804427,1,SEO,2025-07-21 00:00,Y,69.2
803607,1,Email,2025-02-26 00:00,Y,193.06
806596,2,Paid Social,2025-02-15 00:00,Y,111.19
800720,1,SEO,2025-09-21 00:00,Y,199.07
801260,1,SEO,2024-03-09 00:00,N,0
804023,3,Email,2024-12-27 00:00,N,0
802500,1,Paid Social,2024-04-23 00:00,Y,169.57
807749,1,Paid Social,2024-01-31 00:00,Y,82.73
801670,4,Email,2024-10-08 00:00,Y,215.09
808531,5,Paid Social,2024-07-22 00:00,Y,53.76
806440,4,Paid Social,2025-10-07 00:00,Y,38.21
800185,1,Paid Social,2024-03-21 00:00,Y,83.49
804299,2,Email,2024-02-19 00:00,Y,203.8
802017,1,Paid Search,2024-07-24 00:00,N,0
804494,2,Paid Social,2025-05-20 00:00,Y,100.82
808011,2,Paid Social,2025-02-16 00:00,Y,133.3
805134,4,Paid Social,2025-10-15 00:00,Y,188.76
807643,4,Paid Social,2024-09-20 00:00,N,0
801959,1,Email,2024-06-23 00:00,N,0
808862,3,Paid Social,2025-05-14 00:00,N,0
800485,2,Paid Search,2024-05-13 00:00,Y,99.8
802170,4,Email,2025-02-01 00:00,N,0
803769,1,SEO,2025-05-27 00:00,Y,190.25
801011,1,SEO,2025-04-04 00:00,Y,185.76
802237,5,Paid Search,2024-05-29 00:00,Y,203.25
807288,4,Email,2024-02-18 00:00,Y,205.24
800403,3,Paid Social,2024-04-20 00:00,Y,212.09
805162,1,Paid Social,2025-01-06 00:00,N,0
808255,4,Paid Search,2025-07-05 00:00,N,0
804736,2,Paid Social,2025-03-29 00:00,Y,146.67
805137,1,Paid Search,2024-01-01 00:00,Y,44.42
800381,2,SEO,2025-08-19 00:00,N,0
807207,3,Email,2025-07-30 00:00,N,0
805445,3,Email,2024-07-30 00:00,Y,37.1
806473,3,Paid Social,2025-01-08 00:00,Y,215.12
800647,3,Paid Search,2025-10-21 00:00,Y,200.08
803467,1,SEO,2025-03-11 00:00,N,0
808718,1,SEO,2024-02-18 00:00,Y,137.98
808360,1,Paid Search,2025-01-04 00:00,Y,217.79
808634,2,Email,2024-04-28 00:00,Y,196.69
803900,2,Paid Social,2024-06-12 00:00,N,0
806635,2,Paid Search,2024-08-01 00:00,N,0
803174,4,Email,2025-02-25 00:00,N,0
807319,4,Email,2024-09-03 00:00,N,0
804329,4,Paid Search,2024-12-03 00:00,Y,56.04
803428,1,Paid Social,2025-03-09 00:00,Y,209.23
801271,2,Email,2025-07-20 00:00,Y,152.84
802049,2,Email,2025-09-20 00:00,Y,105.29
805329,2,Paid Search,2024-11-30 00:00,Y,132.04
804359,1,SEO,2024-07-07 00:00,Y,55.56
800600,1,SEO,2025-01-24 00:00,N,0
802313,2,Paid Social,2025-09-30 00:00,Y,51.97
803727,3,Email,2024-04-14 00:00,N,0
803651,3,SEO,2025-07-17 00:00,N,0
806733,1,Email,2024-03-28 00:00,N,0
804172,2,SEO,2024-08-29 00:00,Y,46.14
806130,2,Paid Social,2025-01-02 00:00,N,0
808545,1,Paid Social,2024-04-01 00:00,Y,58.5
802247,1,SEO,2025-08-31 00:00,N,0
800797,2,Email,2025-02-04 00:00,N,0
800168,2,SEO,2025-10-07 00:00,N,0
801509,2,Paid Search,2024-03-08 00:00,N,0
804386,2,Email,2024-02-04 00:00,N,0
805567,3,SEO,2024-02-23 00:00,N,0
803115,2,Email,2024-12-16 00:00,Y,80.48
802946,2,SEO,2025-08-29 00:00,Y,132.87
802196,4,Paid Search,2024-10-29 00:00,N,0
801452,1,Paid Social,2025-08-10 00:00,N,0
800762,4,Paid Social,2024-09-01 00:00,N,0
805858,1,Email,2024-06-30 00:00,Y,68.37
803950,4,Paid Search,2024-04-06 00:00,Y,115.24
802493,5,Email,2024-12-16 00:00,N,0
804773,3,Email,2024-07-11 00:00,N,0
800322,1,Paid Search,2025-06-10 00:00,N,0
803994,1,Paid Social,2024-07-21 00:00,N,0
805220,2,Email,2025-01-03 00:00,N,0
805271,1,SEO,2024-04-17 00:00,Y,113.95
808127,2,Email,2025-09-27 00:00,Y,71.32
804519,1,Email,2025-05-13 00:00,Y,84.31
800968,4,Email,2024-08-20 00:00,Y,141.37
807186,2,Email,2025-10-06 00:00,Y,129.01
808591,1,Paid Search,2024-07-14 00:00,Y,77.46
802998,1,SEO,2025-09-19 00:00,N,0
807790,2,SEO,2025-04-12 00:00,Y,133.89
803808,2,Email,2024-05-31 00:00,Y,138.36
801382,1,SEO,2025-04-10 00:00,Y,66.79
800113,1,SEO,2024-05-02 00:00,Y,130.16
806874,3,SEO,2025-05-09 00:00,N,0
801993,1,Paid Social,2025-08-23 00:00,Y,202.46
806305,3,SEO,2024-07-06 00:00,N,0
806442,1,Paid Search,2024-07-24 00:00,N,0
801679,1,SEO,2025-03-22 00:00,Y,97.91
800231,1,Paid Social,2024-12-16 00:00,N,0
808905,3,Email,2025-01-05 00:00,Y,59.86
804581,3,SEO,2024-09-16 00:00,Y,175.32
805900,1,Paid Search,2024-09-27 00:00,N,0
806276,1,Paid Social,2025-03-09 00:00,N,0
808736,3,Email,2024-03-01 00:00,N,0
803384,1,Paid Search,2025-05-21 00:00,Y,40.89
803728,4,SEO,2024-09-22 00:00,N,0
801331,2,Paid Social,2024-01-04 00:00,Y,145.91
804087,1,Email,2025-06-12 00:00,N,0
801387,1,Paid Social,2025-09-24 00:00,N,0
807204,3,SEO,2025-06-08 00:00,N,0
808917,2,Paid Search,2025-09-20 00:00,N,0
805279,4,Paid Social,2024-10-12 00:00,Y,173.52
806842,1,Paid Search,2024-02-08 00:00,Y,49.96
808780,4,Paid Social,2024-05-03 00:00,N,0
806012,1,SEO,2025-09-20 00:00,Y,52.34
804318,2,Email,2025-04-01 00:00,Y,58.09
807557,3,Paid Search,2024-11-28 00:00,Y,115.18
805445,4,Email,2024-08-05 00:00,Y,37.1
800569,2,SEO,2024-01-06 00:00,N,0
807740,5,Paid Search,2024-12-28 00:00,Y,81.18
805797,2,Email,2024-10-08 00:00,Y,186.48
808862,2,Paid Search,2025-05-08 00:00,N,0
805619,3,Paid Search,2025-01-23 00:00,N,0
806496,2,Paid Social,2024-04-14 00:00,Y,49.06
803976,2,Email,2025-02-12 00:00,N,0
803733,1,SEO,2025-05-01 00:00,Y,78.87
805551,2,Paid Search,2025-05-03 00:00,Y,199.81
804891,1,Paid Search,2024-12-23 00:00,N,0
806058,3,Paid Social,2024-10-17 00:00,N,0
808093,1,SEO,2024-06-18 00:00,N,0
802153,3,Paid Search,2024-02-07 00:00,N,0
806801,4,Paid Search,2024-09-04 00:00,Y,197.65
808857,1,SEO,2024-04-01 00:00,N,0
802649,3,Email,2025-03-02 00:00,N,0
804522,2,SEO,2025-07-18 00:00,N,0
808150,1,SEO,2024-04-17 00:00,N,0
806696,3,Email,2024-04-28 00:00,Y,110.1
808115,2,Email,2024-08-19 00:00,Y,192.61
807120,2,SEO,2024-08-30 00:00,Y,123.16
805822,1,SEO,2025-05-22 00:00,N,0
801455,1,Paid Social,2024-09-04 00:00,Y,153.46
802787,1,Paid Search,2024-05-14 00:00,N,0
808742,2,Paid Search,2025-10-13 00:00,N,0
804580,1,Paid Social,2024-01-26 00:00,Y,208.92
804910,4,Email,2025-04-08 00:00,N,0
802581,1,SEO,2024-08-26 00:00,Y,214.38
807486,1,SEO,2025-01-14 00:00,Y,150.61
803940,1,Paid Search,2024-09-24 00:00,N,0
808704,4,Email,2025-03-21 00:00,Y,162.18
807931,2,Paid Search,2024-12-27 00:00,Y,45.38
804697,4,SEO,2025-07-29 00:00,N,0
806751,3,Paid Social,2025-01-28 00:00,Y,39.31
807462,3,Paid Search,2024-12-26 00:00,Y,214.5
808969,2,Paid Search,2024-04-02 00:00,Y,77.16
801682,1,Paid Social,2025-03-29 00:00,Y,214.18
800629,3,Paid Social,2024-04-27 00:00,Y,64.27
807827,3,Paid Social,2024-11-29 00:00,Y,174.64
807406,1,Paid Search,2025-07-14 00:00,N,0
801342,2,Paid Social,2024-07-04 00:00,N,0
804189,2,Email,2025-09-26 00:00,N,0
802651,3,SEO,2024-01-15 00:00,N,0
805129,3,Paid Search,2025-08-20 00:00,N,0
806525,2,SEO,2024-04-03 00:00,Y,153.3
800740,1,SEO,2024-01-20 00:00,N,0
802167,2,Email,2024-07-12 00:00,Y,219.99
804434,3,Email,2025-08-21 00:00,N,0
806821,2,SEO,2025-09-16 00:00,N,0
807839,2,Paid Search,2024-09-05 00:00,Y,187.29
806496,5,Paid Social,2024-04-15 00:00,Y,49.06
807941,2,Paid Search,2024-03-08 00:00,Y,196.53
801673,1,Email,2024-12-26 00:00,Y,157.2
805068,2,Paid Search,2025-01-12 00:00,Y,199.95
805302,4,Paid Search,2024-01-25 00:00,Y,176.26
808356,2,Email,2024-08-31 00:00,Y,153.53
806627,2,SEO,2025-10-13 00:00,Y,198.83
807476,3,Email,2025-02-25 00:00,Y,161.44
808909,2,Email,2025-01-31 00:00,N,0
804794,4,Paid Search,2025-04-25 00:00,N,0
801914,2,Paid Social,2025-05-17 00:00,Y,40.71
804112,3,Email,2024-07-03 00:00,N,0
808453,4,Email,2025-02-05 00:00,Y,39.83
801960,1,SEO,2024-06-21 00:00,Y,53.83
802042,1,SEO,2025-05-28 00:00,Y,172.24
806635,1,Paid Social,2024-07-28 00:00,N,0
808090,2,Paid Search,2024-04-23 00:00,N,0
802098,3,Email,2025-04-15 00:00,Y,191.89
802835,3,Paid Social,2025-09-08 00:00,Y,200.99
801267,4,Paid Social,2024-02-07 00:00,Y,177.94
802040,2,SEO,2024-10-15 00:00,Y,212.99
804654,3,Email,2024-04-08 00:00,Y,79.23
802112,1,Email,2025-05-30 00:00,Y,107.83
801971,5,Paid Search,2025-10-19 00:00,N,0
801633,2,Paid Search,2025-01-17 00:00,N,0
807606,3,Paid Social,2025-02-28 00:00,Y,191.11
804462,1,SEO,2024-03-30 00:00,Y,130.32
802370,1,SEO,2024-12-23 00:00,N,0
805079,4,Email,2024-08-30 00:00,Y,179.39
805199,1,SEO,2025-06-19 00:00,N,0
804273,1,SEO,2025-03-16 00:00,Y,45.62
807345,3,Email,2025-01-20 00:00,N,0
804150,2,Paid Search,2025-09-29 00:00,N,0
804048,2,Paid Search,2025-02-21 00:00,N,0
805011,1,Paid Social,2024-07-28 00:00,Y,83.32
806843,4,Email,2024-11-15 00:00,Y,146.77
807986,3,SEO,2024-11-22 00:00,Y,45.18
805112,1,Paid Social,2024-05-19 00:00,Y,181.87
805713,1,SEO,2025-09-23 00:00,Y,199.42
807296,2,Paid Search,2025-03-14 00:00,Y,190.66
808462,3,Email,2025-02-05 00:00,Y,127.93
804785,4,Paid Social,2024-12-23 00:00,Y,92.89
803306,1,SEO,2025-09-04 00:00,Y,111.36
801139,5,Paid Search,2024-10-07 00:00,N,0
805368,1,SEO,2025-04-22 00:00,N,0
804843,2,Email,2024-09-17 00:00,Y,200.9
801432,2,Email,2024-08-07 00:00,N,0
802607,4,Paid Search,2024-01-21 00:00,N,0
802927,1,Email,2025-09-08 00:00,Y,158.85
805899,2,Paid Social,2025-05-09 00:00,Y,94.57
808943,1,SEO,2024-01-07 00:00,Y,127.97
801345,3,Paid Social,2025-10-07 00:00,Y,64.65
800932,4,SEO,2025-04-21 00:00,Y,62.11
808182,2,Paid Social,2024-02-04 00:00,Y,167.21
806349,2,Paid Search,2024-07-06 00:00,N,0
802986,1,Paid Search,2024-07-19 00:00,N,0
803987,5,Email,2024-09-19 00:00,Y,173.38
808491,3,Paid Search,2024-11-19 00:00,Y,170.08
802514,1,SEO,2024-10-22 00:00,Y,116.93
806582,3,Email,2024-06-15 00:00,Y,109.18
806617,4,Paid Social,2024-11-02 00:00,N,0
804774,1,Paid Social,2024-12-30 00:00,Y,182.36
805214,3,Paid Search,2025-10-11 00:00,Y,58.12
805213,2,Paid Social,2025-01-29 00:00,Y,174.74
805446,1,SEO,2025-10-16 00:00,N,0
804842,1,Paid Social,2025-05-11 00:00,Y,139.24
801971,4,Paid Social,2025-10-17 00:00,N,0
800988,4,Email,2025-10-09 00:00,Y,189.32
806906,4,Email,2025-03-23 00:00,Y,159.1
802928,2,Email,2025-04-13 00:00,Y,140.2
806765,4,Email,2025-01-23 00:00,Y,63.05
800558,3,Paid Search,2024-12-11 00:00,Y,190.72
801819,1,SEO,2024-04-19 00:00,Y,53.71
804518,2,Email,2024-08-17 00:00,Y,165.19
803515,1,Paid Social,2025-02-14 00:00,N,0
807243,1,SEO,2025-09-18 00:00,N,0
803325,1,SEO,2025-09-20 00:00,N,0
804409,2,Paid Search,2024-07-06 00:00,Y,184.28
800728,2,Paid Search,2024-11-27 00:00,Y,111.27
806605,1,SEO,2024-12-19 00:00,N,0
803331,4,Paid Search,2024-12-10 00:00,Y,199.88
807475,1,SEO,2024-08-07 00:00,N,0
806626,5,Paid Search,2024-06-23 00:00,Y,57.9
805640,1,Paid Social,2024-03-18 00:00,Y,37.22
808167,3,Paid Social,2025-07-20 00:00,Y,190.82
804093,3,SEO,2024-09-09 00:00,Y,164.19
801784,1,SEO,2024-11-30 00:00,N,0
800529,2,Email,2024-09-03 00:00,N,0
804133,1,Paid Social,2024-07-10 00:00,N,0
800272,2,SEO,2025-01-10 00:00,N,0
804752,1,Paid Social,2024-02-24 00:00,N,0
806918,4,SEO,2025-10-11 00:00,Y,169.09
803520,2,Paid Search,2025-03-25 00:00,N,0
805450,2,Paid Search,2024-08-24 00:00,N,0
805050,1,SEO,2025-01-06 00:00,Y,160.15
802608,3,SEO,2024-04-25 00:00,Y,192.46
807900,5,Email,2025-08-28 00:00,Y,127.67
805845,1,Paid Search,2025-09-24 00:00,Y,87.53
807270,1,Paid Social,2024-08-07 00:00,Y,204.7
803060,1,Paid Social,2024-07-17 00:00,N,0
805436,1,Paid Search,2025-04-18 00:00,N,0
800511,2,Email,2025-08-03 00:00,Y,59.5
801407,2,Email,2025-09-12 00:00,N,0
808738,2,Email,2024-12-29 00:00,N,0
807171,2,Email,2025-10-09 00:00,Y,180.59
803093,1,Paid Search,2025-10-03 00:00,N,0
803039,4,Email,2024-03-13 00:00,N,0
804193,1,SEO,2024-06-29 00:00,N,0
800448,1,Paid Search,2024-08-22 00:00,N,0
807464,2,Email,2024-07-19 00:00,N,0
806200,1,SEO,2024-01-08 00:00,Y,124.57
803793,2,Paid Social,2024-04-26 00:00,Y,202.08
802321,3,Paid Social,2025-07-07 00:00,N,0
806557,1,SEO,2024-04-11 00:00,Y,203.05
802820,1,SEO,2024-11-18 00:00,Y,211.95
802909,4,Email,2025-07-09 00:00,N,0
800643,1,Paid Search,2024-08-01 00:00,Y,200.21
800513,3,Paid Social,2025-08-25 00:00,Y,101.33
806669,1,Paid Social,2025-01-20 00:00,Y,167.9
807478,1,Paid Social,2025-07-19 00:00,Y,87.99
805847,1,SEO,2024-01-13 00:00,N,0
803921,3,Paid Social,2025-08-09 00:00,Y,153.69
808033,1,Paid Social,2024-02-13 00:00,Y,207.09
805307,1,SEO,2024-05-12 00:00,N,0
802977,2,Email,2024-02-22 00:00,N,0
807875,1,Paid Social,2024-07-02 00:00,Y,202.88
806968,4,Paid Search,2025-05-04 00:00,Y,67.28
805842,2,Email,2025-05-13 00:00,Y,141.48
801205,2,Paid Search,2024-12-25 00:00,Y,71.1
808663,2,SEO,2025-03-24 00:00,Y,113.98
802461,2,Paid Social,2024-07-07 00:00,Y,39.96
801566,3,SEO,2025-01-07 00:00,Y,41.29
804558,3,Email,2025-02-28 00:00,Y,189.47
805273,1,Paid Search,2024-03-08 00:00,Y,193.64
800356,1,Paid Search,2025-03-10 00:00,N,0
807964,3,SEO,2025-06-10 00:00,Y,39.13
808943,2,SEO,2024-01-08 00:00,Y,127.97
804610,1,Paid Social,2025-07-28 00:00,N,0
803415,2,Email,2025-03-31 00:00,N,0
806548,2,Paid Social,2024-05-10 00:00,Y,213.48
808446,4,Email,2025-03-31 00:00,N,0
800473,5,Paid Search,2025-04-17 00:00,N,0
801398,3,SEO,2024-08-10 00:00,Y,35.5
808258,2,Paid Social,2025-01-21 00:00,Y,35.01
806340,4,Paid Search,2025-10-03 00:00,Y,141.13
803421,3,Email,2025-10-14 00:00,N,0
807230,1,Paid Search,2025-08-01 00:00,N,0
803913,1,Paid Search,2024-05-10 00:00,Y,65.31
800685,2,Paid Social,2024-06-05 00:00,N,0
808434,3,SEO,2025-01-18 00:00,Y,150.8
803012,1,Email,2025-02-21 00:00,Y,85.86
800936,3,SEO,2024-09-24 00:00,N,0
805204,2,SEO,2025-10-12 00:00,N,0
804471,1,Email,2025-05-15 00:00,N,0
806664,2,Paid Search,2025-03-26 00:00,Y,150.77
800654,2,SEO,2024-02-19 00:00,Y,80.67
805131,4,Paid Social,2025-01-30 00:00,Y,69.38
802259,3,Email,2024-09-21 00:00,Y,184.81
804714,2,Email,2024-12-16 00:00,Y,83.31
808032,3,Paid Search,2025-04-06 00:00,Y,202.43
800589,5,Paid Search,2025-08-01 00:00,Y,219.72
800649,3,Email,2024-10-07 00:00,N,0
801818,1,Paid Social,2025-03-20 00:00,Y,61.78
800838,3,Email,2024-11-07 00:00,N,0
801249,4,SEO,2025-04-02 00:00,N,0
807846,2,Paid Search,2025-04-04 00:00,Y,171.56
802295,4,Paid Social,2024-04-24 00:00,Y,80.84
806320,1,Paid Social,2025-04-24 00:00,Y,203.83
804091,5,Email,2025-03-28 00:00,N,0
800724,3,SEO,2024-12-09 00:00,Y,163.2
801229,4,Email,2025-02-28 00:00,Y,115.74
803742,1,SEO,2025-06-15 00:00,Y,40.2
802749,2,Email,2024-06-27 00:00,Y,217.28
806345,1,Paid Search,2024-07-27 00:00,Y,80.43
808813,1,Paid Social,2024-01-04 00:00,N,0
808975,2,Paid Search,2024-08-05 00:00,Y,55.74
808749,1,Paid Social,2024-02-08 00:00,N,0
800436,3,Email,2025-07-23 00:00,N,0
800835,1,SEO,2025-06-06 00:00,N,0
802721,1,SEO,2024-11-28 00:00,Y,148.7
808143,1,SEO,2024-01-22 00:00,Y,139.76
803817,3,Email,2025-04-25 00:00,Y,38.96
806214,3,Paid Search,2025-10-14 00:00,Y,81.61
801669,5,Email,2025-01-27 00:00,Y,190.78
808775,4,Email,2025-03-21 00:00,N,0
807585,1,Paid Search,2024-10-06 00:00,Y,44.72
803718,2,Email,2024-05-08 00:00,Y,126.26
807228,1,Paid Social,2025-02-11 00:00,N,0
800903,5,SEO,2025-04-10 00:00,Y,195.9
806810,1,Paid Social,2024-11-23 00:00,Y,202.12
804362,2,Email,2024-12-25 00:00,Y,163.78
802484,3,Paid Search,2025-03-25 00:00,Y,56.43
805233,2,Email,2024-03-08 00:00,N,0
808313,2,Email,2024-09-07 00:00,N,0
808256,4,Paid Search,2025-04-23 00:00,Y,107.33
808905,2,Paid Social,2025-01-03 00:00,Y,59.86
801539,2,Email,2025-01-30 00:00,Y,160.38
807406,3,Email,2025-07-20 00:00,N,0
808567,2,SEO,2024-11-05 00:00,Y,194.89
804711,2,Paid Social,2024-09-17 00:00,Y,38.88
807839,4,Email,2024-09-13 00:00,Y,187.29
803187,2,SEO,2024-03-15 00:00,N,0
808596,2,Email,2024-12-13 00:00,Y,138.82
808303,2,SEO,2024-02-28 00:00,Y,126.63
803967,1,SEO,2025-06-28 00:00,Y,149.03
802532,5,Email,2025-02-26 00:00,N,0
800006,4,Email,2025-02-20 00:00,Y,101.24
801192,1,Paid Social,2025-06-27 00:00,N,0
808821,2,Paid Social,2025-01-16 00:00,Y,186.51
807213,1,SEO,2025-04-22 00:00,N,0
800625,1,Email,2024-12-25 00:00,N,0
805763,2,Paid Social,2024-10-21 00:00,Y,108.51
806704,1,Paid Social,2025-01-29 00:00,Y,187.32
807269,2,Paid Social,2025-05-14 00:00,Y,65.31
808771,2,Email,2024-03-13 00:00,Y,176.75
807088,1,SEO,2025-09-05 00:00,Y,67.54
802763,2,Email,2024-11-02 00:00,N,0
806399,2,Paid Search,2024-08-10 00:00,Y,142.73
803439,4,Paid Search,2025-06-07 00:00,N,0
807177,5,Paid Search,2025-01-25 00:00,N,0
808703,1,Paid Social,2024-09-04 00:00,Y,35.57
807464,1,SEO,2024-07-15 00:00,N,0
805263,3,SEO,2024-07-27 00:00,N,0
804038,1,Email,2025-04-05 00:00,N,0
806169,3,SEO,2025-06-07 00:00,Y,217.09
807637,2,Email,2024-04-08 00:00,N,0
803286,5,SEO,2025-02-27 00:00,Y,186.35
803606,3,SEO,2025-06-29 00:00,Y,200.14
808100,1,Paid Social,2025-08-23 00:00,N,0
805000,2,SEO,2025-06-10 00:00,N,0
805718,1,SEO,2024-08-10 00:00,N,0
807753,2,Email,2024-05-27 00:00,N,0
807288,2,SEO,2024-02-13 00:00,Y,205.24
804502,1,SEO,2024-03-27 00:00,Y,36.53
805748,1,Paid Social,2024-07-11 00:00,Y,192.86
806130,4,Paid Social,2025-01-13 00:00,N,0
805132,3,Paid Search,2024-12-24 00:00,Y,102.29
804572,2,Paid Social,2024-03-09 00:00,Y,45.19
802759,2,Email,2025-01-27 00:00,N,0
803507,1,Paid Social,2024-11-21 00:00,N,0
801847,1,Paid Search,2024-08-30 00:00,N,0
808769,2,SEO,2025-08-16 00:00,Y,39.25
807366,1,Email,2024-01-07 00:00,N,0
801993,3,Paid Social,2025-08-29 00:00,Y,202.46
802360,3,Paid Search,2025-08-23 00:00,N,0
806575,1,Paid Search,2025-01-01 00:00,Y,184.9
801236,2,Paid Social,2025-05-19 00:00,N,0
802941,1,Paid Social,2025-01-26 00:00,Y,112.23
800109,1,SEO,2024-11-14 00:00,Y,193.19
808818,2,Paid Social,2025-09-02 00:00,Y,152.28
802751,2,SEO,2024-04-23 00:00,N,0
800128,2,Paid Social,2024-04-17 00:00,Y,135.26
801817,1,Paid Social,2024-08-29 00:00,N,0
806279,1,Paid Social,2025-08-03 00:00,Y,186.53
803259,1,Paid Search,2024-10-20 00:00,N,0
808733,1,SEO,2025-06-18 00:00,Y,107.49
802757,1,SEO,2024-09-26 00:00,N,0
805605,5,Email,2024-09-26 00:00,Y,92.44
808318,1,SEO,2024-01-18 00:00,Y,62.66
804043,2,Paid Social,2025-08-02 00:00,Y,70.05
803639,4,Email,2025-01-21 00:00,Y,205.69
800113,4,Email,2024-05-05 00:00,Y,130.16
804232,4,Email,2025-09-19 00:00,Y,153.19
807095,5,Paid Social,2024-07-12 00:00,Y,181.21
806848,3,Paid Social,2024-05-26 00:00,Y,204.8
801531,1,Paid Social,2024-10-31 00:00,Y,66.54
806855,1,SEO,2024-07-08 00:00,Y,154.01
805441,4,Email,2024-07-26 00:00,Y,119.6
807013,1,SEO,2025-05-03 00:00,Y,192.69
802249,2,Paid Social,2025-07-06 00:00,Y,46.21
807971,2,Paid Social,2024-05-08 00:00,Y,182.74
804302,1,Email,2025-01-18 00:00,Y,186.54
805514,3,Paid Social,2024-02-16 00:00,Y,170.8
803345,2,SEO,2024-02-08 00:00,N,0
806420,2,SEO,2024-06-07 00:00,N,0
801226,1,SEO,2024-01-03 00:00,Y,198.04
801339,3,Paid Search,2025-03-02 00:00,Y,38.85
803169,1,Email,2024-05-16 00:00,Y,98.24
804091,2,SEO,2025-03-28 00:00,N,0
807099,3,Paid Search,2024-08-15 00:00,N,0
803281,1,SEO,2024-04-13 00:00,Y,77.42
804396,4,SEO,2024-03-14 00:00,Y,176.01
807469,3,Email,2025-09-30 00:00,N,0
803192,2,Email,2025-06-22 00:00,N,0
804623,1,Paid Social,2025-09-28 00:00,Y,181.07
800794,1,SEO,2024-07-08 00:00,Y,70.37
803419,2,Paid Search,2025-06-19 00:00,Y,51.52
806860,1,Paid Social,2024-07-08 00:00,Y,182.05
807520,2,Email,2025-01-04 00:00,N,0
801988,1,Paid Social,2025-07-23 00:00,Y,132.97
807852,3,SEO,2024-11-27 00:00,N,0
804072,1,Paid Search,2025-05-09 00:00,N,0
805490,1,Email,2024-10-24 00:00,N,0
800334,1,SEO,2024-10-10 00:00,N,0
807157,2,Paid Social,2024-02-21 00:00,N,0
800084,2,Paid Social,2024-02-04 00:00,Y,152.54
801775,2,Email,2024-04-26 00:00,N,0
806504,1,SEO,2025-04-15 00:00,N,0
808760,1,SEO,2024-08-06 00:00,N,0
807870,2,SEO,2025-04-13 00:00,N,0
803976,3,Email,2025-02-19 00:00,N,0
807739,1,Paid Social,2024-11-06 00:00,Y,148.97
808876,1,SEO,2024-06-06 00:00,N,0
808178,2,Paid Search,2025-06-03 00:00,Y,114.36
805965,1,Email,2024-03-08 00:00,Y,45.56
808746,3,Paid Social,2024-09-04 00:00,N,0
807321,1,Paid Search,2025-05-09 00:00,Y,148.36
803440,5,Paid Search,2024-10-29 00:00,N,0
806377,2,Paid Social,2025-03-20 00:00,N,0
801883,4,Paid Search,2024-08-02 00:00,Y,155.9
807747,5,Paid Social,2025-08-05 00:00,Y,71.46
800454,2,SEO,2024-08-23 00:00,Y,213.68
803908,1,SEO,2025-09-13 00:00,Y,44.09
802167,5,Email,2024-07-18 00:00,Y,219.99
808586,1,Paid Social,2025-07-02 00:00,N,0
808691,1,SEO,2024-11-09 00:00,N,0
808110,1,SEO,2024-02-10 00:00,N,0
800927,3,Email,2024-01-12 00:00,Y,219.76
807589,1,Paid Search,2024-11-24 00:00,N,0
808123,2,Paid Search,2025-06-19 00:00,N,0
804391,2,Paid Social,2024-06-05 00:00,N,0
808139,3,Paid Search,2025-09-23 00:00,Y,132.66
803328,2,Paid Social,2025-08-03 00:00,N,0
800645,2,Email,2025-06-22 00:00,Y,39.31
804827,3,Paid Search,2025-09-03 00:00,N,0
805308,2,Email,2024-01-20 00:00,Y,101.98
808541,1,Paid Social,2025-07-11 00:00,Y,37.0
802200,3,Paid Social,2024-11-25 00:00,Y,83.37
808265,2,Email,2024-01-14 00:00,N,0
801963,2,Email,2024-07-26 00:00,Y,206.74
802018,2,Paid Search,2025-07-24 00:00,Y,131.56
806207,1,Email,2024-09-26 00:00,N,0
802188,1,Paid Search,2024-12-22 00:00,Y,195.83
800246,1,SEO,2025-05-12 00:00,N,0
808306,2,SEO,2024-10-23 00:00,Y,112.15
802171,3,Paid Search,2024-03-16 00:00,Y,41.16
805827,2,Paid Search,2025-03-21 00:00,Y,144.04
807884,2,Paid Social,2025-09-23 00:00,Y,79.47
802153,2,Email,2024-02-03 00:00,N,0
802175,2,SEO,2025-03-11 00:00,Y,85.03
804732,2,Email,2025-07-22 00:00,Y,39.2
806609,2,SEO,2025-09-06 00:00,Y,205.44
803609,1,Paid Social,2025-08-27 00:00,N,0
808094,2,Email,2024-11-06 00:00,Y,45.9
802499,4,Paid Search,2024-05-24 00:00,Y,95.93
804402,2,Paid Social,2024-06-09 00:00,N,0
804976,3,Email,2024-07-03 00:00,N,0
806174,2,SEO,2025-04-10 00:00,Y,126.33
807560,3,Email,2025-01-21 00:00,N,0
805471,4,Paid Search,2025-02-25 00:00,Y,144.08
801846,1,Paid Social,2025-04-28 00:00,Y,36.87
806870,1,SEO,2025-04-26 00:00,Y,114.23
804761,2,Paid Social,2024-04-09 00:00,Y,128.19
801424,1,Paid Social,2025-03-16 00:00,Y,133.47
803736,1,Email,2025-07-05 00:00,N,0
800123,4,SEO,2024-11-19 00:00,Y,128.37
804206,5,Paid Search,2024-07-24 00:00,Y,72.29
802629,2,Email,2025-03-08 00:00,Y,218.17
802913,1,Paid Social,2024-08-22 00:00,Y,187.7
801638,2,Paid Search,2024-12-05 00:00,Y,59.0
800731,1,SEO,2024-11-18 00:00,N,0
808352,1,Paid Search,2024-01-08 00:00,Y,188.13
806302,3,Paid Search,2025-01-09 00:00,Y,144.85
801416,2,Paid Search,2025-03-01 00:00,Y,108.42
804847,1,SEO,2024-02-15 00:00,N,0
808609,2,Email,2025-04-11 00:00,Y,156.93
801756,1,Paid Social,2024-03-05 00:00,N,0
800979,1,Paid Social,2024-08-12 00:00,Y,141.13
800321,1,SEO,2025-03-12 00:00,Y,193.9
806956,2,Paid Social,2025-02-19 00:00,Y,57.97
808352,2,Email,2024-01-10 00:00,Y,188.13
800987,5,Email,2025-04-20 00:00,Y,194.03
800166,1,SEO,2024-04-23 00:00,N,0
806693,3,Paid Social,2024-02-16 00:00,N,0
806081,3,Email,2025-03-04 00:00,N,0
802035,3,Email,2025-01-22 00:00,Y,156.23
802341,2,Paid Search,2024-08-03 00:00,Y,84.52
806654,1,Paid Search,2024-07-26 00:00,Y,194.82
806327,4,Paid Search,2024-10-27 00:00,Y,177.5
808298,1,SEO,2025-08-07 00:00,Y,155.6
805420,5,Email,2024-04-27 00:00,Y,168.05
806777,2,Paid Social,2025-07-01 00:00,Y,210.37
801259,1,SEO,2024-10-04 00:00,Y,87.45
807919,2,Email,2025-02-14 00:00,N,0
801365,1,Paid Social,2025-07-29 00:00,Y,106.43
804433,1,Paid Search,2025-01-02 00:00,N,0
806020,1,Paid Search,2025-07-30 00:00,N,0
805972,2,Paid Social,2025-03-30 00:00,N,0
804170,2,SEO,2024-04-04 00:00,N,0
803861,2,Paid Social,2025-03-11 00:00,N,0
804208,1,Paid Social,2025-03-16 00:00,Y,129.9
800065,3,Paid Social,2025-10-13 00:00,N,0
804803,1,SEO,2024-04-05 00:00,N,0
806077,2,Paid Social,2024-04-04 00:00,N,0
801228,1,Paid Social,2024-05-03 00:00,N,0
808901,2,Email,2024-09-01 00:00,Y,164.57
808861,1,Email,2024-09-08 00:00,Y,107.74
802237,3,Email,2024-05-19 00:00,Y,203.25
806318,3,SEO,2025-04-01 00:00,Y,66.73
805817,3,Email,2024-03-24 00:00,Y,198.4
801501,1,Paid Social,2025-03-06 00:00,N,0
806612,1,Paid Social,2024-08-08 00:00,N,0
800636,3,Email,2025-01-03 00:00,N,0
805769,3,Paid Search,2025-03-29 00:00,N,0
805749,1,Paid Social,2025-10-10 00:00,Y,104.16
808881,1,SEO,2024-11-21 00:00,Y,148.99
808454,1,SEO,2024-05-11 00:00,N,0
804920,4,Email,2025-08-05 00:00,N,0
802753,2,SEO,2025-05-27 00:00,N,0
805818,3,Email,2025-01-08 00:00,Y,205.46
804993,2,Email,2024-02-12 00:00,N,0
808238,5,Paid Search,2025-06-01 00:00,N,0
800945,1,SEO,2024-10-12 00:00,N,0
802203,3,SEO,2024-11-11 00:00,Y,59.88
806877,2,Paid Social,2025-06-19 00:00,Y,180.93
806545,1,SEO,2025-03-25 00:00,Y,73.2
806775,2,Paid Social,2025-09-29 00:00,Y,139.18
802720,2,Email,2025-03-28 00:00,N,0
807304,2,Paid Social,2025-04-04 00:00,Y,149.03
805503,1,Email,2025-06-18 00:00,Y,80.98
806935,1,Paid Social,2025-08-24 00:00,Y,44.04
803720,1,SEO,2024-04-29 00:00,Y,207.29
804058,1,SEO,2025-01-27 00:00,Y,108.46
803851,2,SEO,2024-02-25 00:00,Y,63.25
802429,1,SEO,2024-11-19 00:00,Y,195.48
807473,1,Paid Social,2024-08-31 00:00,Y,210.96
808644,2,SEO,2025-08-22 00:00,Y,166.56
803312,3,Email,2025-08-27 00:00,Y,58.39
801145,4,Paid Search,2024-05-31 00:00,N,0
800025,2,SEO,2025-03-31 00:00,Y,156.54
808522,1,Paid Search,2024-08-16 00:00,Y,40.64
806242,1,SEO,2024-02-03 00:00,Y,141.33
808893,1,Paid Social,2024-02-06 00:00,Y,97.21
806476,1,Paid Social,2025-09-30 00:00,Y,51.4
803974,1,SEO,2024-08-03 00:00,Y,44.08
801022,3,Paid Social,2025-04-13 00:00,Y,212.92
808304,4,Email,2024-04-08 00:00,Y,217.12
805463,2,Paid Search,2024-10-12 00:00,N,0
804592,3,Email,2025-09-22 00:00,N,0
802395,1,SEO,2024-07-10 00:00,Y,62.77
801478,1,Paid Social,2024-04-09 00:00,Y,130.14
807283,3,SEO,2024-04-04 00:00,Y,42.71
805944,2,Email,2025-04-30 00:00,Y,194.41
803105,2,Paid Search,2024-11-20 00:00,Y,217.05
806981,1,SEO,2025-03-24 00:00,Y,92.36
804741,1,SEO,2025-05-25 00:00,N,0
807628,4,SEO,2025-01-09 00:00,Y,39.68
808795,2,Paid Social,2025-06-05 00:00,Y,156.68
805795,2,Paid Search,2025-02-22 00:00,N,0
801968,1,Paid Social,2024-11-10 00:00,Y,151.49
807357,1,SEO,2025-05-31 00:00,Y,139.99
802203,1,Paid Social,2024-11-05 00:00,Y,59.88
805930,3,Email,2025-06-18 00:00,Y,210.41
806176,2,Paid Search,2024-01-06 00:00,Y,100.06
803335,1,SEO,2024-01-30 00:00,Y,177.51
801867,2,Email,2024-03-25 00:00,Y,75.2
804578,1,Paid Social,2024-01-12 00:00,Y,55.26
806193,1,SEO,2024-01-08 00:00,Y,183.65
805813,3,Paid Search,2025-09-19 00:00,N,0
800116,1,Paid Social,2024-02-06 00:00,Y,168.33
800297,2,SEO,2024-03-07 00:00,N,0
805546,2,Email,2024-01-07 00:00,Y,108.99
803599,3,Paid Social,2024-10-07 00:00,Y,141.68
806729,1,Paid Social,2025-03-13 00:00,Y,150.25
806008,2,Paid Social,2024-12-29 00:00,Y,120.34
807427,1,SEO,2024-05-16 00:00,Y,159.32
807680,2,Paid Search,2025-07-16 00:00,Y,124.28
808044,4,Paid Social,2025-10-08 00:00,N,0
805108,1,Paid Social,2025-02-19 00:00,Y,186.73
801997,1,Paid Search,2024-06-14 00:00,Y,137.41
807529,1,SEO,2024-11-19 00:00,Y,188.44
803944,1,SEO,2024-11-19 00:00,N,0
804210,1,SEO,2024-01-09 00:00,Y,128.41
804532,1,SEO,2025-09-13 00:00,N,0
807509,1,SEO,2024-11-02 00:00,N,0
800462,2,Paid Social,2024-08-05 00:00,Y,210.86
807616,3,Paid Social,2025-04-10 00:00,Y,43.83
803589,2,SEO,2025-07-01 00:00,Y,116.89
806006,2,Paid Search,2025-07-27 00:00,Y,212.63
801474,1,Paid Search,2024-06-05 00:00,N,0
805880,4,Paid Search,2025-10-08 00:00,N,0
807835,1,Paid Social,2025-04-27 00:00,N,0
801303,3,Email,2024-07-06 00:00,Y,174.55
800477,2,SEO,2025-06-10 00:00,N,0
807761,1,SEO,2024-12-25 00:00,N,0
801166,2,Email,2025-09-01 00:00,Y,185.06
808336,3,Paid Search,2024-08-16 00:00,Y,62.34
802492,1,Paid Search,2024-12-03 00:00,Y,151.32
808819,1,SEO,2025-05-04 00:00,Y,112.18
805589,2,Email,2024-02-29 00:00,Y,177.57
800300,1,SEO,2025-08-28 00:00,N,0
801877,2,Paid Search,2024-09-18 00:00,N,0
807737,1,Paid Social,2024-12-10 00:00,Y,62.94
801793,3,Email,2024-01-18 00:00,Y,208.54
807650,1,Paid Search,2024-01-31 00:00,Y,217.22
805469,1,Email,2024-02-23 00:00,Y,56.14
806058,1,SEO,2024-10-13 00:00,N,0
801940,2,Paid Social,2024-01-13 00:00,N,0
804301,1,SEO,2025-06-04 00:00,Y,217.85
804105,2,SEO,2025-05-24 00:00,N,0
804623,2,Email,2025-09-29 00:00,Y,181.07
801442,2,Paid Search,2024-10-08 00:00,Y,94.61
806500,1,SEO,2024-07-07 00:00,Y,130.0
805191,2,Email,2024-07-07 00:00,Y,72.94
801187,1,Email,2024-02-21 00:00,Y,197.02
802187,5,Email,2025-01-02 00:00,N,0
807877,3,Email,2024-01-05 00:00,N,0
805500,2,Paid Social,2024-01-22 00:00,N,0
808117,1,SEO,2024-12-31 00:00,Y,160.58
803571,3,Paid Social,2024-12-31 00:00,N,0
804378,1,Paid Social,2025-05-21 00:00,Y,98.07
802840,2,Paid Search,2025-03-28 00:00,Y,154.97
804944,2,Paid Search,2024-12-08 00:00,Y,111.22
806830,2,Paid Search,2025-10-19 00:00,Y,152.25
806849,1,SEO,2024-05-12 00:00,Y,184.59
805128,1,Paid Search,2024-01-14 00:00,N,0
808909,1,Paid Search,2025-01-29 00:00,N,0
807264,1,Paid Search,2025-02-07 00:00,Y,176.06
804409,3,Email,2024-07-11 00:00,Y,184.28
803472,1,Paid Social,2025-02-15 00:00,Y,197.43
804435,2,Paid Search,2024-05-19 00:00,N,0
805988,2,SEO,2024-05-28 00:00,Y,212.23
800758,3,Paid Social,2024-05-18 00:00,Y,88.38
803983,1,Paid Search,2024-12-31 00:00,Y,148.3
806169,2,Paid Social,2025-06-08 00:00,Y,217.09
803854,1,SEO,2025-05-02 00:00,Y,52.09
804203,2,Email,2024-03-15 00:00,Y,184.76
808956,4,SEO,2024-11-21 00:00,N,0
804254,2,SEO,2024-04-03 00:00,Y,101.99
803038,2,SEO,2024-07-18 00:00,Y,182.85
802510,1,Email,2025-04-27 00:00,N,0
807874,2,SEO,2025-04-11 00:00,Y,162.59
801838,1,SEO,2025-02-03 00:00,Y,45.0
801648,5,Paid Social,2025-04-27 00:00,Y,164.07
808381,3,Paid Search,2024-08-11 00:00,N,0
805473,3,Paid Search,2024-07-18 00:00,Y,96.01
800301,1,SEO,2024-08-24 00:00,Y,177.54
800346,3,Paid Search,2025-10-19 00:00,N,0
801482,2,Paid Search,2025-03-18 00:00,Y,209.73
801722,4,Paid Social,2024-03-31 00:00,Y,145.4
800810,1,Paid Social,2024-01-21 00:00,Y,63.25
807309,3,Paid Search,2025-07-16 00:00,N,0
803895,2,Paid Search,2025-06-30 00:00,Y,219.1
804666,4,Email,2025-06-09 00:00,Y,86.93
800478,2,Paid Search,2024-04-14 00:00,N,0
803684,3,Paid Search,2025-02-05 00:00,Y,169.76
800334,2,SEO,2024-10-12 00:00,N,0
805134,1,Paid Social,2025-10-12 00:00,Y,188.76
806853,1,SEO,2024-01-01 00:00,Y,121.36
805258,2,SEO,2025-04-13 00:00,Y,134.09
802926,3,Email,2024-03-03 00:00,N,0
804445,4,SEO,2024-09-04 00:00,Y,148.46
800512,3,Paid Search,2024-07-16 00:00,N,0
801724,2,SEO,2024-05-28 00:00,Y,217.97
802653,3,Email,2024-12-26 00:00,Y,111.05
804140,2,SEO,2025-07-24 00:00,Y,83.15
806669,2,Paid Social,2025-01-21 00:00,Y,167.9
804503,1,SEO,2024-08-14 00:00,Y,216.88
807854,1,Paid Social,2024-05-12 00:00,Y,69.21
808217,5,Paid Social,2025-06-15 00:00,N,0
805630,1,Paid Social,2024-09-12 00:00,N,0
804881,2,SEO,2024-03-17 00:00,N,0
807708,3,Paid Search,2024-04-16 00:00,Y,73.57
802660,2,SEO,2025-01-16 00:00,Y,160.92
802249,1,SEO,2025-07-05 00:00,Y,46.21
806242,4,Email,2024-02-15 00:00,Y,141.33
807804,5,Email,2024-05-31 00:00,N,0
803075,1,Email,2025-01-26 00:00,Y,67.8
802426,3,Email,2024-12-08 00:00,Y,60.52
802385,2,Paid Search,2024-06-21 00:00,Y,188.95
802906,2,Paid Social,2025-08-25 00:00,N,0
801827,1,SEO,2024-10-12 00:00,Y,68.99
800750,1,Email,2024-04-13 00:00,Y,47.61
807064,2,Paid Search,2025-02-26 00:00,Y,183.05
807700,2,Paid Search,2025-05-26 00:00,Y,191.22
802432,2,SEO,2024-12-23 00:00,Y,115.12
803784,1,Paid Social,2025-03-18 00:00,Y,129.63
803339,5,Paid Search,2024-04-15 00:00,Y,215.01
803998,1,SEO,2024-10-24 00:00,Y,172.09
801935,2,SEO,2024-09-03 00:00,Y,171.22
804226,3,SEO,2025-08-26 00:00,N,0
803428,3,Paid Social,2025-03-17 00:00,Y,209.23
808400,1,Paid Search,2025-04-25 00:00,N,0
808657,1,SEO,2025-01-16 00:00,N,0
807409,1,SEO,2025-01-18 00:00,N,0
806114,2,Email,2025-10-05 00:00,N,0
803586,2,SEO,2025-02-18 00:00,N,0
800565,4,Paid Search,2024-04-07 00:00,N,0
804488,1,Email,2025-08-25 00:00,N,0
805571,1,SEO,2025-06-21 00:00,Y,168.87
800537,1,Email,2025-01-08 00:00,Y,148.95
804659,2,Paid Search,2024-09-27 00:00,Y,54.11
802864,2,Paid Search,2025-05-11 00:00,N,0
802492,2,SEO,2024-12-06 00:00,Y,151.32
804365,3,Paid Search,2024-07-10 00:00,Y,132.18
800856,1,SEO,2024-01-03 00:00,N,0
802710,5,Email,2025-09-13 00:00,Y,83.96
803839,1,SEO,2024-06-21 00:00,Y,201.89
801446,3,Paid Search,2024-11-21 00:00,Y,131.52
804668,3,Paid Search,2024-03-17 00:00,N,0
808448,3,Email,2024-12-02 00:00,Y,46.63
802677,4,SEO,2025-03-31 00:00,Y,124.01
804920,3,SEO,2025-08-05 00:00,N,0
801537,2,Paid Social,2024-10-13 00:00,Y,159.01
808146,2,Paid Search,2025-02-25 00:00,Y,98.88
806249,1,Email,2025-06-22 00:00,Y,135.79
804512,1,SEO,2025-07-10 00:00,Y,146.17
807260,2,Paid Social,2025-05-24 00:00,N,0
808906,3,Email,2024-05-08 00:00,N,0
805418,3,Email,2025-08-04 00:00,N,0
805548,1,SEO,2024-08-14 00:00,N,0
805501,2,SEO,2024-12-21 00:00,N,0
803654,1,Paid Social,2025-05-04 00:00,N,0
806746,2,Paid Search,2025-10-18 00:00,Y,108.35
807242,1,Paid Search,2024-02-06 00:00,N,0
803408,2,Email,2025-08-06 00:00,Y,132.63
808299,1,SEO,2025-07-15 00:00,Y,139.19
807839,5,Email,2024-09-16 00:00,Y,187.29
805754,2,Paid Social,2025-08-08 00:00,N,0
806746,5,Paid Search,2025-11-01 00:00,Y,108.35
804338,4,Paid Search,2025-01-18 00:00,Y,186.53
804720,1,Paid Search,2024-11-20 00:00,N,0
801049,1,SEO,2025-02-13 00:00,Y,127.33
804558,2,Paid Social,2025-02-23 00:00,Y,189.47
807696,3,Email,2025-01-13 00:00,N,0
807029,2,Paid Search,2025-07-12 00:00,Y,211.5
808970,2,Email,2025-08-25 00:00,N,0
807289,3,Paid Social,2024-11-22 00:00,N,0
803614,2,Paid Social,2025-03-10 00:00,Y,73.83
806700,2,Paid Social,2024-12-11 00:00,Y,43.21
801955,1,Email,2024-07-18 00:00,Y,78.71
802638,1,SEO,2025-01-02 00:00,Y,210.01
805720,1,Paid Search,2025-07-10 00:00,Y,212.89
807548,3,Paid Social,2024-05-15 00:00,Y,52.14
808173,1,Email,2025-06-04 00:00,N,0
805121,4,Paid Search,2025-05-27 00:00,N,0
804190,3,Paid Social,2024-11-12 00:00,Y,87.23
801900,1,SEO,2025-06-09 00:00,Y,42.14
800808,3,SEO,2024-01-12 00:00,Y,113.72
806984,1,SEO,2025-04-05 00:00,Y,115.35
801265,3,Paid Social,2024-03-13 00:00,Y,67.78
802456,1,SEO,2025-06-16 00:00,N,0
807579,1,SEO,2024-08-01 00:00,N,0
806450,1,Paid Social,2025-07-05 00:00,Y,114.24
804759,2,Email,2025-02-03 00:00,Y,117.18
803166,2,Email,2025-07-13 00:00,N,0
808280,2,Email,2024-09-21 00:00,N,0
805429,1,Email,2025-01-19 00:00,Y,166.29
808053,2,SEO,2024-05-29 00:00,N,0
803630,2,Paid Search,2024-08-14 00:00,N,0
800626,1,Paid Search,2025-08-29 00:00,N,0
805246,2,Paid Social,2025-05-13 00:00,N,0
803819,3,SEO,2025-01-18 00:00,N,0
801996,1,Paid Social,2024-08-10 00:00,N,0
803443,3,SEO,2024-11-21 00:00,N,0
803595,1,Email,2024-11-29 00:00,N,0
803176,2,Paid Social,2024-03-28 00:00,N,0
808446,3,Paid Social,2025-03-31 00:00,N,0
801170,1,Paid Social,2024-07-22 00:00,Y,185.25
806112,2,SEO,2024-11-27 00:00,Y,35.28
804863,4,Paid Search,2024-02-11 00:00,Y,160.1
806537,3,Paid Social,2024-04-21 00:00,Y,209.94
801128,1,Paid Search,2024-06-09 00:00,Y,48.84
806262,1,SEO,2024-08-16 00:00,Y,73.48
801547,2,SEO,2024-01-06 00:00,Y,211.98
806257,3,Email,2025-04-20 00:00,N,0
803792,2,Email,2025-07-01 00:00,N,0
808086,1,Paid Social,2024-07-09 00:00,Y,47.69
802212,2,Paid Search,2024-10-10 00:00,Y,117.4
800646,1,SEO,2025-03-22 00:00,Y,40.62
801324,1,Paid Search,2024-10-16 00:00,Y,47.63
800091,3,Paid Search,2025-10-01 00:00,Y,184.32
801214,3,Email,2025-09-14 00:00,N,0
806098,2,SEO,2024-07-08 00:00,N,0
801069,2,Email,2025-09-01 00:00,N,0
804158,5,Paid Search,2024-08-03 00:00,N,0
805450,1,Paid Social,2024-08-20 00:00,N,0
805944,1,Paid Search,2025-04-28 00:00,Y,194.41
805587,2,Email,2025-07-17 00:00,Y,50.22
804391,4,Email,2024-06-05 00:00,N,0
806439,1,Email,2024-05-31 00:00,Y,82.06
803221,5,Email,2025-01-19 00:00,Y,161.91
804673,1,Email,2025-01-07 00:00,N,0
800879,3,Paid Search,2024-11-25 00:00,Y,214.74
804189,3,SEO,2025-09-30 00:00,N,0
802129,1,Paid Search,2025-07-01 00:00,Y,179.62
800786,4,Paid Social,2024-08-10 00:00,Y,193.97
801291,1,Email,2024-08-12 00:00,Y,145.54
800236,1,Paid Social,2025-07-03 00:00,N,0
805863,3,Email,2024-01-14 00:00,N,0
806886,3,Paid Social,2025-09-01 00:00,Y,122.27
808625,1,SEO,2024-07-14 00:00,N,0
807205,3,Paid Social,2025-06-20 00:00,N,0
801926,2,Paid Social,2024-02-25 00:00,Y,48.09
800065,4,SEO,2025-10-21 00:00,N,0
808956,1,Paid Social,2024-11-18 00:00,N,0
808529,1,Paid Social,2024-12-07 00:00,Y,102.65
802068,2,SEO,2024-11-20 00:00,Y,216.06
803386,2,Paid Search,2025-01-05 00:00,N,0
801050,1,Paid Search,2025-06-11 00:00,N,0
805351,2,Email,2024-09-02 00:00,Y,174.04
800391,2,Email,2024-01-18 00:00,N,0
800482,3,Email,2024-12-03 00:00,N,0
805051,1,Paid Social,2024-07-05 00:00,Y,160.17
803971,1,SEO,2025-08-07 00:00,N,0
808458,2,SEO,2024-08-22 00:00,Y,155.64
805323,4,Paid Social,2024-07-10 00:00,Y,58.45
807281,4,Email,2024-11-17 00:00,Y,161.08
805996,1,Paid Social,2025-05-28 00:00,Y,57.56
807625,4,Paid Search,2024-05-13 00:00,N,0
805768,2,SEO,2024-05-10 00:00,N,0
803000,1,Paid Social,2025-06-26 00:00,N,0
803464,1,SEO,2024-11-20 00:00,Y,150.73
808562,2,Email,2024-05-31 00:00,Y,137.99
800524,2,Paid Search,2024-01-16 00:00,N,0
802903,3,Paid Social,2024-11-29 00:00,Y,174.42
803724,1,Paid Search,2024-10-02 00:00,Y,165.73
805304,3,Paid Search,2025-01-01 00:00,N,0
802809,5,SEO,2024-03-04 00:00,Y,65.35
808090,1,SEO,2024-04-22 00:00,N,0
807957,1,SEO,2024-10-28 00:00,Y,167.17
804254,3,SEO,2024-04-01 00:00,Y,101.99
803251,2,Paid Social,2024-03-18 00:00,Y,122.84
807699,1,Paid Search,2025-07-10 00:00,Y,173.82
802709,4,Paid Search,2024-10-05 00:00,N,0
807301,1,SEO,2024-12-17 00:00,N,0
803582,1,Paid Search,2024-05-12 00:00,Y,196.76
802695,1,Paid Social,2025-02-15 00:00,Y,84.47
806229,3,Paid Search,2024-09-11 00:00,Y,204.41
805387,1,Email,2024-05-01 00:00,Y,213.15
803926,2,Email,2025-04-18 00:00,Y,149.83
807615,4,Email,2025-01-12 00:00,N,0
801517,2,Email,2024-05-27 00:00,N,0
800489,1,SEO,2025-08-13 00:00,Y,139.0
801294,1,Paid Search,2024-03-26 00:00,N,0
806510,1,Email,2025-10-17 00:00,N,0
804749,1,Paid Social,2024-11-16 00:00,N,0
805160,1,SEO,2025-04-18 00:00,Y,189.36
801773,5,Paid Search,2024-06-19 00:00,N,0
804529,2,Paid Search,2024-02-15 00:00,N,0
801841,2,Paid Social,2024-12-09 00:00,Y,43.43
806484,1,SEO,2024-06-15 00:00,Y,161.07
806022,2,Paid Search,2025-09-20 00:00,Y,194.12
804872,2,Email,2025-07-18 00:00,N,0
807363,1,Paid Social,2025-08-04 00:00,N,0
806673,1,Paid Social,2025-04-25 00:00,N,0
808223,1,Paid Social,2025-04-06 00:00,Y,219.18
805943,4,SEO,2024-10-22 00:00,N,0
805254,2,Email,2025-02-11 00:00,N,0
805141,2,Paid Social,2024-05-16 00:00,Y,203.02
808662,2,SEO,2024-08-20 00:00,N,0
800338,2,SEO,2024-05-20 00:00,N,0
806727,3,Email,2025-08-24 00:00,Y,114.34
801757,1,SEO,2025-04-28 00:00,N,0
804895,1,Paid Search,2024-06-02 00:00,Y,171.34
800189,2,Email,2025-05-13 00:00,Y,40.19
806551,2,SEO,2025-03-21 00:00,N,0
800869,3,Paid Social,2024-09-25 00:00,N,0
802536,1,Paid Social,2025-03-04 00:00,Y,142.93
800282,1,Paid Social,2024-08-07 00:00,Y,129.47
807875,2,SEO,2024-07-04 00:00,Y,202.88
807536,2,Paid Social,2024-02-11 00:00,Y,139.66
803813,5,Email,2024-12-28 00:00,N,0
806406,2,Email,2024-05-08 00:00,Y,106.58
806985,2,Paid Search,2024-02-03 00:00,N,0
801490,3,SEO,2024-06-28 00:00,Y,159.24
802930,3,Email,2024-04-03 00:00,Y,127.93
800187,1,Email,2024-09-18 00:00,Y,54.65
802614,1,Paid Social,2024-03-31 00:00,Y,182.69
801670,3,Paid Search,2024-10-13 00:00,Y,215.09
802141,4,Paid Search,2025-08-28 00:00,Y,50.95
806307,1,Paid Social,2024-03-29 00:00,Y,94.19
805581,1,Paid Social,2024-01-23 00:00,Y,189.07
804851,1,Email,2024-11-14 00:00,N,0
800813,1,Paid Social,2025-01-04 00:00,Y,209.06
801307,2,SEO,2025-04-04 00:00,Y,197.47
801723,2,Paid Search,2024-12-31 00:00,N,0
800459,1,SEO,2024-05-01 00:00,Y,80.38
800530,2,Paid Social,2025-03-30 00:00,Y,201.98
803702,1,SEO,2024-04-10 00:00,Y,177.23
807032,1,Paid Search,2024-07-29 00:00,Y,130.37
804011,1,SEO,2025-04-12 00:00,N,0
800882,1,SEO,2025-09-01 00:00,Y,158.73
800083,3,Paid Social,2025-05-17 00:00,Y,82.78
807201,4,Paid Social,2024-04-12 00:00,N,0
805583,3,Paid Social,2025-08-10 00:00,N,0
806455,3,Paid Search,2024-02-13 00:00,Y,213.09
806668,2,SEO,2024-11-21 00:00,Y,164.07
803459,3,Paid Search,2025-06-21 00:00,Y,82.01
800334,3,Paid Search,2024-10-16 00:00,N,0
807574,1,Paid Social,2024-04-29 00:00,Y,158.37
807685,4,SEO,2024-03-30 00:00,Y,60.54
808627,2,Paid Search,2024-03-19 00:00,Y,50.13
805224,1,Paid Social,2024-06-08 00:00,N,0
807110,1,Paid Social,2024-06-01 00:00,Y,47.49
805690,2,Paid Search,2025-10-01 00:00,Y,116.21
804394,3,Paid Search,2024-06-19 00:00,Y,42.64
804773,2,Email,2024-07-07 00:00,N,0
802373,4,SEO,2024-01-12 00:00,N,0
800701,3,Paid Social,2024-05-03 00:00,Y,191.41
800019,1,SEO,2024-03-30 00:00,Y,156.98
808198,1,SEO,2025-09-19 00:00,N,0
806341,3,Paid Search,2025-05-02 00:00,Y,78.02
804983,1,SEO,2024-02-29 00:00,Y,89.97
808260,3,Email,2024-11-16 00:00,Y,150.07
808118,2,Paid Search,2024-11-15 00:00,Y,163.97
803232,1,Paid Search,2024-06-04 00:00,N,0
802395,2,Email,2024-07-11 00:00,Y,62.77
807767,2,Email,2025-05-05 00:00,Y,128.29
805598,1,Paid Search,2025-09-04 00:00,Y,123.66
808251,1,Paid Social,2024-10-30 00:00,N,0
800993,2,Email,2024-07-15 00:00,Y,87.66
808734,2,Email,2025-01-25 00:00,N,0
801573,5,SEO,2025-04-15 00:00,Y,154.75
808365,1,Paid Social,2024-02-26 00:00,Y,35.3
803007,1,Paid Social,2024-12-14 00:00,Y,174.54
800976,4,Email,2024-11-26 00:00,N,0
803179,1,Paid Social,2025-01-12 00:00,N,0
805843,1,SEO,2025-08-26 00:00,Y,186.23
807462,2,Email,2024-12-23 00:00,Y,214.5
803734,1,Paid Social,2024-06-16 00:00,N,0
805377,2,Email,2024-04-13 00:00,N,0
806603,2,Email,2024-04-27 00:00,Y,124.33
804656,4,SEO,2024-12-16 00:00,Y,36.25
808478,4,Paid Social,2024-03-15 00:00,N,0
803476,1,Paid Social,2025-06-11 00:00,N,0
802898,1,Email,2025-03-13 00:00,Y,96.7
801255,3,Paid Search,2025-04-07 00:00,N,0
801879,3,Paid Social,2024-11-09 00:00,Y,179.57
800656,3,SEO,2024-08-30 00:00,Y,201.39
806055,2,Paid Social,2024-10-20 00:00,Y,159.32
808019,2,Paid Search,2025-09-10 00:00,N,0
803257,1,Paid Social,2025-02-11 00:00,N,0
808583,4,SEO,2024-06-04 00:00,Y,125.93
801184,3,Email,2024-12-29 00:00,Y,180.04
807980,5,Email,2024-08-01 00:00,Y,213.04
802901,1,SEO,2024-08-19 00:00,N,0
808126,4,Email,2024-08-29 00:00,Y,115.66
803280,3,Email,2024-09-12 00:00,Y,198.58
800587,1,Paid Social,2024-10-09 00:00,Y,194.61
803381,2,Email,2024-10-30 00:00,N,0
807993,2,Paid Social,2024-12-10 00:00,Y,71.44
801927,5,Email,2024-02-01 00:00,Y,83.49
800415,5,Paid Search,2024-02-19 00:00,N,0
807886,1,SEO,2025-03-16 00:00,Y,187.21
805292,3,Paid Search,2025-10-06 00:00,N,0
800578,1,SEO,2024-10-22 00:00,Y,64.3
804913,3,Email,2024-07-13 00:00,Y,81.79
801153,4,Paid Social,2025-07-31 00:00,Y,142.88
803905,2,Paid Search,2024-01-16 00:00,Y,218.06
800650,2,Paid Search,2024-09-23 00:00,Y,174.04
801326,2,Email,2025-05-21 00:00,Y,36.72
801551,1,Paid Social,2024-06-30 00:00,Y,184.46
802854,3,SEO,2025-07-11 00:00,N,0
806436,1,Paid Social,2024-06-19 00:00,Y,140.75
804523,4,SEO,2024-02-13 00:00,Y,72.83
805946,3,Paid Search,2024-09-17 00:00,N,0
807010,2,SEO,2024-07-16 00:00,N,0
804546,3,Email,2024-09-10 00:00,Y,47.81
805769,5,Paid Social,2025-04-04 00:00,N,0
806368,5,Paid Search,2024-08-24 00:00,N,0
801449,1,SEO,2024-07-05 00:00,Y,63.57
800308,1,SEO,2024-09-13 00:00,N,0
801879,2,Paid Social,2024-11-04 00:00,Y,179.57
805654,2,Paid Social,2025-06-04 00:00,Y,126.39
800679,1,SEO,2025-03-30 00:00,Y,74.58
801609,4,Paid Social,2024-07-24 00:00,Y,103.03
807605,2,Email,2024-01-09 00:00,Y,111.48
805314,2,Paid Search,2025-01-29 00:00,N,0
808794,2,SEO,2024-07-12 00:00,Y,203.6
802226,2,Email,2025-05-25 00:00,Y,71.78
806459,1,Paid Social,2024-08-11 00:00,Y,46.15
804180,2,Email,2024-01-17 00:00,Y,138.46
806432,2,Email,2025-06-21 00:00,Y,199.65
803780,2,Email,2025-06-29 00:00,Y,201.81
804468,1,Paid Search,2025-02-14 00:00,N,0
803174,3,SEO,2025-02-17 00:00,N,0
803599,4,Email,2024-10-02 00:00,Y,141.68
808506,2,SEO,2024-07-17 00:00,Y,52.62
804172,4,SEO,2024-08-29 00:00,Y,46.14
801326,1,Paid Social,2025-05-20 00:00,Y,36.72
804778,3,Paid Search,2025-07-31 00:00,Y,175.03
805443,4,Paid Social,2024-01-18 00:00,Y,64.49
800729,1,SEO,2024-03-19 00:00,Y,200.02
807652,3,Paid Search,2024-07-21 00:00,N,0
800687,1,Paid Search,2025-04-01 00:00,N,0
806278,2,Paid Search,2025-08-24 00:00,N,0
804443,1,Paid Search,2025-05-08 00:00,Y,176.58
800198,4,Paid Search,2025-03-16 00:00,Y,215.29
802627,1,SEO,2024-10-19 00:00,Y,126.97
804416,2,Paid Search,2024-08-16 00:00,Y,122.38
806052,2,Email,2025-02-02 00:00,N,0
807488,2,SEO,2024-11-29 00:00,N,0
800196,2,Paid Social,2024-04-30 00:00,Y,216.13
803051,3,Email,2024-11-17 00:00,N,0
807915,2,Paid Search,2024-07-28 00:00,Y,122.9
801464,2,SEO,2024-07-22 00:00,N,0
803031,2,Email,2024-06-30 00:00,N,0
808372,1,Email,2024-12-17 00:00,N,0
805778,2,SEO,2024-05-04 00:00,Y,112.22
802216,4,SEO,2024-02-21 00:00,Y,108.54
802051,3,Paid Social,2025-08-12 00:00,Y,132.87
807342,5,Email,2025-08-11 00:00,Y,44.89
806182,1,Paid Search,2024-06-06 00:00,Y,211.17
800455,1,Paid Social,2024-03-10 00:00,Y,48.56
802604,2,Paid Search,2025-01-01 00:00,N,0
802229,5,Paid Search,2024-02-05 00:00,Y,137.85
805209,3,SEO,2024-07-26 00:00,Y,210.01
805883,5,Paid Search,2025-06-19 00:00,Y,158.02
800216,1,SEO,2024-10-10 00:00,N,0
805169,1,SEO,2024-11-23 00:00,N,0
806550,3,Email,2025-09-01 00:00,N,0
801933,5,Paid Search,2025-08-17 00:00,Y,88.0
801525,1,Paid Search,2025-02-04 00:00,Y,186.86
801869,1,Paid Social,2025-04-13 00:00,Y,179.5
804501,2,Paid Social,2024-02-11 00:00,Y,179.95
807002,1,SEO,2025-02-14 00:00,N,0
803878,1,SEO,2024-08-06 00:00,Y,69.74
807969,2,Paid Search,2024-09-22 00:00,Y,147.15
805970,2,SEO,2024-08-22 00:00,N,0
801149,4,Email,2024-09-19 00:00,N,0
800357,3,Paid Search,2024-01-27 00:00,Y,105.1
807267,3,Paid Search,2024-02-29 00:00,Y,153.59
802266,1,Paid Social,2025-01-01 00:00,Y,54.82
805345,2,SEO,2025-07-02 00:00,Y,167.72
806198,2,Email,2025-01-10 00:00,N,0
803581,1,Paid Social,2024-12-10 00:00,Y,44.88
808388,3,Paid Search,2024-09-18 00:00,Y,170.64
806471,2,Paid Search,2025-03-02 00:00,Y,218.17
804386,1,Paid Search,2024-02-02 00:00,N,0
802114,4,Paid Search,2024-05-23 00:00,Y,49.48
804933,1,Paid Social,2024-08-28 00:00,Y,127.36
807906,1,SEO,2024-12-28 00:00,N,0
800871,1,Email,2024-05-26 00:00,Y,214.64
805852,1,Paid Search,2024-04-20 00:00,Y,214.53
804907,1,SEO,2024-12-03 00:00,Y,152.79
803509,2,Paid Search,2024-07-21 00:00,Y,185.01
801383,2,Paid Social,2025-10-07 00:00,Y,92.24
806888,4,Paid Social,2025-02-25 00:00,Y,127.19
801706,2,Email,2024-10-09 00:00,Y,72.16
805122,1,Paid Social,2025-03-15 00:00,Y,46.39
803917,1,SEO,2024-12-11 00:00,Y,132.97
804075,2,Paid Search,2024-04-23 00:00,Y,128.72
804624,1,SEO,2025-08-25 00:00,Y,86.8
806655,2,Paid Social,2025-10-02 00:00,N,0
801655,2,Paid Search,2024-07-15 00:00,Y,145.7
807376,2,Paid Social,2025-03-20 00:00,Y,95.27
806175,1,SEO,2025-06-11 00:00,N,0
805508,2,SEO,2024-05-16 00:00,Y,120.91
807605,1,Paid Social,2024-01-05 00:00,Y,111.48
803763,1,Paid Search,2025-07-18 00:00,Y,74.86
802195,1,Paid Search,2024-03-08 00:00,Y,103.48
808923,1,SEO,2024-05-04 00:00,N,0
800298,1,Paid Social,2024-11-23 00:00,Y,113.35
807329,4,SEO,2025-10-05 00:00,Y,37.55
808974,1,Paid Search,2025-07-04 00:00,Y,49.5
806844,2,Email,2024-12-03 00:00,Y,66.47
803302,2,Paid Social,2025-08-31 00:00,N,0
806599,1,Email,2025-09-07 00:00,N,0
806984,2,SEO,2025-04-06 00:00,Y,115.35
807188,1,Paid Social,2024-02-12 00:00,Y,115.22
807592,1,SEO,2025-02-14 00:00,Y,79.65
806440,1,SEO,2025-10-01 00:00,Y,38.21
800672,2,Paid Search,2024-07-31 00:00,N,0
801344,2,Paid Social,2024-06-05 00:00,Y,37.39
808092,2,Paid Social,2024-06-08 00:00,Y,39.2
803036,1,SEO,2024-04-19 00:00,N,0
801453,1,SEO,2024-03-30 00:00,Y,154.8
808551,2,SEO,2024-06-08 00:00,Y,112.17
803754,2,Email,2024-03-07 00:00,Y,214.06
802713,2,Paid Search,2025-01-29 00:00,Y,183.96
808582,4,Paid Search,2024-07-21 00:00,Y,167.76
805349,3,Paid Search,2025-05-27 00:00,N,0
800058,2,Paid Search,2025-09-20 00:00,Y,81.58
805175,2,Email,2024-12-14 00:00,N,0
807756,2,Paid Social,2025-05-20 00:00,Y,198.08
808068,2,Email,2025-05-13 00:00,N,0
804469,2,SEO,2024-08-08 00:00,N,0
801599,3,Paid Social,2024-02-10 00:00,Y,161.76
801441,4,Paid Social,2024-11-09 00:00,N,0
800530,1,Paid Social,2025-03-26 00:00,Y,201.98
807334,1,Paid Social,2024-07-11 00:00,Y,103.38
807309,2,Email,2025-07-12 00:00,N,0
804177,1,Paid Search,2025-09-11 00:00,N,0
800215,2,Email,2025-07-07 00:00,N,0
806259,2,SEO,2024-07-08 00:00,N,0
804521,4,Paid Social,2025-10-24 00:00,N,0
804153,2,Email,2025-08-09 00:00,Y,111.66
807293,1,Paid Social,2024-03-25 00:00,N,0
801612,4,Email,2024-12-21 00:00,Y,210.21
808967,3,Paid Social,2024-04-04 00:00,Y,140.7
800969,1,SEO,2024-09-16 00:00,Y,184.18
808112,2,Paid Social,2025-03-20 00:00,Y,161.78
801966,3,Email,2024-04-04 00:00,N,0
805308,3,Paid Search,2024-01-23 00:00,Y,101.98
802888,2,Paid Search,2025-08-14 00:00,N,0
801926,5,Email,2024-03-01 00:00,Y,48.09
806657,1,Email,2024-12-11 00:00,N,0
800862,2,Paid Social,2025-10-01 00:00,N,0
800867,2,Email,2024-02-04 00:00,N,0
807348,1,SEO,2025-04-16 00:00,Y,126.08
808136,2,Paid Search,2025-05-22 00:00,N,0
803065,2,Email,2025-01-29 00:00,Y,77.5
807948,1,Paid Search,2025-05-13 00:00,N,0
803826,4,Email,2025-04-03 00:00,Y,126.75
802408,2,Paid Social,2024-07-01 00:00,N,0
802414,1,Paid Search,2024-09-08 00:00,Y,110.2
808119,2,Paid Search,2024-06-12 00:00,N,0
807791,4,Paid Social,2025-06-29 00:00,Y,210.82
805878,5,Paid Social,2024-08-02 00:00,N,0
801270,2,Email,2024-07-18 00:00,N,0
806407,5,Email,2025-09-05 00:00,Y,196.72
804689,2,SEO,2025-03-02 00:00,N,0
807773,1,SEO,2025-08-27 00:00,N,0
803614,1,Email,2025-03-07 00:00,Y,73.83
804937,4,Email,2024-12-13 00:00,N,0
801177,2,SEO,2025-05-31 00:00,N,0
808436,3,Email,2025-04-10 00:00,Y,150.62
806693,4,Email,2024-02-26 00:00,N,0
806305,5,Paid Search,2024-07-04 00:00,N,0
801368,2,Email,2024-10-19 00:00,Y,161.81
800583,1,Paid Social,2025-03-20 00:00,Y,170.33
801357,1,Paid Social,2024-05-15 00:00,Y,69.2
803062,1,Email,2024-10-29 00:00,N,0
801090,1,SEO,2025-08-04 00:00,Y,106.68
805221,1,SEO,2024-02-10 00:00,Y,175.13
807236,2,Paid Search,2025-08-08 00:00,N,0
807677,1,Paid Social,2024-04-04 00:00,Y,167.28
800913,3,Email,2024-08-07 00:00,Y,101.24
804049,1,Email,2025-03-19 00:00,Y,39.19
808243,1,Paid Search,2024-08-13 00:00,Y,85.66
803935,2,Email,2025-07-28 00:00,Y,55.03
807800,2,Paid Social,2024-08-01 00:00,Y,49.46
808626,1,SEO,2024-11-14 00:00,N,0
808617,5,Email,2025-09-18 00:00,N,0
801306,2,Paid Social,2025-08-25 00:00,N,0
802658,1,Email,2024-12-27 00:00,Y,129.8
808709,2,Email,2024-05-27 00:00,N,0
804815,2,Paid Search,2024-05-25 00:00,Y,179.48
806907,1,Paid Social,2024-09-28 00:00,N,0
806946,1,Paid Social,2025-08-05 00:00,Y,122.57
805947,2,SEO,2024-10-07 00:00,Y,117.36
802720,1,Paid Search,2025-03-27 00:00,N,0
808985,1,Paid Social,2024-06-06 00:00,Y,71.3
806263,2,SEO,2025-07-22 00:00,N,0
800820,3,Paid Social,2025-05-07 00:00,Y,125.88
805795,1,Paid Social,2025-02-20 00:00,N,0
807548,1,Paid Search,2024-05-11 00:00,Y,52.14
804677,4,Paid Search,2025-05-31 00:00,Y,140.64
806828,3,Email,2024-02-01 00:00,Y,127.84
807454,3,SEO,2024-09-04 00:00,Y,67.6
800403,4,Paid Search,2024-04-21 00:00,Y,212.09
801326,3,Paid Search,2025-05-26 00:00,Y,36.72
801344,1,Paid Search,2024-06-04 00:00,Y,37.39
805945,3,Email,2024-12-09 00:00,N,0
801652,1,SEO,2024-06-22 00:00,N,0
804280,2,SEO,2025-01-29 00:00,Y,122.3
800691,1,SEO,2025-08-15 00:00,Y,56.1
804065,1,Email,2024-04-08 00:00,Y,182.22
806765,1,SEO,2025-01-20 00:00,Y,63.05
802158,1,Email,2024-10-04 00:00,Y,161.64
805696,3,Paid Social,2025-08-07 00:00,Y,80.32
808073,1,Paid Social,2024-06-05 00:00,Y,68.56
806706,1,SEO,2024-12-30 00:00,N,0
805705,1,SEO,2025-09-17 00:00,N,0
808746,4,Email,2024-09-14 00:00,N,0
803436,5,Email,2024-12-22 00:00,N,0
801863,2,Email,2024-06-05 00:00,Y,178.35
807026,1,Paid Social,2024-04-24 00:00,N,0
808508,1,Paid Social,2024-04-11 00:00,N,0
803420,3,Paid Search,2025-04-12 00:00,N,0
800113,3,Paid Social,2024-05-04 00:00,Y,130.16
800726,2,Email,2024-11-27 00:00,Y,88.43
806158,3,SEO,2024-11-10 00:00,N,0
803185,1,SEO,2024-09-08 00:00,Y,123.6
802616,3,Email,2024-07-15 00:00,Y,43.02
807458,1,SEO,2025-01-11 00:00,Y,114.91
807057,1,Paid Social,2024-02-25 00:00,Y,64.84
803680,1,Paid Search,2024-09-12 00:00,N,0
802696,1,Paid Social,2024-02-12 00:00,Y,194.68
802453,1,Paid Social,2024-05-22 00:00,Y,36.33
806066,3,SEO,2025-01-20 00:00,Y,157.56
802507,1,SEO,2024-05-30 00:00,Y,181.25
807433,1,Paid Search,2024-11-18 00:00,Y,71.98
800336,4,Email,2024-04-17 00:00,N,0
801614,3,Paid Social,2025-05-19 00:00,Y,48.35
808213,2,SEO,2025-06-20 00:00,Y,117.99
805963,3,SEO,2024-12-15 00:00,Y,105.92
807399,3,SEO,2025-02-13 00:00,N,0
807643,1,SEO,2024-09-08 00:00,N,0
805885,1,Email,2025-09-16 00:00,Y,122.01
801599,1,SEO,2024-02-08 00:00,Y,161.76
802170,5,Paid Search,2025-02-04 00:00,N,0
804209,2,SEO,2025-08-23 00:00,Y,62.93
804780,2,Paid Search,2024-06-27 00:00,N,0
804598,1,Email,2024-01-28 00:00,Y,107.19
803189,1,Email,2025-08-08 00:00,Y,154.46
801209,1,SEO,2024-03-29 00:00,N,0
808962,1,SEO,2025-01-18 00:00,Y,210.65
803201,2,Paid Search,2024-01-05 00:00,Y,93.7
803013,4,Paid Social,2025-05-20 00:00,Y,147.38
806858,3,SEO,2024-02-03 00:00,Y,126.7
801796,1,Paid Search,2024-05-10 00:00,Y,121.33
807272,1,Paid Social,2025-07-21 00:00,Y,117.85
807598,1,SEO,2025-10-05 00:00,N,0
801274,5,Paid Search,2025-09-27 00:00,Y,179.91
802214,2,Paid Search,2025-03-12 00:00,Y,93.36
804208,2,Paid Social,2025-03-19 00:00,Y,129.9
806180,2,Email,2025-01-27 00:00,N,0
806117,4,Paid Social,2025-10-18 00:00,Y,114.23
808369,1,Paid Search,2024-01-25 00:00,N,0
808672,1,Email,2025-06-15 00:00,Y,76.64
802892,2,SEO,2025-07-29 00:00,Y,85.3
801778,2,SEO,2025-09-22 00:00,Y,45.13
808566,4,Paid Social,2025-10-09 00:00,Y,207.98
807355,4,SEO,2024-03-16 00:00,Y,152.6
800312,4,SEO,2024-07-26 00:00,Y,116.27
805050,2,Paid Search,2025-01-10 00:00,Y,160.15
803803,1,SEO,2025-08-03 00:00,Y,175.41
802997,1,SEO,2024-11-13 00:00,N,0
805808,2,Email,2024-06-19 00:00,N,0
802180,2,Paid Search,2024-05-08 00:00,N,0
